raw,rows,context,repeat,sample,mode,timing_index,host_rpc_ns,host_rpc_ms,rank0_host_ms,rank1_host_ms,rank0_event_ms,rank1_event_ms,rank0_arrival_ns,rank1_arrival_ns,entry_skew_us,ms_per_row
/root/autodl-tmp/eagle3-phase4.4a-performance-b-20260924,4,256,0,0,eager,0,59384726,59.384726,59.342182,59.327234,59.2723503112793,59.25785446166992,42570160629626037,42570160629645560,19.523,14.8461815
/root/autodl-tmp/eagle3-phase4.4a-performance-b-20260924,4,256,0,1,eager,1,53318552,53.318552,53.295374,53.240417,53.259422302246094,53.189632415771484,42570160689619036,42570160689644265,25.229,13.329638
/root/autodl-tmp/eagle3-phase4.4a-performance-b-20260924,4,256,0,2,eager,2,53670853,53.670853,53.648688,53.627047,53.61475372314453,53.579776763916016,42570160743565652,42570160743587168,21.516,13.41771325
/root/autodl-tmp/eagle3-phase4.4a-performance-b-20260924,4,256,0,3,eager,3,53448353,53.448353,53.427032,53.387641,53.39430236816406,53.341182708740234,42570160797855224,42570160797877742,22.518,13.36208825
/root/autodl-tmp/eagle3-phase4.4a-performance-b-20260924,4,256,0,4,eager,4,53308586,53.308586,53.281659,53.279557,53.24668884277344,53.23155212402344,42570160851918698,42570160851946523,27.825,13.3271465
/root/autodl-tmp/eagle3-phase4.4a-performance-b-20260924,4,256,0,5,eager,5,52729433,52.729433,52.70128,52.635549,52.66966247558594,52.58857727050781,42570160905817106,42570160905848802,31.696,13.18235825
/root/autodl-tmp/eagle3-phase4.4a-performance-b-20260924,4,256,0,6,eager,6,52883464,52.883464,52.863631,52.858593,52.83011245727539,52.812801361083984,42570160959161894,42570160959182371,20.477,13.220866
/root/autodl-tmp/eagle3-phase4.4a-performance-b-20260924,4,256,0,7,eager,7,52992971,52.992971,52.968086,52.917089,52.936607360839844,52.8721923828125,42570161012617911,42570161012644124,26.213,13.24824275
/root/autodl-tmp/eagle3-phase4.4a-performance-b-20260924,4,256,0,8,eager,8,54485191,54.485191,54.464475,54.35593,54.43180847167969,54.3109130859375,42570161066207533,42570161066231715,24.182,13.62129775
/root/autodl-tmp/eagle3-phase4.4a-performance-b-20260924,4,256,0,9,eager,9,52793864,52.793864,52.745106,52.715015,52.71174240112305,52.66739273071289,42570161121334976,42570161121358649,23.673,13.198466
/root/autodl-tmp/eagle3-phase4.4a-performance-b-20260924,4,256,0,0,coordinated-eager,10,54232962,54.232962,54.206311,54.10406,54.1703987121582,54.05286407470703,42570161176093540,42570161176109974,16.434,13.5582405
/root/autodl-tmp/eagle3-phase4.4a-performance-b-20260924,4,256,0,1,coordinated-eager,11,53472399,53.472399,53.451432,53.413362,53.41836929321289,53.356544494628906,42570161230938993,42570161230961465,22.472,13.36809975
/root/autodl-tmp/eagle3-phase4.4a-performance-b-20260924,4,256,0,2,coordinated-eager,12,53662908,53.662908,53.617912,53.561157,53.58428955078125,53.513214111328125,42570161285052556,42570161285078103,25.547,13.415727
/root/autodl-tmp/eagle3-phase4.4a-performance-b-20260924,4,256,0,3,coordinated-eager,13,56573000,56.573,56.552047,56.542083,56.51891326904297,56.4951057434082,42570161339314240,42570161339336773,22.533,14.14325
/root/autodl-tmp/eagle3-phase4.4a-performance-b-20260924,4,256,0,4,coordinated-eager,14,53344154,53.344154,53.317379,53.24804,53.28496170043945,53.20191955566406,42570161396467614,42570161396499803,32.189,13.3360385
/root/autodl-tmp/eagle3-phase4.4a-performance-b-20260924,4,256,0,5,coordinated-eager,15,53954160,53.95416,53.932052,53.904385,53.899105072021484,53.85932922363281,42570161450432397,42570161450456492,24.095,13.48854
/root/autodl-tmp/eagle3-phase4.4a-performance-b-20260924,4,256,0,6,coordinated-eager,16,53397939,53.397939,53.347133,53.29054,53.31331253051758,53.24492645263672,42570161505034087,42570161505057394,23.307,13.34948475
/root/autodl-tmp/eagle3-phase4.4a-performance-b-20260924,4,256,0,7,coordinated-eager,17,60200832,60.200832,60.180121,60.170106,60.14748764038086,60.12412643432617,42570161559024696,42570161559050207,25.511,15.050208
/root/autodl-tmp/eagle3-phase4.4a-performance-b-20260924,4,256,0,8,coordinated-eager,18,53627641,53.627641,53.547343,53.517181,53.51276779174805,53.47020721435547,42570161620612552,42570161620635758,23.206,13.40691025
/root/autodl-tmp/eagle3-phase4.4a-performance-b-20260924,4,256,0,9,coordinated-eager,19,54238662,54.238662,54.209922,54.04684,54.1759033203125,54.0211181640625,42570161674788504,42570161674808234,19.73,13.5596655
/root/autodl-tmp/eagle3-phase4.4a-performance-b-20260924,4,256,0,0,graph,20,19176474,19.176474,19.154677,19.12345,19.11529541015625,19.068927764892578,42570161731285068,42570161731301546,16.478,4.7941185
/root/autodl-tmp/eagle3-phase4.4a-performance-b-20260924,4,256,0,1,graph,21,19015448,19.015448,18.994556,18.969669,18.962879180908203,18.92460823059082,42570161751068665,42570161751089542,20.877,4.753862
/root/autodl-tmp/eagle3-phase4.4a-performance-b-20260924,4,256,0,2,graph,22,19064313,19.064313,19.04396,19.047086,19.013856887817383,19.00339126586914,42570161770663693,42570161770687723,24.03,4.76607825
/root/autodl-tmp/eagle3-phase4.4a-performance-b-20260924,4,256,0,3,graph,23,19273860,19.27386,19.25179,19.103775,19.219743728637695,19.058687210083008,42570161790299982,42570161790324605,24.623,4.818465
/root/autodl-tmp/eagle3-phase4.4a-performance-b-20260924,4,256,0,4,graph,24,19429992,19.429992,19.372356,19.147608,19.32431983947754,19.131391525268555,42570161810294576,42570161810317929,23.353,4.857498
/root/autodl-tmp/eagle3-phase4.4a-performance-b-20260924,4,256,0,5,graph,25,19567527,19.567527,19.505127,19.338232,19.450143814086914,19.2860164642334,42570161830515276,42570161830539499,24.223,4.89188175
/root/autodl-tmp/eagle3-phase4.4a-performance-b-20260924,4,256,0,6,graph,26,19525137,19.525137,19.461224,19.297223,19.405759811401367,19.23788833618164,42570161850856922,42570161850884480,27.558,4.88128425
/root/autodl-tmp/eagle3-phase4.4a-performance-b-20260924,4,256,0,7,graph,27,19795913,19.795913,19.714018,19.546046,19.651935577392578,19.479551315307617,42570161871270465,42570161871301713,31.248,4.94897825
/root/autodl-tmp/eagle3-phase4.4a-performance-b-20260924,4,256,0,8,graph,28,19962283,19.962283,19.883478,19.694592,19.81817626953125,19.62495994567871,42570161891995953,42570161892029562,33.609,4.99057075
/root/autodl-tmp/eagle3-phase4.4a-performance-b-20260924,4,256,0,9,graph,29,20134697,20.134697,20.05232,19.828142,19.980640411376953,19.753984451293945,42570161912958745,42570161912994102,35.357,5.03367425
/root/autodl-tmp/eagle3-phase4.4a-performance-b-20260924,4,256,1,0,eager,30,72433185,72.433185,72.376007,72.23144,72.2874526977539,72.14387512207031,42570161937198532,42570161937224946,26.414,18.10829625
/root/autodl-tmp/eagle3-phase4.4a-performance-b-20260924,4,256,1,1,eager,31,55420406,55.420406,55.363804,55.345832,55.315391540527344,55.29600143432617,42570162010363451,42570162010386058,22.607,13.8551015
/root/autodl-tmp/eagle3-phase4.4a-performance-b-20260924,4,256,1,2,eager,32,54770590,54.77059,54.746174,54.736343,54.71142578125,54.68876647949219,42570162066380917,42570162066409226,28.309,13.6926475
/root/autodl-tmp/eagle3-phase4.4a-performance-b-20260924,4,256,1,3,eager,33,52134842,52.134842,52.108714,52.067774,52.07600021362305,52.02227020263672,42570162121722100,42570162121754597,32.497,13.0337105
/root/autodl-tmp/eagle3-phase4.4a-performance-b-20260924,4,256,1,4,eager,34,52591235,52.591235,52.571717,52.512402,52.5392951965332,52.45542526245117,42570162174458863,42570162174482981,24.118,13.14780875
/root/autodl-tmp/eagle3-phase4.4a-performance-b-20260924,4,256,1,5,eager,35,57284066,57.284066,57.261443,57.226116,57.22835159301758,57.18016052246094,42570162227668752,42570162227689471,20.719,14.3210165
/root/autodl-tmp/eagle3-phase4.4a-performance-b-20260924,4,256,1,6,eager,36,52548900,52.5489,52.527595,52.416549,52.49427032470703,52.37043380737305,42570162285557670,42570162285578029,20.359,13.137225
/root/autodl-tmp/eagle3-phase4.4a-performance-b-20260924,4,256,1,7,eager,37,52630825,52.630825,52.60531,52.562308,52.572288513183594,52.51686477661133,42570162338726893,42570162338754161,27.268,13.15770625
/root/autodl-tmp/eagle3-phase4.4a-performance-b-20260924,4,256,1,8,eager,38,53400183,53.400183,53.380218,53.321932,53.3480339050293,53.27769470214844,42570162391955184,42570162391978224,23.04,13.35004575
/root/autodl-tmp/eagle3-phase4.4a-performance-b-20260924,4,256,1,9,eager,39,53033671,53.033671,53.011677,52.98086,52.979007720947266,52.9356803894043,42570162445968143,42570162445988214,20.071,13.25841775
/root/autodl-tmp/eagle3-phase4.4a-performance-b-20260924,4,256,1,0,graph,40,21340147,21.340147,20.949415,20.782157,20.49135971069336,20.390911102294922,42570162506054306,42570162506104381,50.075,5.33503675
/root/autodl-tmp/eagle3-phase4.4a-performance-b-20260924,4,256,1,1,graph,41,19832831,19.832831,19.771419,19.634749,19.707103729248047,19.574783325195312,42570162528113786,42570162528145018,31.232,4.95820775
/root/autodl-tmp/eagle3-phase4.4a-performance-b-20260924,4,256,1,2,graph,42,19866301,19.866301,19.809551,19.676388,19.7455997467041,19.62188720703125,42570162548932273,42570162548962193,29.92,4.96657525
/root/autodl-tmp/eagle3-phase4.4a-performance-b-20260924,4,256,1,3,graph,43,19922491,19.922491,19.859741,19.717029,19.793664932250977,19.65875244140625,42570162569836548,42570162569868048,31.5,4.98062275
/root/autodl-tmp/eagle3-phase4.4a-performance-b-20260924,4,256,1,4,graph,44,20075950,20.07595,20.00543,19.85905,19.93120002746582,19.781631469726562,42570162590903939,42570162590938666,34.727,5.0189875
/root/autodl-tmp/eagle3-phase4.4a-performance-b-20260924,4,256,1,5,graph,45,20246262,20.246262,20.170694,20.001669,20.09270477294922,19.93110466003418,42570162612190392,42570162612227462,37.07,5.0615655
/root/autodl-tmp/eagle3-phase4.4a-performance-b-20260924,4,256,1,6,graph,46,20454530,20.45453,20.376954,20.202975,20.29529571533203,20.126720428466797,42570162633705048,42570162633745531,40.483,5.1136325
/root/autodl-tmp/eagle3-phase4.4a-performance-b-20260924,4,256,1,7,graph,47,20483959,20.483959,20.398031,20.220966,20.312000274658203,20.141056060791016,42570162655513705,42570162655556795,43.09,5.12098975
/root/autodl-tmp/eagle3-phase4.4a-performance-b-20260924,4,256,1,8,graph,48,20713186,20.713186,20.625672,20.437221,20.534080505371094,20.354047775268555,42570162677413171,42570162677458173,45.002,5.1782965
/root/autodl-tmp/eagle3-phase4.4a-performance-b-20260924,4,256,1,9,graph,49,20806891,20.806891,20.710566,20.513113,20.611583709716797,20.42470359802246,42570162699674001,42570162699723784,49.783,5.20172275
/root/autodl-tmp/eagle3-phase4.4a-performance-b-20260924,4,256,1,0,coordinated-eager,50,107778532,107.778532,107.711445,107.53915,107.59417724609375,107.44729614257812,42570162727600073,42570162727634227,34.154,26.944633
/root/autodl-tmp/eagle3-phase4.4a-performance-b-20260924,4,256,1,1,coordinated-eager,51,54590506,54.590506,54.536483,54.407526,54.488990783691406,54.36211013793945,42570162836035500,42570162836058449,22.949,13.6476265
/root/autodl-tmp/eagle3-phase4.4a-performance-b-20260924,4,256,1,2,coordinated-eager,52,55135534,55.135534,55.07739,54.924076,55.02995300292969,54.8771858215332,42570162891310028,42570162891334975,24.947,13.7838835
/root/autodl-tmp/eagle3-phase4.4a-performance-b-20260924,4,256,1,3,coordinated-eager,53,55766638,55.766638,55.705628,55.608685,55.65760040283203,55.563262939453125,42570162947148904,42570162947170859,21.955,13.9416595
/root/autodl-tmp/eagle3-phase4.4a-performance-b-20260924,4,256,1,4,coordinated-eager,54,55495294,55.495294,55.437517,55.259937,55.389854431152344,55.225345611572266,42570163003581960,42570163003605205,23.245,13.8738235
/root/autodl-tmp/eagle3-phase4.4a-performance-b-20260924,4,256,1,5,coordinated-eager,55,54483431,54.483431,54.426687,54.314671,54.37865447998047,54.26790237426758,42570163059740621,42570163059763171,22.55,13.62085775
/root/autodl-tmp/eagle3-phase4.4a-performance-b-20260924,4,256,1,6,coordinated-eager,56,55215834,55.215834,55.160141,54.994927,55.11372756958008,54.96012878417969,42570163114879624,42570163114901641,22.017,13.8039585
/root/autodl-tmp/eagle3-phase4.4a-performance-b-20260924,4,256,1,7,coordinated-eager,57,56429035,56.429035,56.369898,56.185141,56.31660842895508,56.13772964477539,42570163170760646,42570163170783690,23.044,14.10725875
/root/autodl-tmp/eagle3-phase4.4a-performance-b-20260924,4,256,1,8,coordinated-eager,58,56067737,56.067737,56.01398,55.866782,55.96422576904297,55.82233428955078,42570163227935302,42570163227958486,23.184,14.01693425
/root/autodl-tmp/eagle3-phase4.4a-performance-b-20260924,4,256,1,9,coordinated-eager,59,55503954,55.503954,55.450087,55.305972,55.40390396118164,55.26015853881836,42570163284676874,42570163284698798,21.924,13.8759885
/root/autodl-tmp/eagle3-phase4.4a-performance-b-20260924,4,256,2,0,graph,60,19319002,19.319002,19.283621,19.154206,19.22982406616211,19.101696014404297,42570163343220587,42570163343235124,14.537,4.8297505
/root/autodl-tmp/eagle3-phase4.4a-performance-b-20260924,4,256,2,1,graph,61,19199630,19.19963,19.147489,19.03015,19.100767135620117,18.9880313873291,42570163363235606,42570163363256566,20.96,4.7999075
/root/autodl-tmp/eagle3-phase4.4a-performance-b-20260924,4,256,2,2,graph,62,19204676,19.204676,19.152372,19.037131,19.1059513092041,18.993152618408203,42570163383077243,42570163383099001,21.758,4.801169
/root/autodl-tmp/eagle3-phase4.4a-performance-b-20260924,4,256,2,3,graph,63,19544894,19.544894,19.516462,19.095504,19.473087310791016,19.04844856262207,42570163402914500,42570163403273655,359.155,4.8862235
/root/autodl-tmp/eagle3-phase4.4a-performance-b-20260924,4,256,2,4,graph,64,19290212,19.290212,19.234121,19.169183,19.187135696411133,19.118080139160156,42570163423168906,42570163423195106,26.2,4.822553
/root/autodl-tmp/eagle3-phase4.4a-performance-b-20260924,4,256,2,5,graph,65,19359192,19.359192,19.327365,19.26445,19.281951904296875,19.208192825317383,42570163443180976,42570163443205014,24.038,4.839798
/root/autodl-tmp/eagle3-phase4.4a-performance-b-20260924,4,256,2,6,graph,66,19424331,19.424331,19.394477,19.378871,19.35161590576172,19.319807052612305,42570163463327341,42570163463357415,30.074,4.85608275
/root/autodl-tmp/eagle3-phase4.4a-performance-b-20260924,4,256,2,7,graph,67,19518384,19.518384,19.48985,19.458465,19.446752548217773,19.396608352661133,42570163483571092,42570163483610815,39.723,4.879596
/root/autodl-tmp/eagle3-phase4.4a-performance-b-20260924,4,256,2,8,graph,68,19556571,19.556571,19.527394,19.55121,19.4836483001709,19.487743377685547,42570163503939218,42570163503979567,40.349,4.88914275
/root/autodl-tmp/eagle3-phase4.4a-performance-b-20260924,4,256,2,9,graph,69,19790007,19.790007,19.761295,19.793507,19.719104766845703,19.723264694213867,42570163524408213,42570163524457893,49.68,4.94750175
/root/autodl-tmp/eagle3-phase4.4a-performance-b-20260924,4,256,2,0,eager,70,72086427,72.086427,72.03958,71.823151,71.98499298095703,71.75475311279297,42570163549406055,42570163549435450,29.395,18.02160675
/root/autodl-tmp/eagle3-phase4.4a-performance-b-20260924,4,256,2,1,eager,71,55226792,55.226792,55.171525,55.030115,55.12374496459961,54.983680725097656,42570163622186229,42570163622209111,22.882,13.806698
/root/autodl-tmp/eagle3-phase4.4a-performance-b-20260924,4,256,2,2,eager,72,53215541,53.215541,53.165376,53.047116,53.11884689331055,53.00223922729492,42570163678077443,42570163678099632,22.189,13.30388525
/root/autodl-tmp/eagle3-phase4.4a-performance-b-20260924,4,256,2,3,eager,73,53564188,53.564188,53.513235,53.360036,53.465824127197266,53.315582275390625,42570163731970347,42570163731991621,21.274,13.391047
/root/autodl-tmp/eagle3-phase4.4a-performance-b-20260924,4,256,2,4,eager,74,56165498,56.165498,56.109691,55.938768,56.062400817871094,55.90732955932617,42570163786199214,42570163786221962,22.748,14.0413745
/root/autodl-tmp/eagle3-phase4.4a-performance-b-20260924,4,256,2,5,eager,75,53282132,53.282132,53.214319,53.084482,53.166847229003906,53.03807830810547,42570163843046402,42570163843068735,22.333,13.320533
/root/autodl-tmp/eagle3-phase4.4a-performance-b-20260924,4,256,2,6,eager,76,53586334,53.586334,53.529802,53.379032,53.48134231567383,53.334014892578125,42570163896983925,42570163897005222,21.297,13.3965835
/root/autodl-tmp/eagle3-phase4.4a-performance-b-20260924,4,256,2,7,eager,77,53190410,53.19041,53.136753,52.993565,53.089534759521484,52.94694519042969,42570163951251413,42570163951274722,23.309,13.2976025
/root/autodl-tmp/eagle3-phase4.4a-performance-b-20260924,4,256,2,8,eager,78,53972165,53.972165,53.919612,53.749466,53.87324905395508,53.70675277709961,42570164005115505,42570164005137367,21.862,13.49304125
/root/autodl-tmp/eagle3-phase4.4a-performance-b-20260924,4,256,2,9,eager,79,55668950,55.66895,55.617145,55.503192,55.5714225769043,55.45676803588867,42570164059747237,42570164059770231,22.994,13.9172375
/root/autodl-tmp/eagle3-phase4.4a-performance-b-20260924,4,256,2,0,coordinated-eager,80,54910968,54.910968,54.874615,54.727062,54.80944061279297,54.66726303100586,42570164118968223,42570164118983106,14.883,13.727742
/root/autodl-tmp/eagle3-phase4.4a-performance-b-20260924,4,256,2,1,coordinated-eager,81,53449924,53.449924,53.39328,53.274664,53.346561431884766,53.22854232788086,42570164174553169,42570164174574386,21.217,13.362481
/root/autodl-tmp/eagle3-phase4.4a-performance-b-20260924,4,256,2,2,coordinated-eager,82,54495610,54.49561,54.4437,54.282147,54.3963508605957,54.23513412475586,42570164228656023,42570164228678393,22.37,13.6239025
/root/autodl-tmp/eagle3-phase4.4a-performance-b-20260924,4,256,2,3,coordinated-eager,83,54124914,54.124914,54.063162,53.960082,54.016990661621094,53.913665771484375,42570164283834058,42570164283855384,21.326,13.5312285
/root/autodl-tmp/eagle3-phase4.4a-performance-b-20260924,4,256,2,4,coordinated-eager,84,56902333,56.902333,56.84951,56.714711,56.80275344848633,56.67020797729492,42570164338607998,42570164338630377,22.379,14.22558325
/root/autodl-tmp/eagle3-phase4.4a-performance-b-20260924,4,256,2,5,coordinated-eager,85,54183224,54.183224,54.12825,53.974141,54.08204650878906,53.92793655395508,42570164396189843,42570164396211994,22.151,13.545806
/root/autodl-tmp/eagle3-phase4.4a-performance-b-20260924,4,256,2,6,coordinated-eager,86,53903277,53.903277,53.847557,53.730938,53.7993278503418,53.68627166748047,42570164451051556,42570164451074852,23.296,13.47581925
/root/autodl-tmp/eagle3-phase4.4a-performance-b-20260924,4,256,2,7,coordinated-eager,87,54586074,54.586074,54.520549,54.300114,54.47078323364258,54.25049591064453,42570164505611649,42570164505634709,23.06,13.6465185
/root/autodl-tmp/eagle3-phase4.4a-performance-b-20260924,4,256,2,8,coordinated-eager,88,55109519,55.109519,55.073375,55.813672,54.982208251953125,55.68921661376953,42570164561390164,42570164561414221,24.057,13.77737975
/root/autodl-tmp/eagle3-phase4.4a-performance-b-20260924,4,256,2,9,coordinated-eager,89,54575754,54.575754,54.517095,54.35151,54.470176696777344,54.3109130859375,42570164617902563,42570164617925165,22.602,13.6439385
/root/autodl-tmp/eagle3-phase4.4a-performance-b-20260924,4,256,3,0,graph,90,19502254,19.502254,19.466689,19.357747,19.41219139099121,19.304447174072266,42570164676172345,42570164676187963,15.618,4.8755635
/root/autodl-tmp/eagle3-phase4.4a-performance-b-20260924,4,256,3,1,graph,91,19252927,19.252927,19.20325,19.075387,19.158655166625977,19.03001594543457,42570164696332436,42570164696354378,21.942,4.81323175
/root/autodl-tmp/eagle3-phase4.4a-performance-b-20260924,4,256,3,2,graph,92,19224444,19.224444,19.170437,19.069348,19.12531280517578,19.025920867919922,42570164716241326,42570164716262451,21.125,4.806111
/root/autodl-tmp/eagle3-phase4.4a-performance-b-20260924,4,256,3,3,graph,93,19338064,19.338064,19.284304,19.198804,19.238943099975586,19.152896881103516,42570164736111196,42570164736134216,23.02,4.834516
/root/autodl-tmp/eagle3-phase4.4a-performance-b-20260924,4,256,3,4,graph,94,19500384,19.500384,19.446907,19.40758,19.40166473388672,19.356672286987305,42570164756131551,42570164756158786,27.235,4.875096
/root/autodl-tmp/eagle3-phase4.4a-performance-b-20260924,4,256,3,5,graph,95,19485976,19.485976,19.426039,19.393321,19.381120681762695,19.340288162231445,42570164776345870,42570164776373974,28.104,4.871494
/root/autodl-tmp/eagle3-phase4.4a-performance-b-20260924,4,256,3,6,graph,96,19519221,19.519221,19.487265,19.430945,19.445663452148438,19.377119064331055,42570164796544292,42570164796577907,33.615,4.87980525
/root/autodl-tmp/eagle3-phase4.4a-performance-b-20260924,4,256,3,7,graph,97,19495822,19.495822,19.467246,19.42716,19.426111221313477,19.36899185180664,42570164816818935,42570164816855922,36.987,4.8739555
/root/autodl-tmp/eagle3-phase4.4a-performance-b-20260924,4,256,3,8,graph,98,19511620,19.51162,19.481353,19.486238,19.436511993408203,19.42630386352539,42570164837107901,42570164837142303,34.402,4.877905
/root/autodl-tmp/eagle3-phase4.4a-performance-b-20260924,4,256,3,9,graph,99,19581697,19.581697,19.554044,19.578922,19.51103973388672,19.515392303466797,42570164857450406,42570164857499239,48.833,4.89542425
/root/autodl-tmp/eagle3-phase4.4a-performance-b-20260924,4,256,3,0,coordinated-eager,100,71710294,71.710294,71.686479,71.464343,71.6341781616211,71.41273498535156,42570164882728794,42570164882758508,29.714,17.9275735
/root/autodl-tmp/eagle3-phase4.4a-performance-b-20260924,4,256,3,1,coordinated-eager,101,54853201,54.853201,54.79589,54.654019,54.74848175048828,54.604862213134766,42570164955180667,42570164955206017,25.35,13.71330025
/root/autodl-tmp/eagle3-phase4.4a-performance-b-20260924,4,256,3,2,coordinated-eager,102,55016866,55.016866,54.96631,54.798484,54.91904067993164,54.76249694824219,42570165010685631,42570165010707481,21.85,13.7542165
/root/autodl-tmp/eagle3-phase4.4a-performance-b-20260924,4,256,3,3,coordinated-eager,103,54543977,54.543977,54.49183,54.41365,54.4453125,54.368255615234375,42570165066360389,42570165066382822,22.433,13.63599425
/root/autodl-tmp/eagle3-phase4.4a-performance-b-20260924,4,256,3,4,coordinated-eager,104,54929742,54.929742,54.873802,54.718705,54.826271057128906,54.67545700073242,42570165121573942,42570165121596021,22.079,13.7324355
/root/autodl-tmp/eagle3-phase4.4a-performance-b-20260924,4,256,3,5,coordinated-eager,105,57427543,57.427543,57.374532,57.260119,57.32892990112305,57.213951110839844,42570165177173468,42570165177195295,21.827,14.35688575
/root/autodl-tmp/eagle3-phase4.4a-performance-b-20260924,4,256,3,6,coordinated-eager,106,55001053,55.001053,54.947598,54.817757,54.90028762817383,54.77171325683594,42570165235274404,42570165235296340,21.936,13.75026325
/root/autodl-tmp/eagle3-phase4.4a-performance-b-20260924,4,256,3,7,coordinated-eager,107,54500512,54.500512,54.446188,54.326368,54.388832092285156,54.27097702026367,42570165290949169,42570165290971701,22.532,13.625128
/root/autodl-tmp/eagle3-phase4.4a-performance-b-20260924,4,256,3,8,coordinated-eager,108,54181257,54.181257,54.121839,54.001011,54.075584411621094,53.954559326171875,42570165346113663,42570165346136826,23.163,13.54531425
/root/autodl-tmp/eagle3-phase4.4a-performance-b-20260924,4,256,3,9,coordinated-eager,109,54768958,54.768958,54.715084,54.546055,54.66844940185547,54.51571273803711,42570165400961342,42570165400983291,21.949,13.6922395
/root/autodl-tmp/eagle3-phase4.4a-performance-b-20260924,4,256,3,0,eager,110,53473662,53.473662,53.410958,53.271988,53.32396697998047,53.186561584472656,42570165461745977,42570165461761038,15.061,13.3684155
/root/autodl-tmp/eagle3-phase4.4a-performance-b-20260924,4,256,3,1,eager,111,53502734,53.502734,53.448156,53.299772,53.40176010131836,53.25414276123047,42570165515875718,42570165515899288,23.57,13.3756835
/root/autodl-tmp/eagle3-phase4.4a-performance-b-20260924,4,256,3,2,eager,112,52874914,52.874914,52.821742,52.691114,52.77449417114258,52.64384078979492,42570165570040379,42570165570064051,23.672,13.2187285
/root/autodl-tmp/eagle3-phase4.4a-performance-b-20260924,4,256,3,3,eager,113,52918397,52.918397,52.867589,52.708094,52.820350646972656,52.66944122314453,42570165623584476,42570165623607117,22.641,13.22959925
/root/autodl-tmp/eagle3-phase4.4a-performance-b-20260924,4,256,3,4,eager,114,53021698,53.021698,52.968863,52.851315,52.921695709228516,52.805633544921875,42570165677161385,42570165677184043,22.658,13.2554245
/root/autodl-tmp/eagle3-phase4.4a-performance-b-20260924,4,256,3,5,eager,115,56192259,56.192259,56.135746,55.985801,56.08662414550781,55.9370231628418,42570165730842884,42570165730865333,22.449,14.04806475
/root/autodl-tmp/eagle3-phase4.4a-performance-b-20260924,4,256,3,6,eager,116,53557085,53.557085,53.495191,53.364837,53.446495056152344,53.319679260253906,42570165787729983,42570165787752372,22.389,13.38927125
/root/autodl-tmp/eagle3-phase4.4a-performance-b-20260924,4,256,3,7,eager,117,53659929,53.659929,53.60333,53.465707,53.55487823486328,53.4200325012207,42570165841947425,42570165841970102,22.677,13.41498225
/root/autodl-tmp/eagle3-phase4.4a-performance-b-20260924,4,256,3,8,eager,118,53073482,53.073482,53.022099,52.89068,52.975521087646484,52.84454345703125,42570165896253169,42570165896274675,21.506,13.2683705
/root/autodl-tmp/eagle3-phase4.4a-performance-b-20260924,4,256,3,9,eager,119,53569821,53.569821,53.512943,53.357469,53.466880798339844,53.31244659423828,42570165949989943,42570165950012417,22.474,13.39245525
/root/autodl-tmp/eagle3-phase4.4a-performance-b-20260924,4,256,4,0,coordinated-eager,120,54625551,54.625551,54.59048,54.442846,54.535552978515625,54.390785217285156,42570166007789467,42570166007804451,14.984,13.65638775
/root/autodl-tmp/eagle3-phase4.4a-performance-b-20260924,4,256,4,1,coordinated-eager,121,60397411,60.397411,60.337284,60.087942,60.28726577758789,60.102657318115234,42570166063122850,42570166063145889,23.039,15.09935275
/root/autodl-tmp/eagle3-phase4.4a-performance-b-20260924,4,256,4,2,coordinated-eager,122,55745389,55.745389,55.685309,55.535785,55.63478469848633,55.48851013183594,42570166124293062,42570166124314373,21.311,13.93634725
/root/autodl-tmp/eagle3-phase4.4a-performance-b-20260924,4,256,4,3,coordinated-eager,123,54490423,54.490423,54.435638,54.310175,54.38886260986328,54.26380920410156,42570166180689023,42570166180711112,22.089,13.62260575
/root/autodl-tmp/eagle3-phase4.4a-performance-b-20260924,4,256,4,4,coordinated-eager,124,55143060,55.14306,55.08846,54.924974,55.04179382324219,54.88435363769531,42570166235845770,42570166235868099,22.329,13.785765
/root/autodl-tmp/eagle3-phase4.4a-performance-b-20260924,4,256,4,5,coordinated-eager,125,54218265,54.218265,54.160846,54.056915,54.11395263671875,54.01087951660156,42570166291678908,42570166291701995,23.087,13.55456625
/root/autodl-tmp/eagle3-phase4.4a-performance-b-20260924,4,256,4,6,coordinated-eager,126,57647205,57.647205,57.589481,57.444153,57.5431022644043,57.397247314453125,42570166346572898,42570166346596111,23.213,14.41180125
/root/autodl-tmp/eagle3-phase4.4a-performance-b-20260924,4,256,4,7,coordinated-eager,127,54018105,54.018105,53.964316,53.843894,53.916927337646484,53.798912048339844,42570166404896934,42570166404918299,21.365,13.50452625
/root/autodl-tmp/eagle3-phase4.4a-performance-b-20260924,4,256,4,8,coordinated-eager,128,54426077,54.426077,54.370578,54.234353,54.32284927368164,54.18803024291992,42570166459591907,42570166459614520,22.613,13.60651925
/root/autodl-tmp/eagle3-phase4.4a-performance-b-20260924,4,256,4,9,coordinated-eager,129,54718423,54.718423,54.665557,54.511646,54.61814498901367,54.46963119506836,42570166514682958,42570166514704061,21.103,13.67960575
/root/autodl-tmp/eagle3-phase4.4a-performance-b-20260924,4,256,4,0,graph,130,19264756,19.264756,19.229536,19.102617,19.1759033203125,19.04844856262207,42570166573727777,42570166573742361,14.584,4.816189
/root/autodl-tmp/eagle3-phase4.4a-performance-b-20260924,4,256,4,1,graph,131,19185823,19.185823,19.134783,18.995125,19.089824676513672,18.946048736572266,42570166593657718,42570166593678780,21.062,4.79645575
/root/autodl-tmp/eagle3-phase4.4a-performance-b-20260924,4,256,4,2,graph,132,19201250,19.20125,19.149914,19.017104,19.10416030883789,18.971647262573242,42570166613489762,42570166613512456,22.694,4.8003125
/root/autodl-tmp/eagle3-phase4.4a-performance-b-20260924,4,256,4,3,graph,133,19429386,19.429386,19.39994,19.068524,19.355743408203125,19.02387237548828,42570166633317118,42570166633512368,195.25,4.8573465
/root/autodl-tmp/eagle3-phase4.4a-performance-b-20260924,4,256,4,4,graph,134,19377981,19.377981,19.316842,19.147185,19.266815185546875,19.099647521972656,42570166653484584,42570166653507543,22.959,4.84449525
/root/autodl-tmp/eagle3-phase4.4a-performance-b-20260924,4,256,4,5,graph,135,19456620,19.45662,19.391086,19.217638,19.336511611938477,19.167232513427734,42570166673637795,42570166673663016,25.221,4.864155
/root/autodl-tmp/eagle3-phase4.4a-performance-b-20260924,4,256,4,6,graph,136,19570386,19.570386,19.503838,19.324779,19.447935104370117,19.27065658569336,42570166693908696,42570166693934952,26.256,4.8925965
/root/autodl-tmp/eagle3-phase4.4a-performance-b-20260924,4,256,4,7,graph,137,19712819,19.712819,19.636281,19.468142,19.576671600341797,19.40991973876953,42570166714331295,42570166714359450,28.155,4.92820475
/root/autodl-tmp/eagle3-phase4.4a-performance-b-20260924,4,256,4,8,graph,138,19771765,19.771765,19.700244,19.529904,19.625823974609375,19.45395278930664,42570166734934244,42570166734965146,30.902,4.94294125
/root/autodl-tmp/eagle3-phase4.4a-performance-b-20260924,4,256,4,9,graph,139,19911739,19.911739,19.837418,19.675505,19.771135330200195,19.610624313354492,42570166755689669,42570166755722185,32.516,4.97793475
/root/autodl-tmp/eagle3-phase4.4a-performance-b-20260924,4,256,4,0,eager,140,69538327,69.538327,69.488228,69.377478,69.4056625366211,69.29305267333984,42570166782872779,42570166782899249,26.47,17.38458175
/root/autodl-tmp/eagle3-phase4.4a-performance-b-20260924,4,256,4,1,eager,141,56336375,56.336375,56.27905,56.151196,56.23283386230469,56.10188674926758,42570166853101332,42570166853127084,25.752,14.08409375
/root/autodl-tmp/eagle3-phase4.4a-performance-b-20260924,4,256,4,2,eager,142,57322953,57.322953,57.270517,57.114653,57.22246551513672,57.0695686340332,42570166910105471,42570166910127895,22.424,14.33073825
/root/autodl-tmp/eagle3-phase4.4a-performance-b-20260924,4,256,4,3,eager,143,52969554,52.969554,52.916295,52.789474,52.869056701660156,52.743167877197266,42570166968121412,42570166968146212,24.8,13.2423885
/root/autodl-tmp/eagle3-phase4.4a-performance-b-20260924,4,256,4,4,eager,144,53879544,53.879544,53.827235,53.669523,53.779998779296875,53.6258544921875,42570167021762905,42570167021784934,22.029,13.469886
/root/autodl-tmp/eagle3-phase4.4a-performance-b-20260924,4,256,4,5,eager,145,52990871,52.990871,52.932212,52.795675,52.88528060913086,52.75136184692383,42570167076328763,42570167076350525,21.762,13.24771775
/root/autodl-tmp/eagle3-phase4.4a-performance-b-20260924,4,256,4,6,eager,146,56661692,56.661692,56.605487,56.450159,56.55827331542969,56.403968811035156,42570167129989078,42570167130012530,23.452,14.165423
/root/autodl-tmp/eagle3-phase4.4a-performance-b-20260924,4,256,4,7,eager,147,52876340,52.87634,52.81615,52.734769,52.7696647644043,52.689918518066406,42570167187333491,42570167187355852,22.361,13.219085
/root/autodl-tmp/eagle3-phase4.4a-performance-b-20260924,4,256,4,8,eager,148,53486832,53.486832,53.431124,53.263076,53.38505554199219,53.22956848144531,42570167240873052,42570167240894980,21.928,13.371708
/root/autodl-tmp/eagle3-phase4.4a-performance-b-20260924,4,256,4,9,eager,149,52936360,52.93636,52.870717,52.739125,52.823326110839844,52.69401550292969,42570167295033924,42570167295057103,23.179,13.23409
/root/autodl-tmp/eagle3-phase4.4a-performance-b-20260924,4,768,0,0,eager,154,69403465,69.403465,69.355781,69.205238,69.28396606445312,69.131103515625,42570169024726270,42570169024749128,22.858,17.35086625
/root/autodl-tmp/eagle3-phase4.4a-performance-b-20260924,4,768,0,1,eager,155,58655691,58.655691,58.596988,58.449174,58.54524612426758,58.388832092285156,42570169094916170,42570169094940844,24.674,14.66392275
/root/autodl-tmp/eagle3-phase4.4a-performance-b-20260924,4,768,0,2,eager,156,62772151,62.772151,62.716989,62.576778,62.66630554199219,62.52649688720703,42570169154329353,42570169154352579,23.226,15.69303775
/root/autodl-tmp/eagle3-phase4.4a-performance-b-20260924,4,768,0,3,eager,157,58978035,58.978035,58.920044,58.809259,58.868896484375,58.760414123535156,42570169217862315,42570169217885838,23.523,14.74450875
/root/autodl-tmp/eagle3-phase4.4a-performance-b-20260924,4,768,0,4,eager,158,58954106,58.954106,58.892182,58.734941,58.838462829589844,58.68550491333008,42570169277609393,42570169277632221,22.828,14.7385265
/root/autodl-tmp/eagle3-phase4.4a-performance-b-20260924,4,768,0,5,eager,159,61608181,61.608181,61.482858,61.272424,61.3936653137207,61.22224044799805,42570169337544449,42570169337606108,61.659,15.40204525
/root/autodl-tmp/eagle3-phase4.4a-performance-b-20260924,4,768,0,6,eager,160,58401777,58.401777,58.341486,58.208654,58.29142379760742,58.158687591552734,42570169399866723,42570169399890033,23.31,14.60044425
/root/autodl-tmp/eagle3-phase4.4a-performance-b-20260924,4,768,0,7,eager,161,59207895,59.207895,59.146922,59.007683,59.09494400024414,58.95759963989258,42570169459063402,42570169459087406,24.004,14.80197375
/root/autodl-tmp/eagle3-phase4.4a-performance-b-20260924,4,768,0,8,eager,162,58747915,58.747915,58.688894,58.575023,58.635231018066406,58.524993896484375,42570169519061473,42570169519085757,24.284,14.68697875
/root/autodl-tmp/eagle3-phase4.4a-performance-b-20260924,4,768,0,9,eager,163,59346584,59.346584,59.28974,59.151852,59.237728118896484,59.10121536254883,42570169578580966,42570169578604039,23.073,14.836646
/root/autodl-tmp/eagle3-phase4.4a-performance-b-20260924,4,768,0,0,coordinated-eager,164,61970980,61.97098,61.932143,61.78184,61.8719367980957,61.723838806152344,42570169643454383,42570169643469187,14.804,15.492745
/root/autodl-tmp/eagle3-phase4.4a-performance-b-20260924,4,768,0,1,coordinated-eager,165,58848136,58.848136,58.787744,58.648497,58.73712158203125,58.59916687011719,42570169706209338,42570169706233208,23.87,14.712034
/root/autodl-tmp/eagle3-phase4.4a-performance-b-20260924,4,768,0,2,coordinated-eager,166,61340486,61.340486,61.308493,60.632418,61.258975982666016,60.57465744018555,42570169765826337,42570169766335414,509.077,15.3351215
/root/autodl-tmp/eagle3-phase4.4a-performance-b-20260924,4,768,0,3,coordinated-eager,167,59143433,59.143433,59.085638,58.947369,59.03583908081055,58.89833450317383,42570169827956914,42570169827980337,23.423,14.78585825
/root/autodl-tmp/eagle3-phase4.4a-performance-b-20260924,4,768,0,4,coordinated-eager,168,59358477,59.358477,59.301392,59.151829,59.251136779785156,59.10240173339844,42570169887862480,42570169887886235,23.755,14.83961925
/root/autodl-tmp/eagle3-phase4.4a-performance-b-20260924,4,768,0,5,coordinated-eager,169,63082082,63.082082,63.023667,62.85268,62.96044921875,62.80249786376953,42570169947974214,42570169947997621,23.407,15.7705205
/root/autodl-tmp/eagle3-phase4.4a-performance-b-20260924,4,768,0,6,coordinated-eager,170,59153384,59.153384,59.09465,58.974518,59.043521881103516,58.922462463378906,42570170011821429,42570170011846163,24.734,14.788346
/root/autodl-tmp/eagle3-phase4.4a-performance-b-20260924,4,768,0,7,coordinated-eager,171,60323718,60.323718,60.290844,59.472748,60.23990249633789,59.39478302001953,42570170071746739,42570170072437612,690.873,15.0809295
/root/autodl-tmp/eagle3-phase4.4a-performance-b-20260924,4,768,0,8,coordinated-eager,172,58829598,58.829598,58.771872,58.650659,58.722015380859375,58.60067367553711,42570170132841631,42570170132864643,23.012,14.7073995
/root/autodl-tmp/eagle3-phase4.4a-performance-b-20260924,4,768,0,9,coordinated-eager,173,63070240,63.07024,63.013659,62.85837,62.963008880615234,62.808414459228516,42570170192447376,42570170192471659,24.283,15.76756
/root/autodl-tmp/eagle3-phase4.4a-performance-b-20260924,4,768,0,0,graph,174,20125432,20.125432,20.088988,19.973492,20.031200408935547,19.916160583496094,42570170261054568,42570170261070286,15.718,5.031358
/root/autodl-tmp/eagle3-phase4.4a-performance-b-20260924,4,768,0,1,graph,175,20074635,20.074635,20.021186,19.828438,19.97158432006836,19.795135498046875,42570170281943989,42570170281966768,22.779,5.01865875
/root/autodl-tmp/eagle3-phase4.4a-performance-b-20260924,4,768,0,2,graph,176,20109620,20.10962,20.057161,19.867691,20.00713539123535,19.81939125061035,42570170302763239,42570170302786752,23.513,5.027405
/root/autodl-tmp/eagle3-phase4.4a-performance-b-20260924,4,768,0,3,graph,177,20270908,20.270908,20.212044,20.041262,20.154560089111328,19.991424560546875,42570170323728076,42570170323752359,24.283,5.067727
/root/autodl-tmp/eagle3-phase4.4a-performance-b-20260924,4,768,0,4,graph,178,20355187,20.355187,20.287666,20.114625,20.22444725036621,20.053247451782227,42570170344939574,42570170344967633,28.059,5.08879675
/root/autodl-tmp/eagle3-phase4.4a-performance-b-20260924,4,768,0,5,graph,179,20695541,20.695541,20.605315,20.410552,20.531871795654297,20.340288162231445,42570170366372776,42570170366406518,33.742,5.17388525
/root/autodl-tmp/eagle3-phase4.4a-performance-b-20260924,4,768,0,6,graph,180,20965526,20.965526,20.875571,20.590219,20.794496536254883,20.51043128967285,42570170388276205,42570170388315925,39.72,5.2413815
/root/autodl-tmp/eagle3-phase4.4a-performance-b-20260924,4,768,0,7,graph,181,21325718,21.325718,21.224949,21.052205,21.128032684326172,20.965375900268555,42570170410667149,42570170410707585,40.436,5.3314295
/root/autodl-tmp/eagle3-phase4.4a-performance-b-20260924,4,768,0,8,graph,182,21663007,21.663007,21.589812,21.431709,21.48579216003418,21.326271057128906,42570170433483733,42570170433542943,59.21,5.41575175
/root/autodl-tmp/eagle3-phase4.4a-performance-b-20260924,4,768,0,9,graph,183,21907319,21.907319,21.843107,21.488861,21.739200592041016,21.374176025390625,42570170456757816,42570170456812244,54.428,5.47682975
/root/autodl-tmp/eagle3-phase4.4a-performance-b-20260924,4,768,1,0,eager,184,93040274,93.040274,92.96793,92.803217,92.8307876586914,92.676513671875,42570170491926981,42570170491963711,36.73,23.2600685
/root/autodl-tmp/eagle3-phase4.4a-performance-b-20260924,4,768,1,1,eager,185,68442329,68.442329,68.384178,68.212387,68.33145904541016,68.16006469726562,42570170585742994,42570170585767702,24.708,17.11058225
/root/autodl-tmp/eagle3-phase4.4a-performance-b-20260924,4,768,1,2,eager,186,58614965,58.614965,58.555264,58.390723,58.49679946899414,58.33379364013672,42570170654942663,42570170654966613,23.95,14.65374125
/root/autodl-tmp/eagle3-phase4.4a-performance-b-20260924,4,768,1,3,eager,187,58029694,58.029694,57.971026,57.834736,57.920127868652344,57.784576416015625,42570170714342175,42570170714364675,22.5,14.5074235
/root/autodl-tmp/eagle3-phase4.4a-performance-b-20260924,4,768,1,4,eager,188,59694393,59.694393,59.63649,59.49071,59.58515167236328,59.440704345703125,42570170773147014,42570170773169594,22.58,14.92359825
/root/autodl-tmp/eagle3-phase4.4a-performance-b-20260924,4,768,1,5,eager,189,58166591,58.166591,58.106275,57.998597,58.05574417114258,57.9496955871582,42570170833602671,42570170833625606,22.935,14.54164775
/root/autodl-tmp/eagle3-phase4.4a-performance-b-20260924,4,768,1,6,eager,190,60900157,60.900157,60.846432,60.682062,60.79612731933594,60.63151931762695,42570170892534476,42570170892557870,23.394,15.22503925
/root/autodl-tmp/eagle3-phase4.4a-performance-b-20260924,4,768,1,7,eager,191,58954893,58.954893,58.89451,58.74858,58.8427848815918,58.69820785522461,42570170954209437,42570170954232739,23.302,14.73872325
/root/autodl-tmp/eagle3-phase4.4a-performance-b-20260924,4,768,1,8,eager,192,57618230,57.61823,57.562402,57.424099,57.51152038574219,57.37443161010742,42570171013911271,42570171013933558,22.287,14.4045575
/root/autodl-tmp/eagle3-phase4.4a-performance-b-20260924,4,768,1,9,eager,193,59159200,59.1592,59.102711,58.959292,59.050785064697266,58.90902328491211,42570171072279580,42570171072302641,23.061,14.7898
/root/autodl-tmp/eagle3-phase4.4a-performance-b-20260924,4,768,1,0,graph,194,20252805,20.252805,20.23009,20.113895,20.172224044799805,20.05504035949707,42570171137305678,42570171137318867,13.189,5.06320125
/root/autodl-tmp/eagle3-phase4.4a-performance-b-20260924,4,768,1,1,graph,195,20443829,20.443829,20.387398,20.202138,20.3372802734375,20.133983612060547,42570171158353357,42570171158376571,23.214,5.11095725
/root/autodl-tmp/eagle3-phase4.4a-performance-b-20260924,4,768,1,2,graph,196,20118269,20.118269,20.065274,19.863453,20.015743255615234,19.818944931030273,42570171179551128,42570171179572965,21.837,5.02956725
/root/autodl-tmp/eagle3-phase4.4a-performance-b-20260924,4,768,1,3,graph,197,20273359,20.273359,20.21511,20.046157,20.158111572265625,19.996063232421875,42570171200504750,42570171200526743,21.993,5.06833975
/root/autodl-tmp/eagle3-phase4.4a-performance-b-20260924,4,768,1,4,graph,198,20463035,20.463035,20.395653,20.221102,20.33305549621582,20.16057586669922,42570171221709202,42570171221736665,27.463,5.11575875
/root/autodl-tmp/eagle3-phase4.4a-performance-b-20260924,4,768,1,5,graph,199,20755832,20.755832,20.669076,20.491106,20.594079971313477,20.414047241210938,42570171243311569,42570171243347658,36.089,5.188958
/root/autodl-tmp/eagle3-phase4.4a-performance-b-20260924,4,768,1,6,graph,200,21096730,21.09673,21.004543,20.833274,20.92403221130371,20.748960494995117,42570171265283266,42570171265324859,41.593,5.2741825
/root/autodl-tmp/eagle3-phase4.4a-performance-b-20260924,4,768,1,7,graph,201,21423322,21.423322,21.365637,21.036509,21.27894401550293,20.943679809570312,42570171287670791,42570171287726437,55.646,5.3558305
/root/autodl-tmp/eagle3-phase4.4a-performance-b-20260924,4,768,1,8,graph,202,21618552,21.618552,21.508341,21.307839,21.40220832824707,21.204927444458008,42570171310686337,42570171310735115,48.778,5.404638
/root/autodl-tmp/eagle3-phase4.4a-performance-b-20260924,4,768,1,9,graph,203,21843982,21.843982,21.77994,21.463858,21.674976348876953,21.35820770263672,42570171333867637,42570171333942736,75.099,5.4609955
/root/autodl-tmp/eagle3-phase4.4a-performance-b-20260924,4,768,1,0,coordinated-eager,204,91358473,91.358473,91.282027,91.113379,91.15452575683594,90.98140716552734,42570171369811007,42570171369850491,39.484,22.83961825
/root/autodl-tmp/eagle3-phase4.4a-performance-b-20260924,4,768,1,1,coordinated-eager,205,75587958,75.587958,75.522172,75.311468,75.46857452392578,75.26566314697266,42570171461976647,42570171462002277,25.63,18.8969895
/root/autodl-tmp/eagle3-phase4.4a-performance-b-20260924,4,768,1,2,coordinated-eager,206,61487972,61.487972,61.426001,61.293118,61.37091064453125,61.24009704589844,42570171538462473,42570171538488132,25.659,15.371993
/root/autodl-tmp/eagle3-phase4.4a-performance-b-20260924,4,768,1,3,coordinated-eager,207,60431308,60.431308,60.370144,60.216609,60.31721496582031,60.16700744628906,42570171600731899,42570171600755550,23.651,15.107827
/root/autodl-tmp/eagle3-phase4.4a-performance-b-20260924,4,768,1,4,coordinated-eager,208,59356562,59.356562,59.300071,59.132403,59.24979019165039,59.08220672607422,42570171661936817,42570171661960583,23.766,14.8391405
/root/autodl-tmp/eagle3-phase4.4a-performance-b-20260924,4,768,1,5,coordinated-eager,209,63773844,63.773844,63.715732,63.58604,63.66630554199219,63.534400939941406,42570171722062329,42570171722087296,24.967,15.943461
/root/autodl-tmp/eagle3-phase4.4a-performance-b-20260924,4,768,1,6,coordinated-eager,210,63232166,63.232166,63.202695,62.775676,63.153568267822266,62.843231201171875,42570171786605876,42570171786732114,126.238,15.8080415
/root/autodl-tmp/eagle3-phase4.4a-performance-b-20260924,4,768,1,7,coordinated-eager,211,60109210,60.10921,60.048131,59.893371,59.994110107421875,59.843902587890625,42570171850706448,42570171850729381,22.933,15.0273025
/root/autodl-tmp/eagle3-phase4.4a-performance-b-20260924,4,768,1,8,coordinated-eager,212,62035891,62.035891,61.972309,61.799959,61.91664123535156,61.75020980834961,42570171911649436,42570171911672780,23.344,15.50897275
/root/autodl-tmp/eagle3-phase4.4a-performance-b-20260924,4,768,1,9,coordinated-eager,213,61514092,61.514092,61.459197,61.281103,61.40617752075195,61.23152160644531,42570171974476036,42570171974499448,23.412,15.378523
/root/autodl-tmp/eagle3-phase4.4a-performance-b-20260924,4,768,2,0,graph,214,20311890,20.31189,20.288441,20.119313,20.229440689086914,20.06048011779785,42570172042544910,42570172042560658,15.748,5.0779725
/root/autodl-tmp/eagle3-phase4.4a-performance-b-20260924,4,768,2,1,graph,215,20206798,20.206798,20.153804,19.989081,20.104223251342773,19.940288543701172,42570172063691669,42570172063714283,22.614,5.0516995
/root/autodl-tmp/eagle3-phase4.4a-performance-b-20260924,4,768,2,2,graph,216,20118679,20.118679,20.064824,19.8767,20.015615463256836,19.829696655273438,42570172084684206,42570172084706195,21.989,5.02966975
/root/autodl-tmp/eagle3-phase4.4a-performance-b-20260924,4,768,2,3,graph,217,20227758,20.227758,20.170752,19.981936,20.11644744873047,19.93302345275879,42570172105645227,42570172105667472,22.245,5.0569395
/root/autodl-tmp/eagle3-phase4.4a-performance-b-20260924,4,768,2,4,graph,218,20552745,20.552745,20.481959,20.213803,20.419008255004883,20.152511596679688,42570172126860937,42570172126888736,27.799,5.13818625
/root/autodl-tmp/eagle3-phase4.4a-performance-b-20260924,4,768,2,5,graph,219,20814154,20.814154,20.732335,20.437815,20.655040740966797,20.36844825744629,42570172148577778,42570172148608642,30.864,5.2035385
/root/autodl-tmp/eagle3-phase4.4a-performance-b-20260924,4,768,2,6,graph,220,21163092,21.163092,21.065624,20.812995,20.977344512939453,20.7346248626709,42570172170740052,42570172170775864,35.812,5.290773
/root/autodl-tmp/eagle3-phase4.4a-performance-b-20260924,4,768,2,7,graph,221,21248005,21.248005,21.194288,20.951491,21.104000091552734,20.861120223999023,42570172193200762,42570172193240074,39.312,5.31200125
/root/autodl-tmp/eagle3-phase4.4a-performance-b-20260924,4,768,2,8,graph,222,22568319,22.568319,22.503657,22.089554,22.40006446838379,21.982175827026367,42570172215916451,42570172215957741,41.29,5.64207975
/root/autodl-tmp/eagle3-phase4.4a-performance-b-20260924,4,768,2,9,graph,223,22570618,22.570618,22.425115,22.199061,22.201343536376953,21.954784393310547,42570172241420224,42570172241608917,188.693,5.6426545
/root/autodl-tmp/eagle3-phase4.4a-performance-b-20260924,4,768,2,0,eager,224,89115693,89.115693,89.046081,88.809122,88.92915344238281,88.6825942993164,42570172279637185,42570172279682828,45.643,22.27892325
/root/autodl-tmp/eagle3-phase4.4a-performance-b-20260924,4,768,2,1,eager,225,67509157,67.509157,67.452538,67.28208,67.40281677246094,67.23033905029297,42570172369570582,42570172369596172,25.59,16.87728925
/root/autodl-tmp/eagle3-phase4.4a-performance-b-20260924,4,768,2,2,eager,226,59458693,59.458693,59.401395,59.286572,59.35103988647461,59.23545455932617,42570172437862743,42570172437886480,23.737,14.86467325
/root/autodl-tmp/eagle3-phase4.4a-performance-b-20260924,4,768,2,3,eager,227,62035397,62.035397,61.976649,61.831393,61.92483139038086,61.7823371887207,42570172498094959,42570172498118436,23.477,15.50884925
/root/autodl-tmp/eagle3-phase4.4a-performance-b-20260924,4,768,2,4,eager,228,58174469,58.174469,58.117469,57.894415,58.06412887573242,57.86943817138672,42570172560907994,42570172560931159,23.165,14.54361725
/root/autodl-tmp/eagle3-phase4.4a-performance-b-20260924,4,768,2,5,eager,229,58223818,58.223818,58.167012,57.99521,58.115840911865234,57.945438385009766,42570172619874158,42570172619898962,24.804,14.5559545
/root/autodl-tmp/eagle3-phase4.4a-performance-b-20260924,4,768,2,6,eager,230,58899887,58.899887,58.84709,58.679597,58.79612731933594,58.63075256347656,42570172678864239,42570172678886936,22.697,14.72497175
/root/autodl-tmp/eagle3-phase4.4a-performance-b-20260924,4,768,2,7,eager,231,58805533,58.805533,58.754951,58.639982,58.703392028808594,58.59075164794922,42570172738530972,42570172738554256,23.284,14.70138325
/root/autodl-tmp/eagle3-phase4.4a-performance-b-20260924,4,768,2,8,eager,232,61773503,61.773503,61.716978,61.534865,61.662689208984375,61.48604965209961,42570172798109320,42570172798132477,23.157,15.44337575
/root/autodl-tmp/eagle3-phase4.4a-performance-b-20260924,4,768,2,9,eager,233,58458799,58.458799,58.408063,58.263245,58.35728073120117,58.21324920654297,42570172860655218,42570172860678595,23.377,14.61469975
/root/autodl-tmp/eagle3-phase4.4a-performance-b-20260924,4,768,2,0,coordinated-eager,234,59149354,59.149354,59.111444,58.982724,59.05263900756836,58.9249267578125,42570172925925660,42570172925941239,15.579,14.7873385
/root/autodl-tmp/eagle3-phase4.4a-performance-b-20260924,4,768,2,1,coordinated-eager,235,59538649,59.538649,59.48521,59.35743,59.43385696411133,59.30803298950195,42570172985863996,42570172985886019,22.023,14.88466225
/root/autodl-tmp/eagle3-phase4.4a-performance-b-20260924,4,768,2,2,coordinated-eager,236,58925843,58.925843,58.872021,58.793192,58.81951904296875,58.74409484863281,42570173046178534,42570173046200886,22.352,14.73146075
/root/autodl-tmp/eagle3-phase4.4a-performance-b-20260924,4,768,2,3,coordinated-eager,237,62428522,62.428522,62.375709,62.229823,62.32463836669922,62.180320739746094,42570173105855765,42570173105878016,22.251,15.6071305
/root/autodl-tmp/eagle3-phase4.4a-performance-b-20260924,4,768,2,4,coordinated-eager,238,59564943,59.564943,59.507903,59.352196,59.457279205322266,59.3040657043457,42570173169067288,42570173169090118,22.83,14.89123575
/root/autodl-tmp/eagle3-phase4.4a-performance-b-20260924,4,768,2,5,coordinated-eager,239,58396786,58.396786,58.338767,58.20736,58.287296295166016,58.157310485839844,42570173229405185,42570173229429623,24.438,14.5991965
/root/autodl-tmp/eagle3-phase4.4a-performance-b-20260924,4,768,2,6,coordinated-eager,240,59395820,59.39582,59.33903,59.18345,59.28822326660156,59.13395309448242,42570173288586991,42570173288609618,22.627,14.848955
/root/autodl-tmp/eagle3-phase4.4a-performance-b-20260924,4,768,2,7,coordinated-eager,241,63565593,63.565593,63.505362,63.376165,63.45228958129883,63.32495880126953,42570173348796118,42570173348819856,23.738,15.89139825
/root/autodl-tmp/eagle3-phase4.4a-performance-b-20260924,4,768,2,8,coordinated-eager,242,63847768,63.847768,63.787498,63.600495,63.72995376586914,63.54764938354492,42570173413190090,42570173413214852,24.762,15.961942
/root/autodl-tmp/eagle3-phase4.4a-performance-b-20260924,4,768,2,9,coordinated-eager,243,69334748,69.334748,69.258437,69.028442,69.19593811035156,68.96937561035156,42570173477949302,42570173477976592,27.29,17.333687
/root/autodl-tmp/eagle3-phase4.4a-performance-b-20260924,4,768,3,0,graph,244,21371811,21.371811,21.316704,21.121509,21.229280471801758,21.03049659729004,42570173555188823,42570173555208076,19.253,5.34295275
/root/autodl-tmp/eagle3-phase4.4a-performance-b-20260924,4,768,3,1,graph,245,21247830,21.24783,21.163621,20.970536,21.096511840820312,20.906719207763672,42570173577582781,42570173577615309,32.528,5.3119575
/root/autodl-tmp/eagle3-phase4.4a-performance-b-20260924,4,768,3,2,graph,246,21007570,21.00757,20.926652,20.752641,20.86025619506836,20.688640594482422,42570173599847118,42570173599877529,30.411,5.2518925
/root/autodl-tmp/eagle3-phase4.4a-performance-b-20260924,4,768,3,3,graph,247,21275578,21.275578,21.190387,20.992973,21.119264602661133,20.92348861694336,42570173621884968,42570173621918172,33.204,5.3188945
/root/autodl-tmp/eagle3-phase4.4a-performance-b-20260924,4,768,3,4,graph,248,21427122,21.427122,21.329838,21.091282,21.254880905151367,21.009599685668945,42570173644329253,42570173644370214,40.961,5.3567805
/root/autodl-tmp/eagle3-phase4.4a-performance-b-20260924,4,768,3,5,graph,249,21773367,21.773367,21.676365,21.438997,21.57529640197754,21.351455688476562,42570173666980113,42570173667038090,57.977,5.44334175
/root/autodl-tmp/eagle3-phase4.4a-performance-b-20260924,4,768,3,6,graph,250,22162189,22.162189,22.050193,21.606882,21.955488204956055,21.516735076904297,42570173690122598,42570173690168724,46.126,5.54054725
/root/autodl-tmp/eagle3-phase4.4a-performance-b-20260924,4,768,3,7,graph,251,22445422,22.445422,22.311049,22.010916,22.18764877319336,21.909311294555664,42570173714128580,42570173714178655,50.075,5.6113555
/root/autodl-tmp/eagle3-phase4.4a-performance-b-20260924,4,768,3,8,graph,252,22803958,22.803958,22.654978,22.260154,22.530975341796875,22.140352249145508,42570173738383851,42570173738441917,58.066,5.7009895
/root/autodl-tmp/eagle3-phase4.4a-performance-b-20260924,4,768,3,9,graph,253,23142487,23.142487,22.985255,22.561154,22.849536895751953,22.436031341552734,42570173763162829,42570173763224542,61.713,5.78562175
/root/autodl-tmp/eagle3-phase4.4a-performance-b-20260924,4,768,3,0,coordinated-eager,254,104721570,104.72157,104.635224,104.52635,104.4909439086914,104.38915252685547,42570173804662625,42570173804697006,34.381,26.1803925
/root/autodl-tmp/eagle3-phase4.4a-performance-b-20260924,4,768,3,1,coordinated-eager,255,83879362,83.879362,83.789572,83.611015,83.71727752685547,83.5447006225586,42570173910435933,42570173910467845,31.912,20.9698405
/root/autodl-tmp/eagle3-phase4.4a-performance-b-20260924,4,768,3,2,coordinated-eager,256,73961764,73.961764,73.87433,73.661627,73.80329895019531,73.5960922241211,42570173995355256,42570173995386963,31.707,18.490441
/root/autodl-tmp/eagle3-phase4.4a-performance-b-20260924,4,768,3,3,coordinated-eager,257,74252540,74.25254,74.162668,73.964263,74.09168243408203,73.89635467529297,42570174070325448,42570174070357621,32.173,18.563135
/root/autodl-tmp/eagle3-phase4.4a-performance-b-20260924,4,768,3,4,coordinated-eager,258,79100523,79.100523,79.010924,78.867432,78.94249725341797,78.80249786376953,42570174145595290,42570174145627232,31.942,19.77513075
/root/autodl-tmp/eagle3-phase4.4a-performance-b-20260924,4,768,3,5,coordinated-eager,259,73944251,73.944251,73.85585,73.644534,73.78822326660156,73.57462310791016,42570174225711665,42570174225747381,35.716,18.48606275
/root/autodl-tmp/eagle3-phase4.4a-performance-b-20260924,4,768,3,6,coordinated-eager,260,74362073,74.362073,74.268901,74.071179,74.1987533569336,74.00672149658203,42570174300684924,42570174300718410,33.486,18.59051825
/root/autodl-tmp/eagle3-phase4.4a-performance-b-20260924,4,768,3,7,coordinated-eager,261,73730287,73.730287,73.648513,73.431037,73.57382202148438,73.3663330078125,42570174376062839,42570174376093192,30.353,18.43257175
/root/autodl-tmp/eagle3-phase4.4a-performance-b-20260924,4,768,3,8,coordinated-eager,262,74841908,74.841908,74.696838,74.325808,74.62675476074219,74.26028442382812,42570174450800494,42570174450832947,32.453,18.710477
/root/autodl-tmp/eagle3-phase4.4a-performance-b-20260924,4,768,3,9,coordinated-eager,263,72987121,72.987121,72.901046,72.718723,72.82393646240234,72.64326477050781,42570174533866664,42570174533901814,35.15,18.24678025
/root/autodl-tmp/eagle3-phase4.4a-performance-b-20260924,4,768,3,0,eager,264,72367394,72.367394,72.317632,72.123834,72.22835540771484,72.03993225097656,42570174615649228,42570174615668331,19.103,18.0918485
/root/autodl-tmp/eagle3-phase4.4a-performance-b-20260924,4,768,3,1,eager,265,72125734,72.125734,72.037605,71.857269,71.97052764892578,71.7903060913086,42570174689090399,42570174689122883,32.484,18.0314335
/root/autodl-tmp/eagle3-phase4.4a-performance-b-20260924,4,768,3,2,eager,266,75713368,75.713368,75.633467,75.423976,75.56505584716797,75.36016082763672,42570174762203022,42570174762235615,32.593,18.928342
/root/autodl-tmp/eagle3-phase4.4a-performance-b-20260924,4,768,3,3,eager,267,71564932,71.564932,71.475791,71.273611,71.39103698730469,71.20697784423828,42570174838969103,42570174839018282,49.179,17.891233
/root/autodl-tmp/eagle3-phase4.4a-performance-b-20260924,4,768,3,4,eager,268,76827038,76.827038,76.736959,76.556778,76.66697692871094,76.49104309082031,42570174911551278,42570174911583586,32.308,19.2067595
/root/autodl-tmp/eagle3-phase4.4a-performance-b-20260924,4,768,3,5,eager,269,72293841,72.293841,72.212425,72.066972,72.13756561279297,71.99987030029297,42570174989397838,42570174989431588,33.75,18.07346025
/root/autodl-tmp/eagle3-phase4.4a-performance-b-20260924,4,768,3,6,eager,270,71953316,71.953316,71.868151,71.705533,71.79833221435547,71.63346862792969,42570175062686841,42570175062719155,32.314,17.988329
/root/autodl-tmp/eagle3-phase4.4a-performance-b-20260924,4,768,3,7,eager,271,71598806,71.598806,71.512351,71.253809,71.44080352783203,71.18956756591797,42570175135695346,42570175135729229,33.883,17.8997015
/root/autodl-tmp/eagle3-phase4.4a-performance-b-20260924,4,768,3,8,eager,272,80147711,80.147711,80.069364,79.890566,80.00169372558594,79.8243179321289,42570175208307964,42570175208339375,31.411,20.03692775
/root/autodl-tmp/eagle3-phase4.4a-performance-b-20260924,4,768,3,9,eager,273,72012008,72.012008,71.934461,71.741476,71.86524963378906,71.674560546875,42570175289490746,42570175289523047,32.301,18.003002
/root/autodl-tmp/eagle3-phase4.4a-performance-b-20260924,4,768,4,0,coordinated-eager,274,73266882,73.266882,73.214513,73.000277,73.12889862060547,72.89606475830078,42570175370897423,42570175370916913,19.49,18.3167205
/root/autodl-tmp/eagle3-phase4.4a-performance-b-20260924,4,768,4,1,coordinated-eager,275,72741075,72.741075,72.655206,72.477935,72.58560180664062,72.4135971069336,42570175445191645,42570175445225020,33.375,18.18526875
/root/autodl-tmp/eagle3-phase4.4a-performance-b-20260924,4,768,4,2,coordinated-eager,276,73179162,73.179162,73.095769,72.917877,73.01385498046875,72.83763122558594,42570175518926191,42570175518957412,31.221,18.2947905
/root/autodl-tmp/eagle3-phase4.4a-performance-b-20260924,4,768,4,3,coordinated-eager,277,85999842,85.999842,85.917846,85.7456,85.8493423461914,85.68051147460938,42570175593115643,42570175593147418,31.775,21.4999605
/root/autodl-tmp/eagle3-phase4.4a-performance-b-20260924,4,768,4,4,coordinated-eager,278,72412036,72.412036,72.327028,72.0918,72.25791931152344,72.02729797363281,42570175680131723,42570175680164257,32.534,18.103009
/root/autodl-tmp/eagle3-phase4.4a-performance-b-20260924,4,768,4,5,coordinated-eager,279,73075071,73.075071,72.988688,73.900291,72.92015838623047,73.83535766601562,42570175753569927,42570175753601656,31.729,18.26876775
/root/autodl-tmp/eagle3-phase4.4a-performance-b-20260924,4,768,4,6,coordinated-eager,280,73716227,73.716227,73.658807,73.428144,73.59203338623047,73.36233520507812,42570175828496968,42570175828532694,35.726,18.42905675
/root/autodl-tmp/eagle3-phase4.4a-performance-b-20260924,4,768,4,7,coordinated-eager,281,85378396,85.378396,85.291053,85.126678,85.22150421142578,85.06114959716797,42570175903269687,42570175903301433,31.746,21.344599
/root/autodl-tmp/eagle3-phase4.4a-performance-b-20260924,4,768,4,8,coordinated-eager,282,73660514,73.660514,73.570567,73.350491,73.49906921386719,73.28540802001953,42570175989667528,42570175989699044,31.516,18.4151285
/root/autodl-tmp/eagle3-phase4.4a-performance-b-20260924,4,768,4,9,coordinated-eager,283,72160613,72.160613,72.080914,71.937892,72.01097869873047,71.872802734375,42570176064363358,42570176064396616,33.258,18.04015325
/root/autodl-tmp/eagle3-phase4.4a-performance-b-20260924,4,768,4,0,graph,284,21902920,21.90292,21.871508,21.652037,21.78665542602539,21.570240020751953,42570176146389506,42570176146409173,19.667,5.47573
/root/autodl-tmp/eagle3-phase4.4a-performance-b-20260924,4,768,4,1,graph,285,21316080,21.31608,21.237118,21.043505,21.16988754272461,20.978559494018555,42570176169346794,42570176169377730,30.936,5.32902
/root/autodl-tmp/eagle3-phase4.4a-performance-b-20260924,4,768,4,2,graph,286,21376852,21.376852,21.290257,21.120997,21.222848892211914,21.054880142211914,42570176191696709,42570176191728572,31.863,5.344213
/root/autodl-tmp/eagle3-phase4.4a-performance-b-20260924,4,768,4,3,graph,287,21357333,21.357333,21.27057,21.079341,21.200735092163086,21.008928298950195,42570176214085047,42570176214121725,36.678,5.33933325
/root/autodl-tmp/eagle3-phase4.4a-performance-b-20260924,4,768,4,4,graph,288,21548250,21.54825,21.452773,21.208351,21.375776290893555,21.13203239440918,42570176236585162,42570176236621040,35.878,5.3870625
/root/autodl-tmp/eagle3-phase4.4a-performance-b-20260924,4,768,4,5,graph,289,21888046,21.888046,21.784851,21.570752,21.70217514038086,21.48691177368164,42570176259386474,42570176259427784,41.31,5.4720115
/root/autodl-tmp/eagle3-phase4.4a-performance-b-20260924,4,768,4,6,graph,290,22323450,22.32345,22.214507,21.887464,22.120927810668945,21.79360008239746,42570176282623624,42570176282669063,45.439,5.5808625
/root/autodl-tmp/eagle3-phase4.4a-performance-b-20260924,4,768,4,7,graph,291,24072008,24.072008,23.938737,22.007091,23.82796859741211,22.874208450317383,42570176306498334,42570176306544646,46.312,6.018002
/root/autodl-tmp/eagle3-phase4.4a-performance-b-20260924,4,768,4,8,graph,292,24637332,24.637332,24.418181,24.062752,24.255008697509766,23.79782485961914,42570176339860594,42570176340138359,277.765,6.159333
/root/autodl-tmp/eagle3-phase4.4a-performance-b-20260924,4,768,4,9,graph,293,23266589,23.266589,23.196632,22.784551,23.0850887298584,22.656736373901367,42570176366214563,42570176366316091,101.528,5.81664725
/root/autodl-tmp/eagle3-phase4.4a-performance-b-20260924,4,768,4,0,eager,294,97306426,97.306426,97.225441,97.026008,97.07750701904297,96.88179016113281,42570176410739906,42570176410778682,38.776,24.3266065
/root/autodl-tmp/eagle3-phase4.4a-performance-b-20260924,4,768,4,1,eager,295,84874829,84.874829,84.791673,84.593248,84.72383880615234,84.5245132446289,42570176509072300,42570176509106566,34.266,21.21870725
/root/autodl-tmp/eagle3-phase4.4a-performance-b-20260924,4,768,4,2,eager,296,72233874,72.233874,72.152832,71.918221,72.06428527832031,71.8306884765625,42570176594949769,42570176594983985,34.216,18.0584685
/root/autodl-tmp/eagle3-phase4.4a-performance-b-20260924,4,768,4,3,eager,297,70634288,70.634288,70.553447,70.451889,70.48387145996094,70.38457489013672,42570176668206057,42570176668241068,35.011,17.658572
/root/autodl-tmp/eagle3-phase4.4a-performance-b-20260924,4,768,4,4,eager,298,85798207,85.798207,85.706469,85.517896,85.63549041748047,85.44960021972656,42570176739885565,42570176739918887,33.322,21.44955175
/root/autodl-tmp/eagle3-phase4.4a-performance-b-20260924,4,768,4,5,eager,299,71918808,71.918808,71.829159,71.646594,71.76016235351562,71.57917022705078,42570176826689611,42570176826722707,33.096,17.979702
/root/autodl-tmp/eagle3-phase4.4a-performance-b-20260924,4,768,4,6,eager,300,71663806,71.663806,71.573052,71.33379,71.50160217285156,71.26576232910156,42570176899660101,42570176899693878,33.777,17.9159515
/root/autodl-tmp/eagle3-phase4.4a-performance-b-20260924,4,768,4,7,eager,301,71478377,71.478377,71.389399,71.243354,71.31814575195312,71.17330932617188,42570176972348580,42570176972382024,33.444,17.86959425
/root/autodl-tmp/eagle3-phase4.4a-performance-b-20260924,4,768,4,8,eager,302,71429758,71.429758,71.349539,71.142188,71.28182220458984,71.07270050048828,42570177044847515,42570177044882520,35.005,17.8574395
/root/autodl-tmp/eagle3-phase4.4a-performance-b-20260924,4,768,4,9,eager,303,81099727,81.099727,81.009739,80.802552,80.93901062011719,80.73494720458984,42570177117328728,42570177117361402,32.674,20.27493175
/root/autodl-tmp/eagle3-phase4.4a-performance-b-20260924,8,256,0,0,eager,308,78036973,78.036973,77.971047,77.852209,77.87785339355469,77.761474609375,42570179280386492,42570179280412454,25.962,9.754621625
/root/autodl-tmp/eagle3-phase4.4a-performance-b-20260924,8,256,0,1,eager,309,72591534,72.591534,72.50141,72.25659,72.42755126953125,72.18431854248047,42570179359828727,42570179359868789,40.062,9.07394175
/root/autodl-tmp/eagle3-phase4.4a-performance-b-20260924,8,256,0,2,eager,310,73535725,73.535725,73.444949,73.165024,73.37324523925781,73.09363555908203,42570179433777862,42570179433815328,37.466,9.191965625
/root/autodl-tmp/eagle3-phase4.4a-performance-b-20260924,8,256,0,3,eager,311,86091900,86.0919,85.995932,85.750687,85.92403411865234,85.68367767333984,42570179508694187,42570179508729695,35.508,10.7614875
/root/autodl-tmp/eagle3-phase4.4a-performance-b-20260924,8,256,0,4,eager,312,71968698,71.968698,71.884025,71.770511,71.81378936767578,71.700927734375,42570179596136457,42570179596173811,37.354,8.99608725
/root/autodl-tmp/eagle3-phase4.4a-performance-b-20260924,8,256,0,5,eager,313,73017709,73.017709,72.928706,72.700629,72.85785675048828,72.62934112548828,42570179669465794,42570179669500738,34.944,9.127213625
/root/autodl-tmp/eagle3-phase4.4a-performance-b-20260924,8,256,0,6,eager,314,72835826,72.835826,72.747421,72.509072,72.67577362060547,72.43856048583984,42570179743873216,42570179743909946,36.73,9.10447825
/root/autodl-tmp/eagle3-phase4.4a-performance-b-20260924,8,256,0,7,eager,315,73765723,73.765723,73.682086,73.419677,73.61039733886719,73.36930847167969,42570179818053014,42570179818089128,36.114,9.220715375
/root/autodl-tmp/eagle3-phase4.4a-performance-b-20260924,8,256,0,8,eager,316,83860745,83.860745,83.767742,83.588942,83.69731140136719,83.51737976074219,42570179893180969,42570179893217685,36.716,10.482593125
/root/autodl-tmp/eagle3-phase4.4a-performance-b-20260924,8,256,0,9,eager,317,72945051,72.945051,72.855595,72.625777,72.78514862060547,72.5552978515625,42570179978416875,42570179978453809,36.934,9.118131375
/root/autodl-tmp/eagle3-phase4.4a-performance-b-20260924,8,256,0,0,coordinated-eager,318,73182752,73.182752,73.127288,72.912591,73.03743743896484,72.825439453125,42570180061681809,42570180061703245,21.436,9.147844
/root/autodl-tmp/eagle3-phase4.4a-performance-b-20260924,8,256,0,1,coordinated-eager,319,73948962,73.948962,73.854707,73.615847,73.78406524658203,73.54732513427734,42570180136251411,42570180136287910,36.499,9.24362025
/root/autodl-tmp/eagle3-phase4.4a-performance-b-20260924,8,256,0,2,coordinated-eager,320,72696718,72.696718,72.606105,72.43885,72.53369903564453,72.36930847167969,42570180211538446,42570180211574607,36.161,9.08708975
/root/autodl-tmp/eagle3-phase4.4a-performance-b-20260924,8,256,0,3,coordinated-eager,321,88293818,88.293818,88.192267,87.881116,88.12035369873047,87.81430053710938,42570180285545374,42570180285583230,37.856,11.03672725
/root/autodl-tmp/eagle3-phase4.4a-performance-b-20260924,8,256,0,4,coordinated-eager,322,76322596,76.322596,76.225623,75.983399,76.14521789550781,75.91619110107422,42570180375348102,42570180375382475,34.373,9.5403245
/root/autodl-tmp/eagle3-phase4.4a-performance-b-20260924,8,256,0,5,coordinated-eager,323,74846457,74.846457,74.755583,74.498226,74.68431854248047,74.44124603271484,42570180453028198,42570180453063720,35.522,9.355807125
/root/autodl-tmp/eagle3-phase4.4a-performance-b-20260924,8,256,0,6,coordinated-eager,324,74087064,74.087064,73.995158,73.737581,73.9234848022461,73.68438720703125,42570180529243155,42570180529277992,34.837,9.260883
/root/autodl-tmp/eagle3-phase4.4a-performance-b-20260924,8,256,0,7,coordinated-eager,325,83712846,83.712846,83.625612,83.435381,83.55506896972656,83.36595153808594,42570180604688524,42570180604722416,33.892,10.46410575
/root/autodl-tmp/eagle3-phase4.4a-performance-b-20260924,8,256,0,8,coordinated-eager,326,73472718,73.472718,73.378038,73.110055,73.30726623535156,73.0409927368164,42570180689762052,42570180689799113,37.061,9.18408975
/root/autodl-tmp/eagle3-phase4.4a-performance-b-20260924,8,256,0,9,coordinated-eager,327,74090536,74.090536,73.996695,73.764677,73.92588806152344,73.69395446777344,42570180764585555,42570180764622764,37.209,9.261317
/root/autodl-tmp/eagle3-phase4.4a-performance-b-20260924,8,256,0,0,graph,328,21473056,21.473056,21.418901,21.173002,21.329856872558594,21.103967666625977,42570180849054763,42570180849075557,20.794,2.684132
/root/autodl-tmp/eagle3-phase4.4a-performance-b-20260924,8,256,0,1,graph,329,21378680,21.37868,21.288527,21.038079,21.2192325592041,20.982688903808594,42570180871929069,42570180871964610,35.541,2.672335
/root/autodl-tmp/eagle3-phase4.4a-performance-b-20260924,8,256,0,2,graph,330,21391266,21.391266,21.308392,21.04664,21.23961639404297,20.999135971069336,42570180894614033,42570180894649066,35.033,2.67390825
/root/autodl-tmp/eagle3-phase4.4a-performance-b-20260924,8,256,0,3,graph,331,21313649,21.313649,21.226718,20.985951,21.15622329711914,20.924224853515625,42570180917397344,42570180917431290,33.946,2.664206125
/root/autodl-tmp/eagle3-phase4.4a-performance-b-20260924,8,256,0,4,graph,332,21358055,21.358055,21.268083,20.996983,21.19856071472168,20.929279327392578,42570180940050501,42570180940087045,36.544,2.669756875
/root/autodl-tmp/eagle3-phase4.4a-performance-b-20260924,8,256,0,5,graph,333,21779272,21.779272,21.649451,21.289571,21.563840866088867,21.247615814208984,42570180963043696,42570180963088088,44.392,2.722409
/root/autodl-tmp/eagle3-phase4.4a-performance-b-20260924,8,256,0,6,graph,334,22052683,22.052683,21.928442,21.59125,21.83843231201172,21.510400772094727,42570180986566313,42570180986613760,47.447,2.756585375
/root/autodl-tmp/eagle3-phase4.4a-performance-b-20260924,8,256,0,7,graph,335,29766881,29.766881,29.705848,29.218077,29.609472274780273,28.927616119384766,42570181011750317,42570181011969542,219.225,3.720860125
/root/autodl-tmp/eagle3-phase4.4a-performance-b-20260924,8,256,0,8,graph,336,22622468,22.622468,22.489187,22.08909,22.37718391418457,21.974559783935547,42570181043592859,42570181043652703,59.844,2.8278085
/root/autodl-tmp/eagle3-phase4.4a-performance-b-20260924,8,256,0,9,graph,337,23619700,23.6197,23.473747,23.005822,23.354047775268555,22.911840438842773,42570181068513750,42570181068576379,62.629,2.9524625
/root/autodl-tmp/eagle3-phase4.4a-performance-b-20260924,8,256,1,0,eager,338,107749721,107.749721,107.670349,107.430963,107.53695678710938,107.28803253173828,42570181113772394,42570181113815047,42.653,13.468715125
/root/autodl-tmp/eagle3-phase4.4a-performance-b-20260924,8,256,1,1,eager,339,75248607,75.248607,75.159944,74.419208,75.08534240722656,74.45891571044922,42570181222915571,42570181222954400,38.829,9.406075875
/root/autodl-tmp/eagle3-phase4.4a-performance-b-20260924,8,256,1,2,eager,340,72408868,72.408868,72.318935,72.103889,72.2470703125,72.03459167480469,42570181299570660,42570181299607317,36.657,9.0511085
/root/autodl-tmp/eagle3-phase4.4a-performance-b-20260924,8,256,1,3,eager,341,72999132,72.999132,72.90476,72.687862,72.83235168457031,72.6181411743164,42570181373355855,42570181373392120,36.265,9.1248915
/root/autodl-tmp/eagle3-phase4.4a-performance-b-20260924,8,256,1,4,eager,342,86441869,86.441869,86.349338,86.222709,86.27587127685547,86.15277099609375,42570181447719048,42570181447756915,37.867,10.805233625
/root/autodl-tmp/eagle3-phase4.4a-performance-b-20260924,8,256,1,5,eager,343,72384675,72.384675,72.291162,72.032927,72.21981048583984,71.9793930053711,42570181535572993,42570181535610679,37.686,9.048084375
/root/autodl-tmp/eagle3-phase4.4a-performance-b-20260924,8,256,1,6,eager,344,72034590,72.03459,71.941083,71.886661,71.8697280883789,71.8160629272461,42570181609315892,42570181609351084,35.192,9.00432375
/root/autodl-tmp/eagle3-phase4.4a-performance-b-20260924,8,256,1,7,eager,345,72445937,72.445937,72.352366,72.091993,72.28102111816406,72.02092742919922,42570181682667504,42570181682704112,36.608,9.055742125
/root/autodl-tmp/eagle3-phase4.4a-performance-b-20260924,8,256,1,8,eager,346,85962969,85.962969,85.871109,85.647026,85.80115509033203,85.57695770263672,42570181756445007,42570181756480967,35.96,10.745371125
/root/autodl-tmp/eagle3-phase4.4a-performance-b-20260924,8,256,1,9,eager,347,72588125,72.588125,72.494123,72.263595,72.42150115966797,72.19308471679688,42570181843771871,42570181843807250,35.379,9.073515625
/root/autodl-tmp/eagle3-phase4.4a-performance-b-20260924,8,256,1,0,graph,348,21871124,21.871124,21.814173,21.583625,21.728639602661133,21.495967864990234,42570181927466042,42570181927487298,21.256,2.7338905
/root/autodl-tmp/eagle3-phase4.4a-performance-b-20260924,8,256,1,1,graph,349,21502962,21.502962,21.410316,21.178211,21.339839935302734,21.109695434570312,42570181950721185,42570181950756240,35.055,2.68787025
/root/autodl-tmp/eagle3-phase4.4a-performance-b-20260924,8,256,1,2,graph,350,21624709,21.624709,21.5339,21.269195,21.463104248046875,21.201631546020508,42570181973536389,42570181973571348,34.959,2.703088625
/root/autodl-tmp/eagle3-phase4.4a-performance-b-20260924,8,256,1,3,graph,351,21646318,21.646318,21.544256,21.243683,21.465503692626953,21.18556785583496,42570181996688706,42570181996726842,38.136,2.70578975
/root/autodl-tmp/eagle3-phase4.4a-performance-b-20260924,8,256,1,4,graph,352,21720873,21.720873,21.617783,21.340502,21.538816452026367,21.2587833404541,42570182019893199,42570182019935979,42.78,2.715109125
/root/autodl-tmp/eagle3-phase4.4a-performance-b-20260924,8,256,1,5,graph,353,22043857,22.043857,21.924692,21.631534,21.835840225219727,21.542272567749023,42570182043362538,42570182043408137,45.599,2.755482125
/root/autodl-tmp/eagle3-phase4.4a-performance-b-20260924,8,256,1,6,graph,354,22419518,22.419518,22.291866,21.902358,22.192895889282227,21.818784713745117,42570182067292453,42570182067345105,52.652,2.80243975
/root/autodl-tmp/eagle3-phase4.4a-performance-b-20260924,8,256,1,7,graph,355,22643985,22.643985,22.506105,22.189808,22.399648666381836,22.075904846191406,42570182091828558,42570182091889979,61.421,2.830498125
/root/autodl-tmp/eagle3-phase4.4a-performance-b-20260924,8,256,1,8,graph,356,22943689,22.943689,22.868938,22.38955,22.755935668945312,22.303359985351562,42570182116725114,42570182116794143,69.029,2.867961125
/root/autodl-tmp/eagle3-phase4.4a-performance-b-20260924,8,256,1,9,graph,357,23293712,23.293712,23.14707,22.652719,23.021408081054688,22.543712615966797,42570182142231555,42570182142296787,65.232,2.911714
/root/autodl-tmp/eagle3-phase4.4a-performance-b-20260924,8,256,1,0,coordinated-eager,358,125739977,125.739977,125.651505,125.230514,125.50486755371094,125.2570571899414,42570182189063924,42570182189106437,42.513,15.717497125
/root/autodl-tmp/eagle3-phase4.4a-performance-b-20260924,8,256,1,1,coordinated-eager,359,74242913,74.242913,74.15805,74.058662,74.08783721923828,73.98678588867188,42570182316204707,42570182316241412,36.705,9.280364125
/root/autodl-tmp/eagle3-phase4.4a-performance-b-20260924,8,256,1,2,coordinated-eager,360,75144693,75.144693,75.094963,74.857854,75.0251235961914,74.7949447631836,42570182391882079,42570182391911142,29.063,9.393086625
/root/autodl-tmp/eagle3-phase4.4a-performance-b-20260924,8,256,1,3,coordinated-eager,361,73993135,73.993135,73.901515,73.666945,73.83251190185547,73.5989761352539,42570182468455350,42570182468493226,37.876,9.249141875
/root/autodl-tmp/eagle3-phase4.4a-performance-b-20260924,8,256,1,4,coordinated-eager,362,85646380,85.64638,85.552127,85.336507,85.4808349609375,85.26636505126953,42570182543811676,42570182543847996,36.32,10.7057975
/root/autodl-tmp/eagle3-phase4.4a-performance-b-20260924,8,256,1,5,coordinated-eager,363,73185945,73.185945,73.089019,72.938271,73.01673889160156,72.86825561523438,42570182630811007,42570182630849616,38.609,9.148243125
/root/autodl-tmp/eagle3-phase4.4a-performance-b-20260924,8,256,1,6,coordinated-eager,364,74362453,74.362453,74.27415,74.0164,74.20301055908203,73.95974731445312,42570182705353335,42570182705389794,36.459,9.295306625
/root/autodl-tmp/eagle3-phase4.4a-performance-b-20260924,8,256,1,7,coordinated-eager,365,75837849,75.837849,75.75002,75.52474,75.67823791503906,75.45539093017578,42570182781038183,42570182781073655,35.472,9.479731125
/root/autodl-tmp/eagle3-phase4.4a-performance-b-20260924,8,256,1,8,coordinated-eager,366,74351166,74.351166,74.257683,74.025726,74.18736267089844,73.95887756347656,42570182858237417,42570182858273460,36.043,9.29389575
/root/autodl-tmp/eagle3-phase4.4a-performance-b-20260924,8,256,1,9,coordinated-eager,367,84903802,84.903802,84.813155,84.612113,84.74163055419922,84.53981018066406,42570182933918182,42570182933954659,36.477,10.61297525
/root/autodl-tmp/eagle3-phase4.4a-performance-b-20260924,8,256,2,0,graph,368,21551791,21.551791,21.498629,21.264801,21.40947151184082,21.17830467224121,42570183031137418,42570183031159269,21.851,2.693973875
/root/autodl-tmp/eagle3-phase4.4a-performance-b-20260924,8,256,2,1,graph,369,21495751,21.495751,21.410628,21.159301,21.34182357788086,21.102336883544922,42570183054071629,42570183054106445,34.816,2.686968875
/root/autodl-tmp/eagle3-phase4.4a-performance-b-20260924,8,256,2,2,graph,370,21325357,21.325357,21.237812,21.036222,21.169248580932617,20.967296600341797,42570183076890190,42570183076926198,36.008,2.665669625
/root/autodl-tmp/eagle3-phase4.4a-performance-b-20260924,8,256,2,3,graph,371,21636157,21.636157,21.539141,21.221023,21.467775344848633,21.175840377807617,42570183099568656,42570183099605051,36.395,2.704519625
/root/autodl-tmp/eagle3-phase4.4a-performance-b-20260924,8,256,2,4,graph,372,21873560,21.87356,21.778189,21.407636,21.695615768432617,21.38515281677246,42570183122784030,42570183122824193,40.163,2.734195
/root/autodl-tmp/eagle3-phase4.4a-performance-b-20260924,8,256,2,5,graph,373,22056829,22.056829,21.950617,21.532379,21.8571834564209,21.537439346313477,42570183146424325,42570183146469371,45.046,2.757103625
/root/autodl-tmp/eagle3-phase4.4a-performance-b-20260924,8,256,2,6,graph,374,22392719,22.392719,22.275349,21.913631,22.18035125732422,21.816864013671875,42570183170348952,42570183170391383,42.431,2.799089875
/root/autodl-tmp/eagle3-phase4.4a-performance-b-20260924,8,256,2,7,graph,375,22722997,22.722997,22.588666,22.1412,22.478912353515625,22.057823181152344,42570183194880976,42570183194937583,56.607,2.840374625
/root/autodl-tmp/eagle3-phase4.4a-performance-b-20260924,8,256,2,8,graph,376,22922820,22.92282,22.775859,22.343938,22.661888122558594,22.224607467651367,42570183219910703,42570183219971322,60.619,2.8653525
/root/autodl-tmp/eagle3-phase4.4a-performance-b-20260924,8,256,2,9,graph,377,23275402,23.275402,23.196689,22.709633,23.069887161254883,22.582111358642578,42570183245265397,42570183245356011,90.614,2.90942525
/root/autodl-tmp/eagle3-phase4.4a-performance-b-20260924,8,256,2,0,eager,378,92855993,92.855993,92.780824,92.636971,92.65164947509766,92.50163269042969,42570183303818011,42570183303859217,41.206,11.606999125
/root/autodl-tmp/eagle3-phase4.4a-performance-b-20260924,8,256,2,1,eager,379,74565099,74.565099,74.471886,74.207203,74.39836883544922,74.16393280029297,42570183398020957,42570183398057373,36.416,9.320637375
/root/autodl-tmp/eagle3-phase4.4a-performance-b-20260924,8,256,2,2,eager,380,82890639,82.890639,82.797108,82.578367,82.72230529785156,82.50947570800781,42570183473957865,42570183473994966,37.101,10.361329875
/root/autodl-tmp/eagle3-phase4.4a-performance-b-20260924,8,256,2,3,eager,381,72661244,72.661244,72.565293,72.303263,72.49302673339844,72.25536346435547,42570183558186393,42570183558224845,38.452,9.0826555
/root/autodl-tmp/eagle3-phase4.4a-performance-b-20260924,8,256,2,4,eager,382,71513103,71.513103,71.429041,71.400952,71.35881805419922,71.33084869384766,42570183632194271,42570183632228686,34.415,8.939137875
/root/autodl-tmp/eagle3-phase4.4a-performance-b-20260924,8,256,2,5,eager,383,87011489,87.011489,86.917104,86.683851,86.84559631347656,86.61286163330078,42570183705047178,42570183705084386,37.208,10.876436125
/root/autodl-tmp/eagle3-phase4.4a-performance-b-20260924,8,256,2,6,eager,384,72237510,72.23751,72.145585,71.917985,72.07462310791016,71.84614562988281,42570183793390678,42570183793427638,36.96,9.02968875
/root/autodl-tmp/eagle3-phase4.4a-performance-b-20260924,8,256,2,7,eager,385,72766310,72.76631,72.674159,72.41126,72.58419036865234,72.35266876220703,42570183866958375,42570183867007393,49.018,9.09578875
/root/autodl-tmp/eagle3-phase4.4a-performance-b-20260924,8,256,2,8,eager,386,71825433,71.825433,71.740198,71.64989,71.66770935058594,71.58246612548828,42570183941045294,42570183941081710,36.416,8.978179125
/root/autodl-tmp/eagle3-phase4.4a-performance-b-20260924,8,256,2,9,eager,387,76603129,76.603129,76.519171,76.301842,76.45024108886719,76.24960327148438,42570184014204245,42570184014239245,35.0,9.575391125
/root/autodl-tmp/eagle3-phase4.4a-performance-b-20260924,8,256,2,0,coordinated-eager,388,62125983,62.125983,62.084219,61.898043,62.01011276245117,61.83686447143555,42570184103460664,42570184103478200,17.536,7.765747875
/root/autodl-tmp/eagle3-phase4.4a-performance-b-20260924,8,256,2,1,coordinated-eager,389,60049499,60.049499,59.989213,59.841805,59.93507385253906,59.78812789916992,42570184166665298,42570184166691768,26.47,7.506187375
/root/autodl-tmp/eagle3-phase4.4a-performance-b-20260924,8,256,2,2,coordinated-eager,390,60199025,60.199025,60.142053,59.956427,60.089439392089844,59.91017532348633,42570184227761443,42570184227787008,25.565,7.524878125
/root/autodl-tmp/eagle3-phase4.4a-performance-b-20260924,8,256,2,3,coordinated-eager,391,61284727,61.284727,61.227334,60.102389,61.17500686645508,60.93376159667969,42570184289002829,42570184289028169,25.34,7.660590875
/root/autodl-tmp/eagle3-phase4.4a-performance-b-20260924,8,256,2,4,coordinated-eager,392,62993246,62.993246,62.8725,62.711036,62.71209716796875,62.434654235839844,42570184353439060,42570184353527422,88.362,7.87415575
/root/autodl-tmp/eagle3-phase4.4a-performance-b-20260924,8,256,2,5,coordinated-eager,393,60131741,60.131741,60.075577,59.880833,60.02412796020508,59.84291076660156,42570184417399798,42570184417424362,24.564,7.516467625
/root/autodl-tmp/eagle3-phase4.4a-performance-b-20260924,8,256,2,6,coordinated-eager,394,60852840,60.85284,60.796289,60.600116,60.74492645263672,60.563968658447266,42570184478562050,42570184478588493,26.443,7.606605
/root/autodl-tmp/eagle3-phase4.4a-performance-b-20260924,8,256,2,7,coordinated-eager,395,59532743,59.532743,59.472624,59.304482,59.41932678222656,59.253055572509766,42570184540482911,42570184540509927,27.016,7.441592875
/root/autodl-tmp/eagle3-phase4.4a-performance-b-20260924,8,256,2,8,coordinated-eager,396,61323045,61.323045,61.263781,60.24056,61.21033477783203,60.802879333496094,42570184601054343,42570184601079810,25.467,7.665380625
/root/autodl-tmp/eagle3-phase4.4a-performance-b-20260924,8,256,2,9,coordinated-eager,397,61271354,61.271354,60.858515,60.523415,60.37411117553711,60.02755355834961,42570184666744153,42570184666966102,221.949,7.65891925
/root/autodl-tmp/eagle3-phase4.4a-performance-b-20260924,8,256,3,0,graph,398,20283357,20.283357,20.228746,20.02232,20.168479919433594,19.993375778198242,42570184739019293,42570184739037637,18.344,2.535419625
/root/autodl-tmp/eagle3-phase4.4a-performance-b-20260924,8,256,3,1,graph,399,20161147,20.161147,20.106098,19.904725,20.05571174621582,19.87696075439453,42570184760333414,42570184760358571,25.157,2.520143375
/root/autodl-tmp/eagle3-phase4.4a-performance-b-20260924,8,256,3,2,graph,400,20343943,20.343943,20.285953,19.997615,20.233631134033203,19.98703956604004,42570184781503153,42570184781527399,24.246,2.542992875
/root/autodl-tmp/eagle3-phase4.4a-performance-b-20260924,8,256,3,3,graph,401,20683176,20.683176,20.601652,20.378111,20.529407501220703,20.308544158935547,42570184803374976,42570184803410325,35.349,2.585397
/root/autodl-tmp/eagle3-phase4.4a-performance-b-20260924,8,256,3,4,graph,402,20824478,20.824478,20.746238,20.496947,20.678848266601562,20.42508888244629,42570184825442368,42570184825479012,36.644,2.60305975
/root/autodl-tmp/eagle3-phase4.4a-performance-b-20260924,8,256,3,5,graph,403,21065775,21.065775,20.968008,20.684588,20.885696411132812,20.603103637695312,42570184847921541,42570184847964775,43.234,2.633221875
/root/autodl-tmp/eagle3-phase4.4a-performance-b-20260924,8,256,3,6,graph,404,21154891,21.154891,21.103197,20.815917,21.024768829345703,20.733503341674805,42570184870649920,42570184870694208,44.288,2.644361375
/root/autodl-tmp/eagle3-phase4.4a-performance-b-20260924,8,256,3,7,graph,405,21563112,21.563112,21.507394,21.180202,21.42064094543457,21.088031768798828,42570184893669962,42570184893727719,57.757,2.695389
/root/autodl-tmp/eagle3-phase4.4a-performance-b-20260924,8,256,3,8,graph,406,23280832,23.280832,23.216406,22.494931,23.118751525878906,22.613311767578125,42570184917293884,42570184917356605,62.721,2.910104
/root/autodl-tmp/eagle3-phase4.4a-performance-b-20260924,8,256,3,9,graph,407,22216270,22.21627,22.136934,21.715831,22.009279251098633,21.5850887298584,42570184942916125,42570184942983406,67.281,2.77703375
/root/autodl-tmp/eagle3-phase4.4a-performance-b-20260924,8,256,3,0,coordinated-eager,408,88519622,88.519622,88.446427,88.233156,88.3295669555664,88.12509155273438,42570184990519604,42570184990557134,37.53,11.06495275
/root/autodl-tmp/eagle3-phase4.4a-performance-b-20260924,8,256,3,1,coordinated-eager,409,62755760,62.75576,62.697132,62.511343,62.64521789550781,62.463294982910156,42570185080130883,42570185080157433,26.55,7.84447
/root/autodl-tmp/eagle3-phase4.4a-performance-b-20260924,8,256,3,2,coordinated-eager,410,59245082,59.245082,59.186921,59.004987,59.13497543334961,58.95542526245117,42570185143954767,42570185143979807,25.04,7.40563525
/root/autodl-tmp/eagle3-phase4.4a-performance-b-20260924,8,256,3,3,coordinated-eager,411,59627082,59.627082,59.570216,59.374638,59.51273727416992,59.337886810302734,42570185204234131,42570185204259133,25.002,7.45338525
/root/autodl-tmp/eagle3-phase4.4a-performance-b-20260924,8,256,3,4,coordinated-eager,412,67304128,67.304128,67.239721,67.099758,67.1860122680664,67.04825592041016,42570185264911097,42570185264936297,25.2,8.413016
/root/autodl-tmp/eagle3-phase4.4a-performance-b-20260924,8,256,3,5,coordinated-eager,413,60120774,60.120774,60.059546,59.882212,60.007999420166016,59.83100891113281,42570185333248835,42570185333275283,26.448,7.51509675
/root/autodl-tmp/eagle3-phase4.4a-performance-b-20260924,8,256,3,6,coordinated-eager,414,60607710,60.60771,60.543569,60.364231,60.490848541259766,60.313568115234375,42570185394419143,42570185394443695,24.552,7.57596375
/root/autodl-tmp/eagle3-phase4.4a-performance-b-20260924,8,256,3,7,coordinated-eager,415,59355208,59.355208,59.291221,59.115196,59.23955154418945,59.064544677734375,42570185456084263,42570185456109841,25.578,7.419401
/root/autodl-tmp/eagle3-phase4.4a-performance-b-20260924,8,256,3,8,coordinated-eager,416,67276124,67.276124,67.219129,67.032348,67.1673583984375,66.98774719238281,42570185516464144,42570185516489609,25.465,8.4095155
/root/autodl-tmp/eagle3-phase4.4a-performance-b-20260924,8,256,3,9,coordinated-eager,417,59449017,59.449017,59.38914,59.234245,59.33695983886719,59.182464599609375,42570185584780789,42570185584805734,24.945,7.431127125
/root/autodl-tmp/eagle3-phase4.4a-performance-b-20260924,8,256,3,0,eager,418,58649702,58.649702,58.612088,58.448796,58.54304122924805,58.37897491455078,42570185654962688,42570185654980167,17.479,7.33121275
/root/autodl-tmp/eagle3-phase4.4a-performance-b-20260924,8,256,3,1,eager,419,60740348,60.740348,60.682137,60.490859,60.62879943847656,60.43830490112305,42570185714677287,42570185714703398,26.111,7.5925435
/root/autodl-tmp/eagle3-phase4.4a-performance-b-20260924,8,256,3,2,eager,420,73627224,73.627224,73.563494,72.337238,73.50646209716797,72.2806396484375,42570185776542448,42570185776570734,28.286,9.203403
/root/autodl-tmp/eagle3-phase4.4a-performance-b-20260924,8,256,3,3,eager,421,70022905,70.022905,69.946851,69.761481,69.88188934326172,69.69951629638672,42570185851472799,42570185851505871,33.072,8.752863125
/root/autodl-tmp/eagle3-phase4.4a-performance-b-20260924,8,256,3,4,eager,422,71508206,71.508206,71.465455,70.706055,71.39759826660156,70.66028594970703,42570185922874522,42570185923414972,540.45,8.93852575
/root/autodl-tmp/eagle3-phase4.4a-performance-b-20260924,8,256,3,5,eager,423,72803023,72.803023,72.714768,72.475708,72.64291381835938,72.4090576171875,42570185995804230,42570185995839216,34.986,9.100377875
/root/autodl-tmp/eagle3-phase4.4a-performance-b-20260924,8,256,3,6,eager,424,82316154,82.316154,82.223075,82.020282,82.15132904052734,81.9494400024414,42570186069942679,42570186069978879,36.2,10.28951925
/root/autodl-tmp/eagle3-phase4.4a-performance-b-20260924,8,256,3,7,eager,425,74283259,74.283259,74.186443,74.00987,74.11264038085938,73.9419174194336,42570186153887111,42570186153922440,35.329,9.285407375
/root/autodl-tmp/eagle3-phase4.4a-performance-b-20260924,8,256,3,8,eager,426,72647643,72.647643,72.556673,72.302112,72.47865295410156,72.25299072265625,42570186229598149,42570186229633989,35.84,9.080955375
/root/autodl-tmp/eagle3-phase4.4a-performance-b-20260924,8,256,3,9,eager,427,72367769,72.367769,72.277303,72.020333,72.20521545410156,71.96841430664062,42570186303577798,42570186303614393,36.595,9.045971125
/root/autodl-tmp/eagle3-phase4.4a-performance-b-20260924,8,256,4,0,coordinated-eager,428,87617698,87.617698,87.561365,87.331489,87.4672622680664,87.25341033935547,42570186388676601,42570186388697270,20.669,10.95221225
/root/autodl-tmp/eagle3-phase4.4a-performance-b-20260924,8,256,4,1,coordinated-eager,429,73866409,73.866409,73.781557,73.588204,73.7099838256836,73.51763153076172,42570186477659830,42570186477693925,34.095,9.233301125
/root/autodl-tmp/eagle3-phase4.4a-performance-b-20260924,8,256,4,2,coordinated-eager,430,74601926,74.601926,74.513575,74.278689,74.44032287597656,74.21056365966797,42570186552862432,42570186552897083,34.651,9.32524075
/root/autodl-tmp/eagle3-phase4.4a-performance-b-20260924,8,256,4,3,coordinated-eager,431,74278344,74.278344,74.189447,73.928033,74.11779022216797,73.86294555664062,42570186628822199,42570186628859656,37.457,9.284793
/root/autodl-tmp/eagle3-phase4.4a-performance-b-20260924,8,256,4,4,coordinated-eager,432,85137365,85.137365,85.045278,84.839547,84.97500610351562,84.76850891113281,42570186704469065,42570186704506185,37.12,10.642170625
/root/autodl-tmp/eagle3-phase4.4a-performance-b-20260924,8,256,4,5,coordinated-eager,433,75316794,75.316794,75.220497,74.957824,75.13075256347656,74.89724731445312,42570186790963171,42570186791017982,54.811,9.41459925
/root/autodl-tmp/eagle3-phase4.4a-performance-b-20260924,8,256,4,6,coordinated-eager,434,73873494,73.873494,73.781649,73.668491,73.70793914794922,73.5995864868164,42570186867651877,42570186867688475,36.598,9.23418675
/root/autodl-tmp/eagle3-phase4.4a-performance-b-20260924,8,256,4,7,coordinated-eager,435,75093967,75.093967,74.999193,74.761463,74.92819213867188,74.6918716430664,42570186942881495,42570186942917396,35.901,9.386745875
/root/autodl-tmp/eagle3-phase4.4a-performance-b-20260924,8,256,4,8,coordinated-eager,436,74957372,74.957372,74.862665,74.637817,74.79084777832031,74.56658935546875,42570187019342992,42570187019379215,36.223,9.3696715
/root/autodl-tmp/eagle3-phase4.4a-performance-b-20260924,8,256,4,9,coordinated-eager,437,83030819,83.030819,82.902122,82.189624,82.66566467285156,81.77030181884766,42570187097672156,42570187098154282,482.126,10.378852375
/root/autodl-tmp/eagle3-phase4.4a-performance-b-20260924,8,256,4,0,graph,438,21696671,21.696671,21.641337,21.401169,21.550048828125,21.31328010559082,42570187193525530,42570187193547527,21.997,2.712083875
/root/autodl-tmp/eagle3-phase4.4a-performance-b-20260924,8,256,4,1,graph,439,21476188,21.476188,21.385382,21.223158,21.315040588378906,21.15488052368164,42570187216611511,42570187216646483,34.972,2.6845235
/root/autodl-tmp/eagle3-phase4.4a-performance-b-20260924,8,256,4,2,graph,440,21365971,21.365971,21.280608,21.028164,21.212352752685547,20.96563148498535,42570187239438351,42570187239473634,35.283,2.670746375
/root/autodl-tmp/eagle3-phase4.4a-performance-b-20260924,8,256,4,3,graph,441,21546611,21.546611,21.44488,21.144389,21.370912551879883,21.100383758544922,42570187262246059,42570187262285030,38.971,2.693326375
/root/autodl-tmp/eagle3-phase4.4a-performance-b-20260924,8,256,4,4,graph,442,21658737,21.658737,21.555795,21.254959,21.47551918029785,21.18003273010254,42570187285312591,42570187285353745,41.154,2.707342125
/root/autodl-tmp/eagle3-phase4.4a-performance-b-20260924,8,256,4,5,graph,443,21949156,21.949156,21.835183,21.502942,21.74665641784668,21.415679931640625,42570187308656833,42570187308704327,47.494,2.7436445
/root/autodl-tmp/eagle3-phase4.4a-performance-b-20260924,8,256,4,6,graph,444,22258378,22.258378,22.13111,21.75177,22.034175872802734,21.66524887084961,42570187332517839,42570187332570401,52.562,2.78229725
/root/autodl-tmp/eagle3-phase4.4a-performance-b-20260924,8,256,4,7,graph,445,22510363,22.510363,22.373937,22.01352,22.26678466796875,21.90982437133789,42570187356915838,42570187356970515,54.677,2.813795375
/root/autodl-tmp/eagle3-phase4.4a-performance-b-20260924,8,256,4,8,graph,446,22747267,22.747267,22.617769,22.346361,22.512191772460938,22.232511520385742,42570187381525367,42570187381585089,59.722,2.843408375
/root/autodl-tmp/eagle3-phase4.4a-performance-b-20260924,8,256,4,9,graph,447,23260458,23.260458,23.186369,22.656162,23.073152542114258,22.543231964111328,42570187406702834,42570187406801280,98.446,2.90755725
/root/autodl-tmp/eagle3-phase4.4a-performance-b-20260924,8,256,4,0,eager,448,92009203,92.009203,91.938931,91.704558,91.81804656982422,91.57154846191406,42570187469753163,42570187469793889,40.726,11.501150375
/root/autodl-tmp/eagle3-phase4.4a-performance-b-20260924,8,256,4,1,eager,449,74076490,74.07649,73.982568,73.921471,73.91145324707031,73.85203552246094,42570187563165812,42570187563203546,37.734,9.25956125
/root/autodl-tmp/eagle3-phase4.4a-performance-b-20260924,8,256,4,2,eager,450,72410819,72.410819,72.323677,72.08789,72.25257873535156,72.01939392089844,42570187638569024,42570187638605947,36.923,9.051352375
/root/autodl-tmp/eagle3-phase4.4a-performance-b-20260924,8,256,4,3,eager,451,86974684,86.974684,86.880954,86.640902,86.8075180053711,86.57039642333984,42570187712360663,42570187712397653,36.99,10.8718355
/root/autodl-tmp/eagle3-phase4.4a-performance-b-20260924,8,256,4,4,eager,452,72611713,72.611713,72.519071,72.248436,72.44771575927734,72.21123504638672,42570187800694971,42570187800732737,37.766,9.076464125
/root/autodl-tmp/eagle3-phase4.4a-performance-b-20260924,8,256,4,5,eager,453,72393892,72.393892,72.304437,72.224121,72.23113250732422,72.1536636352539,42570187874637207,42570187874674472,37.265,9.0492365
/root/autodl-tmp/eagle3-phase4.4a-performance-b-20260924,8,256,4,6,eager,454,73222004,73.222004,73.124812,72.86637,73.05401611328125,72.81574249267578,42570187948415558,42570187948452212,36.654,9.1527505
/root/autodl-tmp/eagle3-phase4.4a-performance-b-20260924,8,256,4,7,eager,455,73354507,73.354507,73.261435,72.982266,73.17289733886719,72.93596649169922,42570188022965811,42570188023017937,52.126,9.169313375
/root/autodl-tmp/eagle3-phase4.4a-performance-b-20260924,8,256,4,8,eager,456,80560553,80.560553,80.472066,80.22074,80.40239715576172,80.16969299316406,42570188097665678,42570188097700309,34.631,10.070069125
/root/autodl-tmp/eagle3-phase4.4a-performance-b-20260924,8,256,4,9,eager,457,71663374,71.663374,71.57293,71.459062,71.50070190429688,71.38909149169922,42570188179604129,42570188179640587,36.458,8.95792175
/root/autodl-tmp/eagle3-phase4.4a-performance-b-20260924,8,768,0,0,eager,462,78937302,78.937302,78.857144,78.66056,78.76630401611328,78.57437133789062,42570190551008174,42570190551017853,9.679,9.86716275
/root/autodl-tmp/eagle3-phase4.4a-performance-b-20260924,8,768,0,1,eager,463,72610879,72.610879,72.516581,72.241041,72.44445037841797,72.19983673095703,42570190631381955,42570190631419145,37.19,9.076359875
/root/autodl-tmp/eagle3-phase4.4a-performance-b-20260924,8,768,0,2,eager,464,85802535,85.802535,85.705085,85.484253,85.6319351196289,85.41407775878906,42570190705361151,42570190705399906,38.755,10.725316875
/root/autodl-tmp/eagle3-phase4.4a-performance-b-20260924,8,768,0,3,eager,465,72703412,72.703412,72.606253,72.549243,72.53308868408203,72.47718048095703,42570190792566893,42570190792603782,36.889,9.0879265
/root/autodl-tmp/eagle3-phase4.4a-performance-b-20260924,8,768,0,4,eager,466,73514091,73.514091,73.419858,73.147772,73.34700775146484,73.10447692871094,42570190866646008,42570190866683259,37.251,9.189261375
/root/autodl-tmp/eagle3-phase4.4a-performance-b-20260924,8,768,0,5,eager,467,72823918,72.823918,72.726093,72.490134,72.6520004272461,72.41974639892578,42570190941524659,42570190941561283,36.624,9.10298975
/root/autodl-tmp/eagle3-phase4.4a-performance-b-20260924,8,768,0,6,eager,468,71805047,71.805047,71.717688,71.489936,71.64608001708984,71.4188461303711,42570191015720962,42570191015757678,36.716,8.975630875
/root/autodl-tmp/eagle3-phase4.4a-performance-b-20260924,8,768,0,7,eager,469,76681441,76.681441,76.113313,76.18485,75.99324798583984,75.72930908203125,42570191090328948,42570191090583154,254.206,9.585180125
/root/autodl-tmp/eagle3-phase4.4a-performance-b-20260924,8,768,0,8,eager,470,72519274,72.519274,72.417323,72.174644,72.34368133544922,72.10572814941406,42570191168160820,42570191168198062,37.242,9.06490925
/root/autodl-tmp/eagle3-phase4.4a-performance-b-20260924,8,768,0,9,eager,471,72742089,72.742089,72.657542,72.418786,72.58470153808594,72.3496322631836,42570191242036255,42570191242072214,35.959,9.092761125
/root/autodl-tmp/eagle3-phase4.4a-performance-b-20260924,8,768,0,0,coordinated-eager,472,73498746,73.498746,73.469161,73.28495,73.38211059570312,73.19977569580078,42570191329179373,42570191329201940,22.567,9.18734325
/root/autodl-tmp/eagle3-phase4.4a-performance-b-20260924,8,768,0,1,coordinated-eager,473,84492502,84.492502,84.363223,84.16369,84.28905487060547,84.0927963256836,42570191404831553,42570191404869445,37.892,10.56156275
/root/autodl-tmp/eagle3-phase4.4a-performance-b-20260924,8,768,0,2,coordinated-eager,474,73665682,73.665682,73.574489,73.337527,73.501953125,73.26793670654297,42570191490687170,42570191490721857,34.687,9.20821025
/root/autodl-tmp/eagle3-phase4.4a-performance-b-20260924,8,768,0,3,coordinated-eager,475,73764083,73.764083,73.667404,73.405769,73.59622192382812,73.35215759277344,42570191565715835,42570191565752664,36.829,9.220510375
/root/autodl-tmp/eagle3-phase4.4a-performance-b-20260924,8,768,0,4,coordinated-eager,476,73314153,73.314153,73.22105,72.970539,73.14883422851562,72.91302490234375,42570191640855406,42570191640891766,36.36,9.164269125
/root/autodl-tmp/eagle3-phase4.4a-performance-b-20260924,8,768,0,5,coordinated-eager,477,84753338,84.753338,84.656866,84.325604,84.5796127319336,84.27420806884766,42570191715554307,42570191715590327,36.02,10.59416725
/root/autodl-tmp/eagle3-phase4.4a-performance-b-20260924,8,768,0,6,coordinated-eager,478,75651778,75.651778,75.556539,75.325662,75.4783706665039,75.25587463378906,42570191801863138,42570191801899117,35.979,9.45647225
/root/autodl-tmp/eagle3-phase4.4a-performance-b-20260924,8,768,0,7,coordinated-eager,479,75001155,75.001155,74.953284,74.240728,74.88153839111328,74.16950225830078,42570191878862024,42570191879373199,511.175,9.375144375
/root/autodl-tmp/eagle3-phase4.4a-performance-b-20260924,8,768,0,8,coordinated-eager,480,74608680,74.60868,74.513085,74.267416,74.44000244140625,74.20111846923828,42570191955311835,42570191955346601,34.766,9.326085
/root/autodl-tmp/eagle3-phase4.4a-performance-b-20260924,8,768,0,9,coordinated-eager,481,74170338,74.170338,74.075041,73.909071,74.00048065185547,73.83805084228516,42570192031334419,42570192031371007,36.588,9.27129225
/root/autodl-tmp/eagle3-phase4.4a-performance-b-20260924,8,768,0,0,graph,482,22244894,22.244894,22.188729,21.93358,22.101152420043945,21.85558319091797,42570192121405360,42570192121426863,21.503,2.78061175
/root/autodl-tmp/eagle3-phase4.4a-performance-b-20260924,8,768,0,1,graph,483,22337091,22.337091,22.247382,22.263345,22.17411231994629,22.193376541137695,42570192145059710,42570192145097465,37.755,2.792136375
/root/autodl-tmp/eagle3-phase4.4a-performance-b-20260924,8,768,0,2,graph,484,22055061,22.055061,22.011794,21.735395,21.948768615722656,21.694400787353516,42570192169964211,42570192169996067,31.856,2.756882625
/root/autodl-tmp/eagle3-phase4.4a-performance-b-20260924,8,768,0,3,graph,485,22199108,22.199108,22.092242,21.766589,22.015424728393555,21.745376586914062,42570192193540928,42570192193580406,39.478,2.7748885
/root/autodl-tmp/eagle3-phase4.4a-performance-b-20260924,8,768,0,4,graph,486,22275681,22.275681,22.169653,21.873511,22.09004783630371,21.7936954498291,42570192217317283,42570192217360086,42.803,2.784460125
/root/autodl-tmp/eagle3-phase4.4a-performance-b-20260924,8,768,0,5,graph,487,22584107,22.584107,22.467681,22.159911,22.379520416259766,22.073055267333984,42570192241320951,42570192241369255,48.304,2.823013375
/root/autodl-tmp/eagle3-phase4.4a-performance-b-20260924,8,768,0,6,graph,488,22868534,22.868534,22.743448,22.433557,22.644672393798828,22.334720611572266,42570192265826193,42570192265878869,52.676,2.85856675
/root/autodl-tmp/eagle3-phase4.4a-performance-b-20260924,8,768,0,7,graph,489,22941663,22.941663,22.877543,22.498513,22.77961540222168,22.395584106445312,42570192290621894,42570192290684161,62.267,2.867707875
/root/autodl-tmp/eagle3-phase4.4a-performance-b-20260924,8,768,0,8,graph,490,23143025,23.143025,23.071446,22.725688,22.96544075012207,22.61212730407715,42570192315749173,42570192315814984,65.811,2.892878125
/root/autodl-tmp/eagle3-phase4.4a-performance-b-20260924,8,768,0,9,graph,491,23525376,23.525376,23.448943,22.981856,23.335840225219727,22.861600875854492,42570192341270124,42570192341346839,76.715,2.940672
/root/autodl-tmp/eagle3-phase4.4a-performance-b-20260924,8,768,1,0,eager,492,93688791,93.688791,93.614555,93.446071,93.49628448486328,93.31068420410156,42570192393933407,42570192393974816,41.409,11.711098875
/root/autodl-tmp/eagle3-phase4.4a-performance-b-20260924,8,768,1,1,eager,493,84258690,84.25869,84.165354,83.896592,84.09455871582031,83.84518432617188,42570192489023803,42570192489064248,40.445,10.53233625
/root/autodl-tmp/eagle3-phase4.4a-performance-b-20260924,8,768,1,2,eager,494,73183429,73.183429,73.088347,72.859183,73.01654052734375,72.79036712646484,42570192574687496,42570192574725060,37.564,9.147928625
/root/autodl-tmp/eagle3-phase4.4a-performance-b-20260924,8,768,1,3,eager,495,73686446,73.686446,73.587411,73.386641,73.5145263671875,73.31759643554688,42570192649242069,42570192649278067,35.998,9.21080575
/root/autodl-tmp/eagle3-phase4.4a-performance-b-20260924,8,768,1,4,eager,496,72031492,72.031492,71.978353,71.879659,71.91056060791016,71.8097915649414,42570192724283286,42570192724325603,42.317,9.0039365
/root/autodl-tmp/eagle3-phase4.4a-performance-b-20260924,8,768,1,5,eager,497,72983362,72.983362,72.882093,72.631042,72.80847930908203,72.57244873046875,42570192797730067,42570192797766298,36.231,9.12292025
/root/autodl-tmp/eagle3-phase4.4a-performance-b-20260924,8,768,1,6,eager,498,79751664,79.751664,79.655906,79.39325,79.58377838134766,79.34099578857422,42570192872108442,42570192872146899,38.457,9.968958
/root/autodl-tmp/eagle3-phase4.4a-performance-b-20260924,8,768,1,7,eager,499,72036052,72.036052,71.943031,71.688704,71.8716812133789,71.63334655761719,42570192953263141,42570192953300796,37.655,9.0045065
/root/autodl-tmp/eagle3-phase4.4a-performance-b-20260924,8,768,1,8,eager,500,71739091,71.739091,71.64169,71.554782,71.56886291503906,71.48393249511719,42570193026715085,42570193026752925,37.84,8.967386375
/root/autodl-tmp/eagle3-phase4.4a-performance-b-20260924,8,768,1,9,eager,501,81627083,81.627083,81.532636,81.292855,81.4598388671875,81.22032165527344,42570193099862865,42570193099899050,36.185,10.203385375
/root/autodl-tmp/eagle3-phase4.4a-performance-b-20260924,8,768,1,0,graph,502,22383562,22.383562,22.328078,22.097143,22.23948860168457,22.012287139892578,42570193197637230,42570193197657780,20.55,2.79794525
/root/autodl-tmp/eagle3-phase4.4a-performance-b-20260924,8,768,1,1,graph,503,22344369,22.344369,22.250633,22.004355,22.180320739746094,21.942943572998047,42570193221441908,42570193221476897,34.989,2.793046125
/root/autodl-tmp/eagle3-phase4.4a-performance-b-20260924,8,768,1,2,graph,504,22153150,22.15315,22.058219,21.848376,21.98579216003418,21.776992797851562,42570193245158720,42570193245195051,36.331,2.76914375
/root/autodl-tmp/eagle3-phase4.4a-performance-b-20260924,8,768,1,3,graph,505,22511221,22.511221,22.45972,22.147471,22.381664276123047,22.068063735961914,42570193268938413,42570193268991842,53.429,2.813902625
/root/autodl-tmp/eagle3-phase4.4a-performance-b-20260924,8,768,1,4,graph,506,22529912,22.529912,22.476203,22.118772,22.39289665222168,22.04867172241211,42570193293084180,42570193293136307,52.127,2.816239
/root/autodl-tmp/eagle3-phase4.4a-performance-b-20260924,8,768,1,5,graph,507,22768650,22.76865,22.642148,22.355233,22.544992446899414,22.260351181030273,42570193317598910,42570193317648384,49.474,2.84608125
/root/autodl-tmp/eagle3-phase4.4a-performance-b-20260924,8,768,1,6,graph,508,23094671,23.094671,22.962481,22.589585,22.858112335205078,22.483488082885742,42570193342421195,42570193342477990,56.795,2.886833875
/root/autodl-tmp/eagle3-phase4.4a-performance-b-20260924,8,768,1,7,graph,509,23317586,23.317586,23.247322,22.917578,23.140575408935547,22.798559188842773,42570193367646058,42570193367724529,78.471,2.91469825
/root/autodl-tmp/eagle3-phase4.4a-performance-b-20260924,8,768,1,8,graph,510,24676173,24.676173,24.599861,25.575367,24.48851203918457,25.380672454833984,42570193393359553,42570193393432431,72.878,3.084521625
/root/autodl-tmp/eagle3-phase4.4a-performance-b-20260924,8,768,1,9,graph,511,23799119,23.799119,23.69271,23.242142,23.56377601623535,23.109567642211914,42570193423477976,42570193423549596,71.62,2.974889875
/root/autodl-tmp/eagle3-phase4.4a-performance-b-20260924,8,768,1,0,coordinated-eager,512,95478558,95.478558,95.398486,95.127925,95.27225494384766,95.01856231689453,42570193477813149,42570193477852247,39.098,11.93481975
/root/autodl-tmp/eagle3-phase4.4a-performance-b-20260924,8,768,1,1,coordinated-eager,513,76422436,76.422436,76.33053,76.058226,76.23731231689453,75.99958038330078,42570193574679751,42570193574715677,35.926,9.5528045
/root/autodl-tmp/eagle3-phase4.4a-performance-b-20260924,8,768,1,2,coordinated-eager,514,74239902,74.239902,74.142941,73.287808,74.06985473632812,73.2837142944336,42570193652497313,42570193652533965,36.652,9.27998775
/root/autodl-tmp/eagle3-phase4.4a-performance-b-20260924,8,768,1,3,coordinated-eager,515,85833839,85.833839,85.746895,85.602133,85.67324829101562,85.53059387207031,42570193728171997,42570193728207551,35.554,10.729229875
/root/autodl-tmp/eagle3-phase4.4a-performance-b-20260924,8,768,1,4,coordinated-eager,516,73800483,73.800483,73.703491,73.44763,73.63126373291016,73.38947296142578,42570193815394673,42570193815431307,36.634,9.225060375
/root/autodl-tmp/eagle3-phase4.4a-performance-b-20260924,8,768,1,5,coordinated-eager,517,73107402,73.107402,73.012408,72.778463,72.94000244140625,72.70979309082031,42570193890547429,42570193890584640,37.211,9.13842525
/root/autodl-tmp/eagle3-phase4.4a-performance-b-20260924,8,768,1,6,coordinated-eager,518,74212678,74.212678,74.123471,73.853534,74.05075073242188,73.79523468017578,42570193964990649,42570193965027362,36.713,9.27658475
/root/autodl-tmp/eagle3-phase4.4a-performance-b-20260924,8,768,1,7,coordinated-eager,519,72949506,72.949506,72.844641,72.730964,72.7741470336914,72.66124725341797,42570194040575875,42570194040613643,37.768,9.11868825
/root/autodl-tmp/eagle3-phase4.4a-performance-b-20260924,8,768,1,8,coordinated-eager,520,82309956,82.309956,82.215019,81.930874,82.14192199707031,81.88694763183594,42570194114891671,42570194114928072,36.401,10.2887445
/root/autodl-tmp/eagle3-phase4.4a-performance-b-20260924,8,768,1,9,coordinated-eager,521,73619679,73.619679,73.521747,73.272679,73.44931030273438,73.20953369140625,42570194198600966,42570194198637052,36.086,9.202459875
/root/autodl-tmp/eagle3-phase4.4a-performance-b-20260924,8,768,2,0,graph,522,22121276,22.121276,22.063351,21.937079,21.97350311279297,21.848512649536133,42570194287154637,42570194287175760,21.123,2.7651595
/root/autodl-tmp/eagle3-phase4.4a-performance-b-20260924,8,768,2,1,graph,523,22566201,22.566201,22.47278,21.688082,22.402015686035156,21.62895965576172,42570194310664621,42570194310699757,35.136,2.820775125
/root/autodl-tmp/eagle3-phase4.4a-performance-b-20260924,8,768,2,2,graph,524,22105539,22.105539,22.014206,21.757468,21.943872451782227,21.694400787353516,42570194334616651,42570194334651638,34.987,2.763192375
/root/autodl-tmp/eagle3-phase4.4a-performance-b-20260924,8,768,2,3,graph,525,22213954,22.213954,22.110032,21.792437,22.03388786315918,21.739871978759766,42570194358173398,42570194358213077,39.679,2.77674425
/root/autodl-tmp/eagle3-phase4.4a-performance-b-20260924,8,768,2,4,graph,526,22510238,22.510238,22.398503,22.054008,22.30963134765625,21.997888565063477,42570194382087299,42570194382129421,42.122,2.81377975
/root/autodl-tmp/eagle3-phase4.4a-performance-b-20260924,8,768,2,5,graph,527,22684294,22.684294,22.566403,22.210628,22.471744537353516,22.11903953552246,42570194406362325,42570194406411101,48.776,2.83553675
/root/autodl-tmp/eagle3-phase4.4a-performance-b-20260924,8,768,2,6,graph,528,23155173,23.155173,22.996553,22.67198,22.890623092651367,22.572160720825195,42570194431089163,42570194431139575,50.412,2.894396625
/root/autodl-tmp/eagle3-phase4.4a-performance-b-20260924,8,768,2,7,graph,529,23418366,23.418366,23.268513,22.903893,23.152639389038086,22.792224884033203,42570194456498438,42570194456557583,59.145,2.92729575
/root/autodl-tmp/eagle3-phase4.4a-performance-b-20260924,8,768,2,8,graph,530,23625932,23.625932,23.550607,23.171559,23.434431076049805,23.051807403564453,42570194482192328,42570194482259707,67.379,2.9532415
/root/autodl-tmp/eagle3-phase4.4a-performance-b-20260924,8,768,2,9,graph,531,24013968,24.013968,23.93471,23.385395,23.8121280670166,23.28607940673828,42570194508458162,42570194508555125,96.963,3.001746
/root/autodl-tmp/eagle3-phase4.4a-performance-b-20260924,8,768,2,0,eager,532,104025601,104.025601,103.944717,103.636599,103.80960083007812,103.55036926269531,42570194565815407,42570194565856830,41.423,13.003200125
/root/autodl-tmp/eagle3-phase4.4a-performance-b-20260924,8,768,2,1,eager,533,74973641,74.973641,74.878538,74.631461,74.80204772949219,74.56777954101562,42570194671345298,42570194671381189,35.891,9.371705125
/root/autodl-tmp/eagle3-phase4.4a-performance-b-20260924,8,768,2,2,eager,534,71645367,71.645367,71.548957,71.443128,71.4754867553711,71.37340545654297,42570194747696532,42570194747734305,37.773,8.955670875
/root/autodl-tmp/eagle3-phase4.4a-performance-b-20260924,8,768,2,3,eager,535,73032559,73.032559,72.941222,72.701327,72.8687973022461,72.63177490234375,42570194820697226,42570194820734485,37.259,9.129069875
/root/autodl-tmp/eagle3-phase4.4a-performance-b-20260924,8,768,2,4,eager,536,72519328,72.519328,72.425383,72.156069,72.35126495361328,72.10099029541016,42570194895122998,42570194895163117,40.119,9.064916
/root/autodl-tmp/eagle3-phase4.4a-performance-b-20260924,8,768,2,5,eager,537,78312840,78.31284,78.214583,77.97139,78.14185333251953,77.92012786865234,42570194969000765,42570194969038250,37.485,9.789105
/root/autodl-tmp/eagle3-phase4.4a-performance-b-20260924,8,768,2,6,eager,538,62445073,62.445073,62.373302,62.169787,62.31049728393555,62.1157112121582,42570195048511751,42570195048543511,31.76,7.805634125
/root/autodl-tmp/eagle3-phase4.4a-performance-b-20260924,8,768,2,7,eager,539,61411109,61.411109,61.342989,61.143087,61.28627014160156,61.09027099609375,42570195112093160,42570195112122799,29.639,7.676388625
/root/autodl-tmp/eagle3-phase4.4a-performance-b-20260924,8,768,2,8,eager,540,58422242,58.422242,58.362513,58.208971,58.309024810791016,58.157569885253906,42570195174580385,42570195174606999,26.614,7.30278025
/root/autodl-tmp/eagle3-phase4.4a-performance-b-20260924,8,768,2,9,eager,541,59751440,59.75144,59.692261,59.492668,59.637664794921875,59.45555114746094,42570195234088064,42570195234114849,26.785,7.46893
/root/autodl-tmp/eagle3-phase4.4a-performance-b-20260924,8,768,2,0,coordinated-eager,542,64421655,64.421655,64.383718,64.19351,64.32425689697266,64.14717102050781,42570195307563631,42570195307581246,17.615,8.052706875
/root/autodl-tmp/eagle3-phase4.4a-performance-b-20260924,8,768,2,1,coordinated-eager,543,59072223,59.072223,59.012342,58.865778,58.96089553833008,58.8152961730957,42570195373085462,42570195373111068,25.606,7.384027875
/root/autodl-tmp/eagle3-phase4.4a-performance-b-20260924,8,768,2,2,coordinated-eager,544,63052253,63.052253,62.993985,62.795461,62.9431037902832,62.758785247802734,42570195433206516,42570195433232160,25.644,7.881531625
/root/autodl-tmp/eagle3-phase4.4a-performance-b-20260924,8,768,2,3,coordinated-eager,545,59726639,59.726639,59.669386,59.456086,59.61692810058594,59.43308639526367,42570195497302089,42570195497328220,26.131,7.465829875
/root/autodl-tmp/eagle3-phase4.4a-performance-b-20260924,8,768,2,4,coordinated-eager,546,58927372,58.927372,58.867962,58.687799,58.815425872802734,58.63759994506836,42570195558094335,42570195558120916,26.581,7.3659215
/root/autodl-tmp/eagle3-phase4.4a-performance-b-20260924,8,768,2,5,coordinated-eager,547,59769119,59.769119,59.710706,59.510952,59.65862274169922,59.47539138793945,42570195618071736,42570195618098576,26.84,7.471139875
/root/autodl-tmp/eagle3-phase4.4a-performance-b-20260924,8,768,2,6,coordinated-eager,548,59589779,59.589779,59.528455,59.376371,59.475616455078125,59.3243522644043,42570195678901097,42570195678927611,26.514,7.448722375
/root/autodl-tmp/eagle3-phase4.4a-performance-b-20260924,8,768,2,7,coordinated-eager,549,64178584,64.178584,64.115386,63.931084,64.06134033203125,63.88284683227539,42570195739596708,42570195739623428,26.72,8.022323
/root/autodl-tmp/eagle3-phase4.4a-performance-b-20260924,8,768,2,8,coordinated-eager,550,60446369,60.446369,60.388258,60.192701,60.33638381958008,60.15507125854492,42570195804816627,42570195804842061,25.434,7.555796125
/root/autodl-tmp/eagle3-phase4.4a-performance-b-20260924,8,768,2,9,coordinated-eager,551,59141317,59.141317,59.083563,58.909282,59.03184127807617,58.857887268066406,42570195866326155,42570195866350937,24.782,7.392664625
/root/autodl-tmp/eagle3-phase4.4a-performance-b-20260924,8,768,3,0,graph,552,20847001,20.847001,20.819393,20.620966,20.760095596313477,20.585472106933594,42570195939944589,42570195939962232,17.643,2.605875125
/root/autodl-tmp/eagle3-phase4.4a-performance-b-20260924,8,768,3,1,graph,553,20807796,20.807796,20.747732,20.531138,20.69593620300293,20.516895294189453,42570195961877383,42570195961902716,25.333,2.6009745
/root/autodl-tmp/eagle3-phase4.4a-performance-b-20260924,8,768,3,2,graph,554,20785885,20.785885,20.725859,20.538421,20.674047470092773,20.489824295043945,42570195983753706,42570195983778886,25.18,2.598235625
/root/autodl-tmp/eagle3-phase4.4a-performance-b-20260924,8,768,3,3,graph,555,20848738,20.848738,20.788433,20.556038,20.73561668395996,20.52217674255371,42570196005655532,42570196005682751,27.219,2.60609225
/root/autodl-tmp/eagle3-phase4.4a-performance-b-20260924,8,768,3,4,graph,556,21054001,21.054001,20.98346,20.680161,20.92243194580078,20.681888580322266,42570196027787915,42570196027819003,31.088,2.631750125
/root/autodl-tmp/eagle3-phase4.4a-performance-b-20260924,8,768,3,5,graph,557,21342739,21.342739,21.270704,21.012144,21.196352005004883,20.950624465942383,42570196050236411,42570196050266585,30.174,2.667842375
/root/autodl-tmp/eagle3-phase4.4a-performance-b-20260924,8,768,3,6,graph,558,21605284,21.605284,21.557245,21.29401,21.482624053955078,21.21436882019043,42570196073171131,42570196073216399,45.268,2.7006605
/root/autodl-tmp/eagle3-phase4.4a-performance-b-20260924,8,768,3,7,graph,559,22762489,22.762489,22.706422,22.826101,22.625280380249023,22.732223510742188,42570196096647734,42570196096711134,63.4,2.845311125
/root/autodl-tmp/eagle3-phase4.4a-performance-b-20260924,8,768,3,8,graph,560,22443159,22.443159,22.38035,21.948563,22.2871036529541,21.870880126953125,42570196121624915,42570196121696453,71.538,2.805394875
/root/autodl-tmp/eagle3-phase4.4a-performance-b-20260924,8,768,3,9,graph,561,22731456,22.731456,22.605281,22.140957,22.49728012084961,22.076351165771484,42570196146344887,42570196146400091,55.204,2.841432
/root/autodl-tmp/eagle3-phase4.4a-performance-b-20260924,8,768,3,0,coordinated-eager,562,88036986,88.036986,87.969851,87.786963,87.86150360107422,87.68943786621094,42570196201443522,42570196201474011,30.489,11.00462325
/root/autodl-tmp/eagle3-phase4.4a-performance-b-20260924,8,768,3,1,coordinated-eager,563,66270396,66.270396,66.205633,65.982436,66.15382385253906,65.96342468261719,42570196290599710,42570196290629460,29.75,8.2837995
/root/autodl-tmp/eagle3-phase4.4a-performance-b-20260924,8,768,3,2,coordinated-eager,564,59051183,59.051183,58.987165,58.808907,58.934879302978516,58.75708770751953,42570196357969634,42570196357995543,25.909,7.381397875
/root/autodl-tmp/eagle3-phase4.4a-performance-b-20260924,8,768,3,3,coordinated-eager,565,64850927,64.850927,64.7941,64.593226,64.74237060546875,64.56156921386719,42570196418075048,42570196418101275,26.227,8.106365875
/root/autodl-tmp/eagle3-phase4.4a-performance-b-20260924,8,768,3,4,coordinated-eager,566,62013138,62.013138,61.955835,61.903614,61.90339279174805,61.850399017333984,42570196484007585,42570196484032313,24.728,7.75164225
/root/autodl-tmp/eagle3-phase4.4a-performance-b-20260924,8,768,3,5,coordinated-eager,567,59910232,59.910232,59.848175,59.657076,59.79449462890625,59.612159729003906,42570196547109990,42570196547135476,25.486,7.488779
/root/autodl-tmp/eagle3-phase4.4a-performance-b-20260924,8,768,3,6,coordinated-eager,568,60163819,60.163819,60.101314,59.893466,60.04867172241211,59.86665725708008,42570196608089709,42570196608116405,26.696,7.520477375
/root/autodl-tmp/eagle3-phase4.4a-performance-b-20260924,8,768,3,7,coordinated-eager,569,59981632,59.981632,59.915356,59.737464,59.8620491027832,59.687007904052734,42570196669328354,42570196669354425,26.071,7.497704
/root/autodl-tmp/eagle3-phase4.4a-performance-b-20260924,8,768,3,8,coordinated-eager,570,70208911,70.208911,70.146348,69.913376,70.09120178222656,69.8938217163086,42570196730396973,42570196730423868,26.895,8.776113875
/root/autodl-tmp/eagle3-phase4.4a-performance-b-20260924,8,768,3,9,coordinated-eager,571,65180999,65.180999,65.111179,64.884709,65.05382537841797,64.84559631347656,42570196801755045,42570196801782749,27.704,8.147624875
/root/autodl-tmp/eagle3-phase4.4a-performance-b-20260924,8,768,3,0,eager,572,70540997,70.540997,70.49235,70.326148,70.41276550292969,70.24556732177734,42570196883151243,42570196883171656,20.413,8.817624625
/root/autodl-tmp/eagle3-phase4.4a-performance-b-20260924,8,768,3,1,eager,573,71909784,71.909784,71.818502,71.584256,71.7442855834961,71.51270294189453,42570196955107377,42570196955144552,37.175,8.988723
/root/autodl-tmp/eagle3-phase4.4a-performance-b-20260924,8,768,3,2,eager,574,82082854,82.082854,81.983949,81.718173,81.90991973876953,81.64854431152344,42570197028379764,42570197028416636,36.872,10.26035675
/root/autodl-tmp/eagle3-phase4.4a-performance-b-20260924,8,768,3,3,eager,575,72713584,72.713584,72.619014,72.3741,72.54409790039062,72.30716705322266,42570197111846535,42570197111881587,35.052,9.089198
/root/autodl-tmp/eagle3-phase4.4a-performance-b-20260924,8,768,3,4,eager,576,71640452,71.640452,71.541851,71.383711,71.46918487548828,71.31465911865234,42570197185933578,42570197185968576,34.998,8.9550565
/root/autodl-tmp/eagle3-phase4.4a-performance-b-20260924,8,768,3,5,eager,577,72689649,72.689649,72.592605,72.338886,72.5033950805664,72.2685775756836,42570197258967426,42570197259021972,54.546,9.086206125
/root/autodl-tmp/eagle3-phase4.4a-performance-b-20260924,8,768,3,6,eager,578,72699227,72.699227,72.610532,72.371819,72.53817749023438,72.30147552490234,42570197333030302,42570197333067468,37.166,9.087403375
/root/autodl-tmp/eagle3-phase4.4a-performance-b-20260924,8,768,3,7,eager,579,72754139,72.754139,72.663018,72.386845,72.59085083007812,72.34729766845703,42570197407119230,42570197407155982,36.752,9.094267375
/root/autodl-tmp/eagle3-phase4.4a-performance-b-20260924,8,768,3,8,eager,580,82912743,82.912743,82.813388,82.608272,82.74166107177734,82.53740692138672,42570197481248941,42570197481284913,35.972,10.364092875
/root/autodl-tmp/eagle3-phase4.4a-performance-b-20260924,8,768,3,9,eager,581,71282658,71.282658,71.19323,70.961594,71.12076568603516,70.8927001953125,42570197565518617,42570197565554284,35.667,8.91033225
/root/autodl-tmp/eagle3-phase4.4a-performance-b-20260924,8,768,4,0,coordinated-eager,582,74035761,74.035761,73.980191,73.743203,73.89158630371094,73.65513610839844,42570197654163028,42570197654184070,21.042,9.254470125
/root/autodl-tmp/eagle3-phase4.4a-performance-b-20260924,8,768,4,1,coordinated-eager,583,83644141,83.644141,83.543228,83.263028,83.4691162109375,83.2336654663086,42570197729630246,42570197729666343,36.097,10.455517625
/root/autodl-tmp/eagle3-phase4.4a-performance-b-20260924,8,768,4,2,coordinated-eager,584,74626101,74.626101,74.531376,74.278836,74.45817565917969,74.2237777709961,42570197814652790,42570197814688723,35.933,9.328262625
/root/autodl-tmp/eagle3-phase4.4a-performance-b-20260924,8,768,4,3,coordinated-eager,585,73601363,73.601363,73.513316,73.333747,73.44204711914062,73.26297760009766,42570197890624288,42570197890660236,35.948,9.200170375
/root/autodl-tmp/eagle3-phase4.4a-performance-b-20260924,8,768,4,4,coordinated-eager,586,74686502,74.686502,74.587693,74.325065,74.51414489746094,74.27263641357422,42570197965621054,42570197965657698,36.644,9.33581275
/root/autodl-tmp/eagle3-phase4.4a-performance-b-20260924,8,768,4,5,coordinated-eager,587,74206303,74.206303,74.11429,73.853735,74.04297637939453,73.80150604248047,42570198041670889,42570198041707506,36.617,9.275787875
/root/autodl-tmp/eagle3-phase4.4a-performance-b-20260924,8,768,4,6,coordinated-eager,588,74634741,74.634741,74.54706,74.292479,74.47350311279297,74.23632049560547,42570198117239897,42570198117274152,34.255,9.329342625
/root/autodl-tmp/eagle3-phase4.4a-performance-b-20260924,8,768,4,7,coordinated-eager,589,73268851,73.268851,73.173147,72.978655,73.1013412475586,72.9079360961914,42570198193235752,42570198193271344,35.592,9.158606375
/root/autodl-tmp/eagle3-phase4.4a-performance-b-20260924,8,768,4,8,coordinated-eager,590,74330046,74.330046,74.245179,74.017059,74.17289733886719,73.94403076171875,42570198267897901,42570198267932986,35.085,9.29125575
/root/autodl-tmp/eagle3-phase4.4a-performance-b-20260924,8,768,4,9,coordinated-eager,591,74020101,74.020101,73.935664,73.677384,73.86319732666016,73.62393951416016,42570198343622922,42570198343657905,34.983,9.252512625
/root/autodl-tmp/eagle3-phase4.4a-performance-b-20260924,8,768,4,0,graph,592,22256908,22.256908,22.200195,22.064487,22.112607955932617,21.978431701660156,42570198434770521,42570198434793040,22.519,2.7821135
/root/autodl-tmp/eagle3-phase4.4a-performance-b-20260924,8,768,4,1,graph,593,22097193,22.097193,22.002028,21.76401,21.93142318725586,21.695392608642578,42570198458427252,42570198458463476,36.224,2.762149125
/root/autodl-tmp/eagle3-phase4.4a-performance-b-20260924,8,768,4,2,graph,594,22239647,22.239647,22.148314,21.866485,22.07689666748047,21.81996726989746,42570198481871402,42570198481906435,35.033,2.779955875
/root/autodl-tmp/eagle3-phase4.4a-performance-b-20260924,8,768,4,3,graph,595,22147164,22.147164,22.04844,21.815329,21.973024368286133,21.740127563476562,42570198505546059,42570198505583910,37.851,2.7683955
/root/autodl-tmp/eagle3-phase4.4a-performance-b-20260924,8,768,4,4,graph,596,22430745,22.430745,22.32642,22.06839,22.247520446777344,21.986591339111328,42570198529267951,42570198529313738,45.787,2.803843125
/root/autodl-tmp/eagle3-phase4.4a-performance-b-20260924,8,768,4,5,graph,597,22676895,22.676895,22.56882,22.180515,22.481855392456055,22.141887664794922,42570198553416225,42570198553463650,47.425,2.834611875
/root/autodl-tmp/eagle3-phase4.4a-performance-b-20260924,8,768,4,6,graph,598,23018228,23.018228,22.897147,22.51219,22.801536560058594,22.425823211669922,42570198577978907,42570198578025480,46.573,2.8772785
/root/autodl-tmp/eagle3-phase4.4a-performance-b-20260924,8,768,4,7,graph,599,23502260,23.50226,23.360068,22.965963,23.248512268066406,22.84998321533203,42570198603171281,42570198603224343,53.062,2.9377825
/root/autodl-tmp/eagle3-phase4.4a-performance-b-20260924,8,768,4,8,graph,600,23504678,23.504678,23.355175,23.025495,23.23695945739746,22.911935806274414,42570198629011050,42570198629070006,58.956,2.93808475
/root/autodl-tmp/eagle3-phase4.4a-performance-b-20260924,8,768,4,9,graph,601,23925688,23.925688,23.844734,23.349415,23.719327926635742,23.219072341918945,42570198655105632,42570198655200342,94.71,2.990711
/root/autodl-tmp/eagle3-phase4.4a-performance-b-20260924,8,768,4,0,eager,602,93530300,93.5303,93.454727,93.225092,93.327392578125,93.08041381835938,42570198714860678,42570198714896137,35.459,11.6912875
/root/autodl-tmp/eagle3-phase4.4a-performance-b-20260924,8,768,4,1,eager,603,80765167,80.765167,80.667167,80.303313,80.5917739868164,80.351806640625,42570198809821142,42570198809857133,35.991,10.095645875
/root/autodl-tmp/eagle3-phase4.4a-performance-b-20260924,8,768,4,2,eager,604,71828263,71.828263,71.744273,71.640008,71.67219543457031,71.57100677490234,42570198891958942,42570198891997563,38.621,8.978532875
/root/autodl-tmp/eagle3-phase4.4a-performance-b-20260924,8,768,4,3,eager,605,71940817,71.940817,71.851335,71.5771,71.7808609008789,71.53887939453125,42570198965147442,42570198965184166,36.724,8.992602125
/root/autodl-tmp/eagle3-phase4.4a-performance-b-20260924,8,768,4,4,eager,606,72635037,72.635037,72.520622,72.267502,72.44783782958984,72.21097564697266,42570199038457830,42570199038494800,36.97,9.079379625
/root/autodl-tmp/eagle3-phase4.4a-performance-b-20260924,8,768,4,5,eager,607,71738066,71.738066,71.648911,71.508019,71.57545471191406,71.43673706054688,42570199112439477,42570199112476950,37.473,8.96725825
/root/autodl-tmp/eagle3-phase4.4a-performance-b-20260924,8,768,4,6,eager,608,72903126,72.903126,72.808544,72.586929,72.7364501953125,72.51651000976562,42570199185541909,42570199185579442,37.533,9.11289075
/root/autodl-tmp/eagle3-phase4.4a-performance-b-20260924,8,768,4,7,eager,609,72218849,72.218849,72.175556,71.635094,72.10511779785156,71.58611297607422,42570199259912914,42570199260232800,319.886,9.027356125
/root/autodl-tmp/eagle3-phase4.4a-performance-b-20260924,8,768,4,8,eager,610,72863622,72.863622,72.771126,72.540719,72.70130920410156,72.46918487548828,42570199333531804,42570199333568171,36.367,9.10795275
/root/autodl-tmp/eagle3-phase4.4a-performance-b-20260924,8,768,4,9,eager,611,71621448,71.621448,71.528154,71.349552,71.45609283447266,71.2798080444336,42570199407782758,42570199407820799,38.041,8.952681
/root/autodl-tmp/eagle3-phase4.4a-performance-b-20260924,16,256,0,0,eager,616,80855839,80.855839,80.786793,80.443182,80.69014739990234,80.4576644897461,42570201653356793,42570201653386079,29.286,5.0534899375
/root/autodl-tmp/eagle3-phase4.4a-performance-b-20260924,16,256,0,1,eager,617,72903023,72.903023,72.805782,72.546611,72.73152160644531,72.49295806884766,42570201736214465,42570201736252433,37.968,4.5564389375
/root/autodl-tmp/eagle3-phase4.4a-performance-b-20260924,16,256,0,2,eager,618,73664983,73.664983,73.543345,73.377125,73.46803283691406,73.30528259277344,42570201811068225,42570201811108342,40.117,4.6040614375
/root/autodl-tmp/eagle3-phase4.4a-performance-b-20260924,16,256,0,3,eager,619,73666787,73.666787,73.56822,73.200152,73.49571228027344,73.24492645263672,42570201886657440,42570201886699344,41.904,4.6041741875
/root/autodl-tmp/eagle3-phase4.4a-performance-b-20260924,16,256,0,4,eager,620,73496384,73.496384,73.406135,73.052102,73.33184051513672,73.07734680175781,42570201962241055,42570201962279889,38.834,4.593524
/root/autodl-tmp/eagle3-phase4.4a-performance-b-20260924,16,256,0,5,eager,621,72599798,72.599798,72.507131,72.227708,72.43023681640625,72.18621063232422,42570202037735602,42570202037775212,39.61,4.537487375
/root/autodl-tmp/eagle3-phase4.4a-performance-b-20260924,16,256,0,6,eager,622,73082740,73.08274,72.990415,72.792111,72.9167709350586,72.7198715209961,42570202112318224,42570202112359392,41.168,4.56767125
/root/autodl-tmp/eagle3-phase4.4a-performance-b-20260924,16,256,0,7,eager,623,73692072,73.692072,73.594557,73.278944,73.52259063720703,73.27833557128906,42570202187367447,42570202187405750,38.303,4.6057545
/root/autodl-tmp/eagle3-phase4.4a-performance-b-20260924,16,256,0,8,eager,624,73172083,73.172083,73.073947,72.706215,72.98019409179688,72.7300796508789,42570202262974870,42570202263036036,61.166,4.5732551875
/root/autodl-tmp/eagle3-phase4.4a-performance-b-20260924,16,256,0,9,eager,625,72603122,72.603122,72.506547,72.235062,72.43363189697266,72.19446563720703,42570202338086279,42570202338125707,39.428,4.537695125
/root/autodl-tmp/eagle3-phase4.4a-performance-b-20260924,16,256,0,0,coordinated-eager,626,74335573,74.335573,74.276702,74.034762,74.18934631347656,73.95977783203125,42570202429676276,42570202429699635,23.359,4.6459733125
/root/autodl-tmp/eagle3-phase4.4a-performance-b-20260924,16,256,0,1,coordinated-eager,627,74665349,74.665349,74.57474,74.246659,74.50272369384766,74.25961303710938,42570202505919270,42570202505958289,39.019,4.6665843125
/root/autodl-tmp/eagle3-phase4.4a-performance-b-20260924,16,256,0,2,coordinated-eager,628,74038620,74.03862,73.946842,73.633847,73.87407684326172,73.62873840332031,42570202582486605,42570202582525995,39.39,4.62741375
/root/autodl-tmp/eagle3-phase4.4a-performance-b-20260924,16,256,0,3,coordinated-eager,629,74062094,74.062094,73.959659,73.612055,73.8834228515625,73.64019012451172,42570202658470530,42570202658512143,41.613,4.628880875
/root/autodl-tmp/eagle3-phase4.4a-performance-b-20260924,16,256,0,4,coordinated-eager,630,73770321,73.770321,73.66833,73.432491,73.59487915039062,73.3623046875,42570202734507760,42570202734546038,38.278,4.6106450625
/root/autodl-tmp/eagle3-phase4.4a-performance-b-20260924,16,256,0,5,coordinated-eager,631,74598483,74.598483,74.50318,74.174613,74.43043518066406,74.1895980834961,42570202810194488,42570202810233486,38.998,4.6624051875
/root/autodl-tmp/eagle3-phase4.4a-performance-b-20260924,16,256,0,6,coordinated-eager,632,74787228,74.787228,74.683439,74.354913,74.61090850830078,74.36054229736328,42570202886701398,42570202886740633,39.235,4.67420175
/root/autodl-tmp/eagle3-phase4.4a-performance-b-20260924,16,256,0,7,coordinated-eager,633,74479673,74.479673,74.381516,74.037734,74.30870056152344,74.07001495361328,42570202963416020,42570202963453008,36.988,4.6549795625
/root/autodl-tmp/eagle3-phase4.4a-performance-b-20260924,16,256,0,8,coordinated-eager,634,74387597,74.387597,74.295782,74.004902,74.2212142944336,73.97865295410156,42570203039842169,42570203039882489,40.32,4.6492248125
/root/autodl-tmp/eagle3-phase4.4a-performance-b-20260924,16,256,0,9,coordinated-eager,635,73808269,73.808269,73.709494,73.388938,73.63660430908203,73.39663696289062,42570203116194255,42570203116233002,38.747,4.6130168125
/root/autodl-tmp/eagle3-phase4.4a-performance-b-20260924,16,256,0,0,graph,636,23981082,23.981082,23.921383,23.448482,23.832223892211914,23.578367233276367,42570203208836449,42570203208861396,24.947,1.498817625
/root/autodl-tmp/eagle3-phase4.4a-performance-b-20260924,16,256,0,1,graph,637,23540257,23.540257,23.445973,23.070387,23.37446403503418,23.102176666259766,42570203234905674,42570203234944929,39.255,1.4712660625
/root/autodl-tmp/eagle3-phase4.4a-performance-b-20260924,16,256,0,2,graph,638,23558733,23.558733,23.455262,23.067375,23.383071899414062,23.122047424316406,42570203260425215,42570203260463096,37.881,1.4724208125
/root/autodl-tmp/eagle3-phase4.4a-performance-b-20260924,16,256,0,3,graph,639,23639831,23.639831,23.533983,23.147962,23.457984924316406,23.179967880249023,42570203286096742,42570203286135525,38.783,1.4774894375
/root/autodl-tmp/eagle3-phase4.4a-performance-b-20260924,16,256,0,4,graph,640,23876776,23.876776,23.772387,23.351133,23.690752029418945,23.365215301513672,42570203312033432,42570203312081677,48.245,1.4922985
/root/autodl-tmp/eagle3-phase4.4a-performance-b-20260924,16,256,0,5,graph,641,24233966,24.233966,24.107461,23.630606,24.016191482543945,23.65875244140625,42570203338427788,42570203338476809,49.021,1.514622875
/root/autodl-tmp/eagle3-phase4.4a-performance-b-20260924,16,256,0,6,graph,642,24342388,24.342388,24.274332,23.71422,24.179040908813477,23.78278350830078,42570203365374753,42570203365432493,57.74,1.52139925
/root/autodl-tmp/eagle3-phase4.4a-performance-b-20260924,16,256,0,7,graph,643,24889879,24.889879,24.745488,24.162349,24.637535095214844,24.2063045501709,42570203392843479,42570203392908964,65.485,1.5556174375
/root/autodl-tmp/eagle3-phase4.4a-performance-b-20260924,16,256,0,8,graph,644,25318439,25.318439,25.233612,24.663278,25.118976593017578,24.631103515625,42570203421406426,42570203421518404,111.978,1.5824024375
/root/autodl-tmp/eagle3-phase4.4a-performance-b-20260924,16,256,0,9,graph,645,25387136,25.387136,25.30154,24.754236,25.186847686767578,24.674976348876953,42570203450228296,42570203450304778,76.482,1.586696
/root/autodl-tmp/eagle3-phase4.4a-performance-b-20260924,16,256,1,0,eager,646,95084709,95.084709,95.003494,94.752195,94.87785339355469,94.6263656616211,42570203512751339,42570203512790364,39.025,5.9427943125
/root/autodl-tmp/eagle3-phase4.4a-performance-b-20260924,16,256,1,1,eager,647,74036117,74.036117,73.94447,73.607442,73.87296295166016,73.62723541259766,42570203609779044,42570203609819012,39.968,4.6272573125
/root/autodl-tmp/eagle3-phase4.4a-performance-b-20260924,16,256,1,2,eager,648,74100284,74.100284,74.001069,73.63286,73.92886352539062,73.67241668701172,42570203685750043,42570203685789145,39.102,4.63126775
/root/autodl-tmp/eagle3-phase4.4a-performance-b-20260924,16,256,1,3,eager,649,75220937,75.220937,75.122444,74.753623,75.0475845336914,74.8016357421875,42570203761822757,42570203761860766,38.009,4.7013085625
/root/autodl-tmp/eagle3-phase4.4a-performance-b-20260924,16,256,1,4,eager,650,72949472,72.949472,72.842241,72.705854,72.76703643798828,72.62226867675781,42570203839019996,42570203839060500,40.504,4.559342
/root/autodl-tmp/eagle3-phase4.4a-performance-b-20260924,16,256,1,5,eager,651,72669866,72.669866,72.572999,72.210478,72.49811553955078,72.24816131591797,42570203913893553,42570203913933893,40.34,4.541866625
/root/autodl-tmp/eagle3-phase4.4a-performance-b-20260924,16,256,1,6,eager,652,73871339,73.871339,73.77775,73.451234,73.70313262939453,73.45702362060547,42570203988526554,42570203988567569,41.015,4.6169586875
/root/autodl-tmp/eagle3-phase4.4a-performance-b-20260924,16,256,1,7,eager,653,72506286,72.506286,72.40408,72.108265,72.32943725585938,72.08761596679688,42570204064386909,42570204064425708,38.799,4.531642875
/root/autodl-tmp/eagle3-phase4.4a-performance-b-20260924,16,256,1,8,eager,654,72909748,72.909748,72.810819,72.604112,72.73686218261719,72.53056335449219,42570204139215999,42570204139255726,39.727,4.55685925
/root/autodl-tmp/eagle3-phase4.4a-performance-b-20260924,16,256,1,9,eager,655,73083349,73.083349,72.991446,72.593142,72.91600036621094,72.65062713623047,42570204214066371,42570204214104967,38.596,4.5677093125
/root/autodl-tmp/eagle3-phase4.4a-performance-b-20260924,16,256,1,0,graph,656,23744189,23.744189,23.682503,23.368307,23.59347152709961,23.3602237701416,42570204306102285,42570204306127092,24.807,1.4840118125
/root/autodl-tmp/eagle3-phase4.4a-performance-b-20260924,16,256,1,1,graph,657,23512140,23.51214,23.413826,23.063656,23.34239959716797,23.092992782592773,42570204331833939,42570204331872221,38.282,1.46950875
/root/autodl-tmp/eagle3-phase4.4a-performance-b-20260924,16,256,1,2,graph,658,23591141,23.591141,23.49703,23.076723,23.424863815307617,23.141408920288086,42570204357264525,42570204357305122,40.597,1.4744463125
/root/autodl-tmp/eagle3-phase4.4a-performance-b-20260924,16,256,1,3,graph,659,23649112,23.649112,23.549572,23.205229,23.47145652770996,23.18492889404297,42570204383029463,42570204383071416,41.953,1.4780695
/root/autodl-tmp/eagle3-phase4.4a-performance-b-20260924,16,256,1,4,graph,660,23924322,23.924322,23.80985,23.392318,23.72879981994629,23.4201602935791,42570204408959432,42570204409006339,46.907,1.495270125
/root/autodl-tmp/eagle3-phase4.4a-performance-b-20260924,16,256,1,5,graph,661,24448038,24.448038,24.384719,23.922639,24.29680061340332,23.90108871459961,42570204435768673,42570204435859177,90.504,1.528002375
/root/autodl-tmp/eagle3-phase4.4a-performance-b-20260924,16,256,1,6,graph,662,24427812,24.427812,24.266593,23.869694,24.167776107788086,23.80099105834961,42570204463079397,42570204463135193,55.796,1.52673825
/root/autodl-tmp/eagle3-phase4.4a-performance-b-20260924,16,256,1,7,graph,663,25047650,25.04765,24.971973,24.427636,24.846111297607422,24.382240295410156,42570204490901926,42570204490981298,79.372,1.565478125
/root/autodl-tmp/eagle3-phase4.4a-performance-b-20260924,16,256,1,8,graph,664,25134681,25.134681,25.049724,24.477603,24.933631896972656,24.463199615478516,42570204519456034,42570204519534312,78.278,1.5709175625
/root/autodl-tmp/eagle3-phase4.4a-performance-b-20260924,16,256,1,9,graph,665,25547701,25.547701,25.455531,24.69721,25.3240966796875,24.801088333129883,42570204548588050,42570204548677362,89.312,1.5967313125
/root/autodl-tmp/eagle3-phase4.4a-performance-b-20260924,16,256,1,0,coordinated-eager,666,94673619,94.673619,94.586862,94.337606,94.46073913574219,94.2107162475586,42570204613347221,42570204613386811,39.59,5.9171011875
/root/autodl-tmp/eagle3-phase4.4a-performance-b-20260924,16,256,1,1,coordinated-eager,667,77175378,77.175378,77.075664,76.722444,76.99983978271484,76.74006652832031,42570204709994881,42570204710035022,40.141,4.823461125
/root/autodl-tmp/eagle3-phase4.4a-performance-b-20260924,16,256,1,2,coordinated-eager,668,75359496,75.359496,75.260498,74.908837,75.18809509277344,74.94163513183594,42570204789112214,42570204789150619,38.405,4.7099685
/root/autodl-tmp/eagle3-phase4.4a-performance-b-20260924,16,256,1,3,coordinated-eager,669,82217448,82.217448,82.117431,81.739364,82.0416030883789,81.78205108642578,42570204866402107,42570204866439908,37.801,5.1385905
/root/autodl-tmp/eagle3-phase4.4a-performance-b-20260924,16,256,1,4,coordinated-eager,670,73862574,73.862574,73.764709,73.498826,73.69142150878906,73.44563293457031,42570204950561674,42570204950600768,39.094,4.616410875
/root/autodl-tmp/eagle3-phase4.4a-performance-b-20260924,16,256,1,5,coordinated-eager,671,74898837,74.898837,74.795904,74.467693,74.72099304199219,74.48057556152344,42570205026404147,42570205026443364,39.217,4.6811773125
/root/autodl-tmp/eagle3-phase4.4a-performance-b-20260924,16,256,1,6,coordinated-eager,672,74859134,74.859134,74.748086,74.401258,74.67407989501953,74.43052673339844,42570205103289022,42570205103327938,38.916,4.678695875
/root/autodl-tmp/eagle3-phase4.4a-performance-b-20260924,16,256,1,7,coordinated-eager,673,73951017,73.951017,73.85423,73.516849,73.78099060058594,73.53718566894531,42570205180118786,42570205180158164,39.378,4.6219385625
/root/autodl-tmp/eagle3-phase4.4a-performance-b-20260924,16,256,1,8,coordinated-eager,674,67284747,67.284747,67.200798,66.93996,67.1335678100586,66.90313720703125,42570205255937944,42570205255972748,34.804,4.2052966875
/root/autodl-tmp/eagle3-phase4.4a-performance-b-20260924,16,256,1,9,coordinated-eager,675,63801547,63.801547,63.726902,63.447484,63.668094635009766,63.47430419921875,42570205324889097,42570205324921850,32.753,3.9875966875
/root/autodl-tmp/eagle3-phase4.4a-performance-b-20260924,16,256,2,0,graph,676,22003444,22.003444,21.960059,21.699181,21.89776039123535,21.711584091186523,42570205405893472,42570205405917090,23.618,1.37521525
/root/autodl-tmp/eagle3-phase4.4a-performance-b-20260924,16,256,2,1,graph,677,21906479,21.906479,21.845174,21.542626,21.793344497680664,21.610111236572266,42570205429491503,42570205429521119,29.616,1.3691549375
/root/autodl-tmp/eagle3-phase4.4a-performance-b-20260924,16,256,2,2,graph,678,21895226,21.895226,21.832714,21.533152,21.779808044433594,21.574464797973633,42570205452948000,42570205452976041,28.041,1.368451625
/root/autodl-tmp/eagle3-phase4.4a-performance-b-20260924,16,256,2,3,graph,679,22044966,22.044966,22.002585,21.702271,21.944799423217773,21.714975357055664,42570205476625468,42570205476657419,31.951,1.377810375
/root/autodl-tmp/eagle3-phase4.4a-performance-b-20260924,16,256,2,4,graph,680,22347309,22.347309,22.290516,21.941889,22.22480010986328,21.9564151763916,42570205500681394,42570205500724092,42.698,1.3967068125
/root/autodl-tmp/eagle3-phase4.4a-performance-b-20260924,16,256,2,5,graph,681,22680845,22.680845,22.629373,22.224166,22.556255340576172,22.24880027770996,42570205525332476,42570205525377256,44.78,1.4175528125
/root/autodl-tmp/eagle3-phase4.4a-performance-b-20260924,16,256,2,6,graph,682,22939019,22.939019,22.839506,22.453455,22.75472068786621,22.43235206604004,42570205550680094,42570205550726029,45.935,1.4336886875
/root/autodl-tmp/eagle3-phase4.4a-performance-b-20260924,16,256,2,7,graph,683,23424776,23.424776,23.361411,22.921554,23.271648406982422,22.89254379272461,42570205576538858,42570205576606099,67.241,1.4640485
/root/autodl-tmp/eagle3-phase4.4a-performance-b-20260924,16,256,2,8,graph,684,23869900,23.8699,23.79529,23.258645,23.69487953186035,23.230783462524414,42570205603424071,42570205603514307,90.236,1.49186875
/root/autodl-tmp/eagle3-phase4.4a-performance-b-20260924,16,256,2,9,graph,685,24096389,24.096389,24.01728,23.333962,23.887680053710938,23.41846466064453,42570205630920211,42570205631024017,103.806,1.5060243125
/root/autodl-tmp/eagle3-phase4.4a-performance-b-20260924,16,256,2,0,eager,686,86180677,86.180677,86.11209,85.874735,86.01078033447266,85.81468963623047,42570205693378769,42570205693413375,34.606,5.3862923125
/root/autodl-tmp/eagle3-phase4.4a-performance-b-20260924,16,256,2,1,eager,687,60700025,60.700025,60.660828,60.399665,60.60723114013672,60.416255950927734,42570205781143917,42570205781171766,27.849,3.7937515625
/root/autodl-tmp/eagle3-phase4.4a-performance-b-20260924,16,256,2,2,eager,688,59714867,59.714867,59.652429,59.361641,59.598751068115234,59.39865493774414,42570205843442061,42570205843470025,27.964,3.7321791875
/root/autodl-tmp/eagle3-phase4.4a-performance-b-20260924,16,256,2,3,eager,689,60244424,60.244424,60.184951,59.894269,60.131839752197266,59.94675064086914,42570205904716831,42570205904745853,29.022,3.7652765
/root/autodl-tmp/eagle3-phase4.4a-performance-b-20260924,16,256,2,4,eager,690,59201442,59.201442,59.136344,58.936621,59.08259201049805,58.89539337158203,42570205966530453,42570205966558954,28.501,3.700090125
/root/autodl-tmp/eagle3-phase4.4a-performance-b-20260924,16,256,2,5,eager,691,60505689,60.505689,60.44193,60.146783,60.390113830566406,60.20316696166992,42570206027294808,42570206027322677,27.869,3.7816055625
/root/autodl-tmp/eagle3-phase4.4a-performance-b-20260924,16,256,2,6,eager,692,59065294,59.065294,59.005154,58.753655,58.95151901245117,58.76460647583008,42570206089338414,42570206089366507,28.093,3.691580875
/root/autodl-tmp/eagle3-phase4.4a-performance-b-20260924,16,256,2,7,eager,693,60093563,60.093563,60.030729,59.758967,59.976993560791016,59.79094314575195,42570206149956918,42570206149985423,28.505,3.7558476875
/root/autodl-tmp/eagle3-phase4.4a-performance-b-20260924,16,256,2,8,eager,694,60065404,60.065404,60.006704,59.724751,59.95344161987305,59.76847839355469,42570206211609763,42570206211638085,28.322,3.75408775
/root/autodl-tmp/eagle3-phase4.4a-performance-b-20260924,16,256,2,9,eager,695,59098127,59.098127,59.030359,58.811518,58.97670364379883,58.793697357177734,42570206273242150,42570206273270363,28.213,3.6936329375
/root/autodl-tmp/eagle3-phase4.4a-performance-b-20260924,16,256,2,0,coordinated-eager,696,60325332,60.325332,60.283103,60.00667,60.223297119140625,60.040287017822266,42570206349194421,42570206349213002,18.581,3.77033325
/root/autodl-tmp/eagle3-phase4.4a-performance-b-20260924,16,256,2,1,coordinated-eager,697,60912285,60.912285,60.847865,60.555106,60.79452896118164,60.608543395996094,42570206411101564,42570206411129517,27.953,3.8070178125
/root/autodl-tmp/eagle3-phase4.4a-performance-b-20260924,16,256,2,2,coordinated-eager,698,60293347,60.293347,60.229457,60.007471,60.17567825317383,59.993953704833984,42570206473566728,42570206473594458,27.73,3.7683341875
/root/autodl-tmp/eagle3-phase4.4a-performance-b-20260924,16,256,2,3,coordinated-eager,699,61160730,61.16073,61.096578,60.801421,61.04288101196289,60.855838775634766,42570206535437119,42570206535465268,28.149,3.822545625
/root/autodl-tmp/eagle3-phase4.4a-performance-b-20260924,16,256,2,4,coordinated-eager,700,59952137,59.952137,59.890295,59.67532,59.83763122558594,59.64963150024414,42570206598154516,42570206598182417,27.901,3.7470085625
/root/autodl-tmp/eagle3-phase4.4a-performance-b-20260924,16,256,2,5,coordinated-eager,701,61076610,61.07661,61.015726,60.76464,60.96284866333008,60.77964782714844,42570206659677654,42570206659705347,27.693,3.817288125
/root/autodl-tmp/eagle3-phase4.4a-performance-b-20260924,16,256,2,6,coordinated-eager,702,62497328,62.497328,62.430764,62.157121,62.376991271972656,62.18732833862305,42570206722307090,42570206722336597,29.507,3.906083
/root/autodl-tmp/eagle3-phase4.4a-performance-b-20260924,16,256,2,7,coordinated-eager,703,62219717,62.219717,62.153128,61.914648,62.09814453125,61.902687072753906,42570206786394745,42570206786423034,28.289,3.8887323125
/root/autodl-tmp/eagle3-phase4.4a-performance-b-20260924,16,256,2,8,coordinated-eager,704,64961987,64.961987,64.89345,64.585354,64.83561706542969,64.61907196044922,42570206850248774,42570206850278514,29.74,4.0601241875
/root/autodl-tmp/eagle3-phase4.4a-performance-b-20260924,16,256,2,9,coordinated-eager,705,68850173,68.850173,68.773831,68.437036,68.7132797241211,68.48358154296875,42570206916892657,42570206916926393,33.736,4.3031358125
/root/autodl-tmp/eagle3-phase4.4a-performance-b-20260924,16,256,3,0,graph,706,23692471,23.692471,23.632481,23.517647,23.544544219970703,23.428768157958984,42570207006074474,42570207006099914,25.44,1.4807794375
/root/autodl-tmp/eagle3-phase4.4a-performance-b-20260924,16,256,3,1,graph,707,23632750,23.63275,23.542077,23.199405,23.471424102783203,23.216032028198242,42570207031812723,42570207031853028,40.305,1.477046875
/root/autodl-tmp/eagle3-phase4.4a-performance-b-20260924,16,256,3,2,graph,708,23601357,23.601357,23.503154,23.104645,23.430400848388672,23.16454315185547,42570207057372155,42570207057410957,38.802,1.4750848125
/root/autodl-tmp/eagle3-phase4.4a-performance-b-20260924,16,256,3,3,graph,709,23797160,23.79716,23.68412,23.277073,23.605344772338867,23.299039840698242,42570207083175714,42570207083217853,42.139,1.4873225
/root/autodl-tmp/eagle3-phase4.4a-performance-b-20260924,16,256,3,4,graph,710,23867735,23.867735,23.808084,23.420447,23.725568771362305,23.413888931274414,42570207109268086,42570207109310182,42.096,1.4917334375
/root/autodl-tmp/eagle3-phase4.4a-performance-b-20260924,16,256,3,5,graph,711,24193739,24.193739,24.070613,23.620491,23.978975296020508,23.609760284423828,42570207135811492,42570207135862260,50.768,1.5121086875
/root/autodl-tmp/eagle3-phase4.4a-performance-b-20260924,16,256,3,6,graph,712,24421959,24.421959,24.353432,23.790479,24.25702476501465,23.832639694213867,42570207162700686,42570207162779174,78.488,1.5263724375
/root/autodl-tmp/eagle3-phase4.4a-performance-b-20260924,16,256,3,7,graph,713,24956771,24.956771,24.811318,24.226285,24.702112197875977,24.272480010986328,42570207190326793,42570207190385485,58.692,1.5597981875
/root/autodl-tmp/eagle3-phase4.4a-performance-b-20260924,16,256,3,8,graph,714,25416499,25.416499,25.264001,24.639738,25.145376205444336,24.687231063842773,42570207218687808,42570207218752791,64.983,1.5885311875
/root/autodl-tmp/eagle3-phase4.4a-performance-b-20260924,16,256,3,9,graph,715,25690885,25.690885,25.516316,24.79631,25.384000778198242,24.87049674987793,42570207247825962,42570207247896246,70.284,1.6056803125
/root/autodl-tmp/eagle3-phase4.4a-performance-b-20260924,16,256,3,0,coordinated-eager,716,99431878,99.431878,99.335082,98.993244,99.21218872070312,98.96697235107422,42570207315070661,42570207315106991,36.33,6.214492375
/root/autodl-tmp/eagle3-phase4.4a-performance-b-20260924,16,256,3,1,coordinated-eager,717,77508019,77.508019,77.401999,77.039907,77.3256607055664,77.07411193847656,42570207416593441,42570207416632930,39.489,4.8442511875
/root/autodl-tmp/eagle3-phase4.4a-performance-b-20260924,16,256,3,2,coordinated-eager,718,76003145,76.003145,75.902247,75.526435,75.82819366455078,75.58358764648438,42570207496104830,42570207496144205,39.375,4.7501965625
/root/autodl-tmp/eagle3-phase4.4a-performance-b-20260924,16,256,3,3,coordinated-eager,719,74116420,74.11642,74.023155,73.761808,73.9505615234375,73.70956420898438,42570207574063317,42570207574102201,38.884,4.63227625
/root/autodl-tmp/eagle3-phase4.4a-performance-b-20260924,16,256,3,4,coordinated-eager,720,74856522,74.856522,74.753353,74.406062,74.6800308227539,74.4333724975586,42570207650178875,42570207650218289,39.414,4.678532625
/root/autodl-tmp/eagle3-phase4.4a-performance-b-20260924,16,256,3,5,coordinated-eager,721,75592629,75.592629,75.485329,75.136139,75.41267395019531,75.150146484375,42570207727011397,42570207727052314,40.917,4.7245393125
/root/autodl-tmp/eagle3-phase4.4a-performance-b-20260924,16,256,3,6,coordinated-eager,722,75068384,75.068384,74.965374,74.600364,74.89161682128906,74.6437759399414,42570207804588884,42570207804628112,39.228,4.691774
/root/autodl-tmp/eagle3-phase4.4a-performance-b-20260924,16,256,3,7,coordinated-eager,723,74298940,74.29894,74.199028,73.909872,74.11980438232422,73.87638092041016,42570207881578477,42570207881617864,39.387,4.64368375
/root/autodl-tmp/eagle3-phase4.4a-performance-b-20260924,16,256,3,8,coordinated-eager,724,74625956,74.625956,74.524323,74.190647,74.45491027832031,74.20783996582031,42570207957816235,42570207957856183,39.948,4.66412225
/root/autodl-tmp/eagle3-phase4.4a-performance-b-20260924,16,256,3,9,coordinated-eager,725,75145848,75.145848,75.056518,74.728159,74.9863052368164,74.7429428100586,42570208034363488,42570208034401858,38.37,4.6966155
/root/autodl-tmp/eagle3-phase4.4a-performance-b-20260924,16,256,3,0,eager,726,72879775,72.879775,72.822062,72.493632,72.73430633544922,72.50313568115234,42570208130847378,42570208130871993,24.615,4.5549859375
/root/autodl-tmp/eagle3-phase4.4a-performance-b-20260924,16,256,3,1,eager,727,73231914,73.231914,73.139592,71.938087,73.06668853759766,72.82240295410156,42570208205690746,42570208205728508,37.762,4.576994625
/root/autodl-tmp/eagle3-phase4.4a-performance-b-20260924,16,256,3,2,eager,728,72621032,72.621032,72.526978,72.278602,72.45219421386719,72.21084594726562,42570208280930114,42570208280969300,39.186,4.5388145
/root/autodl-tmp/eagle3-phase4.4a-performance-b-20260924,16,256,3,3,eager,729,73994771,73.994771,73.898703,73.55535,73.82514953613281,73.58377838134766,42570208355510734,42570208355549300,38.566,4.6246731875
/root/autodl-tmp/eagle3-phase4.4a-performance-b-20260924,16,256,3,4,eager,730,73971755,73.971755,73.876835,73.518113,73.8024673461914,73.5540771484375,42570208431471968,42570208431510794,38.826,4.6232346875
/root/autodl-tmp/eagle3-phase4.4a-performance-b-20260924,16,256,3,5,eager,731,74277860,74.27786,74.180044,72.776742,74.10582733154297,72.73910522460938,42570208507397816,42570208507438042,40.226,4.64236625
/root/autodl-tmp/eagle3-phase4.4a-performance-b-20260924,16,256,3,6,eager,732,73025167,73.025167,72.92975,72.719577,72.8562240600586,72.64720153808594,42570208583746044,42570208583786427,40.383,4.5640729375
/root/autodl-tmp/eagle3-phase4.4a-performance-b-20260924,16,256,3,7,eager,733,75228376,75.228376,75.132544,74.875165,75.0601577758789,74.81807708740234,42570208658726511,42570208658765268,38.757,4.7017735
/root/autodl-tmp/eagle3-phase4.4a-performance-b-20260924,16,256,3,8,eager,734,73451237,73.451237,73.354759,73.022494,73.27913665771484,73.03453063964844,42570208735908856,42570208735947899,39.043,4.5907023125
/root/autodl-tmp/eagle3-phase4.4a-performance-b-20260924,16,256,3,9,eager,735,72678150,72.67815,72.581808,72.2702,72.50640106201172,72.24674987792969,42570208811321528,42570208811361397,39.869,4.542384375
/root/autodl-tmp/eagle3-phase4.4a-performance-b-20260924,16,256,4,0,coordinated-eager,736,74468197,74.468197,74.408528,74.140815,74.32105255126953,74.08882904052734,42570208905311054,42570208905335548,24.494,4.6542623125
/root/autodl-tmp/eagle3-phase4.4a-performance-b-20260924,16,256,4,1,coordinated-eager,737,74294464,74.294464,74.200124,73.966143,74.12767791748047,73.8951644897461,42570208981765357,42570208981806269,40.912,4.643404
/root/autodl-tmp/eagle3-phase4.4a-performance-b-20260924,16,256,4,2,coordinated-eager,738,75903303,75.903303,75.803736,75.44347,75.73117065429688,75.4842529296875,42570209058003667,42570209058043235,39.568,4.7439564375
/root/autodl-tmp/eagle3-phase4.4a-performance-b-20260924,16,256,4,3,coordinated-eager,739,74584038,74.584038,74.484726,74.131778,74.41078186035156,74.17068481445312,42570209135868523,42570209135906655,38.132,4.661502375
/root/autodl-tmp/eagle3-phase4.4a-performance-b-20260924,16,256,4,4,coordinated-eager,740,73893656,73.893656,73.803978,73.526243,73.73228454589844,73.4908447265625,42570209212383983,42570209212420650,36.667,4.6183535
/root/autodl-tmp/eagle3-phase4.4a-performance-b-20260924,16,256,4,5,coordinated-eager,741,73942196,73.942196,73.844065,73.622938,73.77228546142578,73.55280303955078,42570209288246177,42570209288285031,38.854,4.62138725
/root/autodl-tmp/eagle3-phase4.4a-performance-b-20260924,16,256,4,6,coordinated-eager,742,74281646,74.281646,74.192002,73.849344,74.12006378173828,73.8807373046875,42570209364119229,42570209364157584,38.355,4.642602875
/root/autodl-tmp/eagle3-phase4.4a-performance-b-20260924,16,256,4,7,coordinated-eager,743,75031747,75.031747,74.931163,74.52676,74.85897827148438,74.61212921142578,42570209440377573,42570209440415197,37.624,4.6894841875
/root/autodl-tmp/eagle3-phase4.4a-performance-b-20260924,16,256,4,8,coordinated-eager,744,73631758,73.631758,73.532581,73.250626,73.4578857421875,73.21753692626953,42570209517349510,42570209517388607,39.097,4.601984875
/root/autodl-tmp/eagle3-phase4.4a-performance-b-20260924,16,256,4,9,coordinated-eager,745,73462748,73.462748,73.264378,73.043729,73.1904296875,72.97369384765625,42570209593837753,42570209593876112,38.359,4.59142175
/root/autodl-tmp/eagle3-phase4.4a-performance-b-20260924,16,256,4,0,graph,746,24303693,24.303693,24.244029,23.892191,24.153919219970703,23.92198371887207,42570209688062870,42570209688087401,24.531,1.5189808125
/root/autodl-tmp/eagle3-phase4.4a-performance-b-20260924,16,256,4,1,graph,747,23646079,23.646079,23.549084,23.181049,23.47875213623047,23.23151969909668,42570209714336379,42570209714374473,38.094,1.4778799375
/root/autodl-tmp/eagle3-phase4.4a-performance-b-20260924,16,256,4,2,graph,748,23498933,23.498933,23.395373,23.063929,23.323360443115234,23.068096160888672,42570209739964013,42570209740003965,39.952,1.4686833125
/root/autodl-tmp/eagle3-phase4.4a-performance-b-20260924,16,256,4,3,graph,749,23709504,23.709504,23.604614,23.18626,23.529632568359375,23.240768432617188,42570209765468196,42570209765508497,40.301,1.481844
/root/autodl-tmp/eagle3-phase4.4a-performance-b-20260924,16,256,4,4,graph,750,23903054,23.903054,23.780449,23.330375,23.693632125854492,23.384960174560547,42570209791555235,42570209791601642,46.407,1.493940875
/root/autodl-tmp/eagle3-phase4.4a-performance-b-20260924,16,256,4,5,graph,751,24432479,24.432479,24.310146,23.868293,24.218015670776367,23.876447677612305,42570209818058520,42570209818109585,51.065,1.5270299375
/root/autodl-tmp/eagle3-phase4.4a-performance-b-20260924,16,256,4,6,graph,752,26093660,26.09366,26.024672,26.112781,25.930879592895508,26.0067195892334,42570209845350981,42570209845423277,72.296,1.63085375
/root/autodl-tmp/eagle3-phase4.4a-performance-b-20260924,16,256,4,7,graph,753,24889282,24.889282,24.815754,24.281103,24.714752197265625,24.31443214416504,42570209874553637,42570209874614753,61.116,1.555580125
/root/autodl-tmp/eagle3-phase4.4a-performance-b-20260924,16,256,4,8,graph,754,25262064,25.262064,25.181531,24.568885,25.072895050048828,24.622848510742188,42570209902678428,42570209902746756,68.328,1.578879
/root/autodl-tmp/eagle3-phase4.4a-performance-b-20260924,16,256,4,9,graph,755,25790397,25.790397,25.621435,24.916724,25.489376068115234,24.979808807373047,42570209931783456,42570209931860559,77.103,1.6118998125
/root/autodl-tmp/eagle3-phase4.4a-performance-b-20260924,16,256,4,0,eager,756,92320247,92.320247,92.243944,91.975751,92.12361907958984,91.8788833618164,42570210000896871,42570210000932646,35.775,5.7700154375
/root/autodl-tmp/eagle3-phase4.4a-performance-b-20260924,16,256,4,1,eager,757,85924367,85.924367,85.807573,85.47726,85.7265625,85.48438262939453,42570210095238106,42570210095277950,39.844,5.3702729375
/root/autodl-tmp/eagle3-phase4.4a-performance-b-20260924,16,256,4,2,eager,758,73798542,73.798542,73.696865,73.369321,73.62271881103516,73.37369537353516,42570210183118740,42570210183160618,41.878,4.612408875
/root/autodl-tmp/eagle3-phase4.4a-performance-b-20260924,16,256,4,3,eager,759,73479505,73.479505,73.381047,73.029772,73.3050537109375,73.06463623046875,42570210258863115,42570210258904244,41.129,4.5924690625
/root/autodl-tmp/eagle3-phase4.4a-performance-b-20260924,16,256,4,4,eager,760,73463032,73.463032,73.356096,73.01284,73.28173065185547,73.03257751464844,42570210334301447,42570210334341371,39.924,4.5914395
/root/autodl-tmp/eagle3-phase4.4a-performance-b-20260924,16,256,4,5,eager,761,78474477,78.474477,78.373212,78.077312,78.29993438720703,78.04684448242188,42570210409692675,42570210409732032,39.357,4.9046548125
/root/autodl-tmp/eagle3-phase4.4a-performance-b-20260924,16,256,4,6,eager,762,73847978,73.847978,73.748722,74.421747,73.67497253417969,74.35107421875,42570210490101490,42570210490137936,36.446,4.615498625
/root/autodl-tmp/eagle3-phase4.4a-performance-b-20260924,16,256,4,7,eager,763,73905853,73.905853,73.799932,73.441538,73.72937774658203,73.48716735839844,42570210566531991,42570210566572240,40.249,4.6191158125
/root/autodl-tmp/eagle3-phase4.4a-performance-b-20260924,16,256,4,8,eager,764,73596357,73.596357,73.497902,73.149865,73.42425537109375,73.17526245117188,42570210642348585,42570210642387133,38.548,4.5997723125
/root/autodl-tmp/eagle3-phase4.4a-performance-b-20260924,16,256,4,9,eager,765,81933807,81.933807,81.842657,81.538415,81.7705307006836,81.50415802001953,42570210717866854,42570210717907346,40.492,5.1208629375
/root/autodl-tmp/eagle3-phase4.4a-performance-b-20260924,16,768,0,0,eager,770,90675738,90.675738,90.588956,90.236974,90.47779083251953,90.24050903320312,42570213455150783,42570213455185764,34.981,5.667233625
/root/autodl-tmp/eagle3-phase4.4a-performance-b-20260924,16,768,0,1,eager,771,72825289,72.825289,72.732696,72.448272,72.6578598022461,72.4092788696289,42570213547861530,42570213547901168,39.638,4.5515805625
/root/autodl-tmp/eagle3-phase4.4a-performance-b-20260924,16,768,0,2,eager,772,73529724,73.529724,73.425765,73.213114,73.35107421875,73.140380859375,42570213622670876,42570213622712334,41.458,4.59560775
/root/autodl-tmp/eagle3-phase4.4a-performance-b-20260924,16,768,0,3,eager,773,72995739,72.995739,72.893757,72.526901,72.81798553466797,72.55401611328125,42570213698178850,42570213698218057,39.207,4.5622336875
/root/autodl-tmp/eagle3-phase4.4a-performance-b-20260924,16,768,0,4,eager,774,75114750,75.11475,75.018779,74.682402,74.94671630859375,74.7015380859375,42570213773144019,42570213773182574,38.555,4.694671875
/root/autodl-tmp/eagle3-phase4.4a-performance-b-20260924,16,768,0,5,eager,775,72684978,72.684978,72.580763,72.293292,72.50489807128906,72.25615692138672,42570213850268029,42570213850309041,41.012,4.542811125
/root/autodl-tmp/eagle3-phase4.4a-performance-b-20260924,16,768,0,6,eager,776,81929466,81.929466,81.826306,81.541989,81.74899291992188,81.50169372558594,42570213924953519,42570213924993986,40.467,5.120591625
/root/autodl-tmp/eagle3-phase4.4a-performance-b-20260924,16,768,0,7,eager,777,73093542,73.093542,72.998514,72.673738,72.92447662353516,72.67497253417969,42570214008867940,42570214008906201,38.261,4.568346375
/root/autodl-tmp/eagle3-phase4.4a-performance-b-20260924,16,768,0,8,eager,778,73163605,73.163605,73.068558,72.731706,72.99600219726562,72.74736022949219,42570214083991177,42570214084029934,38.757,4.5727253125
/root/autodl-tmp/eagle3-phase4.4a-performance-b-20260924,16,768,0,9,eager,779,72446342,72.446342,72.347971,72.06682,72.27257537841797,72.02486419677734,42570214159156685,42570214159196599,39.914,4.527896375
/root/autodl-tmp/eagle3-phase4.4a-performance-b-20260924,16,768,0,0,coordinated-eager,780,74866331,74.866331,74.803707,73.894189,74.71331024169922,73.95353698730469,42570214270272419,42570214270297049,24.63,4.6791456875
/root/autodl-tmp/eagle3-phase4.4a-performance-b-20260924,16,768,0,1,coordinated-eager,781,74133552,74.133552,74.03291,73.784747,73.96018981933594,73.71139526367188,42570214347276606,42570214347315283,38.677,4.633347
/root/autodl-tmp/eagle3-phase4.4a-performance-b-20260924,16,768,0,2,coordinated-eager,782,74992375,74.992375,74.893265,74.666543,74.82041931152344,74.59574127197266,42570214423395058,42570214423432922,37.864,4.6870234375
/root/autodl-tmp/eagle3-phase4.4a-performance-b-20260924,16,768,0,3,coordinated-eager,783,83063579,83.063579,82.966386,82.611136,82.89417266845703,82.64412689208984,42570214500393240,42570214500432360,39.12,5.1914736875
/root/autodl-tmp/eagle3-phase4.4a-performance-b-20260924,16,768,0,4,coordinated-eager,784,74899725,74.899725,74.802623,74.434799,74.72956848144531,74.47996520996094,42570214585403990,42570214585443166,39.176,4.6812328125
/root/autodl-tmp/eagle3-phase4.4a-performance-b-20260924,16,768,0,5,coordinated-eager,785,86315818,86.315818,86.208591,85.852505,86.1341781616211,85.87126159667969,42570214662263930,42570214662302033,38.103,5.394738625
/root/autodl-tmp/eagle3-phase4.4a-performance-b-20260924,16,768,0,6,coordinated-eager,786,77035630,77.03563,76.923314,76.617873,76.83302307128906,76.57625579833984,42570214750956081,42570214751013319,57.238,4.814726875
/root/autodl-tmp/eagle3-phase4.4a-performance-b-20260924,16,768,0,7,coordinated-eager,787,75821517,75.821517,75.726368,75.507431,75.6526107788086,75.43567657470703,42570214829979114,42570214830018649,39.535,4.7388448125
/root/autodl-tmp/eagle3-phase4.4a-performance-b-20260924,16,768,0,8,coordinated-eager,788,74984157,74.984157,74.879511,74.519545,74.80332946777344,74.55174255371094,42570214907833220,42570214907872903,39.683,4.6865098125
/root/autodl-tmp/eagle3-phase4.4a-performance-b-20260924,16,768,0,9,coordinated-eager,789,85962259,85.962259,85.856929,85.507263,85.78294372558594,85.5348129272461,42570214984840455,42570214984879528,39.073,5.3726411875
/root/autodl-tmp/eagle3-phase4.4a-performance-b-20260924,16,768,0,0,graph,790,24358228,24.358228,24.29547,23.953787,24.204992294311523,23.95631980895996,42570215095527865,42570215095553212,25.347,1.52238925
/root/autodl-tmp/eagle3-phase4.4a-performance-b-20260924,16,768,0,1,graph,791,24186752,24.186752,24.086832,23.723297,24.014240264892578,23.766559600830078,42570215121919331,42570215121956634,37.303,1.511672
/root/autodl-tmp/eagle3-phase4.4a-performance-b-20260924,16,768,0,2,graph,792,24136978,24.136978,24.03305,23.681101,23.96086311340332,23.69545555114746,42570215148141190,42570215148181163,39.973,1.508561125
/root/autodl-tmp/eagle3-phase4.4a-performance-b-20260924,16,768,0,3,graph,793,24372995,24.372995,24.269388,23.885442,24.191808700561523,23.902751922607422,42570215174395751,42570215174440327,44.576,1.5233121875
/root/autodl-tmp/eagle3-phase4.4a-performance-b-20260924,16,768,0,4,graph,794,24714679,24.714679,24.597322,24.405552,24.51430320739746,24.319488525390625,42570215201136595,42570215201184665,48.07,1.5446674375
/root/autodl-tmp/eagle3-phase4.4a-performance-b-20260924,16,768,0,5,graph,795,24983700,24.9837,24.919364,24.531157,24.832319259643555,24.458879470825195,42570215228793948,42570215228861017,67.069,1.56148125
/root/autodl-tmp/eagle3-phase4.4a-performance-b-20260924,16,768,0,6,graph,796,25314146,25.314146,25.240424,24.813286,25.138975143432617,24.740863800048828,42570215256973905,42570215257048589,74.684,1.582134125
/root/autodl-tmp/eagle3-phase4.4a-performance-b-20260924,16,768,0,7,graph,797,25545557,25.545557,25.468375,25.009354,25.350143432617188,24.905824661254883,42570215285739132,42570215285828786,89.654,1.5965973125
/root/autodl-tmp/eagle3-phase4.4a-performance-b-20260924,16,768,0,8,graph,798,25708730,25.70873,25.629974,25.200469,25.520864486694336,25.04560089111328,42570215314840009,42570215314926115,86.106,1.606795625
/root/autodl-tmp/eagle3-phase4.4a-performance-b-20260924,16,768,0,9,graph,799,26341156,26.341156,26.248121,25.687142,26.119327545166016,25.633344650268555,42570215344503086,42570215344584846,81.76,1.64632225
/root/autodl-tmp/eagle3-phase4.4a-performance-b-20260924,16,768,1,0,eager,800,92965128,92.965128,92.891389,92.629423,92.78224182128906,92.50790405273438,42570215415493937,42570215415534401,40.464,5.8103205
/root/autodl-tmp/eagle3-phase4.4a-performance-b-20260924,16,768,1,1,eager,801,76297520,76.29752,76.20108,75.831722,76.12870025634766,75.88339233398438,42570215510476764,42570215510515506,38.742,4.768595
/root/autodl-tmp/eagle3-phase4.4a-performance-b-20260924,16,768,1,2,eager,802,73989262,73.989262,73.894984,73.591822,73.82166290283203,73.57679748535156,42570215588786357,42570215588827755,41.398,4.624328875
/root/autodl-tmp/eagle3-phase4.4a-performance-b-20260924,16,768,1,3,eager,803,72777474,72.777474,72.673983,72.412161,72.60038757324219,72.35664367675781,42570215664779104,42570215664818812,39.708,4.548592125
/root/autodl-tmp/eagle3-phase4.4a-performance-b-20260924,16,768,1,4,eager,804,81082541,81.082541,80.984046,80.735781,80.91107177734375,80.66377258300781,42570215739542524,42570215739583711,41.187,5.0676588125
/root/autodl-tmp/eagle3-phase4.4a-performance-b-20260924,16,768,1,5,eager,805,73539992,73.539992,73.432972,73.097698,73.35846710205078,73.11507415771484,42570215822610739,42570215822648430,37.691,4.5962495
/root/autodl-tmp/eagle3-phase4.4a-performance-b-20260924,16,768,1,6,eager,806,73646982,73.646982,73.547625,73.223717,73.4725112915039,73.22761535644531,42570215898109919,42570215898149614,39.695,4.602936375
/root/autodl-tmp/eagle3-phase4.4a-performance-b-20260924,16,768,1,7,eager,807,72711657,72.711657,72.611989,72.352162,72.53814697265625,72.29071807861328,42570215973717881,42570215973758170,40.289,4.5444785625
/root/autodl-tmp/eagle3-phase4.4a-performance-b-20260924,16,768,1,8,eager,808,81161252,81.161252,81.063378,80.79081,80.99113464355469,80.73554992675781,42570216048402401,42570216048445964,43.563,5.07257825
/root/autodl-tmp/eagle3-phase4.4a-performance-b-20260924,16,768,1,9,eager,809,72955600,72.9556,72.85416,72.543657,72.77916717529297,72.53839874267578,42570216131546576,42570216131583639,37.063,4.559725
/root/autodl-tmp/eagle3-phase4.4a-performance-b-20260924,16,768,1,0,graph,810,24427180,24.42718,24.366634,24.031741,24.278400421142578,24.040735244750977,42570216227961445,42570216227987783,26.338,1.52669875
/root/autodl-tmp/eagle3-phase4.4a-performance-b-20260924,16,768,1,1,graph,811,24129530,24.12953,24.028996,23.69479,23.95065689086914,23.70732879638672,42570216254422844,42570216254461246,38.402,1.508095625
/root/autodl-tmp/eagle3-phase4.4a-performance-b-20260924,16,768,1,2,graph,812,24194444,24.194444,24.095575,23.735187,24.0230712890625,23.769887924194336,42570216280526070,42570216280563655,37.585,1.51215275
/root/autodl-tmp/eagle3-phase4.4a-performance-b-20260924,16,768,1,3,graph,813,24343393,24.343393,24.242537,23.895546,24.165151596069336,23.879392623901367,42570216306831982,42570216306872149,40.167,1.5214620625
/root/autodl-tmp/eagle3-phase4.4a-performance-b-20260924,16,768,1,4,graph,814,24520116,24.520116,24.403879,24.008612,24.320127487182617,24.017248153686523,42570216333481230,42570216333528673,47.443,1.53250725
/root/autodl-tmp/eagle3-phase4.4a-performance-b-20260924,16,768,1,5,graph,815,24867697,24.867697,24.79499,24.267447,24.706144332885742,24.356351852416992,42570216360492666,42570216360534318,41.652,1.5542310625
/root/autodl-tmp/eagle3-phase4.4a-performance-b-20260924,16,768,1,6,graph,816,31396182,31.396182,31.168553,24.760137,30.979263305664062,28.126720428466797,42570216388406653,42570216388458949,52.296,1.962261375
/root/autodl-tmp/eagle3-phase4.4a-performance-b-20260924,16,768,1,7,graph,817,26007090,26.00709,25.929156,25.480183,25.819744110107422,25.34102439880371,42570216428209210,42570216428340796,131.586,1.625443125
/root/autodl-tmp/eagle3-phase4.4a-performance-b-20260924,16,768,1,8,graph,818,26016040,26.01604,25.932008,25.46763,25.816959381103516,25.34111976623535,42570216458017404,42570216458119971,102.567,1.6260025
/root/autodl-tmp/eagle3-phase4.4a-performance-b-20260924,16,768,1,9,graph,819,26246130,26.24613,26.155473,25.591523,26.030879974365234,25.536832809448242,42570216488019359,42570216488112911,93.552,1.640383125
/root/autodl-tmp/eagle3-phase4.4a-performance-b-20260924,16,768,1,0,coordinated-eager,820,93309661,93.309661,93.230509,92.971998,93.11097717285156,92.87686157226562,42570216560033243,42570216560066348,33.105,5.8318538125
/root/autodl-tmp/eagle3-phase4.4a-performance-b-20260924,16,768,1,1,coordinated-eager,821,76910027,76.910027,76.854751,76.600729,76.78297424316406,76.53887939453125,42570216655345043,42570216655379044,34.001,4.8068766875
/root/autodl-tmp/eagle3-phase4.4a-performance-b-20260924,16,768,1,2,coordinated-eager,822,76433263,76.433263,76.333082,76.010807,76.25961303710938,76.01487731933594,42570216734252519,42570216734292455,39.936,4.7770789375
/root/autodl-tmp/eagle3-phase4.4a-performance-b-20260924,16,768,1,3,coordinated-eager,823,75299008,75.299008,75.19436,74.895566,75.11952209472656,74.8809585571289,42570216812697929,42570216812736015,38.086,4.706188
/root/autodl-tmp/eagle3-phase4.4a-performance-b-20260924,16,768,1,4,coordinated-eager,824,74415302,74.415302,74.306924,74.044458,74.23187255859375,73.99152374267578,42570216889964228,42570216890003253,39.025,4.650956375
/root/autodl-tmp/eagle3-phase4.4a-performance-b-20260924,16,768,1,5,coordinated-eager,825,83893102,83.893102,83.784161,83.485708,83.69149017333984,83.43084716796875,42570216966368335,42570216966419627,51.292,5.243318875
/root/autodl-tmp/eagle3-phase4.4a-performance-b-20260924,16,768,1,6,coordinated-eager,826,75243650,75.24365,75.137017,74.92178,75.06307220458984,74.84735870361328,42570217052305680,42570217052346933,41.253,4.702728125
/root/autodl-tmp/eagle3-phase4.4a-performance-b-20260924,16,768,1,7,coordinated-eager,827,74811230,74.81123,74.709969,74.363671,74.63504028320312,74.38317108154297,42570217129504973,42570217129545885,40.912,4.675701875
/root/autodl-tmp/eagle3-phase4.4a-performance-b-20260924,16,768,1,8,coordinated-eager,828,73894503,73.894503,73.792453,73.464904,73.71984100341797,73.47148895263672,42570217206268119,42570217206307417,39.298,4.6184064375
/root/autodl-tmp/eagle3-phase4.4a-performance-b-20260924,16,768,1,9,coordinated-eager,829,73839629,73.839629,73.732367,73.468501,73.65910339355469,73.41548919677734,42570217282166728,42570217282205177,38.449,4.6149768125
/root/autodl-tmp/eagle3-phase4.4a-performance-b-20260924,16,768,2,0,graph,830,24230852,24.230852,24.167187,23.821344,24.08153533935547,23.844255447387695,42570217379682588,42570217379707892,25.304,1.51442825
/root/autodl-tmp/eagle3-phase4.4a-performance-b-20260924,16,768,2,1,graph,831,24099141,24.099141,24.001159,23.664348,23.929344177246094,23.6812801361084,42570217405885714,42570217405926329,40.615,1.5061963125
/root/autodl-tmp/eagle3-phase4.4a-performance-b-20260924,16,768,2,2,graph,832,24128368,24.128368,24.033009,23.650614,23.961151123046875,23.703840255737305,42570217431980331,42570217432018774,38.443,1.508023
/root/autodl-tmp/eagle3-phase4.4a-performance-b-20260924,16,768,2,3,graph,833,24350633,24.350633,24.244139,23.911682,24.166303634643555,23.887392044067383,42570217458213401,42570217458255095,41.694,1.5219145625
/root/autodl-tmp/eagle3-phase4.4a-performance-b-20260924,16,768,2,4,graph,834,24653683,24.653683,24.594067,24.111391,24.51353645324707,24.176191329956055,42570217484973396,42570217485023724,50.328,1.5408551875
/root/autodl-tmp/eagle3-phase4.4a-performance-b-20260924,16,768,2,5,graph,835,24811627,24.811627,24.681806,24.241792,24.58940887451172,24.23967933654785,42570217512383085,42570217512436340,53.255,1.5507266875
/root/autodl-tmp/eagle3-phase4.4a-performance-b-20260924,16,768,2,6,graph,836,25123089,25.123089,25.036623,24.522825,24.935264587402344,24.542848587036133,42570217539995777,42570217540060803,65.026,1.5701930625
/root/autodl-tmp/eagle3-phase4.4a-performance-b-20260924,16,768,2,7,graph,837,25537601,25.537601,25.460932,24.958276,25.352191925048828,24.925024032592773,42570217568423370,42570217568493658,70.288,1.5961000625
/root/autodl-tmp/eagle3-phase4.4a-performance-b-20260924,16,768,2,8,graph,838,25953772,25.953772,25.870602,25.353627,25.755807876586914,25.27769660949707,42570217597527823,42570217597593342,65.519,1.62211075
/root/autodl-tmp/eagle3-phase4.4a-performance-b-20260924,16,768,2,9,graph,839,26181280,26.18128,26.086154,25.376751,25.96067237854004,25.444095611572266,42570217627535501,42570217627624940,89.439,1.63633
/root/autodl-tmp/eagle3-phase4.4a-performance-b-20260924,16,768,2,0,eager,840,90271186,90.271186,90.193255,89.850646,90.07817840576172,89.83203125,42570217700376008,42570217700412957,36.949,5.641949125
/root/autodl-tmp/eagle3-phase4.4a-performance-b-20260924,16,768,2,1,eager,841,75496125,75.496125,75.391084,75.115786,75.31488037109375,75.06787109375,42570217792711005,42570217792751434,40.429,4.7185078125
/root/autodl-tmp/eagle3-phase4.4a-performance-b-20260924,16,768,2,2,eager,842,73760350,73.76035,73.659929,73.388977,73.58662414550781,73.34105682373047,42570217870165211,42570217870206004,40.793,4.610021875
/root/autodl-tmp/eagle3-phase4.4a-performance-b-20260924,16,768,2,3,eager,843,74375049,74.375049,74.280549,74.285082,74.20796966552734,74.21469116210938,42570217945885827,42570217945923732,37.905,4.6484405625
/root/autodl-tmp/eagle3-phase4.4a-performance-b-20260924,16,768,2,4,eager,844,73554470,73.55447,73.458721,73.131274,73.38505554199219,73.14246368408203,42570218022133276,42570218022171804,38.528,4.597154375
/root/autodl-tmp/eagle3-phase4.4a-performance-b-20260924,16,768,2,5,eager,845,72900111,72.900111,72.802751,72.512221,72.72921752929688,72.4840316772461,42570218097644526,42570218097683176,38.65,4.5562569375
/root/autodl-tmp/eagle3-phase4.4a-performance-b-20260924,16,768,2,6,eager,846,72990364,72.990364,72.886435,72.629486,72.81334686279297,72.56687927246094,42570218172521961,42570218172562273,40.312,4.56189775
/root/autodl-tmp/eagle3-phase4.4a-performance-b-20260924,16,768,2,7,eager,847,73457455,73.457455,73.363299,73.054969,73.29011535644531,73.04633331298828,42570218247475063,42570218247514159,39.096,4.5910909375
/root/autodl-tmp/eagle3-phase4.4a-performance-b-20260924,16,768,2,8,eager,848,71429829,71.429829,71.331715,70.991845,71.26006317138672,71.01641845703125,42570218322908914,42570218322948976,40.062,4.4643643125
/root/autodl-tmp/eagle3-phase4.4a-performance-b-20260924,16,768,2,9,eager,849,64107163,64.107163,64.017654,63.761182,63.94976043701172,63.74892807006836,42570218396198941,42570218396233317,34.376,4.0066976875
/root/autodl-tmp/eagle3-phase4.4a-performance-b-20260924,16,768,2,0,coordinated-eager,850,68115349,68.115349,68.069411,67.847316,68.00131225585938,67.82473754882812,42570218481803594,42570218481823370,19.776,4.2572093125
/root/autodl-tmp/eagle3-phase4.4a-performance-b-20260924,16,768,2,1,coordinated-eager,851,60838684,60.838684,60.769865,60.497282,60.714881896972656,60.532127380371094,42570218551548318,42570218551577445,29.127,3.80241775
/root/autodl-tmp/eagle3-phase4.4a-performance-b-20260924,16,768,2,2,coordinated-eager,852,60026720,60.02672,59.962774,59.712655,59.90940856933594,59.72480010986328,42570218613965961,42570218613994025,28.064,3.75167
/root/autodl-tmp/eagle3-phase4.4a-performance-b-20260924,16,768,2,3,coordinated-eager,853,60420978,60.420978,60.3591,60.184537,60.305824279785156,60.13177490234375,42570218675588457,42570218675617783,29.326,3.776311125
/root/autodl-tmp/eagle3-phase4.4a-performance-b-20260924,16,768,2,4,coordinated-eager,854,61041953,61.041953,60.97956,60.667531,60.92655944824219,60.73215866088867,42570218737583397,42570218737612262,28.865,3.8151220625
/root/autodl-tmp/eagle3-phase4.4a-performance-b-20260924,16,768,2,5,coordinated-eager,855,59864378,59.864378,59.803638,59.582109,59.7512321472168,59.56950378417969,42570218800226573,42570218800254603,28.03,3.741523625
/root/autodl-tmp/eagle3-phase4.4a-performance-b-20260924,16,768,2,6,coordinated-eager,856,60462917,60.462917,60.400096,60.129118,60.34668731689453,60.16035079956055,42570218861652053,42570218861681461,29.408,3.7789323125
/root/autodl-tmp/eagle3-phase4.4a-performance-b-20260924,16,768,2,7,coordinated-eager,857,59903812,59.903812,59.839517,59.598871,59.78492736816406,59.60201644897461,42570218923723609,42570218923750504,26.895,3.74398825
/root/autodl-tmp/eagle3-phase4.4a-performance-b-20260924,16,768,2,8,coordinated-eager,858,59773328,59.773328,59.702487,59.515429,59.649375915527344,59.462303161621094,42570218985570736,42570218985598670,27.934,3.735833
/root/autodl-tmp/eagle3-phase4.4a-performance-b-20260924,16,768,2,9,coordinated-eager,859,60910309,60.910309,60.841707,60.560508,60.78675079345703,60.59231948852539,42570219046925157,42570219046952861,27.704,3.8068943125
/root/autodl-tmp/eagle3-phase4.4a-performance-b-20260924,16,768,3,0,graph,860,22906224,22.906224,22.86002,22.585535,22.79795265197754,22.616960525512695,42570219128725869,42570219128745189,19.32,1.431639
/root/autodl-tmp/eagle3-phase4.4a-performance-b-20260924,16,768,3,1,graph,861,22473756,22.473756,22.411258,22.119912,22.358335494995117,22.178592681884766,42570219153248329,42570219153276017,27.688,1.40460975
/root/autodl-tmp/eagle3-phase4.4a-performance-b-20260924,16,768,3,2,graph,862,22625186,22.625186,22.559436,22.288064,22.5067195892334,22.30918312072754,42570219177318656,42570219177346388,27.732,1.414074125
/root/autodl-tmp/eagle3-phase4.4a-performance-b-20260924,16,768,3,3,graph,863,22654508,22.654508,22.58239,22.25664,22.524383544921875,22.29827117919922,42570219201669191,42570219201701152,31.961,1.41590675
/root/autodl-tmp/eagle3-phase4.4a-performance-b-20260924,16,768,3,4,graph,864,22960666,22.960666,22.876029,22.494825,22.808351516723633,22.548864364624023,42570219226353844,42570219226389057,35.213,1.435041625
/root/autodl-tmp/eagle3-phase4.4a-performance-b-20260924,16,768,3,5,graph,865,23332568,23.332568,23.242424,22.879115,23.167552947998047,22.885696411132812,42570219251592930,42570219251632807,39.877,1.4582855
/root/autodl-tmp/eagle3-phase4.4a-performance-b-20260924,16,768,3,6,graph,866,23654497,23.654497,23.596958,23.20184,23.51795196533203,23.185823440551758,42570219277388224,42570219277436865,48.641,1.4784060625
/root/autodl-tmp/eagle3-phase4.4a-performance-b-20260924,16,768,3,7,graph,867,23992029,23.992029,23.929919,23.480828,23.83843231201172,23.472991943359375,42570219303978207,42570219304040009,61.802,1.4995018125
/root/autodl-tmp/eagle3-phase4.4a-performance-b-20260924,16,768,3,8,graph,868,24535696,24.535696,24.462836,23.971881,24.36467170715332,23.940351486206055,42570219331237238,42570219331305691,68.453,1.533481
/root/autodl-tmp/eagle3-phase4.4a-performance-b-20260924,16,768,3,9,graph,869,24741328,24.741328,24.663365,24.033917,24.55606460571289,24.10419273376465,42570219359396281,42570219359473097,76.816,1.546333
/root/autodl-tmp/eagle3-phase4.4a-performance-b-20260924,16,768,3,0,coordinated-eager,870,79655360,79.65536,79.595206,79.315819,79.50454711914062,79.31641387939453,42570219428777994,42570219428808768,30.774,4.97846
/root/autodl-tmp/eagle3-phase4.4a-performance-b-20260924,16,768,3,1,coordinated-eager,871,64835867,64.835867,64.768454,64.527138,64.7119369506836,64.53113555908203,42570219510033558,42570219510062150,28.592,4.0522416875
/root/autodl-tmp/eagle3-phase4.4a-performance-b-20260924,16,768,3,2,coordinated-eager,872,60257548,60.257548,60.1935,59.928645,60.14031982421875,59.95577621459961,42570219576484087,42570219576511579,27.492,3.76609675
/root/autodl-tmp/eagle3-phase4.4a-performance-b-20260924,16,768,3,3,coordinated-eager,873,60315343,60.315343,60.254681,59.988433,60.202430725097656,60.02080154418945,42570219638291406,42570219638318397,26.991,3.7697089375
/root/autodl-tmp/eagle3-phase4.4a-performance-b-20260924,16,768,3,4,coordinated-eager,874,59615093,59.615093,59.541783,59.322147,59.488319396972656,59.30470275878906,42570219700234275,42570219700263226,28.951,3.7259433125
/root/autodl-tmp/eagle3-phase4.4a-performance-b-20260924,16,768,3,5,coordinated-eager,875,60466265,60.466265,60.398123,60.135538,60.345184326171875,60.162654876708984,42570219761439532,42570219761467383,27.851,3.7791415625
/root/autodl-tmp/eagle3-phase4.4a-performance-b-20260924,16,768,3,6,coordinated-eager,876,59337558,59.337558,59.26767,59.030981,59.215553283691406,59.02998352050781,42570219823476902,42570219823506139,29.237,3.708597375
/root/autodl-tmp/eagle3-phase4.4a-performance-b-20260924,16,768,3,7,coordinated-eager,877,60652850,60.65285,60.591584,60.327567,60.539710998535156,60.3507194519043,42570219884376041,42570219884404434,28.393,3.790803125
/root/autodl-tmp/eagle3-phase4.4a-performance-b-20260924,16,768,3,8,coordinated-eager,878,60413632,60.413632,60.345533,60.031842,60.29145431518555,60.08639907836914,42570219946758894,42570219946788421,29.527,3.775852
/root/autodl-tmp/eagle3-phase4.4a-performance-b-20260924,16,768,3,9,coordinated-eager,879,60022690,60.02269,59.957864,59.73324,59.904510498046875,59.718143463134766,42570220008744349,42570220008773066,28.717,3.751418125
/root/autodl-tmp/eagle3-phase4.4a-performance-b-20260924,16,768,3,0,eager,880,61969710,61.96971,61.925379,61.74685,61.859649658203125,61.68207931518555,42570220090479738,42570220090500312,20.574,3.873106875
/root/autodl-tmp/eagle3-phase4.4a-performance-b-20260924,16,768,3,1,eager,881,63725307,63.725307,63.649573,63.355605,63.591102600097656,63.38227081298828,42570220154157885,42570220154188592,30.707,3.9828316875
/root/autodl-tmp/eagle3-phase4.4a-performance-b-20260924,16,768,3,2,eager,882,68975248,68.975248,68.892328,68.645394,68.82768249511719,68.59164428710938,42570220219701719,42570220219735374,33.655,4.310953
/root/autodl-tmp/eagle3-phase4.4a-performance-b-20260924,16,768,3,3,eager,883,72623486,72.623486,72.525255,72.250363,72.45398712158203,72.18281555175781,42570220290649977,42570220290691322,41.345,4.538967875
/root/autodl-tmp/eagle3-phase4.4a-performance-b-20260924,16,768,3,4,eager,884,72237676,72.237676,72.141722,71.814791,72.06956481933594,71.82742309570312,42570220365238057,42570220365276070,38.013,4.51485475
/root/autodl-tmp/eagle3-phase4.4a-performance-b-20260924,16,768,3,5,eager,885,72965964,72.965964,72.868589,72.5662,72.79478454589844,72.55670166015625,42570220439456355,42570220439494102,37.747,4.56037275
/root/autodl-tmp/eagle3-phase4.4a-performance-b-20260924,16,768,3,6,eager,886,72994461,72.994461,72.904188,72.617129,72.83055877685547,72.57862091064453,42570220514406523,42570220514447102,40.579,4.5621538125
/root/autodl-tmp/eagle3-phase4.4a-performance-b-20260924,16,768,3,7,eager,887,78868633,78.868633,78.761548,78.443741,78.6863021850586,78.39453125,42570220589355383,42570220589394282,38.899,4.9292895625
/root/autodl-tmp/eagle3-phase4.4a-performance-b-20260924,16,768,3,8,eager,888,73317183,73.317183,73.223097,72.914998,73.1427230834961,72.90428924560547,42570220670295322,42570220670333676,38.354,4.5823239375
/root/autodl-tmp/eagle3-phase4.4a-performance-b-20260924,16,768,3,9,eager,889,72816417,72.816417,72.715636,72.39758,72.6431655883789,72.39500427246094,42570220745601454,42570220745640662,39.208,4.5510260625
/root/autodl-tmp/eagle3-phase4.4a-performance-b-20260924,16,768,4,0,coordinated-eager,890,74750567,74.750567,74.689766,74.361298,74.60099029541016,74.35619354248047,42570220843225029,42570220843250756,25.727,4.6719104375
/root/autodl-tmp/eagle3-phase4.4a-performance-b-20260924,16,768,4,1,coordinated-eager,891,73337672,73.337672,73.24281,72.973298,73.17088317871094,72.9286117553711,42570220920000713,42570220920038046,37.333,4.5836045
/root/autodl-tmp/eagle3-phase4.4a-performance-b-20260924,16,768,4,2,coordinated-eager,892,73995215,73.995215,73.897282,73.708866,73.82608032226562,73.63827514648438,42570220995316889,42570220995356362,39.473,4.6247009375
/root/autodl-tmp/eagle3-phase4.4a-performance-b-20260924,16,768,4,3,coordinated-eager,893,74212627,74.212627,74.111483,73.815755,74.04013061523438,73.79714965820312,42570221071333092,42570221071371914,38.822,4.6382891875
/root/autodl-tmp/eagle3-phase4.4a-performance-b-20260924,16,768,4,4,coordinated-eager,894,73610924,73.610924,73.512461,73.204881,73.43859100341797,73.1995849609375,42570221147548386,42570221147585634,37.248,4.60068275
/root/autodl-tmp/eagle3-phase4.4a-performance-b-20260924,16,768,4,5,coordinated-eager,895,73439450,73.43945,73.341026,73.051776,73.26627349853516,73.02310180664062,42570221223144029,42570221223183300,39.271,4.589965625
/root/autodl-tmp/eagle3-phase4.4a-performance-b-20260924,16,768,4,6,coordinated-eager,896,73764447,73.764447,73.670311,73.483041,73.59849548339844,73.41292572021484,42570221298516825,42570221298553744,36.919,4.6102779375
/root/autodl-tmp/eagle3-phase4.4a-performance-b-20260924,16,768,4,7,coordinated-eager,897,73992522,73.992522,73.889848,73.543494,73.81507110595703,73.56687927246094,42570221374220545,42570221374261610,41.065,4.624532625
/root/autodl-tmp/eagle3-phase4.4a-performance-b-20260924,16,768,4,8,coordinated-eager,898,73784359,73.784359,73.682538,73.364841,73.60867309570312,73.3620834350586,42570221450167646,42570221450207477,39.831,4.6115224375
/root/autodl-tmp/eagle3-phase4.4a-performance-b-20260924,16,768,4,9,coordinated-eager,899,86515734,86.515734,86.415818,86.161847,86.34349060058594,86.09468841552734,42570221525888084,42570221525926280,38.196,5.407233375
/root/autodl-tmp/eagle3-phase4.4a-performance-b-20260924,16,768,4,0,graph,900,24363566,24.363566,24.299812,23.954465,24.20172882080078,23.971839904785156,42570221639724955,42570221639749339,24.384,1.522722875
/root/autodl-tmp/eagle3-phase4.4a-performance-b-20260924,16,768,4,1,graph,901,24169369,24.169369,24.11908,23.76629,24.049823760986328,23.808223724365234,42570221666080315,42570221666114308,33.993,1.5105855625
/root/autodl-tmp/eagle3-phase4.4a-performance-b-20260924,16,768,4,2,graph,902,24140800,24.1408,24.038279,23.688847,23.966655731201172,23.716096878051758,42570221692291797,42570221692331449,39.652,1.5088
/root/autodl-tmp/eagle3-phase4.4a-performance-b-20260924,16,768,4,3,graph,903,24171396,24.171396,24.071183,23.739465,23.99830436706543,23.727935791015625,42570221718395080,42570221718431533,36.453,1.51071225
/root/autodl-tmp/eagle3-phase4.4a-performance-b-20260924,16,768,4,4,graph,904,24591768,24.591768,24.533589,24.151686,24.452991485595703,24.144128799438477,42570221744835364,42570221744882569,47.205,1.5369855
/root/autodl-tmp/eagle3-phase4.4a-performance-b-20260924,16,768,4,5,graph,905,25297718,25.297718,25.178461,24.741784,25.084543228149414,24.7410888671875,42570221772025865,42570221772076496,50.631,1.581107375
/root/autodl-tmp/eagle3-phase4.4a-performance-b-20260924,16,768,4,6,graph,906,25169251,25.169251,25.100178,24.66812,25.002527236938477,24.612064361572266,42570221800151472,42570221800226851,75.379,1.5730781875
/root/autodl-tmp/eagle3-phase4.4a-performance-b-20260924,16,768,4,7,graph,907,25462253,25.462253,25.388146,24.975905,25.286848068237305,24.86332893371582,42570221828584228,42570221828667695,83.467,1.5913908125
/root/autodl-tmp/eagle3-phase4.4a-performance-b-20260924,16,768,4,8,graph,908,25826255,25.826255,25.745877,25.276924,25.63497543334961,25.15830421447754,42570221857572707,42570221857666475,93.768,1.6141409375
/root/autodl-tmp/eagle3-phase4.4a-performance-b-20260924,16,768,4,9,graph,909,26027964,26.027964,25.943947,25.416755,25.824447631835938,25.31046485900879,42570221887367896,42570221887476479,108.583,1.62674775
/root/autodl-tmp/eagle3-phase4.4a-performance-b-20260924,16,768,4,0,eager,910,91135593,91.135593,91.063644,90.743039,90.93548583984375,90.68777465820312,42570221962323102,42570221962361288,38.186,5.6959745625
/root/autodl-tmp/eagle3-phase4.4a-performance-b-20260924,16,768,4,1,eager,911,75326069,75.326069,75.22439,74.907036,75.15001678466797,74.90528106689453,42570222055570018,42570222055607499,37.481,4.7078793125
/root/autodl-tmp/eagle3-phase4.4a-performance-b-20260924,16,768,4,2,eager,912,72644404,72.644404,72.549228,72.283765,72.47567749023438,72.23356628417969,42570222132895477,42570222132934872,39.395,4.54027525
/root/autodl-tmp/eagle3-phase4.4a-performance-b-20260924,16,768,4,3,eager,913,73026939,73.026939,72.928397,72.753649,72.85596466064453,72.68109130859375,42570222207525826,42570222207566258,40.432,4.5641836875
/root/autodl-tmp/eagle3-phase4.4a-performance-b-20260924,16,768,4,4,eager,914,72668095,72.668095,72.572166,72.211361,72.49964904785156,72.22787475585938,42570222282502206,42570222282542238,40.032,4.5417559375
/root/autodl-tmp/eagle3-phase4.4a-performance-b-20260924,16,768,4,5,eager,915,73563579,73.563579,73.469501,73.159865,73.3978271484375,73.15670776367188,42570222357131811,42570222357171503,39.692,4.5977236875
/root/autodl-tmp/eagle3-phase4.4a-performance-b-20260924,16,768,4,6,eager,916,72328045,72.328045,72.226523,71.937166,72.15382385253906,71.90310668945312,42570222432692727,42570222432733844,41.117,4.5205028125
/root/autodl-tmp/eagle3-phase4.4a-performance-b-20260924,16,768,4,7,eager,917,72749264,72.749264,72.646894,72.445541,72.55583953857422,72.37334442138672,42570222506966800,42570222507022593,55.793,4.546829
/root/autodl-tmp/eagle3-phase4.4a-performance-b-20260924,16,768,4,8,eager,918,73290891,73.290891,73.185105,72.857,73.11289978027344,72.86736297607422,42570222581674814,42570222581713683,38.869,4.5806806875
/root/autodl-tmp/eagle3-phase4.4a-performance-b-20260924,16,768,4,9,eager,919,72883997,72.883997,72.784801,72.465386,72.71174621582031,72.46502685546875,42570222656943645,42570222656983748,40.103,4.5552498125
/root/autodl-tmp/eagle3-phase4.4a-performance-c-20260924,4,256,0,0,eager,0,56195854,56.195854,56.155571,56.150738,56.09008026123047,56.08857727050781,42570378085547089,42570378085564495,17.406,14.0489635
/root/autodl-tmp/eagle3-phase4.4a-performance-c-20260924,4,256,0,1,eager,1,52913912,52.913912,52.889187,52.855802,52.8546257019043,52.80767822265625,42570378142313546,42570378142335668,22.122,13.228478
/root/autodl-tmp/eagle3-phase4.4a-performance-c-20260924,4,256,0,2,eager,2,52839501,52.839501,52.819571,52.812166,52.78704071044922,52.76774215698242,42570378195833202,42570378195857448,24.246,13.20987525
/root/autodl-tmp/eagle3-phase4.4a-performance-c-20260924,4,256,0,3,eager,3,53028270,53.02827,53.009683,52.960704,52.97929763793945,52.91622543334961,42570378249250257,42570378249270955,20.698,13.2570675
/root/autodl-tmp/eagle3-phase4.4a-performance-c-20260924,4,256,0,4,eager,4,53156182,53.156182,53.135634,53.136919,53.10009765625,53.09030532836914,42570378302886844,42570378302907847,21.003,13.2890455
/root/autodl-tmp/eagle3-phase4.4a-performance-c-20260924,4,256,0,5,eager,5,52935280,52.93528,52.909124,52.875254,52.877342224121094,52.83027267456055,42570378356626540,42570378356645833,19.293,13.23382
/root/autodl-tmp/eagle3-phase4.4a-performance-c-20260924,4,256,0,6,eager,6,53379153,53.379153,53.35926,53.365049,53.32700729370117,53.319679260253906,42570378410169530,42570378410188877,19.347,13.34478825
/root/autodl-tmp/eagle3-phase4.4a-performance-c-20260924,4,256,0,7,eager,7,53122073,53.122073,53.095981,53.044328,53.063262939453125,53.00019073486328,42570378464131644,42570378464157550,25.906,13.28051825
/root/autodl-tmp/eagle3-phase4.4a-performance-c-20260924,4,256,0,8,eager,8,53897792,53.897792,53.849405,53.84531,53.814720153808594,53.79993438720703,42570378517893432,42570378517916695,23.263,13.474448
/root/autodl-tmp/eagle3-phase4.4a-performance-c-20260924,4,256,0,9,eager,9,53225084,53.225084,53.205651,53.15935,53.17340850830078,53.110782623291016,42570378572336691,42570378572366167,29.476,13.306271
/root/autodl-tmp/eagle3-phase4.4a-performance-c-20260924,4,256,0,0,coordinated-eager,10,54635679,54.635679,54.619848,54.544044,54.58448028564453,54.49216079711914,42570378627437277,42570378627450233,12.956,13.65891975
/root/autodl-tmp/eagle3-phase4.4a-performance-c-20260924,4,256,0,1,coordinated-eager,11,54561503,54.561503,54.534716,54.533575,54.501182556152344,54.48601531982422,42570378682698524,42570378682725136,26.612,13.64037575
/root/autodl-tmp/eagle3-phase4.4a-performance-c-20260924,4,256,0,2,coordinated-eager,12,53582370,53.58237,53.561834,53.524202,53.5307502746582,53.48044967651367,42570378737831914,42570378737853194,21.28,13.3955925
/root/autodl-tmp/eagle3-phase4.4a-performance-c-20260924,4,256,0,3,coordinated-eager,13,53896903,53.896903,53.875427,53.880662,53.843135833740234,53.8337287902832,42570378792032860,42570378792053629,20.769,13.47422575
/root/autodl-tmp/eagle3-phase4.4a-performance-c-20260924,4,256,0,4,coordinated-eager,14,53346346,53.346346,53.322569,53.274145,53.290401458740234,53.2305908203125,42570378846505151,42570378846526519,21.368,13.3365865
/root/autodl-tmp/eagle3-phase4.4a-performance-c-20260924,4,256,0,5,coordinated-eager,15,53903924,53.903924,53.882743,53.888507,53.85014343261719,53.84396743774414,42570378900463439,42570378900485777,22.338,13.475981
/root/autodl-tmp/eagle3-phase4.4a-performance-c-20260924,4,256,0,6,coordinated-eager,16,52813485,52.813485,52.786148,52.643907,52.753536224365234,52.59059143066406,42570378954939694,42570378954959562,19.868,13.20337125
/root/autodl-tmp/eagle3-phase4.4a-performance-c-20260924,4,256,0,7,coordinated-eager,17,54317797,54.317797,54.294208,54.293432,54.258113861083984,54.2474250793457,42570379008410253,42570379008430835,20.582,13.57944925
/root/autodl-tmp/eagle3-phase4.4a-performance-c-20260924,4,256,0,8,coordinated-eager,18,53181328,53.181328,53.152648,53.057358,53.119102478027344,53.012542724609375,42570379063319723,42570379063349961,30.238,13.295332
/root/autodl-tmp/eagle3-phase4.4a-performance-c-20260924,4,256,0,9,coordinated-eager,19,57412904,57.412904,57.269049,57.128705,57.11027145385742,56.88934326171875,42570379118936848,42570379119092097,155.249,14.353226
/root/autodl-tmp/eagle3-phase4.4a-performance-c-20260924,4,256,0,0,graph,20,19295468,19.295468,19.26741,19.271339,19.22947120666504,19.215360641479492,42570379178453195,42570379178470373,17.178,4.823867
/root/autodl-tmp/eagle3-phase4.4a-performance-c-20260924,4,256,0,1,graph,21,19093527,19.093527,19.073866,19.066128,19.044607162475586,19.02182388305664,42570379198323410,42570379198348038,24.628,4.77338175
/root/autodl-tmp/eagle3-phase4.4a-performance-c-20260924,4,256,0,2,graph,22,19191355,19.191355,19.169619,19.107901,19.13907241821289,19.06380844116211,42570379218000037,42570379218026156,26.119,4.79783875
/root/autodl-tmp/eagle3-phase4.4a-performance-c-20260924,4,256,0,3,graph,23,19330837,19.330837,19.277397,19.125229,19.235008239746094,19.08019256591797,42570379237866341,42570379237887708,21.367,4.83270925
/root/autodl-tmp/eagle3-phase4.4a-performance-c-20260924,4,256,0,4,graph,24,19450745,19.450745,19.395479,19.207763,19.344160079956055,19.159040451049805,42570379257928237,42570379257952215,23.978,4.86268625
/root/autodl-tmp/eagle3-phase4.4a-performance-c-20260924,4,256,0,5,graph,25,19564675,19.564675,19.501056,19.35314,19.446367263793945,19.304447174072266,42570379278152702,42570379278176159,23.457,4.89116875
/root/autodl-tmp/eagle3-phase4.4a-performance-c-20260924,4,256,0,6,graph,26,19750840,19.75084,19.677341,19.494282,19.61734390258789,19.432384490966797,42570379298540678,42570379298569769,29.091,4.93771
/root/autodl-tmp/eagle3-phase4.4a-performance-c-20260924,4,256,0,7,graph,27,19989014,19.989014,19.915759,19.768044,19.85094451904297,19.697696685791016,42570379319222655,42570379319257709,35.054,4.9972535
/root/autodl-tmp/eagle3-phase4.4a-performance-c-20260924,4,256,0,8,graph,28,20057946,20.057946,19.982616,19.688629,19.91312026977539,19.63417625427246,42570379340191941,42570379340224285,32.344,5.0144865
/root/autodl-tmp/eagle3-phase4.4a-performance-c-20260924,4,256,0,9,graph,29,20234305,20.234305,20.145828,19.944443,20.063615798950195,19.87379264831543,42570379361424182,42570379361457866,33.684,5.05857625
/root/autodl-tmp/eagle3-phase4.4a-performance-c-20260924,4,256,1,0,eager,30,74989843,74.989843,74.933531,74.819566,74.84194946289062,74.7273941040039,42570379386422434,42570379386451003,28.569,18.74746075
/root/autodl-tmp/eagle3-phase4.4a-performance-c-20260924,4,256,1,1,eager,31,54754719,54.754719,54.699508,54.659874,54.653343200683594,54.614017486572266,42570379462077390,42570379462099561,22.171,13.68867975
/root/autodl-tmp/eagle3-phase4.4a-performance-c-20260924,4,256,1,2,eager,32,53267407,53.267407,53.241558,53.237239,53.208255767822266,53.19065475463867,42570379517418046,42570379517445178,27.132,13.31685175
/root/autodl-tmp/eagle3-phase4.4a-performance-c-20260924,4,256,1,3,eager,33,52826854,52.826854,52.803661,52.760788,52.77177429199219,52.71654510498047,42570379571286148,42570379571305680,19.532,13.2067135
/root/autodl-tmp/eagle3-phase4.4a-performance-c-20260924,4,256,1,4,eager,34,52685238,52.685238,52.664464,52.651243,52.63225555419922,52.608001708984375,42570379624713166,42570379624734075,20.909,13.1713095
/root/autodl-tmp/eagle3-phase4.4a-performance-c-20260924,4,256,1,5,eager,35,57529504,57.529504,57.508231,57.465161,57.47587203979492,57.420799255371094,42570379678012149,42570379678033312,21.163,14.382376
/root/autodl-tmp/eagle3-phase4.4a-performance-c-20260924,4,256,1,6,eager,36,53644265,53.644265,53.618638,53.507178,53.58473587036133,53.46201705932617,42570379736155062,42570379736183753,28.691,13.41106625
/root/autodl-tmp/eagle3-phase4.4a-performance-c-20260924,4,256,1,7,eager,37,52531075,52.531075,52.511069,52.512015,52.47926330566406,52.46566390991211,42570379790410639,42570379790431171,20.532,13.13276875
/root/autodl-tmp/eagle3-phase4.4a-performance-c-20260924,4,256,1,8,eager,38,53331408,53.331408,53.310898,52.849445,53.27939224243164,52.80460739135742,42570379843607359,42570379843987569,380.21,13.332852
/root/autodl-tmp/eagle3-phase4.4a-performance-c-20260924,4,256,1,9,eager,39,53044257,53.044257,53.00003,52.999095,52.96809768676758,52.955135345458984,42570379897574976,42570379897599283,24.307,13.26106425
/root/autodl-tmp/eagle3-phase4.4a-performance-c-20260924,4,256,1,0,graph,40,19220031,19.220031,19.192851,19.195711,19.154815673828125,19.140607833862305,42570379953036754,42570379953052805,16.051,4.80500775
/root/autodl-tmp/eagle3-phase4.4a-performance-c-20260924,4,256,1,1,graph,41,19284834,19.284834,19.236993,19.170979,19.204927444458008,19.125247955322266,42570379972853106,42570379972876417,23.311,4.8212085
/root/autodl-tmp/eagle3-phase4.4a-performance-c-20260924,4,256,1,2,graph,42,19043357,19.043357,19.022462,19.013867,18.991167068481445,18.970624923706055,42570379992709145,42570379992731250,22.105,4.76083925
/root/autodl-tmp/eagle3-phase4.4a-performance-c-20260924,4,256,1,3,graph,43,19141090,19.14109,19.11928,19.030867,19.08742332458496,18.9880313873291,42570380012314119,42570380012334044,19.925,4.7852725
/root/autodl-tmp/eagle3-phase4.4a-performance-c-20260924,4,256,1,4,graph,44,19398753,19.398753,19.342982,19.239315,19.295360565185547,19.189760208129883,42570380032154814,42570380032178086,23.272,4.84968825
/root/autodl-tmp/eagle3-phase4.4a-performance-c-20260924,4,256,1,5,graph,45,19534324,19.534324,19.473645,19.363728,19.422016143798828,19.311616897583008,42570380052284274,42570380052308954,24.68,4.883581
/root/autodl-tmp/eagle3-phase4.4a-performance-c-20260924,4,256,1,6,graph,46,19681369,19.681369,19.619866,19.464856,19.56483268737793,19.406848907470703,42570380072591403,42570380072618010,26.607,4.92034225
/root/autodl-tmp/eagle3-phase4.4a-performance-c-20260924,4,256,1,7,graph,47,19689271,19.689271,19.619712,19.497724,19.559551239013672,19.43654441833496,42570380093134544,42570380093164217,29.673,4.92231775
/root/autodl-tmp/eagle3-phase4.4a-performance-c-20260924,4,256,1,8,graph,48,19827291,19.827291,19.754205,19.644833,19.68822479248047,19.578880310058594,42570380113742899,42570380113774212,31.313,4.95682275
/root/autodl-tmp/eagle3-phase4.4a-performance-c-20260924,4,256,1,9,graph,49,20248115,20.248115,20.17324,19.980711,20.101119995117188,19.907583236694336,42570380134562385,42570380134598541,36.156,5.06202875
/root/autodl-tmp/eagle3-phase4.4a-performance-c-20260924,4,256,1,0,coordinated-eager,50,74034974,74.034974,73.962115,73.821447,73.87251281738281,73.72697448730469,42570380160023203,42570380160052960,29.757,18.5087435
/root/autodl-tmp/eagle3-phase4.4a-performance-c-20260924,4,256,1,1,coordinated-eager,51,61817334,61.817334,61.75986,61.717627,61.714176177978516,61.672447204589844,42570380234705679,42570380234728025,22.346,15.4543335
/root/autodl-tmp/eagle3-phase4.4a-performance-c-20260924,4,256,1,2,coordinated-eager,52,54393723,54.393723,54.372846,54.368317,54.34019088745117,54.32217788696289,42570380297118519,42570380297147422,28.903,13.59843075
/root/autodl-tmp/eagle3-phase4.4a-performance-c-20260924,4,256,1,3,coordinated-eager,53,53906425,53.906425,53.880755,53.775679,53.848480224609375,53.73030471801758,42570380352092094,42570380352112004,19.91,13.47660625
/root/autodl-tmp/eagle3-phase4.4a-performance-c-20260924,4,256,1,4,coordinated-eager,54,54153297,54.153297,54.129645,54.10273,54.09657669067383,54.05900955200195,42570380406619451,42570380406638554,19.103,13.53832425
/root/autodl-tmp/eagle3-phase4.4a-performance-c-20260924,4,256,1,5,coordinated-eager,55,57998349,57.998349,57.971003,57.922902,57.937278747558594,57.87750244140625,42570380461407013,42570380461434506,27.493,14.49958725
/root/autodl-tmp/eagle3-phase4.4a-performance-c-20260924,4,256,1,6,coordinated-eager,56,53259008,53.259008,53.237863,53.244599,53.20560073852539,53.198848724365234,42570380520015018,42570380520036801,21.783,13.314752
/root/autodl-tmp/eagle3-phase4.4a-performance-c-20260924,4,256,1,7,coordinated-eager,57,55229815,55.229815,55.200962,55.210262,55.16864013671875,55.165950775146484,42570380573869938,42570380573902297,32.359,13.80745375
/root/autodl-tmp/eagle3-phase4.4a-performance-c-20260924,4,256,1,8,coordinated-eager,58,53847705,53.847705,53.827065,53.832128,53.79487991333008,53.78764724731445,42570380629721337,42570380629741694,20.357,13.46192625
/root/autodl-tmp/eagle3-phase4.4a-performance-c-20260924,4,256,1,9,coordinated-eager,59,53266916,53.266916,53.240839,53.19207,53.20975875854492,53.14761734008789,42570380684154032,42570380684186076,32.044,13.316729
/root/autodl-tmp/eagle3-phase4.4a-performance-c-20260924,4,256,2,0,graph,60,19298038,19.298038,19.279222,19.284797,19.24224090576172,19.23072052001953,42570380740332137,42570380740345641,13.504,4.8245095
/root/autodl-tmp/eagle3-phase4.4a-performance-c-20260924,4,256,2,1,graph,61,19108843,19.108843,19.086461,19.08612,19.056640625,19.04332733154297,42570380760218244,42570380760238279,20.035,4.77721075
/root/autodl-tmp/eagle3-phase4.4a-performance-c-20260924,4,256,2,2,graph,62,19177842,19.177842,19.154722,19.098208,19.124128341674805,19.05254364013672,42570380779896257,42570380779918544,22.287,4.7944605
/root/autodl-tmp/eagle3-phase4.4a-performance-c-20260924,4,256,2,3,graph,63,19224394,19.224394,19.199743,19.064751,19.16796875,19.019775390625,42570380799663113,42570380799683206,20.093,4.8060985
/root/autodl-tmp/eagle3-phase4.4a-performance-c-20260924,4,256,2,4,graph,64,19349464,19.349464,19.289485,19.184647,19.240095138549805,19.137535095214844,42570380819621305,42570380819643458,22.153,4.837366
/root/autodl-tmp/eagle3-phase4.4a-performance-c-20260924,4,256,2,5,graph,65,19533095,19.533095,19.474392,19.350821,19.42451286315918,19.298303604125977,42570380839721293,42570380839747146,25.853,4.88327375
/root/autodl-tmp/eagle3-phase4.4a-performance-c-20260924,4,256,2,6,graph,66,19579881,19.579881,19.51458,19.374323,19.459135055541992,19.319807052612305,42570380860014145,42570380860040273,26.128,4.89497025
/root/autodl-tmp/eagle3-phase4.4a-performance-c-20260924,4,256,2,7,graph,67,19732660,19.73266,19.668199,19.503848,19.60985565185547,19.44268798828125,42570380880429370,42570380880458329,28.959,4.933165
/root/autodl-tmp/eagle3-phase4.4a-performance-c-20260924,4,256,2,8,graph,68,19842482,19.842482,19.768289,19.624503,19.703487396240234,19.559423446655273,42570380901078955,42570380901109342,30.387,4.9606205
/root/autodl-tmp/eagle3-phase4.4a-performance-c-20260924,4,256,2,9,graph,69,20021142,20.021142,19.940969,19.777938,19.87334442138672,19.709951400756836,42570380921910951,42570380921943478,32.527,5.0052855
/root/autodl-tmp/eagle3-phase4.4a-performance-c-20260924,4,256,2,0,eager,70,69481559,69.481559,69.395734,69.231305,69.3111343383789,69.14559936523438,42570380947060179,42570380947084167,23.988,17.37038975
/root/autodl-tmp/eagle3-phase4.4a-performance-c-20260924,4,256,2,1,eager,71,60076776,60.076776,60.01868,60.019587,59.96963119506836,59.97260665893555,42570381017215101,42570381017238965,23.864,15.019194
/root/autodl-tmp/eagle3-phase4.4a-performance-c-20260924,4,256,2,2,eager,72,52835738,52.835738,52.81286,52.779048,52.78169631958008,52.73497772216797,42570381077830930,42570381077850837,19.907,13.2089345
/root/autodl-tmp/eagle3-phase4.4a-performance-c-20260924,4,256,2,3,eager,73,53618427,53.618427,53.595477,53.577359,53.5629768371582,53.53267288208008,42570381131287179,42570381131314865,27.686,13.40460675
/root/autodl-tmp/eagle3-phase4.4a-performance-c-20260924,4,256,2,4,eager,74,53067961,53.067961,53.043553,53.003192,53.01164627075195,52.95820617675781,42570381185471944,42570381185504559,32.615,13.26699025
/root/autodl-tmp/eagle3-phase4.4a-performance-c-20260924,4,256,2,5,eager,75,53099096,53.099096,53.07868,53.065401,53.04655838012695,53.02163314819336,42570381239158866,42570381239189226,30.36,13.274774
/root/autodl-tmp/eagle3-phase4.4a-performance-c-20260924,4,256,2,6,eager,76,55976023,55.976023,55.95616,55.930108,55.924320220947266,55.88582229614258,42570381292821068,42570381292842422,21.354,13.99400575
/root/autodl-tmp/eagle3-phase4.4a-performance-c-20260924,4,256,2,7,eager,77,53200387,53.200387,53.180504,53.0785,53.14924621582031,53.032958984375,42570381349414008,42570381349440475,26.467,13.30009675
/root/autodl-tmp/eagle3-phase4.4a-performance-c-20260924,4,256,2,8,eager,78,52416312,52.416312,52.393831,52.562711,52.360958099365234,52.517887115478516,42570381403236239,42570381403257314,21.075,13.104078
/root/autodl-tmp/eagle3-phase4.4a-performance-c-20260924,4,256,2,9,eager,79,52532385,52.532385,52.512554,52.403538,52.482078552246094,52.359169006347656,42570381456414341,42570381456433698,19.357,13.13309625
/root/autodl-tmp/eagle3-phase4.4a-performance-c-20260924,4,256,2,0,coordinated-eager,80,54663512,54.663512,54.630652,54.646132,54.5871696472168,54.59251022338867,42570381512365859,42570381512382973,17.114,13.665878
/root/autodl-tmp/eagle3-phase4.4a-performance-c-20260924,4,256,2,1,coordinated-eager,81,57872385,57.872385,57.848775,57.796086,57.8175048828125,57.75155258178711,42570381567599531,42570381567620653,21.122,14.46809625
/root/autodl-tmp/eagle3-phase4.4a-performance-c-20260924,4,256,2,2,coordinated-eager,82,54329675,54.329675,54.284081,54.290133,54.25129699707031,54.244415283203125,42570381626098987,42570381626122161,23.174,13.58241875
/root/autodl-tmp/eagle3-phase4.4a-performance-c-20260924,4,256,2,3,coordinated-eager,83,53375203,53.375203,53.35088,53.307953,53.319583892822266,53.26335906982422,42570381680992425,42570381681011384,18.959,13.34380075
/root/autodl-tmp/eagle3-phase4.4a-performance-c-20260924,4,256,2,4,coordinated-eager,84,54392561,54.392561,54.367497,54.352181,54.32614517211914,54.30681610107422,42570381734971540,42570381735008478,36.938,13.59814025
/root/autodl-tmp/eagle3-phase4.4a-performance-c-20260924,4,256,2,5,coordinated-eager,85,53408117,53.408117,53.380555,53.345496,53.349342346191406,53.301246643066406,42570381789929053,42570381789959757,30.704,13.35202925
/root/autodl-tmp/eagle3-phase4.4a-performance-c-20260924,4,256,2,6,coordinated-eager,86,53609744,53.609744,53.589037,53.584061,53.557281494140625,53.53779220581055,42570381843957785,42570381843982729,24.944,13.402436
/root/autodl-tmp/eagle3-phase4.4a-performance-c-20260924,4,256,2,7,coordinated-eager,87,53771185,53.771185,53.742673,53.677804,53.71052932739258,53.63302230834961,42570381898137935,42570381898170683,32.748,13.44279625
/root/autodl-tmp/eagle3-phase4.4a-performance-c-20260924,4,256,2,8,coordinated-eager,88,57188705,57.188705,57.163035,56.715962,57.12713623046875,56.92620849609375,42570381952514028,42570381952538728,24.7,14.29717625
/root/autodl-tmp/eagle3-phase4.4a-performance-c-20260924,4,256,2,9,coordinated-eager,89,54391457,54.391457,54.363644,54.361079,54.32966232299805,54.31603240966797,42570382010348038,42570382010376526,28.488,13.59786425
/root/autodl-tmp/eagle3-phase4.4a-performance-c-20260924,4,256,3,0,graph,90,19184410,19.18441,19.157432,19.151844,19.116863250732422,19.096576690673828,42570382068110272,42570382068128424,18.152,4.7961025
/root/autodl-tmp/eagle3-phase4.4a-performance-c-20260924,4,256,3,1,graph,91,19102503,19.102503,19.082396,19.02413,19.051807403564453,18.97884750366211,42570382087854515,42570382087877260,22.745,4.77562575
/root/autodl-tmp/eagle3-phase4.4a-performance-c-20260924,4,256,3,2,graph,92,19174454,19.174454,19.151534,19.104654,19.119136810302734,19.060768127441406,42570382107559367,42570382107581682,22.315,4.7936135
/root/autodl-tmp/eagle3-phase4.4a-performance-c-20260924,4,256,3,3,graph,93,19334143,19.334143,19.280433,19.145644,19.23734474182129,19.09868812561035,42570382127420600,42570382127443028,22.428,4.83353575
/root/autodl-tmp/eagle3-phase4.4a-performance-c-20260924,4,256,3,4,graph,94,19471244,19.471244,19.410297,19.2575,19.36025619506836,19.207168579101562,42570382147502051,42570382147526319,24.268,4.867811
/root/autodl-tmp/eagle3-phase4.4a-performance-c-20260924,4,256,3,5,graph,95,19559245,19.559245,19.494196,19.363823,19.436704635620117,19.311616897583008,42570382167790037,42570382167816085,26.048,4.88981125
/root/autodl-tmp/eagle3-phase4.4a-performance-c-20260924,4,256,3,6,graph,96,19664442,19.664442,19.599847,19.478347,19.543807983398438,19.422208786010742,42570382188162157,42570382188191358,29.201,4.9161105
/root/autodl-tmp/eagle3-phase4.4a-performance-c-20260924,4,256,3,7,graph,97,20064666,20.064666,19.990914,19.823366,19.928991317749023,19.759103775024414,42570382208691616,42570382208724382,32.766,5.0161665
/root/autodl-tmp/eagle3-phase4.4a-performance-c-20260924,4,256,3,8,graph,98,21707692,21.707692,21.635621,21.485952,21.56048011779785,21.365760803222656,42570382230805039,42570382230845293,40.254,5.426923
/root/autodl-tmp/eagle3-phase4.4a-performance-c-20260924,4,256,3,9,graph,99,20264114,20.264114,20.180268,20.029204,20.111711502075195,19.956735610961914,42570382253489998,42570382253525744,35.746,5.0660285
/root/autodl-tmp/eagle3-phase4.4a-performance-c-20260924,4,256,3,0,coordinated-eager,100,73136273,73.136273,73.083243,72.927471,72.99641418457031,72.8351058959961,42570382280219013,42570382280249855,30.842,18.28406825
/root/autodl-tmp/eagle3-phase4.4a-performance-c-20260924,4,256,3,1,coordinated-eager,101,53976915,53.976915,53.919936,53.831112,53.87459182739258,53.784576416015625,42570382354053886,42570382354076688,22.802,13.49422875
/root/autodl-tmp/eagle3-phase4.4a-performance-c-20260924,4,256,3,2,coordinated-eager,102,54041159,54.041159,54.018547,53.97639,53.98729705810547,53.931007385253906,42570382408606771,42570382408626862,20.091,13.51028975
/root/autodl-tmp/eagle3-phase4.4a-performance-c-20260924,4,256,3,3,coordinated-eager,103,54140834,54.140834,54.11884,53.640785,54.085662841796875,53.594112396240234,42570382463356504,42570382463758102,401.598,13.5352085
/root/autodl-tmp/eagle3-phase4.4a-performance-c-20260924,4,256,3,4,coordinated-eager,104,56932152,56.932152,56.910069,56.91858,56.87696075439453,56.873985290527344,42570382518099767,42570382518120890,21.123,14.233038
/root/autodl-tmp/eagle3-phase4.4a-performance-c-20260924,4,256,3,5,coordinated-eager,105,53604824,53.604824,53.5809,53.529678,53.54886245727539,53.48556900024414,42570382575621236,42570382575641018,19.782,13.401206
/root/autodl-tmp/eagle3-phase4.4a-performance-c-20260924,4,256,3,6,coordinated-eager,106,53984080,53.98408,53.962876,53.96417,53.92975997924805,53.919742584228516,42570382629835643,42570382629856215,20.572,13.49602
/root/autodl-tmp/eagle3-phase4.4a-performance-c-20260924,4,256,3,7,coordinated-eager,107,53856837,53.856837,53.833695,53.789605,53.802528381347656,53.74668884277344,42570382684391216,42570382684411297,20.081,13.46420925
/root/autodl-tmp/eagle3-phase4.4a-performance-c-20260924,4,256,3,8,coordinated-eager,108,56912743,56.912743,56.883245,56.877166,56.84940719604492,56.832000732421875,42570382738866047,42570382738893252,27.205,14.22818575
/root/autodl-tmp/eagle3-phase4.4a-performance-c-20260924,4,256,3,9,coordinated-eager,109,52951986,52.951986,52.925543,52.883052,52.89446258544922,52.8364143371582,42570382796359375,42570382796390334,30.959,13.2379965
/root/autodl-tmp/eagle3-phase4.4a-performance-c-20260924,4,256,3,0,eager,110,52196657,52.196657,52.182013,52.187409,52.14252853393555,52.133888244628906,42570382853122171,42570382853135162,12.991,13.04916425
/root/autodl-tmp/eagle3-phase4.4a-performance-c-20260924,4,256,3,1,eager,111,52265145,52.265145,52.245163,52.198081,52.21382522583008,52.155391693115234,42570382905880516,42570382905900267,19.751,13.06628625
/root/autodl-tmp/eagle3-phase4.4a-performance-c-20260924,4,256,3,2,eager,112,52863259,52.863259,52.843127,52.832479,52.81129455566406,52.78822326660156,42570382958762450,42570382958787726,25.276,13.21581475
/root/autodl-tmp/eagle3-phase4.4a-performance-c-20260924,4,256,3,3,eager,113,56023023,56.023023,55.997216,55.970983,55.96547317504883,55.92678451538086,42570383012194251,42570383012213448,19.197,14.00575575
/root/autodl-tmp/eagle3-phase4.4a-performance-c-20260924,4,256,3,4,eager,114,52962948,52.962948,52.942262,51.992181,52.91027069091797,51.9475212097168,42570383068824972,42570383069690457,865.485,13.240737
/root/autodl-tmp/eagle3-phase4.4a-performance-c-20260924,4,256,3,5,eager,115,52607865,52.607865,52.580866,52.581059,52.54838562011719,52.53529739379883,42570383122413879,42570383122441963,28.084,13.15196625
/root/autodl-tmp/eagle3-phase4.4a-performance-c-20260924,4,256,3,6,eager,116,51829255,51.829255,51.803325,51.692201,51.77164840698242,51.64748764038086,42570383175601428,42570383175632445,31.017,12.95731375
/root/autodl-tmp/eagle3-phase4.4a-performance-c-20260924,4,256,3,7,eager,117,52902779,52.902779,52.882451,52.887421,52.85027313232422,52.84249496459961,42570383228028839,42570383228050061,21.222,13.22569475
/root/autodl-tmp/eagle3-phase4.4a-performance-c-20260924,4,256,3,8,eager,118,52055852,52.055852,52.031508,51.969831,51.99951934814453,51.92505645751953,42570383281502218,42570383281521863,19.645,13.013963
/root/autodl-tmp/eagle3-phase4.4a-performance-c-20260924,4,256,3,9,eager,119,54569784,54.569784,54.522446,54.522286,54.483585357666016,54.46758270263672,42570383334169768,42570383334197231,27.463,13.642446
/root/autodl-tmp/eagle3-phase4.4a-performance-c-20260924,4,256,4,0,coordinated-eager,120,55177133,55.177133,55.162575,55.140177,55.12150573730469,55.08505630493164,42570383395870172,42570383395893173,23.001,13.79428325
/root/autodl-tmp/eagle3-phase4.4a-performance-c-20260924,4,256,4,1,coordinated-eager,121,52983714,52.983714,52.962454,52.966033,52.93036651611328,52.92134475708008,42570383451701099,42570383451723497,22.398,13.2459285
/root/autodl-tmp/eagle3-phase4.4a-performance-c-20260924,4,256,4,2,coordinated-eager,122,53054218,53.054218,53.000079,52.947115,52.966304779052734,52.90086364746094,42570383505289680,42570383505315890,26.21,13.2635545
/root/autodl-tmp/eagle3-phase4.4a-performance-c-20260924,4,256,4,3,coordinated-eager,123,53226193,53.226193,53.199593,53.206862,53.166526794433594,53.15379333496094,42570383558927879,42570383558947658,19.779,13.30654825
/root/autodl-tmp/eagle3-phase4.4a-performance-c-20260924,4,256,4,4,coordinated-eager,124,52316556,52.316556,52.290204,52.245019,52.258174896240234,52.201473236083984,42570383612730186,42570383612749036,18.85,13.079139
/root/autodl-tmp/eagle3-phase4.4a-performance-c-20260924,4,256,4,5,coordinated-eager,125,57109254,57.109254,57.082517,56.981605,57.04902267456055,56.93638229370117,42570383665660603,42570383665689529,28.926,14.2773135
/root/autodl-tmp/eagle3-phase4.4a-performance-c-20260924,4,256,4,6,coordinated-eager,126,52367299,52.367299,52.346426,53.208075,52.31353759765625,53.16300964355469,42570383723378358,42570383723399677,21.319,13.09182475
/root/autodl-tmp/eagle3-phase4.4a-performance-c-20260924,4,256,4,7,coordinated-eager,127,52422219,52.422219,52.402149,52.301341,52.37184143066406,52.258750915527344,42570383777234571,42570383777255901,21.33,13.10555475
/root/autodl-tmp/eagle3-phase4.4a-performance-c-20260924,4,256,4,8,coordinated-eager,128,52901477,52.901477,52.845879,52.826795,52.81283187866211,52.782081604003906,42570383830296336,42570383830319240,22.904,13.22536925
/root/autodl-tmp/eagle3-phase4.4a-performance-c-20260924,4,256,4,9,coordinated-eager,129,52642044,52.642044,52.622025,52.51986,52.59030532836914,52.47590255737305,42570383883745927,42570383883767727,21.8,13.160511
/root/autodl-tmp/eagle3-phase4.4a-performance-c-20260924,4,256,4,0,graph,130,19136016,19.136016,19.121354,19.097508,19.0830078125,19.04435157775879,42570383940553030,42570383940568943,15.913,4.784004
/root/autodl-tmp/eagle3-phase4.4a-performance-c-20260924,4,256,4,1,graph,131,19182971,19.182971,19.162123,19.160332,19.13088035583496,19.116031646728516,42570383960290463,42570383960314976,24.513,4.79574275
/root/autodl-tmp/eagle3-phase4.4a-performance-c-20260924,4,256,4,2,graph,132,19155800,19.1558,19.126627,18.989423,19.097055435180664,18.947071075439453,42570383980023223,42570383980052383,29.16,4.78895
/root/autodl-tmp/eagle3-phase4.4a-performance-c-20260924,4,256,4,3,graph,133,19250360,19.25036,19.193551,19.06345,19.148639678955078,19.017728805541992,42570383999865741,42570383999888367,22.626,4.81259
/root/autodl-tmp/eagle3-phase4.4a-performance-c-20260924,4,256,4,4,graph,134,19447169,19.447169,19.387701,19.208421,19.339391708374023,19.156991958618164,42570384019813162,42570384019838065,24.903,4.86179225
/root/autodl-tmp/eagle3-phase4.4a-performance-c-20260924,4,256,4,5,graph,135,19571784,19.571784,19.505993,19.337128,19.45097541809082,19.282943725585938,42570384040041056,42570384040067857,26.801,4.892946
/root/autodl-tmp/eagle3-phase4.4a-performance-c-20260924,4,256,4,6,graph,136,19665170,19.66517,19.594174,19.465996,19.534496307373047,19.40889549255371,42570384060441728,42570384060471923,30.195,4.9162925
/root/autodl-tmp/eagle3-phase4.4a-performance-c-20260924,4,256,4,7,graph,137,19836302,19.836302,19.760939,19.592067,19.699039459228516,19.526655197143555,42570384080991672,42570384081024123,32.451,4.9590755
/root/autodl-tmp/eagle3-phase4.4a-performance-c-20260924,4,256,4,8,graph,138,19992245,19.992245,19.910367,19.736091,19.844512939453125,19.66592025756836,42570384101772622,42570384101804836,32.214,4.99806125
/root/autodl-tmp/eagle3-phase4.4a-performance-c-20260924,4,256,4,9,graph,139,20127410,20.12741,20.045692,19.836151,19.977312088012695,19.763263702392578,42570384122787449,42570384122823285,35.836,5.0318525
/root/autodl-tmp/eagle3-phase4.4a-performance-c-20260924,4,256,4,0,eager,140,73334613,73.334613,73.282364,73.129824,73.19586944580078,73.03884887695312,42570384150645861,42570384150673032,27.171,18.33365325
/root/autodl-tmp/eagle3-phase4.4a-performance-c-20260924,4,256,4,1,eager,141,55396360,55.39636,55.342125,55.342996,55.296417236328125,55.29395294189453,42570384224655239,42570384224678481,23.242,13.84909
/root/autodl-tmp/eagle3-phase4.4a-performance-c-20260924,4,256,4,2,eager,142,51656208,51.656208,51.633434,51.534012,51.601280212402344,51.49184036254883,42570384280583577,42570384280603742,20.165,12.914052
/root/autodl-tmp/eagle3-phase4.4a-performance-c-20260924,4,256,4,3,eager,143,51975855,51.975855,51.955316,51.934811,51.92399978637695,51.89120101928711,42570384332849694,42570384332871197,21.503,12.99396375
/root/autodl-tmp/eagle3-phase4.4a-performance-c-20260924,4,256,4,4,eager,144,51616406,51.616406,51.594252,51.490142,51.561344146728516,51.44675064086914,42570384385427026,42570384385448693,21.667,12.9041015
/root/autodl-tmp/eagle3-phase4.4a-performance-c-20260924,4,256,4,5,eager,145,52818695,52.818695,52.792777,52.769614,52.7606086730957,52.724735260009766,42570384437649298,42570384437675467,26.169,13.20467375
/root/autodl-tmp/eagle3-phase4.4a-performance-c-20260924,4,256,4,6,eager,146,51742841,51.742841,51.723083,51.671074,51.69123077392578,51.626976013183594,42570384491086389,42570384491107693,21.304,12.93571025
/root/autodl-tmp/eagle3-phase4.4a-performance-c-20260924,4,256,4,7,eager,147,52758870,52.75887,52.738186,52.723535,52.7059211730957,52.67865753173828,42570384543438577,42570384543460061,21.484,13.1897175
/root/autodl-tmp/eagle3-phase4.4a-performance-c-20260924,4,256,4,8,eager,148,51257338,51.257338,51.234533,51.189363,51.202911376953125,51.145729064941406,42570384596787496,42570384596808219,20.723,12.8143345
/root/autodl-tmp/eagle3-phase4.4a-performance-c-20260924,4,256,4,9,eager,149,52200693,52.200693,52.179144,52.171276,52.148094177246094,52.12771224975586,42570384648662392,42570384648681742,19.35,13.05017325
/root/autodl-tmp/eagle3-phase4.4a-performance-c-20260924,4,768,0,0,eager,154,69327600,69.3276,69.280795,69.247138,69.21449279785156,69.17593383789062,42570386293222422,42570386293245696,23.274,17.3319
/root/autodl-tmp/eagle3-phase4.4a-performance-c-20260924,4,768,0,1,eager,155,58134878,58.134878,58.111873,58.10084,58.07535934448242,58.05027389526367,42570386363247595,42570386363288106,40.511,14.5337195
/root/autodl-tmp/eagle3-phase4.4a-performance-c-20260924,4,768,0,2,eager,156,57169324,57.169324,57.147718,57.090844,57.113983154296875,57.0423698425293,42570386422035496,42570386422067660,32.164,14.292331
/root/autodl-tmp/eagle3-phase4.4a-performance-c-20260924,4,768,0,3,eager,157,57969680,57.96968,57.947355,57.93643,57.911617279052734,57.88857650756836,42570386479887919,42570386479918969,31.05,14.49242
/root/autodl-tmp/eagle3-phase4.4a-performance-c-20260924,4,768,0,4,eager,158,56913516,56.913516,56.891853,56.853241,56.85763168334961,56.80464172363281,42570386538516821,42570386538547530,30.709,14.228379
/root/autodl-tmp/eagle3-phase4.4a-performance-c-20260924,4,768,0,5,eager,159,58047657,58.047657,58.025842,57.913602,57.98969650268555,57.864990234375,42570386596121064,42570386596156804,35.74,14.51191425
/root/autodl-tmp/eagle3-phase4.4a-performance-c-20260924,4,768,0,6,eager,160,58437970,58.43797,58.416161,58.419857,58.38172912597656,58.370304107666016,42570386654863243,42570386654895320,32.077,14.6094925
/root/autodl-tmp/eagle3-phase4.4a-performance-c-20260924,4,768,0,7,eager,161,57209383,57.209383,57.188154,57.123213,57.1539192199707,57.07465744018555,42570386713969439,42570386713995911,26.472,14.30234575
/root/autodl-tmp/eagle3-phase4.4a-performance-c-20260924,4,768,0,8,eager,162,57561130,57.56113,57.538267,57.532024,57.50342559814453,57.482688903808594,42570386771882816,42570386771921408,38.592,14.3902825
/root/autodl-tmp/eagle3-phase4.4a-performance-c-20260924,4,768,0,9,eager,163,57086500,57.0865,57.065247,56.987228,57.03065490722656,56.93849563598633,42570386830113591,42570386830153963,40.372,14.271625
/root/autodl-tmp/eagle3-phase4.4a-performance-c-20260924,4,768,0,0,coordinated-eager,164,59073450,59.07345,59.045455,59.056252,59.003326416015625,58.998111724853516,42570386892137684,42570386892153618,15.934,14.7683625
/root/autodl-tmp/eagle3-phase4.4a-performance-c-20260924,4,768,0,1,coordinated-eager,165,58635151,58.635151,58.612464,58.600577,58.57798385620117,58.552833557128906,42570386951862232,42570386951895676,33.444,14.65878775
/root/autodl-tmp/eagle3-phase4.4a-performance-c-20260924,4,768,0,2,coordinated-eager,166,57948973,57.948973,57.925488,57.807744,57.89052963256836,57.75804901123047,42570387011180179,42570387011211224,31.045,14.48724325
/root/autodl-tmp/eagle3-phase4.4a-performance-c-20260924,4,768,0,3,coordinated-eager,167,58291122,58.291122,58.268302,58.277657,58.23388671875,58.2289924621582,42570387069828558,42570387069858886,30.328,14.5727805
/root/autodl-tmp/eagle3-phase4.4a-performance-c-20260924,4,768,0,4,coordinated-eager,168,58009325,58.009325,57.986949,57.930918,57.953311920166016,57.88265609741211,42570387128793008,42570387128821885,28.877,14.50233125
/root/autodl-tmp/eagle3-phase4.4a-performance-c-20260924,4,768,0,5,coordinated-eager,169,59289958,59.289958,59.266718,59.256308,59.23215866088867,59.20809555053711,42570387187517106,42570387187550548,33.442,14.8224895
/root/autodl-tmp/eagle3-phase4.4a-performance-c-20260924,4,768,0,6,coordinated-eager,170,57890342,57.890342,57.867096,57.817366,57.83305740356445,57.76838302612305,42570387247482861,42570387247511683,28.822,14.4725855
/root/autodl-tmp/eagle3-phase4.4a-performance-c-20260924,4,768,0,7,coordinated-eager,171,59008360,59.00836,58.985585,58.89235,58.95062255859375,58.84428787231445,42570387306051326,42570387306084905,33.579,14.75209
/root/autodl-tmp/eagle3-phase4.4a-performance-c-20260924,4,768,0,8,coordinated-eager,172,60874610,60.87461,60.849542,60.844117,60.814430236816406,60.79484939575195,42570387365764564,42570387365798202,33.638,15.2186525
/root/autodl-tmp/eagle3-phase4.4a-performance-c-20260924,4,768,0,9,coordinated-eager,173,57763405,57.763405,57.740569,57.674675,57.70655822753906,57.62643051147461,42570387427312154,42570387427342608,30.454,14.44085125
/root/autodl-tmp/eagle3-phase4.4a-performance-c-20260924,4,768,0,0,graph,174,20048141,20.048141,20.032523,20.016404,19.991519927978516,19.957727432250977,42570387490220140,42570387490235291,15.151,5.01203525
/root/autodl-tmp/eagle3-phase4.4a-performance-c-20260924,4,768,0,1,graph,175,19956607,19.956607,19.935526,19.909405,19.888256072998047,19.86083221435547,42570387510957050,42570387510999997,42.947,4.98915175
/root/autodl-tmp/eagle3-phase4.4a-performance-c-20260924,4,768,0,2,graph,176,19976385,19.976385,19.952801,19.791978,19.916608810424805,19.744319915771484,42570387531563377,42570387531593561,30.184,4.99409625
/root/autodl-tmp/eagle3-phase4.4a-performance-c-20260924,4,768,0,3,graph,177,20215230,20.21523,20.153861,19.997374,20.100095748901367,19.942495346069336,42570387552379939,42570387552404474,24.535,5.0538075
/root/autodl-tmp/eagle3-phase4.4a-performance-c-20260924,4,768,0,4,graph,178,20543533,20.543533,20.472841,20.276461,20.41244888305664,20.214527130126953,42570387573548274,42570387573577230,28.956,5.13588325
/root/autodl-tmp/eagle3-phase4.4a-performance-c-20260924,4,768,0,5,graph,179,20837594,20.837594,20.751995,20.566288,20.678848266601562,20.489728927612305,42570387595181224,42570387595218106,36.882,5.2093985
/root/autodl-tmp/eagle3-phase4.4a-performance-c-20260924,4,768,0,6,graph,180,21128050,21.12805,21.076724,20.886906,20.997343063354492,20.799936294555664,42570387617216937,42570387617254364,37.427,5.2820125
/root/autodl-tmp/eagle3-phase4.4a-performance-c-20260924,4,768,0,7,graph,181,21434353,21.434353,21.37789,21.112833,21.289535522460938,21.016191482543945,42570387639729325,42570387639790088,60.763,5.35858825
/root/autodl-tmp/eagle3-phase4.4a-performance-c-20260924,4,768,0,8,graph,182,21812342,21.812342,21.751184,21.442085,21.65519905090332,21.34105682373047,42570387662665134,42570387662734720,69.586,5.4530855
/root/autodl-tmp/eagle3-phase4.4a-performance-c-20260924,4,768,0,9,graph,183,22213524,22.213524,22.090357,21.755389,21.980735778808594,21.640735626220703,42570387686181268,42570387686237602,56.334,5.553381
/root/autodl-tmp/eagle3-phase4.4a-performance-c-20260924,4,768,1,0,eager,184,102995343,102.995343,102.911121,102.785293,102.76787567138672,102.64332580566406,42570387721879965,42570387721916306,36.341,25.74883575
/root/autodl-tmp/eagle3-phase4.4a-performance-c-20260924,4,768,1,1,eager,185,73769370,73.76937,73.675885,73.589202,73.60530853271484,73.52146911621094,42570387825935516,42570387825967981,32.465,18.4423425
/root/autodl-tmp/eagle3-phase4.4a-performance-c-20260924,4,768,1,2,eager,186,64189732,64.189732,64.160223,64.120374,64.11395263671875,64.0588150024414,42570387900545365,42570387900583443,38.078,16.047433
/root/autodl-tmp/eagle3-phase4.4a-performance-c-20260924,4,768,1,3,eager,187,61035908,61.035908,60.990944,60.97891,60.93609619140625,60.92367935180664,42570387965526374,42570387965559404,33.03,15.258977
/root/autodl-tmp/eagle3-phase4.4a-performance-c-20260924,4,768,1,4,eager,188,57371502,57.371502,57.344485,57.250384,57.30806350708008,57.19926452636719,42570388027234007,42570388027265471,31.464,14.3428755
/root/autodl-tmp/eagle3-phase4.4a-performance-c-20260924,4,768,1,5,eager,189,57823753,57.823753,57.801908,57.805307,57.766910552978516,57.75603103637695,42570388085287323,42570388085323539,36.216,14.45593825
/root/autodl-tmp/eagle3-phase4.4a-performance-c-20260924,4,768,1,6,eager,190,56427691,56.427691,56.404942,56.340362,56.37152099609375,56.292640686035156,42570388143778802,42570388143810378,31.576,14.10692275
/root/autodl-tmp/eagle3-phase4.4a-performance-c-20260924,4,768,1,7,eager,191,57531572,57.531572,57.510228,57.500844,57.475006103515625,57.452735900878906,42570388200890753,42570388200924702,33.949,14.382893
/root/autodl-tmp/eagle3-phase4.4a-performance-c-20260924,4,768,1,8,eager,192,56484557,56.484557,56.462909,56.420349,56.429054260253906,56.37209701538086,42570388259080205,42570388259112849,32.644,14.12113925
/root/autodl-tmp/eagle3-phase4.4a-performance-c-20260924,4,768,1,9,eager,193,57227131,57.227131,57.204894,57.11772,57.170654296875,57.06880187988281,42570388316247287,42570388316278466,31.179,14.30678275
/root/autodl-tmp/eagle3-phase4.4a-performance-c-20260924,4,768,1,0,graph,194,19951925,19.951925,19.914639,19.902784,19.872896194458008,19.8450870513916,42570388379012299,42570388379028453,16.154,4.98798125
/root/autodl-tmp/eagle3-phase4.4a-performance-c-20260924,4,768,1,1,graph,195,19986339,19.986339,19.962595,19.794273,19.927616119384766,19.746368408203125,42570388399646391,42570388399681359,34.968,4.99658475
/root/autodl-tmp/eagle3-phase4.4a-performance-c-20260924,4,768,1,2,graph,196,20630949,20.630949,20.599919,19.857661,20.552831649780273,19.78870391845703,42570388420373404,42570388421010460,637.056,5.15773725
/root/autodl-tmp/eagle3-phase4.4a-performance-c-20260924,4,768,1,3,graph,197,20192901,20.192901,20.132445,19.978345,20.078624725341797,19.92131233215332,42570388441836498,42570388441863152,26.654,5.04822525
/root/autodl-tmp/eagle3-phase4.4a-performance-c-20260924,4,768,1,4,graph,198,21598531,21.598531,21.521048,20.244353,21.456064224243164,21.162464141845703,42570388463014046,42570388463043964,29.918,5.39963275
/root/autodl-tmp/eagle3-phase4.4a-performance-c-20260924,4,768,1,5,graph,199,20856281,20.856281,20.771395,20.584454,20.699583053588867,20.508544921875,42570388485799022,42570388485834526,35.504,5.21407025
/root/autodl-tmp/eagle3-phase4.4a-performance-c-20260924,4,768,1,6,graph,200,21099396,21.099396,21.039273,20.826513,20.962783813476562,20.743167877197266,42570388507801684,42570388507851154,49.47,5.274849
/root/autodl-tmp/eagle3-phase4.4a-performance-c-20260924,4,768,1,7,graph,201,21419085,21.419085,21.362111,21.10098,21.267967224121094,21.005952835083008,42570388530253369,42570388530318862,65.493,5.35477125
/root/autodl-tmp/eagle3-phase4.4a-performance-c-20260924,4,768,1,8,graph,202,21679955,21.679955,21.616895,21.364254,21.52079963684082,21.26300811767578,42570388553125885,42570388553169364,43.479,5.41998875
/root/autodl-tmp/eagle3-phase4.4a-performance-c-20260924,4,768,1,9,graph,203,22112802,22.112802,22.043363,21.704877,21.938335418701172,21.58892822265625,42570388576471675,42570388576540491,68.816,5.5282005
/root/autodl-tmp/eagle3-phase4.4a-performance-c-20260924,4,768,1,0,coordinated-eager,204,97774763,97.774763,97.698526,97.392177,97.56806182861328,97.25631713867188,42570388613534744,42570388613573999,39.255,24.44369075
/root/autodl-tmp/eagle3-phase4.4a-performance-c-20260924,4,768,1,1,coordinated-eager,205,82332081,82.332081,82.244149,82.135977,82.1712646484375,82.06633758544922,42570388712432570,42570388712467189,34.619,20.58302025
/root/autodl-tmp/eagle3-phase4.4a-performance-c-20260924,4,768,1,2,coordinated-eager,206,65316427,65.316427,65.282721,65.281568,65.23686218261719,65.22124481201172,42570388795586854,42570388795614172,27.318,16.32910675
/root/autodl-tmp/eagle3-phase4.4a-performance-c-20260924,4,768,1,3,coordinated-eager,207,60083946,60.083946,60.058721,60.023766,60.019649505615234,59.97225570678711,42570388861597276,42570388861621997,24.721,15.0209865
/root/autodl-tmp/eagle3-phase4.4a-performance-c-20260924,4,768,1,4,coordinated-eager,208,59040559,59.040559,59.016641,58.928192,58.98051071166992,58.877952575683594,42570388922404844,42570388922436159,31.315,14.76013975
/root/autodl-tmp/eagle3-phase4.4a-performance-c-20260924,4,768,1,5,coordinated-eager,209,57977786,57.977786,57.955691,57.947342,57.92076873779297,57.89990234375,42570388982134678,42570388982171691,37.013,14.4944465
/root/autodl-tmp/eagle3-phase4.4a-performance-c-20260924,4,768,1,6,coordinated-eager,210,57305926,57.305926,57.284241,57.229494,57.24995040893555,57.18230438232422,42570389040779241,42570389040809659,30.418,14.3264815
/root/autodl-tmp/eagle3-phase4.4a-performance-c-20260924,4,768,1,7,coordinated-eager,211,58847212,58.847212,58.825521,58.826827,58.79094314575195,58.77862548828125,42570389098769467,42570389098803187,33.72,14.711803
/root/autodl-tmp/eagle3-phase4.4a-performance-c-20260924,4,768,1,8,coordinated-eager,212,60031953,60.031953,60.010292,60.023958,59.97651290893555,59.975616455078125,42570389158271534,42570389158300583,29.049,15.00798825
/root/autodl-tmp/eagle3-phase4.4a-performance-c-20260924,4,768,1,9,coordinated-eager,213,59430038,59.430038,59.407753,59.396352,59.37356948852539,59.346527099609375,42570389219023902,42570389219052250,28.348,14.8575095
/root/autodl-tmp/eagle3-phase4.4a-performance-c-20260924,4,768,2,0,graph,214,19949053,19.949053,19.927913,19.968487,19.886463165283203,19.907968521118164,42570389284597341,42570389284615340,17.999,4.98726325
/root/autodl-tmp/eagle3-phase4.4a-performance-c-20260924,4,768,2,1,graph,215,19824530,19.82453,19.8031,19.767572,19.769695281982422,19.721471786499023,42570389305249166,42570389305278832,29.666,4.9561325
/root/autodl-tmp/eagle3-phase4.4a-performance-c-20260924,4,768,2,2,graph,216,19943427,19.943427,19.919847,19.737021,19.88435173034668,19.68953514099121,42570389325742128,42570389325770941,28.813,4.98585675
/root/autodl-tmp/eagle3-phase4.4a-performance-c-20260924,4,768,2,3,graph,217,20270207,20.270207,20.205146,19.980003,20.15113639831543,19.923168182373047,42570389346529873,42570389346556250,26.377,5.06755175
/root/autodl-tmp/eagle3-phase4.4a-performance-c-20260924,4,768,2,4,graph,218,20556901,20.556901,20.484679,20.288321,20.41961669921875,20.22867202758789,42570389367802056,42570389367829140,27.084,5.13922525
/root/autodl-tmp/eagle3-phase4.4a-performance-c-20260924,4,768,2,5,graph,219,20861709,20.861709,20.783474,20.492206,20.712032318115234,20.423648834228516,42570389389417933,42570389389449385,31.452,5.21542725
/root/autodl-tmp/eagle3-phase4.4a-performance-c-20260924,4,768,2,6,graph,220,21095798,21.095798,21.006858,20.842059,20.92051124572754,20.759199142456055,42570389411606812,42570389411643128,36.316,5.2739495
/root/autodl-tmp/eagle3-phase4.4a-performance-c-20260924,4,768,2,7,graph,221,21456536,21.456536,21.400943,21.041285,21.313888549804688,20.945152282714844,42570389434001477,42570389434056294,54.817,5.364134
/root/autodl-tmp/eagle3-phase4.4a-performance-c-20260924,4,768,2,8,graph,222,22011070,22.01107,21.872338,21.499754,21.759872436523438,21.391616821289062,42570389457111291,42570389457161730,50.439,5.5027675
/root/autodl-tmp/eagle3-phase4.4a-performance-c-20260924,4,768,2,9,graph,223,22350617,22.350617,22.213277,21.8,22.093536376953125,21.681856155395508,42570389480951596,42570389481009080,57.484,5.58765425
/root/autodl-tmp/eagle3-phase4.4a-performance-c-20260924,4,768,2,0,eager,224,95543945,95.543945,95.466676,95.265493,95.31353759765625,95.11347198486328,42570389518870672,42570389518910187,39.515,23.88598625
/root/autodl-tmp/eagle3-phase4.4a-performance-c-20260924,4,768,2,1,eager,225,68990045,68.990045,68.9031,68.406687,68.83763122558594,68.33824157714844,42570389615462597,42570389615495285,32.688,17.24751125
/root/autodl-tmp/eagle3-phase4.4a-performance-c-20260924,4,768,2,2,eager,226,61935388,61.935388,61.909933,61.911015,61.86943817138672,61.854881286621094,42570389685207843,42570389685244977,37.134,15.483847
/root/autodl-tmp/eagle3-phase4.4a-performance-c-20260924,4,768,2,3,eager,227,58231332,58.231332,58.208547,58.156894,58.172447204589844,58.106849670410156,42570389747848629,42570389747873165,24.536,14.557833
/root/autodl-tmp/eagle3-phase4.4a-performance-c-20260924,4,768,2,4,eager,228,57303885,57.303885,57.281612,57.280429,57.24537658691406,57.231712341308594,42570389806781602,42570389806810298,28.696,14.32597125
/root/autodl-tmp/eagle3-phase4.4a-performance-c-20260924,4,768,2,5,eager,229,56824290,56.82429,56.803325,56.752018,56.77036666870117,56.704769134521484,42570389864734219,42570389864764585,30.366,14.2060725
/root/autodl-tmp/eagle3-phase4.4a-performance-c-20260924,4,768,2,6,eager,230,57956674,57.956674,57.93393,57.932513,57.899681091308594,57.88435363769531,42570389922260734,42570389922294253,33.519,14.4891685
/root/autodl-tmp/eagle3-phase4.4a-performance-c-20260924,4,768,2,7,eager,231,57469499,57.469499,57.449004,57.445762,57.41526412963867,57.399009704589844,42570389980865853,42570389980900069,34.216,14.36737475
/root/autodl-tmp/eagle3-phase4.4a-performance-c-20260924,4,768,2,8,eager,232,56685103,56.685103,56.649206,56.563304,56.61449432373047,56.515167236328125,42570390039004318,42570390039028801,24.483,14.17127575
/root/autodl-tmp/eagle3-phase4.4a-performance-c-20260924,4,768,2,9,eager,233,57865939,57.865939,57.845812,57.845557,57.81196975708008,57.796897888183594,42570390096358383,42570390096396676,38.293,14.46648475
/root/autodl-tmp/eagle3-phase4.4a-performance-c-20260924,4,768,2,0,coordinated-eager,234,57803913,57.803913,57.768693,57.717449,57.696895599365234,57.65862274169922,42570390160783965,42570390160794860,10.895,14.45097825
/root/autodl-tmp/eagle3-phase4.4a-performance-c-20260924,4,768,2,1,coordinated-eager,235,58400426,58.400426,58.379071,58.380342,58.34428787231445,58.33123016357422,42570390219297606,42570390219330139,32.533,14.6001065
/root/autodl-tmp/eagle3-phase4.4a-performance-c-20260924,4,768,2,2,coordinated-eager,236,57659956,57.659956,57.638754,57.599245,57.60367965698242,57.55231857299805,42570390278361424,42570390278393339,31.915,14.414989
/root/autodl-tmp/eagle3-phase4.4a-performance-c-20260924,4,768,2,3,coordinated-eager,237,58483078,58.483078,58.461227,58.378471,58.42643356323242,58.33087921142578,42570390336709512,42570390336740500,30.988,14.6207695
/root/autodl-tmp/eagle3-phase4.4a-performance-c-20260924,4,768,2,4,coordinated-eager,238,58683972,58.683972,58.662107,58.671811,58.62736129760742,58.6231689453125,42570390395887012,42570390395920543,33.531,14.670993
/root/autodl-tmp/eagle3-phase4.4a-performance-c-20260924,4,768,2,5,coordinated-eager,239,57511440,57.51144,57.488695,57.390259,57.453792572021484,57.341793060302734,42570390455253304,42570390455283585,30.281,14.37786
/root/autodl-tmp/eagle3-phase4.4a-performance-c-20260924,4,768,2,6,coordinated-eager,240,58586377,58.586377,58.564609,58.562916,58.530399322509766,58.51443099975586,42570390513447019,42570390513476190,29.171,14.64659425
/root/autodl-tmp/eagle3-phase4.4a-performance-c-20260924,4,768,2,7,coordinated-eager,241,57091038,57.091038,57.069425,57.020705,57.03548812866211,56.97353744506836,42570390572675778,42570390572705753,29.975,14.2727595
/root/autodl-tmp/eagle3-phase4.4a-performance-c-20260924,4,768,2,8,coordinated-eager,242,58625465,58.625465,58.604032,58.59282,58.5700798034668,58.54438400268555,42570390630469934,42570390630501616,31.682,14.65636625
/root/autodl-tmp/eagle3-phase4.4a-performance-c-20260924,4,768,2,9,coordinated-eager,243,58002536,58.002536,57.981383,57.987065,57.94755172729492,57.93916702270508,42570390689751206,42570390689783019,31.813,14.500634
/root/autodl-tmp/eagle3-phase4.4a-performance-c-20260924,4,768,3,0,graph,244,19925836,19.925836,19.898049,19.932317,19.85603141784668,19.874752044677734,42570390754295363,42570390754311054,15.691,4.981459
/root/autodl-tmp/eagle3-phase4.4a-performance-c-20260924,4,768,3,1,graph,245,19861494,19.861494,19.840291,19.794096,19.807968139648438,19.736352920532227,42570390774921006,42570390774953533,32.527,4.9653735
/root/autodl-tmp/eagle3-phase4.4a-performance-c-20260924,4,768,3,2,graph,246,19958837,19.958837,19.93588,19.775537,19.900863647460938,19.727455139160156,42570390795472887,42570390795507229,34.342,4.98970925
/root/autodl-tmp/eagle3-phase4.4a-performance-c-20260924,4,768,3,3,graph,247,20207250,20.20725,20.145163,19.976619,20.088895797729492,19.920352935791016,42570390816272200,42570390816298449,26.249,5.0518125
/root/autodl-tmp/eagle3-phase4.4a-performance-c-20260924,4,768,3,4,graph,248,20508174,20.508174,20.438157,20.26605,20.37673568725586,20.203968048095703,42570390837404285,42570390837433917,29.632,5.1270435
/root/autodl-tmp/eagle3-phase4.4a-performance-c-20260924,4,768,3,5,graph,249,20813329,20.813329,20.769227,20.58196,20.685855865478516,20.489856719970703,42570390858931753,42570390858963238,31.485,5.20333225
/root/autodl-tmp/eagle3-phase4.4a-performance-c-20260924,4,768,3,6,graph,250,21118350,21.11835,21.067383,20.866204,20.987743377685547,20.78099250793457,42570390880963481,42570390881007766,44.285,5.2795875
/root/autodl-tmp/eagle3-phase4.4a-performance-c-20260924,4,768,3,7,graph,251,21342348,21.342348,21.28762,21.068525,21.200864791870117,20.974048614501953,42570390903418268,42570390903470059,51.791,5.335587
/root/autodl-tmp/eagle3-phase4.4a-performance-c-20260924,4,768,3,8,graph,252,21690221,21.690221,21.629852,21.403645,21.53446388244629,21.299808502197266,42570390926243010,42570390926303343,60.333,5.42255525
/root/autodl-tmp/eagle3-phase4.4a-performance-c-20260924,4,768,3,9,graph,253,22159946,22.159946,22.093859,21.697076,21.988384246826172,21.581024169921875,42570390949561713,42570390949638303,76.59,5.5399865
/root/autodl-tmp/eagle3-phase4.4a-performance-c-20260924,4,768,3,0,coordinated-eager,254,95235020,95.23502,95.15866,95.009886,95.02633666992188,94.87798309326172,42570390988544046,42570390988582293,38.247,23.808755
/root/autodl-tmp/eagle3-phase4.4a-performance-c-20260924,4,768,3,1,coordinated-eager,255,80326084,80.326084,80.243457,80.206903,80.1798095703125,80.13906860351562,42570391084722425,42570391084755710,33.285,20.081521
/root/autodl-tmp/eagle3-phase4.4a-performance-c-20260924,4,768,3,2,coordinated-eager,256,65146935,65.146935,65.117373,65.029578,65.06953430175781,64.96710205078125,42570391165884256,42570391165922977,38.721,16.28673375
/root/autodl-tmp/eagle3-phase4.4a-performance-c-20260924,4,768,3,3,coordinated-eager,257,61550670,61.55067,61.526351,61.511424,61.48691177368164,61.45862579345703,42570391231785730,42570391231823023,37.293,15.3876675
/root/autodl-tmp/eagle3-phase4.4a-performance-c-20260924,4,768,3,4,coordinated-eager,258,59690921,59.690921,59.667804,59.657782,59.63270568847656,59.60918426513672,42570391293994531,42570391294021690,27.159,14.92273025
/root/autodl-tmp/eagle3-phase4.4a-performance-c-20260924,4,768,3,5,coordinated-eager,259,57436355,57.436355,57.415647,57.317045,57.38185501098633,57.2694091796875,42570391354340274,42570391354368624,28.35,14.35908875
/root/autodl-tmp/eagle3-phase4.4a-performance-c-20260924,4,768,3,6,coordinated-eager,260,58764573,58.764573,58.742775,58.751778,58.70851135253906,58.70383834838867,42570391412468095,42570391412498955,30.86,14.69114325
/root/autodl-tmp/eagle3-phase4.4a-performance-c-20260924,4,768,3,7,coordinated-eager,261,57616146,57.616146,57.595416,57.53461,57.56252670288086,57.48729705810547,42570391471910183,42570391471940833,30.65,14.4040365
/root/autodl-tmp/eagle3-phase4.4a-performance-c-20260924,4,768,3,8,coordinated-eager,262,58520850,58.52085,58.499427,58.501902,58.46531295776367,58.45404815673828,42570391530210036,42570391530241218,31.182,14.6302125
/root/autodl-tmp/eagle3-phase4.4a-performance-c-20260924,4,768,3,9,coordinated-eager,263,57617032,57.617032,57.595738,57.512162,57.561344146728516,57.4637451171875,42570391589402309,42570391589439024,36.715,14.404258
/root/autodl-tmp/eagle3-phase4.4a-performance-c-20260924,4,768,3,0,eager,264,56719638,56.719638,56.695108,56.607172,56.65119934082031,56.54572677612305,42570391654286810,42570391654303257,16.447,14.1799095
/root/autodl-tmp/eagle3-phase4.4a-performance-c-20260924,4,768,3,1,eager,265,56976534,56.976534,56.954509,56.960895,56.9186897277832,56.91187286376953,42570391711724202,42570391711753340,29.138,14.2441335
/root/autodl-tmp/eagle3-phase4.4a-performance-c-20260924,4,768,3,2,eager,266,56449009,56.449009,56.423503,56.297677,56.389793395996094,56.250911712646484,42570391769360330,42570391769386931,26.601,14.11225225
/root/autodl-tmp/eagle3-phase4.4a-performance-c-20260924,4,768,3,3,eager,267,57005175,57.005175,56.984473,56.985988,56.948768615722656,56.93657684326172,42570391826503553,42570391826538118,34.565,14.25129375
/root/autodl-tmp/eagle3-phase4.4a-performance-c-20260924,4,768,3,4,eager,268,59026515,59.026515,59.003512,58.946724,58.97004699707031,58.89932632446289,42570391884178830,42570391884214167,35.337,14.75662875
/root/autodl-tmp/eagle3-phase4.4a-performance-c-20260924,4,768,3,5,eager,269,57486619,57.486619,57.465422,57.442137,57.43052673339844,57.394527435302734,42570391943888123,42570391943922986,34.863,14.37165475
/root/autodl-tmp/eagle3-phase4.4a-performance-c-20260924,4,768,3,6,eager,270,56763331,56.763331,56.742015,56.690561,56.70867156982422,56.63510513305664,42570392002024752,42570392002055187,30.435,14.19083275
/root/autodl-tmp/eagle3-phase4.4a-performance-c-20260924,4,768,3,7,eager,271,59493049,59.493049,59.47133,58.781455,59.43523025512695,58.71660614013672,42570392059587890,42570392060270799,682.909,14.87326225
/root/autodl-tmp/eagle3-phase4.4a-performance-c-20260924,4,768,3,8,eager,272,58197556,58.197556,58.176441,58.173043,58.1412467956543,58.1195182800293,42570392119814728,42570392119851650,36.922,14.549389
/root/autodl-tmp/eagle3-phase4.4a-performance-c-20260924,4,768,3,9,eager,273,56823525,56.823525,56.803677,56.740952,56.769535064697266,56.69468688964844,42570392178665690,42570392178697357,31.667,14.20588125
/root/autodl-tmp/eagle3-phase4.4a-performance-c-20260924,4,768,4,0,coordinated-eager,274,59088764,59.088764,59.072915,59.088574,59.03033447265625,59.0299186706543,42570392243435334,42570392243449674,14.34,14.772191
/root/autodl-tmp/eagle3-phase4.4a-performance-c-20260924,4,768,4,1,coordinated-eager,275,57721372,57.721372,57.699388,57.663071,57.665409088134766,57.61552047729492,42570392303205458,42570392303236401,30.943,14.430343
/root/autodl-tmp/eagle3-phase4.4a-performance-c-20260924,4,768,4,2,coordinated-eager,276,59033142,59.033142,59.011236,58.921993,58.976768493652344,58.8737907409668,42570392361618311,42570392361649584,31.273,14.7582855
/root/autodl-tmp/eagle3-phase4.4a-performance-c-20260924,4,768,4,3,coordinated-eager,277,58483568,58.483568,58.462003,58.461267,58.428001403808594,58.412574768066406,42570392421348100,42570392421388673,40.573,14.620892
/root/autodl-tmp/eagle3-phase4.4a-performance-c-20260924,4,768,4,4,coordinated-eager,278,57478906,57.478906,57.457553,57.356899,57.42377471923828,57.309566497802734,42570392480513590,42570392480543787,30.197,14.3697265
/root/autodl-tmp/eagle3-phase4.4a-performance-c-20260924,4,768,4,5,coordinated-eager,279,58626314,58.626314,58.604329,58.611848,58.56943893432617,58.562686920166016,42570392538702881,42570392538735569,32.688,14.6565785
/root/autodl-tmp/eagle3-phase4.4a-performance-c-20260924,4,768,4,6,coordinated-eager,280,57844398,57.844398,57.822952,57.769433,57.789215087890625,57.7224006652832,42570392597991218,42570392598025357,34.139,14.4610995
/root/autodl-tmp/eagle3-phase4.4a-performance-c-20260924,4,768,4,7,coordinated-eager,281,58279390,58.27939,58.257755,58.256716,58.223201751708984,58.208641052246094,42570392656534002,42570392656564186,30.184,14.5698475
/root/autodl-tmp/eagle3-phase4.4a-performance-c-20260924,4,768,4,8,coordinated-eager,282,58505902,58.505902,58.484833,58.478442,58.44960021972656,58.43183898925781,42570392715476476,42570392715508070,31.594,14.6264755
/root/autodl-tmp/eagle3-phase4.4a-performance-c-20260924,4,768,4,9,coordinated-eager,283,57279038,57.279038,57.258751,57.155852,57.22496032714844,57.10825729370117,42570392774629496,42570392774660137,30.641,14.3197595
/root/autodl-tmp/eagle3-phase4.4a-performance-c-20260924,4,768,4,0,graph,284,20144949,20.144949,20.116658,20.093896,20.07619285583496,20.034975051879883,42570392840023484,42570392840040917,17.433,5.03623725
/root/autodl-tmp/eagle3-phase4.4a-performance-c-20260924,4,768,4,1,graph,285,20002729,20.002729,19.981001,19.958212,19.94940757751465,19.911712646484375,42570392860842263,42570392860869125,26.862,5.00068225
/root/autodl-tmp/eagle3-phase4.4a-performance-c-20260924,4,768,4,2,graph,286,20193703,20.193703,20.169389,19.963014,20.133407592773438,19.914527893066406,42570392881513106,42570392881541403,28.297,5.04842575
/root/autodl-tmp/eagle3-phase4.4a-performance-c-20260924,4,768,4,3,graph,287,20514910,20.51491,20.448017,20.237008,20.388671875,20.179967880249023,42570392902625517,42570392902650637,25.12,5.1287275
/root/autodl-tmp/eagle3-phase4.4a-performance-c-20260924,4,768,4,4,graph,288,20443784,20.443784,20.37009,20.149098,20.30841636657715,20.085695266723633,42570392924085624,42570392924113942,28.318,5.110946
/root/autodl-tmp/eagle3-phase4.4a-performance-c-20260924,4,768,4,5,graph,289,20746353,20.746353,20.669587,20.389968,20.598751068115234,20.320768356323242,42570392945577657,42570392945620267,42.61,5.18658825
/root/autodl-tmp/eagle3-phase4.4a-performance-c-20260924,4,768,4,6,graph,290,21020398,21.020398,20.927907,20.647606,20.844192504882812,20.572256088256836,42570392967560844,42570392967593637,32.793,5.2550995
/root/autodl-tmp/eagle3-phase4.4a-performance-c-20260924,4,768,4,7,graph,291,21393498,21.393498,21.29854,20.894885,21.20751953125,20.807872772216797,42570392989896478,42570392989949233,52.755,5.3483745
/root/autodl-tmp/eagle3-phase4.4a-performance-c-20260924,4,768,4,8,graph,292,21889382,21.889382,21.769259,21.44129,21.662656784057617,21.34876823425293,42570393012907218,42570393012951965,44.747,5.4723455
/root/autodl-tmp/eagle3-phase4.4a-performance-c-20260924,4,768,4,9,graph,293,22216304,22.216304,22.07978,21.746534,21.95859146118164,21.634592056274414,42570393036612257,42570393036667059,54.802,5.554076
/root/autodl-tmp/eagle3-phase4.4a-performance-c-20260924,4,768,4,0,eager,294,99753009,99.753009,99.681679,99.566972,99.55625915527344,99.44300842285156,42570393078039119,42570393078078390,39.271,24.93825225
/root/autodl-tmp/eagle3-phase4.4a-performance-c-20260924,4,768,4,1,eager,295,68649395,68.649395,68.559005,68.474571,68.48700714111328,68.39228820800781,42570393178886278,42570393178926643,40.365,17.16234875
/root/autodl-tmp/eagle3-phase4.4a-performance-c-20260924,4,768,4,2,eager,296,61034039,61.034039,61.009969,61.003033,60.969825744628906,60.94847869873047,42570393248252474,42570393248284928,32.454,15.25850975
/root/autodl-tmp/eagle3-phase4.4a-performance-c-20260924,4,768,4,3,eager,297,57761442,57.761442,57.739357,57.674487,57.70332717895508,57.623775482177734,42570393309957679,42570393309991305,33.626,14.4403605
/root/autodl-tmp/eagle3-phase4.4a-performance-c-20260924,4,768,4,4,eager,298,57977090,57.97709,57.955688,57.902902,57.91932678222656,57.85388946533203,42570393368425473,42570393368456727,31.254,14.4942725
/root/autodl-tmp/eagle3-phase4.4a-performance-c-20260924,4,768,4,5,eager,299,57504525,57.504525,57.48308,57.475579,57.446815490722656,57.42732620239258,42570393427121734,42570393427151006,29.272,14.37613125
/root/autodl-tmp/eagle3-phase4.4a-performance-c-20260924,4,768,4,6,eager,300,56396253,56.396253,56.37639,56.283391,56.342079162597656,56.236385345458984,42570393485269453,42570393485292555,23.102,14.09906325
/root/autodl-tmp/eagle3-phase4.4a-performance-c-20260924,4,768,4,7,eager,301,56802024,56.802024,56.780249,56.784972,56.745086669921875,56.735294342041016,42570393542352558,42570393542387387,34.829,14.200506
/root/autodl-tmp/eagle3-phase4.4a-performance-c-20260924,4,768,4,8,eager,302,56521312,56.521312,56.500746,56.446468,56.46633529663086,56.39945602416992,42570393599810545,42570393599844967,34.422,14.130328
/root/autodl-tmp/eagle3-phase4.4a-performance-c-20260924,4,768,4,9,eager,303,57230219,57.230219,57.209486,57.200706,57.17443084716797,57.15241622924805,42570393657009088,42570393657042687,33.599,14.30755475
/root/autodl-tmp/eagle3-phase4.4a-performance-c-20260924,8,256,0,0,eager,308,66603113,66.603113,66.551572,66.369386,66.48284912109375,66.29039764404297,42570395253367701,42570395253396927,29.226,8.325389125
/root/autodl-tmp/eagle3-phase4.4a-performance-c-20260924,8,256,0,1,eager,309,57427053,57.427053,57.403654,57.302587,57.365726470947266,57.25260925292969,42570395320918477,42570395320953696,35.219,7.178381625
/root/autodl-tmp/eagle3-phase4.4a-performance-c-20260924,8,256,0,2,eager,310,58258319,58.258319,58.235797,58.186236,58.20025634765625,58.13532638549805,42570395379324466,42570395379360240,35.774,7.282289875
/root/autodl-tmp/eagle3-phase4.4a-performance-c-20260924,8,256,0,3,eager,311,58306565,58.306565,58.283908,58.284348,58.2487678527832,58.23430252075195,42570395438569680,42570395438603341,33.661,7.288320625
/root/autodl-tmp/eagle3-phase4.4a-performance-c-20260924,8,256,0,4,eager,312,57179091,57.179091,57.157267,57.004731,57.122718811035156,56.96316909790039,42570395497820210,42570395497854820,34.61,7.147386375
/root/autodl-tmp/eagle3-phase4.4a-performance-c-20260924,8,256,0,5,eager,313,58360122,58.360122,58.338041,58.316042,58.302879333496094,58.26652908325195,42570395555969132,42570395556007868,38.736,7.29501525
/root/autodl-tmp/eagle3-phase4.4a-performance-c-20260924,8,256,0,6,eager,314,57317415,57.317415,57.295233,57.188167,57.25900650024414,57.1379508972168,42570395615267610,42570395615299840,32.23,7.164676875
/root/autodl-tmp/eagle3-phase4.4a-performance-c-20260924,8,256,0,7,eager,315,58608318,58.608318,58.586325,58.554974,58.55094528198242,58.505855560302734,42570395673546704,42570395673581157,34.453,7.32603975
/root/autodl-tmp/eagle3-phase4.4a-performance-c-20260924,8,256,0,8,eager,316,57639939,57.639939,57.617777,57.52285,57.58204650878906,57.47334289550781,42570395733125488,42570395733165811,40.323,7.204992375
/root/autodl-tmp/eagle3-phase4.4a-performance-c-20260924,8,256,0,9,eager,317,58821553,58.821553,58.799279,58.767816,58.76374435424805,58.71775817871094,42570395791771361,42570395791805557,34.196,7.352694125
/root/autodl-tmp/eagle3-phase4.4a-performance-c-20260924,8,256,0,0,coordinated-eager,318,59492554,59.492554,59.475651,59.466096,59.4317741394043,59.40758514404297,42570395859026653,42570395859050434,23.781,7.43656925
/root/autodl-tmp/eagle3-phase4.4a-performance-c-20260924,8,256,0,1,coordinated-eager,319,58156632,58.156632,58.133997,58.042345,58.098785400390625,57.994144439697266,42570395919449362,42570395919483808,34.446,7.269579
/root/autodl-tmp/eagle3-phase4.4a-performance-c-20260924,8,256,0,2,coordinated-eager,320,58989941,58.989941,58.967077,58.933363,58.93056106567383,58.88399887084961,42570395978574755,42570395978612130,37.375,7.373742625
/root/autodl-tmp/eagle3-phase4.4a-performance-c-20260924,8,256,0,3,coordinated-eager,321,58252169,58.252169,58.229682,58.14576,58.194942474365234,58.09622573852539,42570396038503662,42570396038536232,32.57,7.281521125
/root/autodl-tmp/eagle3-phase4.4a-performance-c-20260924,8,256,0,4,coordinated-eager,322,58951579,58.951579,58.928539,58.892609,58.89295959472656,58.84310531616211,42570396097730065,42570396097768363,38.298,7.368947375
/root/autodl-tmp/eagle3-phase4.4a-performance-c-20260924,8,256,0,5,coordinated-eager,323,59493098,59.493098,59.469977,59.437652,59.433406829833984,59.38835144042969,42570396157648123,42570396157686596,38.473,7.43663725
/root/autodl-tmp/eagle3-phase4.4a-performance-c-20260924,8,256,0,6,coordinated-eager,324,61132822,61.132822,61.108688,60.956736,61.07398223876953,60.911617279052734,42570396218074776,42570396218109111,34.335,7.64160275
/root/autodl-tmp/eagle3-phase4.4a-performance-c-20260924,8,256,0,7,coordinated-eager,325,58785756,58.785756,58.762957,58.733525,58.72710418701172,58.684959411621094,42570396280188945,42570396280224214,35.269,7.3482195
/root/autodl-tmp/eagle3-phase4.4a-performance-c-20260924,8,256,0,8,coordinated-eager,326,58389366,58.389366,58.366269,58.276576,58.33097457885742,58.226497650146484,42570396339929735,42570396339963615,33.88,7.29867075
/root/autodl-tmp/eagle3-phase4.4a-performance-c-20260924,8,256,0,9,coordinated-eager,327,58773664,58.773664,58.749333,58.683335,58.71356964111328,58.63343811035156,42570396399300960,42570396399339360,38.4,7.346708
/root/autodl-tmp/eagle3-phase4.4a-performance-c-20260924,8,256,0,0,graph,328,20056337,20.056337,20.038974,19.994056,19.997407913208008,19.93142318725586,42570396466582094,42570396466597879,15.785,2.507042125
/root/autodl-tmp/eagle3-phase4.4a-performance-c-20260924,8,256,0,1,graph,329,19977138,19.977138,19.953669,20.032339,19.918304443359375,19.982784271240234,42570396487605917,42570396487641308,35.391,2.49714225
/root/autodl-tmp/eagle3-phase4.4a-performance-c-20260924,8,256,0,2,graph,330,20088233,20.088233,20.063835,19.853684,20.027103424072266,19.811199188232422,42570396508618192,42570396508648756,30.564,2.511029125
/root/autodl-tmp/eagle3-phase4.4a-performance-c-20260924,8,256,0,3,graph,331,20397591,20.397591,20.330864,20.048349,20.274335861206055,20.03651237487793,42570396529905081,42570396529934040,28.959,2.549698875
/root/autodl-tmp/eagle3-phase4.4a-performance-c-20260924,8,256,0,4,graph,332,22530427,22.530427,22.45306,22.204251,22.384672164916992,22.139999389648438,42570396551698472,42570396551729016,30.544,2.816303375
/root/autodl-tmp/eagle3-phase4.4a-performance-c-20260924,8,256,0,5,graph,333,21007296,21.007296,20.921701,20.671591,20.849376678466797,20.59542465209961,42570396575734722,42570396575772855,38.133,2.625912
/root/autodl-tmp/eagle3-phase4.4a-performance-c-20260924,8,256,0,6,graph,334,21227627,21.227627,21.136529,20.788901,21.059072494506836,20.733184814453125,42570396598346324,42570396598386703,40.379,2.653453375
/root/autodl-tmp/eagle3-phase4.4a-performance-c-20260924,8,256,0,7,graph,335,21645573,21.645573,21.546976,21.233955,21.456287384033203,21.146272659301758,42570396621409697,42570396621453174,43.477,2.705696625
/root/autodl-tmp/eagle3-phase4.4a-performance-c-20260924,8,256,0,8,graph,336,21897901,21.897901,21.833132,21.468627,21.736255645751953,21.364543914794922,42570396645057884,42570396645126900,69.016,2.737237625
/root/autodl-tmp/eagle3-phase4.4a-performance-c-20260924,8,256,0,9,graph,337,22195818,22.195818,22.125853,21.597106,22.01888084411621,21.53343963623047,42570396669264784,42570396669348680,83.896,2.77447725
/root/autodl-tmp/eagle3-phase4.4a-performance-c-20260924,8,256,1,0,eager,338,90686676,90.686676,90.615804,90.320329,90.4969253540039,90.28015899658203,42570396713203707,42570396713239965,36.258,11.3358345
/root/autodl-tmp/eagle3-phase4.4a-performance-c-20260924,8,256,1,1,eager,339,67684413,67.684413,67.623814,67.503062,67.56486511230469,67.45011138916016,42570396805129562,42570396805155862,26.3,8.460551625
/root/autodl-tmp/eagle3-phase4.4a-performance-c-20260924,8,256,1,2,eager,340,58406306,58.406306,58.383884,58.342817,58.347999572753906,58.29296112060547,42570396873743856,42570396873780926,37.07,7.30078825
/root/autodl-tmp/eagle3-phase4.4a-performance-c-20260924,8,256,1,3,eager,341,58342594,58.342594,58.320048,58.213587,58.28396987915039,58.164161682128906,42570396933127868,42570396933162652,34.784,7.29282425
/root/autodl-tmp/eagle3-phase4.4a-performance-c-20260924,8,256,1,4,eager,342,58192393,58.192393,58.168019,58.131982,58.13158416748047,58.081729888916016,42570396992454946,42570396992488125,33.179,7.274049125
/root/autodl-tmp/eagle3-phase4.4a-performance-c-20260924,8,256,1,5,eager,343,57333385,57.333385,57.310543,57.212422,57.274654388427734,57.162654876708984,42570397051639335,42570397051674513,35.178,7.166673125
/root/autodl-tmp/eagle3-phase4.4a-performance-c-20260924,8,256,1,6,eager,344,58367298,58.367298,58.345073,58.304755,58.30976104736328,58.255584716796875,42570397109936845,42570397109966435,29.59,7.29591225
/root/autodl-tmp/eagle3-phase4.4a-performance-c-20260924,8,256,1,7,eager,345,57951783,57.951783,57.929032,57.831149,57.892574310302734,57.782047271728516,42570397169276715,42570397169306992,30.277,7.243972875
/root/autodl-tmp/eagle3-phase4.4a-performance-c-20260924,8,256,1,8,eager,346,60443462,60.443462,60.421798,60.276406,60.38108825683594,60.227264404296875,42570397228203608,42570397228240755,37.147,7.55543275
/root/autodl-tmp/eagle3-phase4.4a-performance-c-20260924,8,256,1,9,eager,347,57768371,57.768371,57.746231,57.729877,57.71062469482422,57.68038558959961,42570397289621335,42570397289655470,34.135,7.221046375
/root/autodl-tmp/eagle3-phase4.4a-performance-c-20260924,8,256,1,0,graph,348,20283958,20.283958,20.266783,20.198163,20.224544525146484,20.139936447143555,42570397356455684,42570397356499398,43.714,2.53549475
/root/autodl-tmp/eagle3-phase4.4a-performance-c-20260924,8,256,1,1,graph,349,20082291,20.082291,20.058806,19.993107,20.023679733276367,19.94473648071289,42570397377686877,42570397377722416,35.539,2.510286375
/root/autodl-tmp/eagle3-phase4.4a-performance-c-20260924,8,256,1,2,graph,350,20089740,20.08974,20.064782,19.911365,20.028127670288086,19.86297607421875,42570397398699462,42570397398733322,33.86,2.5112175
/root/autodl-tmp/eagle3-phase4.4a-performance-c-20260924,8,256,1,3,graph,351,20316661,20.316661,20.248761,20.048236,20.19366455078125,19.991487503051758,42570397419952057,42570397419981270,29.213,2.539582625
/root/autodl-tmp/eagle3-phase4.4a-performance-c-20260924,8,256,1,4,graph,352,20524166,20.524166,20.448783,20.221601,20.388832092285156,20.15897560119629,42570397441488141,42570397441520714,32.573,2.56552075
/root/autodl-tmp/eagle3-phase4.4a-performance-c-20260924,8,256,1,5,graph,353,20753399,20.753399,20.674061,20.420178,20.604480743408203,20.349855422973633,42570397463412501,42570397463449173,36.672,2.594174875
/root/autodl-tmp/eagle3-phase4.4a-performance-c-20260924,8,256,1,6,graph,354,21098471,21.098471,21.00586,20.686949,20.926912307739258,20.61417579650879,42570397485764392,42570397485805238,40.846,2.637308875
/root/autodl-tmp/eagle3-phase4.4a-performance-c-20260924,8,256,1,7,graph,355,21368288,21.368288,21.263242,20.978283,21.172576904296875,20.88924789428711,42570397508711106,42570397508754882,43.776,2.671036
/root/autodl-tmp/eagle3-phase4.4a-performance-c-20260924,8,256,1,8,graph,356,23324576,23.324576,23.260745,22.908012,23.167327880859375,22.803455352783203,42570397532119268,42570397532186845,67.577,2.915572
/root/autodl-tmp/eagle3-phase4.4a-performance-c-20260924,8,256,1,9,graph,357,22270711,22.270711,22.199336,21.719529,22.08684730529785,21.63225555419922,42570397557709396,42570397557781391,71.995,2.783838875
/root/autodl-tmp/eagle3-phase4.4a-performance-c-20260924,8,256,1,0,coordinated-eager,358,89738462,89.738462,89.665092,89.459171,89.54386901855469,89.34812927246094,42570397602219907,42570397602257177,37.27,11.21730775
/root/autodl-tmp/eagle3-phase4.4a-performance-c-20260924,8,256,1,1,coordinated-eager,359,66244847,66.244847,66.183459,66.144388,66.12870025634766,66.0923843383789,42570397693036075,42570397693063127,27.052,8.280605875
/root/autodl-tmp/eagle3-phase4.4a-performance-c-20260924,8,256,1,2,coordinated-eager,360,59260310,59.26031,59.237419,59.248407,59.20163345336914,59.19785690307617,42570397760224430,42570397760257650,33.22,7.40753875
/root/autodl-tmp/eagle3-phase4.4a-performance-c-20260924,8,256,1,3,coordinated-eager,361,62738550,62.73855,62.715061,61.970022,62.67910385131836,61.92099380493164,42570397820439172,42570397820473858,34.686,7.84231875
/root/autodl-tmp/eagle3-phase4.4a-performance-c-20260924,8,256,1,4,coordinated-eager,362,58489201,58.489201,58.466244,58.443616,58.430816650390625,58.394657135009766,42570397884161055,42570397884197161,36.106,7.311150125
/root/autodl-tmp/eagle3-phase4.4a-performance-c-20260924,8,256,1,5,coordinated-eager,363,58162535,58.162535,58.139113,58.043774,58.10380935668945,57.99568176269531,42570397943576372,42570397943608221,31.849,7.270316875
/root/autodl-tmp/eagle3-phase4.4a-performance-c-20260924,8,256,1,6,coordinated-eager,364,59041293,59.041293,59.017948,58.983246,58.98236846923828,58.932735443115234,42570398002713252,42570398002751182,37.93,7.380161625
/root/autodl-tmp/eagle3-phase4.4a-performance-c-20260924,8,256,1,7,coordinated-eager,365,60882274,60.882274,60.859201,60.866396,60.823551177978516,60.81718444824219,42570398062716958,42570398062749179,32.221,7.61028425
/root/autodl-tmp/eagle3-phase4.4a-performance-c-20260924,8,256,1,8,coordinated-eager,366,58119900,58.1199,58.097028,58.037734,58.06275177001953,57.98931121826172,42570398124534797,42570398124564199,29.402,7.2649875
/root/autodl-tmp/eagle3-phase4.4a-performance-c-20260924,8,256,1,9,coordinated-eager,367,59413172,59.413172,59.389708,59.355496,59.35433578491211,59.30601501464844,42570398183632806,42570398183669665,36.859,7.4266465
/root/autodl-tmp/eagle3-phase4.4a-performance-c-20260924,8,256,2,0,graph,368,20045028,20.045028,20.027008,19.97125,19.984800338745117,19.91276741027832,42570398252546058,42570398252567472,21.414,2.5056285
/root/autodl-tmp/eagle3-phase4.4a-performance-c-20260924,8,256,2,1,graph,369,20001128,20.001128,19.977593,19.861873,19.942367553710938,19.813600540161133,42570398273536105,42570398273574114,38.009,2.500141
/root/autodl-tmp/eagle3-phase4.4a-performance-c-20260924,8,256,2,2,graph,370,20266296,20.266296,20.241433,20.073521,20.204160690307617,20.02454376220703,42570398294466710,42570398294497496,30.786,2.533287
/root/autodl-tmp/eagle3-phase4.4a-performance-c-20260924,8,256,2,3,graph,371,20475856,20.475856,20.438541,20.119721,20.385311126708984,20.117664337158203,42570398315871531,42570398315899205,27.674,2.559482
/root/autodl-tmp/eagle3-phase4.4a-performance-c-20260924,8,256,2,4,graph,372,20778055,20.778055,20.690522,20.452919,20.614688873291016,20.38515281677246,42570398337973096,42570398338006166,33.07,2.597256875
/root/autodl-tmp/eagle3-phase4.4a-performance-c-20260924,8,256,2,5,graph,373,21028738,21.028738,20.979892,20.689603,20.90947151184082,20.613632202148438,42570398360215349,42570398360267028,51.679,2.62859225
/root/autodl-tmp/eagle3-phase4.4a-performance-c-20260924,8,256,2,6,graph,374,21202009,21.202009,21.149009,20.849577,21.046720504760742,20.765888214111328,42570398382964285,42570398383031838,67.553,2.650251125
/root/autodl-tmp/eagle3-phase4.4a-performance-c-20260924,8,256,2,7,graph,375,21540296,21.540296,21.483301,21.177632,21.39628791809082,21.0850887298584,42570398406047474,42570398406107401,59.927,2.692537
/root/autodl-tmp/eagle3-phase4.4a-performance-c-20260924,8,256,2,8,graph,376,21975526,21.975526,21.909694,21.559308,21.8121280670166,21.456384658813477,42570398429639421,42570398429706994,67.573,2.74694075
/root/autodl-tmp/eagle3-phase4.4a-performance-c-20260924,8,256,2,9,graph,377,22216997,22.216997,22.149431,21.684863,22.044063568115234,21.58883285522461,42570398453881774,42570398453956326,74.552,2.777124625
/root/autodl-tmp/eagle3-phase4.4a-performance-c-20260924,8,256,2,0,eager,378,87675293,87.675293,87.606731,87.444708,87.49126434326172,87.32947540283203,42570398499596832,42570398499633947,37.115,10.959411625
/root/autodl-tmp/eagle3-phase4.4a-performance-c-20260924,8,256,2,1,eager,379,66552591,66.552591,66.490667,66.382662,66.43778991699219,66.3309097290039,42570398588397798,42570398588423740,25.942,8.319073875
/root/autodl-tmp/eagle3-phase4.4a-performance-c-20260924,8,256,2,2,eager,380,60534673,60.534673,60.512305,60.407497,60.47660827636719,60.35603332519531,42570398655949086,42570398655989607,40.521,7.566834125
/root/autodl-tmp/eagle3-phase4.4a-performance-c-20260924,8,256,2,3,eager,381,61136219,61.136219,61.114568,61.148156,61.07891082763672,61.09523010253906,42570398717458621,42570398717497751,39.13,7.642027375
/root/autodl-tmp/eagle3-phase4.4a-performance-c-20260924,8,256,2,4,eager,382,58601713,58.601713,58.579165,58.540155,58.544158935546875,58.489505767822266,42570398779689847,42570398779721755,31.908,7.325214125
/root/autodl-tmp/eagle3-phase4.4a-performance-c-20260924,8,256,2,5,eager,383,57264977,57.264977,57.241862,57.095109,57.205726623535156,57.04499053955078,42570398839292846,42570398839331487,38.641,7.158122125
/root/autodl-tmp/eagle3-phase4.4a-performance-c-20260924,8,256,2,6,eager,384,58466772,58.466772,58.44461,58.429884,58.41007995605469,58.38025665283203,42570398897512386,42570398897548661,36.275,7.3083465
/root/autodl-tmp/eagle3-phase4.4a-performance-c-20260924,8,256,2,7,eager,385,61034964,61.034964,61.014127,60.929323,60.97993469238281,60.8807373046875,42570398956909964,42570398956941945,31.981,7.6293705
/root/autodl-tmp/eagle3-phase4.4a-performance-c-20260924,8,256,2,8,eager,386,58286474,58.286474,58.264902,58.225758,58.22911834716797,58.16409683227539,42570399018917886,42570399018957201,39.315,7.28580925
/root/autodl-tmp/eagle3-phase4.4a-performance-c-20260924,8,256,2,9,eager,387,60161594,60.161594,60.139318,60.143946,60.103553771972656,60.09462356567383,42570399078175365,42570399078208938,33.573,7.52019925
/root/autodl-tmp/eagle3-phase4.4a-performance-c-20260924,8,256,2,0,coordinated-eager,388,58179689,58.179689,58.163827,58.035364,58.12112045288086,57.97808074951172,42570399148282780,42570399148315884,33.104,7.272461125
/root/autodl-tmp/eagle3-phase4.4a-performance-c-20260924,8,256,2,1,coordinated-eager,389,58315681,58.315681,58.291998,58.271733,58.25609588623047,58.2215690612793,42570399207446906,42570399207482339,35.433,7.289460125
/root/autodl-tmp/eagle3-phase4.4a-performance-c-20260924,8,256,2,2,coordinated-eager,390,58185590,58.18559,58.163331,58.049083,58.12886428833008,58.00105667114258,42570399266669113,42570399266698823,29.71,7.27319875
/root/autodl-tmp/eagle3-phase4.4a-performance-c-20260924,8,256,2,3,coordinated-eager,391,61553325,61.553325,61.530495,61.496794,61.495521545410156,61.44655990600586,42570399325832183,42570399325865381,33.198,7.694165625
/root/autodl-tmp/eagle3-phase4.4a-performance-c-20260924,8,256,2,4,coordinated-eager,392,58473817,58.473817,58.449591,58.405239,58.41427230834961,58.35411071777344,42570399388370497,42570399388405957,35.46,7.309227125
/root/autodl-tmp/eagle3-phase4.4a-performance-c-20260924,8,256,2,5,coordinated-eager,393,58109445,58.109445,58.086618,57.926734,58.04985427856445,57.88768005371094,42570399447840405,42570399447875603,35.198,7.263680625
/root/autodl-tmp/eagle3-phase4.4a-performance-c-20260924,8,256,2,6,coordinated-eager,394,58585035,58.585035,58.560371,58.536297,58.52511978149414,58.48729705810547,42570399506902357,42570399506932344,29.987,7.323129375
/root/autodl-tmp/eagle3-phase4.4a-performance-c-20260924,8,256,2,7,coordinated-eager,395,60492668,60.492668,60.470043,60.384224,60.43423843383789,60.33433532714844,42570399566442952,42570399566475073,32.121,7.5615835
/root/autodl-tmp/eagle3-phase4.4a-performance-c-20260924,8,256,2,8,coordinated-eager,396,59152448,59.152448,59.128707,59.08232,59.091552734375,59.03315353393555,42570399627931982,42570399627966557,34.575,7.394056
/root/autodl-tmp/eagle3-phase4.4a-performance-c-20260924,8,256,2,9,coordinated-eager,397,58543000,58.543,58.519892,58.529007,58.484161376953125,58.48012924194336,42570399688052572,42570399688076763,24.191,7.317875
/root/autodl-tmp/eagle3-phase4.4a-performance-c-20260924,8,256,3,0,graph,398,20115520,20.11552,20.099245,20.050425,20.056224822998047,19.992191314697266,42570399756584166,42570399756600161,15.995,2.51444
/root/autodl-tmp/eagle3-phase4.4a-performance-c-20260924,8,256,3,1,graph,399,20173975,20.173975,20.149781,19.937999,20.11404800415039,19.911008834838867,42570399777656028,42570399777685657,29.629,2.521746875
/root/autodl-tmp/eagle3-phase4.4a-performance-c-20260924,8,256,3,2,graph,400,20342480,20.34248,20.28082,20.004401,20.22979164123535,20.001087188720703,42570399798891005,42570399798915888,24.883,2.54281
/root/autodl-tmp/eagle3-phase4.4a-performance-c-20260924,8,256,3,3,graph,401,20547931,20.547931,20.475082,20.204535,20.41312026977539,20.172544479370117,42570399820513851,42570399820542759,28.908,2.568491375
/root/autodl-tmp/eagle3-phase4.4a-performance-c-20260924,8,256,3,4,graph,402,20791154,20.791154,20.708781,20.388949,20.63920021057129,20.36636734008789,42570399842461233,42570399842492866,31.633,2.59889425
/root/autodl-tmp/eagle3-phase4.4a-performance-c-20260924,8,256,3,5,graph,403,21619295,21.619295,21.496404,20.759336,21.405696868896484,20.73904037475586,42570399864807358,42570399864845126,37.768,2.702411875
/root/autodl-tmp/eagle3-phase4.4a-performance-c-20260924,8,256,3,6,graph,404,22695907,22.695907,22.632574,22.210146,22.444448471069336,22.06438446044922,42570399890787733,42570399890913335,125.602,2.836988375
/root/autodl-tmp/eagle3-phase4.4a-performance-c-20260924,8,256,3,7,graph,405,21572416,21.572416,21.509521,21.21446,21.419200897216797,21.117311477661133,42570399915344295,42570399915390332,46.037,2.696552
/root/autodl-tmp/eagle3-phase4.4a-performance-c-20260924,8,256,3,8,graph,406,21886711,21.886711,21.815369,21.481726,21.7010555267334,21.377344131469727,42570399938969143,42570399939035782,66.639,2.735838875
/root/autodl-tmp/eagle3-phase4.4a-performance-c-20260924,8,256,3,9,graph,407,22328684,22.328684,22.25882,21.787068,22.15203285217285,21.672895431518555,42570399963158060,42570399963242929,84.869,2.7910855
/root/autodl-tmp/eagle3-phase4.4a-performance-c-20260924,8,256,3,0,coordinated-eager,408,92986268,92.986268,92.908551,92.671473,92.78435516357422,92.5588150024414,42570400011314316,42570400011353180,38.864,11.6232835
/root/autodl-tmp/eagle3-phase4.4a-performance-c-20260924,8,256,3,1,coordinated-eager,409,85731555,85.731555,85.650836,85.602446,85.58649444580078,85.53791809082031,42570400105541416,42570400105575120,33.704,10.716444375
/root/autodl-tmp/eagle3-phase4.4a-performance-c-20260924,8,256,3,2,coordinated-eager,410,65146634,65.146634,65.115702,65.067664,65.06873321533203,65.00640106201172,42570400192397891,42570400192428651,30.76,8.14332925
/root/autodl-tmp/eagle3-phase4.4a-performance-c-20260924,8,256,3,3,coordinated-eager,411,60715314,60.715314,60.688674,60.524379,60.6478385925293,60.4791374206543,42570400258570726,42570400258608726,38.0,7.58941425
/root/autodl-tmp/eagle3-phase4.4a-performance-c-20260924,8,256,3,4,coordinated-eager,412,59185469,59.185469,59.160436,59.128726,59.122398376464844,59.07727813720703,42570400320268075,42570400320306542,38.467,7.398183625
/root/autodl-tmp/eagle3-phase4.4a-performance-c-20260924,8,256,3,5,coordinated-eager,413,57753122,57.753122,57.730548,57.64492,57.6956787109375,57.595680236816406,42570400380400355,42570400380432133,31.778,7.21914025
/root/autodl-tmp/eagle3-phase4.4a-performance-c-20260924,8,256,3,6,coordinated-eager,414,62208258,62.208258,62.185136,62.124165,62.149375915527344,62.07503890991211,42570400439110449,42570400439145006,34.557,7.77603225
/root/autodl-tmp/eagle3-phase4.4a-performance-c-20260924,8,256,3,7,coordinated-eager,415,59069174,59.069174,59.046024,59.004197,59.010623931884766,58.95471954345703,42570400502283031,42570400502316102,33.071,7.38364675
/root/autodl-tmp/eagle3-phase4.4a-performance-c-20260924,8,256,3,8,coordinated-eager,416,57817305,57.817305,57.793837,57.639192,57.75904083251953,57.600799560546875,42570400562324199,42570400562358143,33.944,7.227163125
/root/autodl-tmp/eagle3-phase4.4a-performance-c-20260924,8,256,3,9,coordinated-eager,417,59169775,59.169775,59.147505,59.120429,59.11257553100586,59.07084655761719,42570400621104332,42570400621142274,37.942,7.396221875
/root/autodl-tmp/eagle3-phase4.4a-performance-c-20260924,8,256,3,0,eager,418,58088016,58.088016,58.071196,58.013582,58.028831481933594,57.95420837402344,42570400690505130,42570400690523337,18.207,7.261002
/root/autodl-tmp/eagle3-phase4.4a-performance-c-20260924,8,256,3,1,eager,419,56400076,56.400076,56.377388,56.332308,56.34153747558594,56.28224182128906,42570400749545483,42570400749578973,33.49,7.0500095
/root/autodl-tmp/eagle3-phase4.4a-performance-c-20260924,8,256,3,2,eager,420,57558241,57.558241,57.535917,57.508257,57.500064849853516,57.45993423461914,42570400806893185,42570400806922107,28.922,7.194780125
/root/autodl-tmp/eagle3-phase4.4a-performance-c-20260924,8,256,3,3,eager,421,56604569,56.604569,56.582,56.520882,56.546142578125,56.47148895263672,42570400865413721,42570400865444369,30.648,7.075571125
/root/autodl-tmp/eagle3-phase4.4a-performance-c-20260924,8,256,3,4,eager,422,57724525,57.724525,57.692347,57.649258,57.6545295715332,57.59961700439453,42570400923001118,42570400923038980,37.862,7.215565625
/root/autodl-tmp/eagle3-phase4.4a-performance-c-20260924,8,256,3,5,eager,423,59333215,59.333215,59.310485,59.156642,59.27500915527344,59.114017486572266,42570400981677912,42570400981713557,35.645,7.416651875
/root/autodl-tmp/eagle3-phase4.4a-performance-c-20260924,8,256,3,6,eager,424,57410182,57.410182,57.38785,57.355938,57.35276794433594,57.30723190307617,42570401041970230,42570401042003054,32.824,7.17627275
/root/autodl-tmp/eagle3-phase4.4a-performance-c-20260924,8,256,3,7,eager,425,57411002,57.411002,57.388475,57.39033,57.353057861328125,57.34016036987305,42570401100344060,42570401100378283,34.223,7.17637525
/root/autodl-tmp/eagle3-phase4.4a-performance-c-20260924,8,256,3,8,eager,426,56453024,56.453024,56.43048,56.399322,56.395103454589844,56.35145568847656,42570401158687532,42570401158713675,26.143,7.056628
/root/autodl-tmp/eagle3-phase4.4a-performance-c-20260924,8,256,3,9,eager,427,63329059,63.329059,63.306296,63.262143,63.270206451416016,63.21315383911133,42570401216098816,42570401216133693,34.877,7.916132375
/root/autodl-tmp/eagle3-phase4.4a-performance-c-20260924,8,256,4,0,coordinated-eager,428,58192015,58.192015,58.162935,58.084251,58.12031936645508,58.025760650634766,42570401289958580,42570401289976551,17.971,7.274001875
/root/autodl-tmp/eagle3-phase4.4a-performance-c-20260924,8,256,4,1,coordinated-eager,429,58434277,58.434277,58.412002,58.387652,58.377342224121094,58.33910369873047,42570401349107530,42570401349143293,35.763,7.304284625
/root/autodl-tmp/eagle3-phase4.4a-performance-c-20260924,8,256,4,2,coordinated-eager,430,58753109,58.753109,58.730844,58.702145,58.69609451293945,58.65327835083008,42570401408470307,42570401408503060,32.753,7.344138625
/root/autodl-tmp/eagle3-phase4.4a-performance-c-20260924,8,256,4,3,coordinated-eager,431,57510444,57.510444,57.488098,57.419038,57.452449798583984,57.37104034423828,42570401468179295,42570401468210300,31.005,7.1888055
/root/autodl-tmp/eagle3-phase4.4a-performance-c-20260924,8,256,4,4,coordinated-eager,432,59006009,59.006009,58.982909,58.938257,58.947967529296875,58.88848114013672,42570401526647305,42570401526686109,38.804,7.375751125
/root/autodl-tmp/eagle3-phase4.4a-performance-c-20260924,8,256,4,5,coordinated-eager,433,57656044,57.656044,57.633125,57.49893,57.597984313964844,57.44918441772461,42570401586605309,42570401586637482,32.173,7.2070055
/root/autodl-tmp/eagle3-phase4.4a-performance-c-20260924,8,256,4,6,coordinated-eager,434,59551265,59.551265,59.527575,59.489432,59.491329193115234,59.438785552978516,42570401645220867,42570401645259106,38.239,7.443908125
/root/autodl-tmp/eagle3-phase4.4a-performance-c-20260924,8,256,4,7,coordinated-eager,435,57738519,57.738519,57.71521,57.629841,57.679935455322266,57.58086395263672,42570401705737908,42570401705776494,38.586,7.217314875
/root/autodl-tmp/eagle3-phase4.4a-performance-c-20260924,8,256,4,8,coordinated-eager,436,58211183,58.211183,58.188753,57.46505,58.15270233154297,57.41513442993164,42570401764523531,42570401765233472,709.941,7.276397875
/root/autodl-tmp/eagle3-phase4.4a-performance-c-20260924,8,256,4,9,coordinated-eager,437,58266775,58.266775,58.244815,58.20378,58.20918273925781,58.154911041259766,42570401823702338,42570401823736881,34.543,7.283346875
/root/autodl-tmp/eagle3-phase4.4a-performance-c-20260924,8,256,4,0,graph,438,20127737,20.127737,20.111034,20.123918,20.068992614746094,20.0666561126709,42570401892647865,42570401892664697,16.832,2.515967125
/root/autodl-tmp/eagle3-phase4.4a-performance-c-20260924,8,256,4,1,graph,439,20061003,20.061003,20.038477,19.979942,20.004640579223633,19.931392669677734,42570401913726373,42570401913754195,27.822,2.507625375
/root/autodl-tmp/eagle3-phase4.4a-performance-c-20260924,8,256,4,2,graph,440,20310629,20.310629,20.28429,20.015211,20.246719360351562,20.020896911621094,42570401934730322,42570401934760809,30.487,2.538828625
/root/autodl-tmp/eagle3-phase4.4a-performance-c-20260924,8,256,4,3,graph,441,20552936,20.552936,20.487512,20.185359,20.429248809814453,20.220895767211914,42570401956276570,42570401956300445,23.875,2.569117
/root/autodl-tmp/eagle3-phase4.4a-performance-c-20260924,8,256,4,4,graph,442,20720417,20.720417,20.650871,20.410417,20.58665657043457,20.359424591064453,42570401978139468,42570401978165201,25.733,2.590052125
/root/autodl-tmp/eagle3-phase4.4a-performance-c-20260924,8,256,4,5,graph,443,21001718,21.001718,20.915924,20.58893,20.84467124938965,20.553279876708984,42570402000369755,42570402000406708,36.953,2.62521475
/root/autodl-tmp/eagle3-phase4.4a-performance-c-20260924,8,256,4,6,graph,444,21382163,21.382163,21.26773,20.978686,21.184192657470703,20.89695930480957,42570402023079117,42570402023120627,41.51,2.672770375
/root/autodl-tmp/eagle3-phase4.4a-performance-c-20260924,8,256,4,7,graph,445,21598711,21.598711,21.541456,21.154496,21.45382308959961,21.0863037109375,42570402046239592,42570402046297635,58.043,2.699838875
/root/autodl-tmp/eagle3-phase4.4a-performance-c-20260924,8,256,4,8,graph,446,22191263,22.191263,22.071571,21.675739,21.972864151000977,21.597375869750977,42570402069922174,42570402069972165,49.991,2.773907875
/root/autodl-tmp/eagle3-phase4.4a-performance-c-20260924,8,256,4,9,graph,447,22200441,22.200441,22.073077,21.615165,21.96246337890625,21.538591384887695,42570402094321806,42570402094376298,54.492,2.775055125
/root/autodl-tmp/eagle3-phase4.4a-performance-c-20260924,8,256,4,0,eager,448,87596399,87.596399,87.511115,87.294521,87.399169921875,87.1908187866211,42570402143009845,42570402143044360,34.515,10.949549875
/root/autodl-tmp/eagle3-phase4.4a-performance-c-20260924,8,256,4,1,eager,449,68215796,68.215796,68.152066,68.124977,68.0987548828125,68.06918334960938,42570402231705438,42570402231733999,28.561,8.5269745
/root/autodl-tmp/eagle3-phase4.4a-performance-c-20260924,8,256,4,2,eager,450,59111356,59.111356,59.086539,58.997338,59.04800033569336,58.941280364990234,42570402300947955,42570402300986302,38.347,7.3889195
/root/autodl-tmp/eagle3-phase4.4a-performance-c-20260924,8,256,4,3,eager,451,58709801,58.709801,58.686452,58.694438,58.65033721923828,58.64384078979492,42570402361054264,42570402361089937,35.673,7.338725125
/root/autodl-tmp/eagle3-phase4.4a-performance-c-20260924,8,256,4,4,eager,452,58107912,58.107912,58.086401,58.050321,58.05129623413086,58.00352096557617,42570402420733583,42570402420763847,30.264,7.263489
/root/autodl-tmp/eagle3-phase4.4a-performance-c-20260924,8,256,4,5,eager,453,56580274,56.580274,56.55807,56.488837,56.52329635620117,56.4400634765625,42570402479820945,42570402479858412,37.467,7.07253425
/root/autodl-tmp/eagle3-phase4.4a-performance-c-20260924,8,256,4,6,eager,454,57505850,57.50585,57.483396,57.443232,57.44764709472656,57.3941764831543,42570402537351473,42570402537380323,28.85,7.18823125
/root/autodl-tmp/eagle3-phase4.4a-performance-c-20260924,8,256,4,7,eager,455,56384512,56.384512,56.362142,56.218988,56.32707214355469,56.170528411865234,42570402595819096,42570402595853760,34.664,7.048064
/root/autodl-tmp/eagle3-phase4.4a-performance-c-20260924,8,256,4,8,eager,456,58000027,58.000027,57.974516,57.951742,57.93907165527344,57.903263092041016,42570402653160574,42570402653197179,36.605,7.250003375
/root/autodl-tmp/eagle3-phase4.4a-performance-c-20260924,8,256,4,9,eager,457,56505264,56.505264,56.483216,56.391745,56.44812774658203,56.34288024902344,42570402712082815,42570402712120223,37.408,7.063158
/root/autodl-tmp/eagle3-phase4.4a-performance-c-20260924,8,768,0,0,eager,462,66566276,66.566276,66.520943,66.487925,66.45507049560547,66.4167709350586,42570404485274289,42570404485297127,22.838,8.3207845
/root/autodl-tmp/eagle3-phase4.4a-performance-c-20260924,8,768,0,1,eager,463,58769041,58.769041,58.745289,58.720641,58.7083854675293,58.667999267578125,42570404552842709,42570404552875955,33.246,7.346130125
/root/autodl-tmp/eagle3-phase4.4a-performance-c-20260924,8,768,0,2,eager,464,56755507,56.755507,56.732495,56.588035,56.69696044921875,56.53776168823242,42570404612601942,42570404612641650,39.708,7.094438375
/root/autodl-tmp/eagle3-phase4.4a-performance-c-20260924,8,768,0,3,eager,465,57900356,57.900356,57.878375,57.861292,57.84415817260742,57.812255859375,42570404670334637,42570404670373807,39.17,7.2375445
/root/autodl-tmp/eagle3-phase4.4a-performance-c-20260924,8,768,0,4,eager,466,56944053,56.944053,56.92253,56.84577,56.88796615600586,56.796417236328125,42570404729168120,42570404729200592,32.472,7.118006625
/root/autodl-tmp/eagle3-phase4.4a-performance-c-20260924,8,768,0,5,eager,467,56977793,56.977793,56.955026,56.917747,56.91856002807617,56.86793518066406,42570404787117880,42570404787157999,40.119,7.122224125
/root/autodl-tmp/eagle3-phase4.4a-performance-c-20260924,8,768,0,6,eager,468,57459573,57.459573,57.437305,57.405948,57.40185546875,57.35715103149414,42570404845068942,42570404845105091,36.149,7.182446625
/root/autodl-tmp/eagle3-phase4.4a-performance-c-20260924,8,768,0,7,eager,469,56919159,56.919159,56.895528,56.850418,56.85990524291992,56.800575256347656,42570404903514972,42570404903550117,35.145,7.114894875
/root/autodl-tmp/eagle3-phase4.4a-performance-c-20260924,8,768,0,8,eager,470,58785827,58.785827,58.762578,58.728148,58.727169036865234,58.67897415161133,42570404961433774,42570404961464647,30.873,7.348228375
/root/autodl-tmp/eagle3-phase4.4a-performance-c-20260924,8,768,0,9,eager,471,57251206,57.251206,57.224282,57.012167,57.187103271484375,56.99705505371094,42570405021211418,42570405021247975,36.557,7.15640075
/root/autodl-tmp/eagle3-phase4.4a-performance-c-20260924,8,768,0,0,coordinated-eager,472,57882878,57.882878,57.864027,57.849544,57.82076644897461,57.79030227661133,42570405090061700,42570405090079956,18.256,7.23535975
/root/autodl-tmp/eagle3-phase4.4a-performance-c-20260924,8,768,0,1,coordinated-eager,473,58468731,58.468731,58.444965,58.404425,58.409793853759766,58.354942321777344,42570405148939586,42570405148982629,43.043,7.308591375
/root/autodl-tmp/eagle3-phase4.4a-performance-c-20260924,8,768,0,2,coordinated-eager,474,57327098,57.327098,57.303863,57.25638,57.26847839355469,57.207008361816406,42570405208382428,42570405208413482,31.054,7.16588725
/root/autodl-tmp/eagle3-phase4.4a-performance-c-20260924,8,768,0,3,coordinated-eager,475,58467031,58.467031,58.444127,58.412258,58.40963363647461,58.36336135864258,42570405266693705,42570405266727718,34.013,7.308378875
/root/autodl-tmp/eagle3-phase4.4a-performance-c-20260924,8,768,0,4,coordinated-eager,476,57807210,57.80721,57.783856,57.642645,57.74860763549805,57.59385681152344,42570405326138500,42570405326171451,32.951,7.22590125
/root/autodl-tmp/eagle3-phase4.4a-performance-c-20260924,8,768,0,5,coordinated-eager,477,59091708,59.091708,59.068711,59.03607,59.0335693359375,58.986175537109375,42570405384936067,42570405384976473,40.406,7.3864635
/root/autodl-tmp/eagle3-phase4.4a-performance-c-20260924,8,768,0,6,coordinated-eager,478,58679004,58.679004,58.655952,58.655678,58.62076950073242,58.60620880126953,42570405444979626,42570405445015147,35.521,7.3348755
/root/autodl-tmp/eagle3-phase4.4a-performance-c-20260924,8,768,0,7,coordinated-eager,479,57834910,57.83491,57.811705,57.779858,57.77648162841797,57.732383728027344,42570405504607385,42570405504635480,28.095,7.22936375
/root/autodl-tmp/eagle3-phase4.4a-performance-c-20260924,8,768,0,8,coordinated-eager,480,58855663,58.855663,58.832264,58.801848,58.796417236328125,58.75299072265625,42570405563433146,42570405563461997,28.851,7.356957875
/root/autodl-tmp/eagle3-phase4.4a-performance-c-20260924,8,768,0,9,coordinated-eager,481,57810107,57.810107,57.78659,57.656455,57.75088119506836,57.60649490356445,42570405623299888,42570405623338542,38.654,7.226263375
/root/autodl-tmp/eagle3-phase4.4a-performance-c-20260924,8,768,0,0,graph,482,20651891,20.651891,20.629431,20.596526,20.586528778076172,20.53753662109375,42570405693356040,42570405693375418,19.378,2.581486375
/root/autodl-tmp/eagle3-phase4.4a-performance-c-20260924,8,768,0,1,graph,483,20553180,20.55318,20.529968,20.464556,20.486080169677734,20.415903091430664,42570405714974003,42570405715020572,46.569,2.5691475
/root/autodl-tmp/eagle3-phase4.4a-performance-c-20260924,8,768,0,2,graph,484,20685145,20.685145,20.659637,20.459579,20.623647689819336,20.410688400268555,42570405736486499,42570405736515778,29.279,2.585643125
/root/autodl-tmp/eagle3-phase4.4a-performance-c-20260924,8,768,0,3,graph,485,21046566,21.046566,20.97672,20.723763,20.91916847229004,20.67900848388672,42570405758409110,42570405758438822,29.712,2.63082075
/root/autodl-tmp/eagle3-phase4.4a-performance-c-20260924,8,768,0,4,graph,486,21559975,21.559975,21.481279,21.200142,21.41494369506836,21.12928009033203,42570405780866812,42570405780906077,39.265,2.694996875
/root/autodl-tmp/eagle3-phase4.4a-performance-c-20260924,8,768,0,5,graph,487,21800406,21.800406,21.707596,21.388382,21.631391525268555,21.321535110473633,42570405804049112,42570405804092537,43.425,2.72505075
/root/autodl-tmp/eagle3-phase4.4a-performance-c-20260924,8,768,0,6,graph,488,22036251,22.036251,21.931074,21.558178,21.84467124938965,21.494144439697266,42570405827612167,42570405827657742,45.575,2.754531375
/root/autodl-tmp/eagle3-phase4.4a-performance-c-20260924,8,768,0,7,graph,489,22426122,22.426122,22.303058,21.892544,22.20159912109375,21.80940818786621,42570405851757111,42570405851807220,50.109,2.80326525
/root/autodl-tmp/eagle3-phase4.4a-performance-c-20260924,8,768,0,8,graph,490,23091687,23.091687,22.958836,22.503608,22.84752082824707,22.410240173339844,42570405876475662,42570405876531026,55.364,2.886460875
/root/autodl-tmp/eagle3-phase4.4a-performance-c-20260924,8,768,0,9,graph,491,23308533,23.308533,23.15919,22.715243,23.034751892089844,22.58937644958496,42570405902142593,42570405902205088,62.495,2.913566625
/root/autodl-tmp/eagle3-phase4.4a-performance-c-20260924,8,768,1,0,eager,492,97858216,97.858216,97.782879,97.722597,97.65958404541016,97.59519958496094,42570405954370379,42570405954407869,37.49,12.232277
/root/autodl-tmp/eagle3-phase4.4a-performance-c-20260924,8,768,1,1,eager,493,69931532,69.931532,69.898903,69.854834,69.84838104248047,69.78358459472656,42570406053504788,42570406053554417,49.629,8.7414415
/root/autodl-tmp/eagle3-phase4.4a-performance-c-20260924,8,768,1,2,eager,494,65237451,65.237451,65.210714,65.070548,65.16831970214844,65.01222229003906,42570406124550439,42570406124588861,38.422,8.154681375
/root/autodl-tmp/eagle3-phase4.4a-performance-c-20260924,8,768,1,3,eager,495,58654652,58.654652,58.630217,58.592928,58.591041564941406,58.540000915527344,42570406190819794,42570406190857798,38.004,7.3318315
/root/autodl-tmp/eagle3-phase4.4a-performance-c-20260924,8,768,1,4,eager,496,56848522,56.848522,56.825288,56.74736,56.789920806884766,56.69718551635742,42570406250473244,42570406250509580,36.336,7.10606525
/root/autodl-tmp/eagle3-phase4.4a-performance-c-20260924,8,768,1,5,eager,497,57165656,57.165656,57.14321,56.544454,57.10768127441406,56.49379348754883,42570406308402507,42570406308982178,579.671,7.145707
/root/autodl-tmp/eagle3-phase4.4a-performance-c-20260924,8,768,1,6,eager,498,58185129,58.185129,58.162857,58.130481,58.12691116333008,58.08047866821289,42570406366536672,42570406366569935,33.263,7.273141125
/root/autodl-tmp/eagle3-phase4.4a-performance-c-20260924,8,768,1,7,eager,499,57184540,57.18454,57.161804,57.111311,57.126495361328125,57.0618896484375,42570406425714181,42570406425751959,37.778,7.1480675
/root/autodl-tmp/eagle3-phase4.4a-performance-c-20260924,8,768,1,8,eager,500,57888477,57.888477,57.865678,57.831284,57.83030319213867,57.78163146972656,42570406483898407,42570406483929204,30.797,7.236059625
/root/autodl-tmp/eagle3-phase4.4a-performance-c-20260924,8,768,1,9,eager,501,56830441,56.830441,56.807527,56.667885,56.77113723754883,56.61756896972656,42570406542776438,42570406542810255,33.817,7.103805125
/root/autodl-tmp/eagle3-phase4.4a-performance-c-20260924,8,768,1,0,graph,502,21085189,21.085189,21.056173,21.016272,21.012256622314453,20.955455780029297,42570406611837029,42570406611855847,18.818,2.635648625
/root/autodl-tmp/eagle3-phase4.4a-performance-c-20260924,8,768,1,1,graph,503,20610573,20.610573,20.587332,20.531304,20.5533447265625,20.48303985595703,42570406633897162,42570406633930431,33.269,2.576321625
/root/autodl-tmp/eagle3-phase4.4a-performance-c-20260924,8,768,1,2,graph,504,20874171,20.874171,20.811572,20.605418,20.75551986694336,20.561376571655273,42570406655539937,42570406655564193,24.256,2.609271375
/root/autodl-tmp/eagle3-phase4.4a-performance-c-20260924,8,768,1,3,graph,505,20980253,20.980253,20.943662,20.716945,20.888864517211914,20.659807205200195,42570406677582709,42570406677610502,27.793,2.622531625
/root/autodl-tmp/eagle3-phase4.4a-performance-c-20260924,8,768,1,4,graph,506,21376111,21.376111,21.294769,21.046447,21.23040008544922,20.976831436157227,42570406699943264,42570406699977853,34.589,2.672013875
/root/autodl-tmp/eagle3-phase4.4a-performance-c-20260924,8,768,1,5,graph,507,21606720,21.60672,21.558036,21.241764,21.486783981323242,21.180736541748047,42570406722776179,42570406722814934,38.755,2.70084
/root/autodl-tmp/eagle3-phase4.4a-performance-c-20260924,8,768,1,6,graph,508,21838448,21.838448,21.736154,21.465776,21.65132713317871,21.384000778198242,42570406746185097,42570406746227910,42.813,2.729806
/root/autodl-tmp/eagle3-phase4.4a-performance-c-20260924,8,768,1,7,graph,509,22489654,22.489654,22.428292,22.07234,22.337984085083008,21.97599983215332,42570406769890050,42570406769950113,60.063,2.81120675
/root/autodl-tmp/eagle3-phase4.4a-performance-c-20260924,8,768,1,8,graph,510,22826751,22.826751,22.760482,22.42643,22.658815383911133,22.31964874267578,42570406794485646,42570406794556292,70.646,2.853343875
/root/autodl-tmp/eagle3-phase4.4a-performance-c-20260924,8,768,1,9,graph,511,23155436,23.155436,23.074412,22.612595,22.951488494873047,22.50169563293457,42570406819737241,42570406819804925,67.684,2.8944295
/root/autodl-tmp/eagle3-phase4.4a-performance-c-20260924,8,768,1,0,coordinated-eager,512,97591751,97.591751,97.518614,97.282073,97.404541015625,97.1493148803711,42570406872894277,42570406872935961,41.684,12.198968875
/root/autodl-tmp/eagle3-phase4.4a-performance-c-20260924,8,768,1,1,coordinated-eager,513,76221058,76.221058,76.182326,76.115702,76.1272964477539,76.04691314697266,42570406971866553,42570406971903861,37.308,9.52763225
/root/autodl-tmp/eagle3-phase4.4a-performance-c-20260924,8,768,1,2,coordinated-eager,514,63579896,63.579896,63.549425,63.418657,63.50374221801758,63.35782241821289,42570407049280033,42570407049312547,32.514,7.947487
/root/autodl-tmp/eagle3-phase4.4a-performance-c-20260924,8,768,1,3,coordinated-eager,515,60421257,60.421257,60.389937,60.334915,60.34912109375,60.281280517578125,42570407113934121,42570407113959796,25.675,7.552657125
/root/autodl-tmp/eagle3-phase4.4a-performance-c-20260924,8,768,1,4,coordinated-eager,516,59074140,59.07414,59.049176,59.008144,59.012481689453125,58.95510482788086,42570407175386860,42570407175427159,40.299,7.3842675
/root/autodl-tmp/eagle3-phase4.4a-performance-c-20260924,8,768,1,5,coordinated-eager,517,57599435,57.599435,57.575374,57.538099,57.540000915527344,57.487998962402344,42570407235472243,42570407235505024,32.781,7.199929375
/root/autodl-tmp/eagle3-phase4.4a-performance-c-20260924,8,768,1,6,coordinated-eager,518,58036454,58.036454,58.013424,58.00704,57.978111267089844,57.9567985534668,42570407294051018,42570407294081032,30.014,7.25455675
/root/autodl-tmp/eagle3-phase4.4a-performance-c-20260924,8,768,1,7,coordinated-eager,519,57288558,57.288558,57.265706,57.142332,57.23011016845703,57.09280014038086,42570407353041924,42570407353075133,33.209,7.16106975
/root/autodl-tmp/eagle3-phase4.4a-performance-c-20260924,8,768,1,8,coordinated-eager,520,58447965,58.447965,58.422419,58.389255,58.38595199584961,58.3403205871582,42570407411323398,42570407411359660,36.262,7.305995625
/root/autodl-tmp/eagle3-phase4.4a-performance-c-20260924,8,768,1,9,coordinated-eager,521,58458472,58.458472,58.435449,58.403876,58.40016174316406,58.35424041748047,42570407470760265,42570407470793748,33.483,7.307309
/root/autodl-tmp/eagle3-phase4.4a-performance-c-20260924,8,768,2,0,graph,522,20670994,20.670994,20.65317,20.685346,20.609983444213867,20.627199172973633,42570407541936767,42570407541951601,14.834,2.58387425
/root/autodl-tmp/eagle3-phase4.4a-performance-c-20260924,8,768,2,1,graph,523,20577018,20.577018,20.554309,20.497331,20.520288467407227,20.449567794799805,42570407563605185,42570407563637750,32.565,2.57212725
/root/autodl-tmp/eagle3-phase4.4a-performance-c-20260924,8,768,2,2,graph,524,21102218,21.102218,21.074545,20.689074,21.036832809448242,20.765247344970703,42570407585137156,42570407585174504,37.348,2.63777725
/root/autodl-tmp/eagle3-phase4.4a-performance-c-20260924,8,768,2,3,graph,525,21347874,21.347874,21.270405,21.045872,21.19932746887207,20.98784065246582,42570407607802679,42570407607829926,27.247,2.66848425
/root/autodl-tmp/eagle3-phase4.4a-performance-c-20260924,8,768,2,4,graph,526,21380381,21.380381,21.302975,21.022717,21.23347282409668,20.96384048461914,42570407630555649,42570407630590422,34.773,2.672547625
/root/autodl-tmp/eagle3-phase4.4a-performance-c-20260924,8,768,2,5,graph,527,21873297,21.873297,21.779919,21.422196,21.700992584228516,21.377056121826172,42570407653522456,42570407653562687,40.231,2.734162125
/root/autodl-tmp/eagle3-phase4.4a-performance-c-20260924,8,768,2,6,graph,528,22259339,22.259339,22.151351,21.780947,22.06083106994629,21.714719772338867,42570407677295325,42570407677340068,44.743,2.782417375
/root/autodl-tmp/eagle3-phase4.4a-performance-c-20260924,8,768,2,7,graph,529,22693890,22.69389,22.57781,22.191751,22.47782325744629,22.092287063598633,42570407701637472,42570407701687645,50.173,2.83673625
/root/autodl-tmp/eagle3-phase4.4a-performance-c-20260924,8,768,2,8,graph,530,23057194,23.057194,22.923198,22.475234,22.810623168945312,22.37174415588379,42570407726601335,42570407726653468,52.133,2.88214925
/root/autodl-tmp/eagle3-phase4.4a-performance-c-20260924,8,768,2,9,graph,531,23332609,23.332609,23.181361,22.735211,23.055744171142578,22.61516761779785,42570407752262473,42570407752323696,61.223,2.916576125
/root/autodl-tmp/eagle3-phase4.4a-performance-c-20260924,8,768,2,0,eager,532,92342526,92.342526,92.274809,92.038087,92.16390228271484,91.91693115234375,42570407806829423,42570407806864702,35.279,11.54281575
/root/autodl-tmp/eagle3-phase4.4a-performance-c-20260924,8,768,2,1,eager,533,75855165,75.855165,75.71703,75.654404,75.64876556396484,75.58370971679688,42570407901458774,42570407901495485,36.711,9.481895625
/root/autodl-tmp/eagle3-phase4.4a-performance-c-20260924,8,768,2,2,eager,534,64906241,64.906241,64.874324,64.830265,64.82383728027344,64.7669448852539,42570407978419860,42570407978460110,40.25,8.113280125
/root/autodl-tmp/eagle3-phase4.4a-performance-c-20260924,8,768,2,3,eager,535,59686906,59.686906,59.660199,59.494554,59.61884689331055,59.445953369140625,42570408044397705,42570408044435987,38.282,7.46086325
/root/autodl-tmp/eagle3-phase4.4a-performance-c-20260924,8,768,2,4,eager,536,58456058,58.456058,58.431903,58.406488,58.39487838745117,58.35395050048828,42570408105110444,42570408105146614,36.17,7.30700725
/root/autodl-tmp/eagle3-phase4.4a-performance-c-20260924,8,768,2,5,eager,537,56355951,56.355951,56.332906,56.241754,56.297889709472656,56.1927375793457,42570408164511038,42570408164544928,33.89,7.044493875
/root/autodl-tmp/eagle3-phase4.4a-performance-c-20260924,8,768,2,6,eager,538,57151465,57.151465,57.129138,57.095018,57.09328079223633,57.04556655883789,42570408221834952,42570408221867403,32.451,7.143933125
/root/autodl-tmp/eagle3-phase4.4a-performance-c-20260924,8,768,2,7,eager,539,57473328,57.473328,57.450676,57.413601,57.41516876220703,57.36383819580078,42570408279963489,42570408279994564,31.075,7.184166
/root/autodl-tmp/eagle3-phase4.4a-performance-c-20260924,8,768,2,8,eager,540,56440267,56.440267,56.417183,56.360349,56.38246536254883,56.310848236083984,42570408338417700,42570408338456024,38.324,7.055033375
/root/autodl-tmp/eagle3-phase4.4a-performance-c-20260924,8,768,2,9,eager,541,56592055,56.592055,56.569456,56.529765,56.5335693359375,56.48102569580078,42570408395833303,42570408395869059,35.756,7.074006875
/root/autodl-tmp/eagle3-phase4.4a-performance-c-20260924,8,768,2,0,coordinated-eager,542,57363700,57.3637,57.335178,57.233572,57.29212951660156,57.17414474487305,42570408465234854,42570408465253419,18.565,7.1704625
/root/autodl-tmp/eagle3-phase4.4a-performance-c-20260924,8,768,2,1,coordinated-eager,543,63674952,63.674952,63.651846,63.607198,63.6168327331543,63.55868911743164,42570408523602595,42570408523638901,36.306,7.959369
/root/autodl-tmp/eagle3-phase4.4a-performance-c-20260924,8,768,2,2,coordinated-eager,544,58388625,58.388625,58.364933,58.332039,58.330047607421875,58.28300857543945,42570408588250055,42570408588282092,32.037,7.298578125
/root/autodl-tmp/eagle3-phase4.4a-performance-c-20260924,8,768,2,3,coordinated-eager,545,57077095,57.077095,57.05381,57.008218,57.018592834472656,56.95948791503906,42570408647637118,42570408647671753,34.635,7.134636875
/root/autodl-tmp/eagle3-phase4.4a-performance-c-20260924,8,768,2,4,coordinated-eager,546,58581278,58.581278,58.558334,58.513142,58.5233268737793,58.46432113647461,42570408705682750,42570408705711279,28.529,7.32265975
/root/autodl-tmp/eagle3-phase4.4a-performance-c-20260924,8,768,2,5,coordinated-eager,547,57258130,57.25813,57.234799,57.099369,57.19916915893555,57.05027389526367,42570408765252576,42570408765285327,32.751,7.15726625
/root/autodl-tmp/eagle3-phase4.4a-performance-c-20260924,8,768,2,6,coordinated-eager,548,58130520,58.13052,58.10677,58.079217,58.07155227661133,58.02931213378906,42570408823498259,42570408823532391,34.132,7.266315
/root/autodl-tmp/eagle3-phase4.4a-performance-c-20260924,8,768,2,7,coordinated-eager,549,59068228,59.068228,59.045943,59.045187,59.01136016845703,58.995391845703125,42570408882572630,42570408882612150,39.52,7.3835285
/root/autodl-tmp/eagle3-phase4.4a-performance-c-20260924,8,768,2,8,coordinated-eager,550,57502800,57.5028,57.480734,57.429544,57.4463996887207,57.38115310668945,42570408942603665,42570408942636945,33.28,7.18785
/root/autodl-tmp/eagle3-phase4.4a-performance-c-20260924,8,768,2,9,coordinated-eager,551,58138932,58.138932,58.1141,58.041284,58.07827377319336,57.99203109741211,42570409001103686,42570409001140323,36.637,7.2673665
/root/autodl-tmp/eagle3-phase4.4a-performance-c-20260924,8,768,3,0,graph,552,20642279,20.642279,20.625905,20.597464,20.581472396850586,20.538848876953125,42570409072383438,42570409072401630,18.192,2.580284875
/root/autodl-tmp/eagle3-phase4.4a-performance-c-20260924,8,768,3,1,graph,553,20719686,20.719686,20.695329,20.496249,20.659040451049805,20.452863693237305,42570409094003292,42570409094041934,38.642,2.58996075
/root/autodl-tmp/eagle3-phase4.4a-performance-c-20260924,8,768,3,2,graph,554,20804125,20.804125,20.743941,20.567838,20.692928314208984,20.515615463256836,42570409115802200,42570409115827791,25.591,2.600515625
/root/autodl-tmp/eagle3-phase4.4a-performance-c-20260924,8,768,3,3,graph,555,20918170,20.91817,20.879185,20.716383,20.8240966796875,20.659839630126953,42570409137733751,42570409137758402,24.651,2.61477125
/root/autodl-tmp/eagle3-phase4.4a-performance-c-20260924,8,768,3,4,graph,556,21297427,21.297427,21.256863,21.014361,21.197376251220703,20.94451141357422,42570409160022465,42570409160068958,46.493,2.662178375
/root/autodl-tmp/eagle3-phase4.4a-performance-c-20260924,8,768,3,5,graph,557,21473555,21.473555,21.427411,21.205798,21.358112335205078,21.13065528869629,42570409182822985,42570409182861258,38.273,2.684194375
/root/autodl-tmp/eagle3-phase4.4a-performance-c-20260924,8,768,3,6,graph,558,21581044,21.581044,21.52972,21.338602,21.454240798950195,21.25712013244629,42570409205889190,42570409205931600,42.41,2.6976305
/root/autodl-tmp/eagle3-phase4.4a-performance-c-20260924,8,768,3,7,graph,559,22069439,22.069439,22.015986,21.734665,21.934879302978516,21.639488220214844,42570409229356350,42570409229420919,64.569,2.758679875
/root/autodl-tmp/eagle3-phase4.4a-performance-c-20260924,8,768,3,8,graph,560,22529211,22.529211,22.462336,22.077464,22.366783142089844,21.973344802856445,42570409253496857,42570409253560783,63.926,2.816151375
/root/autodl-tmp/eagle3-phase4.4a-performance-c-20260924,8,768,3,9,graph,561,22920694,22.920694,22.777529,22.317196,22.654464721679688,22.213632583618164,42570409278599978,42570409278661215,61.237,2.86508675
/root/autodl-tmp/eagle3-phase4.4a-performance-c-20260924,8,768,3,0,coordinated-eager,562,87936469,87.936469,87.87227,87.646497,87.7721939086914,87.5558090209961,42570409333718821,42570409333752786,33.965,10.992058625
/root/autodl-tmp/eagle3-phase4.4a-performance-c-20260924,8,768,3,1,coordinated-eager,563,70438987,70.438987,70.367353,70.32693,70.3111343383789,70.2682876586914,42570409422813759,42570409422844316,30.557,8.804873375
/root/autodl-tmp/eagle3-phase4.4a-performance-c-20260924,8,768,3,2,coordinated-eager,564,58708837,58.708837,58.683812,58.640496,58.64646530151367,58.588287353515625,42570409494233524,42570409494270844,37.32,7.338604625
/root/autodl-tmp/eagle3-phase4.4a-performance-c-20260924,8,768,3,3,coordinated-eager,565,57943920,57.94392,57.920001,57.881283,57.88460922241211,57.8326416015625,42570409553909733,42570409553941967,32.234,7.24299
/root/autodl-tmp/eagle3-phase4.4a-performance-c-20260924,8,768,3,4,coordinated-eager,566,58650410,58.65041,58.62738,58.575768,58.59151840209961,58.52659225463867,42570409612840521,42570409612881693,41.172,7.33130125
/root/autodl-tmp/eagle3-phase4.4a-performance-c-20260924,8,768,3,5,coordinated-eager,567,57610343,57.610343,57.587018,57.451169,57.55228805541992,57.40163040161133,42570409672467762,42570409672499305,31.543,7.201292875
/root/autodl-tmp/eagle3-phase4.4a-performance-c-20260924,8,768,3,6,coordinated-eager,568,58178615,58.178615,58.155812,58.120144,58.120574951171875,58.06886291503906,42570409731047295,42570409731091203,43.908,7.272326875
/root/autodl-tmp/eagle3-phase4.4a-performance-c-20260924,8,768,3,7,coordinated-eager,569,58555747,58.555747,58.533452,58.529649,58.498046875,58.48041534423828,42570409790199618,42570409790235420,35.802,7.319468375
/root/autodl-tmp/eagle3-phase4.4a-performance-c-20260924,8,768,3,8,coordinated-eager,570,58973038,58.973038,58.950454,58.957029,58.9156494140625,58.909278869628906,42570409849705061,42570409849737607,32.546,7.37162975
/root/autodl-tmp/eagle3-phase4.4a-performance-c-20260924,8,768,3,9,coordinated-eager,571,59531669,59.531669,59.510077,59.481069,59.474369049072266,59.43212890625,42570409909713513,42570409909744921,31.408,7.441458625
/root/autodl-tmp/eagle3-phase4.4a-performance-c-20260924,8,768,3,0,eager,572,57447898,57.447898,57.431968,57.337885,57.38838577270508,57.27801513671875,42570409984038413,42570409984054961,16.548,7.18098725
/root/autodl-tmp/eagle3-phase4.4a-performance-c-20260924,8,768,3,1,eager,573,57751191,57.751191,57.728853,57.691297,57.69334411621094,57.64060974121094,42570410042481332,42570410042518889,37.557,7.218898875
/root/autodl-tmp/eagle3-phase4.4a-performance-c-20260924,8,768,3,2,eager,574,58137947,58.137947,58.115158,58.088121,58.079105377197266,58.03865432739258,42570410101212230,42570410101244024,31.794,7.267243375
/root/autodl-tmp/eagle3-phase4.4a-performance-c-20260924,8,768,3,3,eager,575,56898963,56.898963,56.876861,56.834012,56.841758728027344,56.784576416015625,42570410160322973,42570410160359634,36.661,7.112370375
/root/autodl-tmp/eagle3-phase4.4a-performance-c-20260924,8,768,3,4,eager,576,57749547,57.749547,57.726721,57.686637,57.690975189208984,57.63564682006836,42570410218208858,42570410218249588,40.73,7.218693375
/root/autodl-tmp/eagle3-phase4.4a-performance-c-20260924,8,768,3,5,eager,577,57186246,57.186246,57.16345,57.026158,57.12812805175781,56.976192474365234,42570410276940711,42570410276972307,31.596,7.14828075
/root/autodl-tmp/eagle3-phase4.4a-performance-c-20260924,8,768,3,6,eager,578,57921448,57.921448,57.898585,57.878139,57.86201477050781,57.827457427978516,42570410335137623,42570410335171017,33.394,7.240181
/root/autodl-tmp/eagle3-phase4.4a-performance-c-20260924,8,768,3,7,eager,579,56891822,56.891822,56.869514,56.785997,56.834014892578125,56.73651123046875,42570410393987305,42570410394015632,28.327,7.11147775
/root/autodl-tmp/eagle3-phase4.4a-performance-c-20260924,8,768,3,8,eager,580,57788121,57.788121,57.765347,57.727641,57.72969436645508,57.677696228027344,42570410451872216,42570410451910423,38.207,7.223515125
/root/autodl-tmp/eagle3-phase4.4a-performance-c-20260924,8,768,3,9,eager,581,58169894,58.169894,58.147083,58.115207,58.11225509643555,58.06633758544922,42570410510628704,42570410510659807,31.103,7.27123675
/root/autodl-tmp/eagle3-phase4.4a-performance-c-20260924,8,768,4,0,coordinated-eager,582,57849011,57.849011,57.831797,57.721033,57.782081604003906,57.66128158569336,42570410582721108,42570410582736488,15.38,7.231126375
/root/autodl-tmp/eagle3-phase4.4a-performance-c-20260924,8,768,4,1,coordinated-eager,583,58530429,58.530429,58.50762,58.479683,58.47238540649414,58.429630279541016,42570410641563452,42570410641597591,34.139,7.316303625
/root/autodl-tmp/eagle3-phase4.4a-performance-c-20260924,8,768,4,2,coordinated-eager,584,58366955,58.366955,58.342914,58.351334,58.30758285522461,58.300926208496094,42570410701074375,42570410701104229,29.854,7.295869375
/root/autodl-tmp/eagle3-phase4.4a-performance-c-20260924,8,768,4,3,coordinated-eager,585,57714176,57.714176,57.691351,57.651355,57.65625762939453,57.60220718383789,42570410760398346,42570410760426725,28.379,7.214272
/root/autodl-tmp/eagle3-phase4.4a-performance-c-20260924,8,768,4,4,coordinated-eager,586,58770246,58.770246,58.747376,58.702491,58.711647033691406,58.65193557739258,42570410819106002,42570410819142503,36.501,7.34628075
/root/autodl-tmp/eagle3-phase4.4a-performance-c-20260924,8,768,4,5,coordinated-eager,587,57668234,57.668234,57.643989,57.610875,57.608638763427734,57.560768127441406,42570410878856662,42570410878888353,31.691,7.20852925
/root/autodl-tmp/eagle3-phase4.4a-performance-c-20260924,8,768,4,6,coordinated-eager,588,58605585,58.605585,58.58252,58.545258,58.546974182128906,58.49593734741211,42570410937500693,42570410937537111,36.418,7.325698125
/root/autodl-tmp/eagle3-phase4.4a-performance-c-20260924,8,768,4,7,coordinated-eager,589,57453535,57.453535,57.430532,57.301682,57.39545440673828,57.25212860107422,42570410997087798,42570410997117781,29.983,7.181691875
/root/autodl-tmp/eagle3-phase4.4a-performance-c-20260924,8,768,4,8,coordinated-eager,590,58118941,58.118941,58.095834,58.057294,58.06022262573242,58.00681686401367,42570411055521996,42570411055560456,38.46,7.264867625
/root/autodl-tmp/eagle3-phase4.4a-performance-c-20260924,8,768,4,9,coordinated-eager,591,58585729,58.585729,58.56329,58.511883,58.5280647277832,58.46223831176758,42570411114628152,42570411114664357,36.205,7.323216125
/root/autodl-tmp/eagle3-phase4.4a-performance-c-20260924,8,768,4,0,graph,592,20774313,20.774313,20.74054,20.721179,20.697856903076172,20.661888122558594,42570411187555762,42570411187574878,19.116,2.596789125
/root/autodl-tmp/eagle3-phase4.4a-performance-c-20260924,8,768,4,1,graph,593,20867372,20.867372,20.842187,20.622686,20.806079864501953,20.59267234802246,42570411209300338,42570411209339642,39.304,2.6084215
/root/autodl-tmp/eagle3-phase4.4a-performance-c-20260924,8,768,4,2,graph,594,21045170,21.04517,20.980505,20.777889,20.927295684814453,20.729248046875,42570411231316813,42570411231342628,25.815,2.63064625
/root/autodl-tmp/eagle3-phase4.4a-performance-c-20260924,8,768,4,3,graph,595,21326428,21.326428,21.254511,20.989288,21.195520401000977,20.95136070251465,42570411253581203,42570411253611119,29.916,2.6658035
/root/autodl-tmp/eagle3-phase4.4a-performance-c-20260924,8,768,4,4,graph,596,21557136,21.557136,21.476055,21.217755,21.407039642333984,21.149791717529297,42570411276341626,42570411276375313,33.687,2.694642
/root/autodl-tmp/eagle3-phase4.4a-performance-c-20260924,8,768,4,5,graph,597,21939770,21.93977,21.849001,21.479539,21.76959991455078,21.44156837463379,42570411299535088,42570411299575577,40.489,2.74247125
/root/autodl-tmp/eagle3-phase4.4a-performance-c-20260924,8,768,4,6,graph,598,22174512,22.174512,22.068912,21.707874,21.9704647064209,21.622175216674805,42570411323380174,42570411323427846,47.672,2.771814
/root/autodl-tmp/eagle3-phase4.4a-performance-c-20260924,8,768,4,7,graph,599,22527420,22.52742,22.405051,22.040485,22.306495666503906,21.941120147705078,42570411347665951,42570411347718030,52.079,2.8159275
/root/autodl-tmp/eagle3-phase4.4a-performance-c-20260924,8,768,4,8,graph,600,23157163,23.157163,23.080149,22.623057,22.96723175048828,22.505504608154297,42570411372471597,42570411372529549,57.952,2.894645375
/root/autodl-tmp/eagle3-phase4.4a-performance-c-20260924,8,768,4,9,graph,601,23410316,23.410316,23.25475,22.778965,23.127391815185547,22.668384552001953,42570411398311902,42570411398374851,62.949,2.9262895
/root/autodl-tmp/eagle3-phase4.4a-performance-c-20260924,8,768,4,0,eager,602,102030405,102.030405,101.940553,101.533823,101.70233917236328,101.5374755859375,42570411457680284,42570411457713748,33.464,12.753800625
/root/autodl-tmp/eagle3-phase4.4a-performance-c-20260924,8,768,4,1,eager,603,74445368,74.445368,74.356406,74.267703,74.28451538085938,74.19683074951172,42570411561283649,42570411561322381,38.732,9.305671
/root/autodl-tmp/eagle3-phase4.4a-performance-c-20260924,8,768,4,2,eager,604,63858453,63.858453,63.828318,63.773082,63.779998779296875,63.71171188354492,42570411636850228,42570411636889594,39.366,7.982306625
/root/autodl-tmp/eagle3-phase4.4a-performance-c-20260924,8,768,4,3,eager,605,59897631,59.897631,59.871982,59.727653,59.831520080566406,59.672542572021484,42570411701776629,42570411701806640,30.011,7.487203875
/root/autodl-tmp/eagle3-phase4.4a-performance-c-20260924,8,768,4,4,eager,606,58580690,58.58069,58.556525,58.514293,58.51990509033203,58.463966369628906,42570411762683651,42570411762718466,34.815,7.32258625
/root/autodl-tmp/eagle3-phase4.4a-performance-c-20260924,8,768,4,5,eager,607,57634417,57.634417,57.611604,57.571994,57.57551956176758,57.52249526977539,42570411822238363,42570411822272096,33.733,7.204302125
/root/autodl-tmp/eagle3-phase4.4a-performance-c-20260924,8,768,4,6,eager,608,57038248,57.038248,57.01573,56.949091,56.979774475097656,56.90092849731445,42570411880869755,42570411880907479,37.724,7.129781
/root/autodl-tmp/eagle3-phase4.4a-performance-c-20260924,8,768,4,7,eager,609,58472287,58.472287,58.448036,58.389434,58.41116714477539,58.33929443359375,42570411938899084,42570411938932237,33.153,7.309035875
/root/autodl-tmp/eagle3-phase4.4a-performance-c-20260924,8,768,4,8,eager,610,57249068,57.249068,57.225711,57.098929,57.189247131347656,57.047550201416016,42570411998388080,42570411998418215,30.135,7.1561335
/root/autodl-tmp/eagle3-phase4.4a-performance-c-20260924,8,768,4,9,eager,611,58025718,58.025718,58.003642,57.979112,57.96809768676758,57.92985534667969,42570412056622932,42570412056657104,34.172,7.25321475
/root/autodl-tmp/eagle3-phase4.4a-performance-c-20260924,16,256,0,0,eager,616,68809563,68.809563,68.759481,68.689379,68.68931579589844,68.60626983642578,42570413848469833,42570413848491848,22.015,4.3005976875
/root/autodl-tmp/eagle3-phase4.4a-performance-c-20260924,16,256,0,1,eager,617,57945923,57.945923,57.920751,57.743526,57.88371276855469,57.720577239990234,42570413918763645,42570413918799424,35.779,3.6216201875
/root/autodl-tmp/eagle3-phase4.4a-performance-c-20260924,16,256,0,2,eager,618,58832670,58.83267,58.807468,58.728399,58.771392822265625,58.67718505859375,42570413978210949,42570413978247653,36.704,3.677041875
/root/autodl-tmp/eagle3-phase4.4a-performance-c-20260924,16,256,0,3,eager,619,67059955,67.059955,67.035567,66.946126,66.99906921386719,66.8953628540039,42570414038510281,42570414038541403,31.122,4.1912471875
/root/autodl-tmp/eagle3-phase4.4a-performance-c-20260924,16,256,0,4,eager,620,57844303,57.844303,57.818977,57.730407,57.781982421875,57.679359436035156,42570414107045300,42570414107082287,36.987,3.6152689375
/root/autodl-tmp/eagle3-phase4.4a-performance-c-20260924,16,256,0,5,eager,621,59097141,59.097141,59.071954,58.988158,59.034751892089844,58.9370231628418,42570414166361346,42570414166389887,28.541,3.6935713125
/root/autodl-tmp/eagle3-phase4.4a-performance-c-20260924,16,256,0,6,eager,622,57841748,57.841748,57.816403,57.647724,57.78019332885742,57.61110305786133,42570414226913974,42570414226946471,32.497,3.61510925
/root/autodl-tmp/eagle3-phase4.4a-performance-c-20260924,16,256,0,7,eager,623,58774365,58.774365,58.748572,58.670923,58.71257781982422,58.620479583740234,42570414286218158,42570414286248381,30.223,3.6733978125
/root/autodl-tmp/eagle3-phase4.4a-performance-c-20260924,16,256,0,8,eager,624,64534953,64.534953,64.509031,64.399072,64.47404479980469,64.34719848632812,42570414346455058,42570414346496709,41.651,4.0334345625
/root/autodl-tmp/eagle3-phase4.4a-performance-c-20260924,16,256,0,9,eager,625,57931879,57.931879,57.906009,57.821665,57.869632720947266,57.771263122558594,42570414412489919,42570414412525771,35.852,3.6207424375
/root/autodl-tmp/eagle3-phase4.4a-performance-c-20260924,16,256,0,0,coordinated-eager,626,59043100,59.0431,59.010832,58.943655,58.967777252197266,58.88102340698242,42570414486239192,42570414486258881,19.689,3.69019375
/root/autodl-tmp/eagle3-phase4.4a-performance-c-20260924,16,256,0,1,coordinated-eager,627,59059879,59.059879,59.034237,58.948063,58.9984016418457,58.89798355102539,42570414546715725,42570414546750859,35.134,3.6912424375
/root/autodl-tmp/eagle3-phase4.4a-performance-c-20260924,16,256,0,2,coordinated-eager,628,58474343,58.474343,58.448614,58.354087,58.411903381347656,58.30361557006836,42570414607230171,42570414607263943,33.772,3.6546464375
/root/autodl-tmp/eagle3-phase4.4a-performance-c-20260924,16,256,0,3,coordinated-eager,629,66912177,66.912177,66.886487,66.785923,66.85116577148438,66.73442840576172,42570414667176140,42570414667212480,36.34,4.1820110625
/root/autodl-tmp/eagle3-phase4.4a-performance-c-20260924,16,256,0,4,coordinated-eager,630,58503386,58.503386,58.477222,58.309819,58.44054412841797,58.284671783447266,42570414735563848,42570414735594462,30.614,3.656461625
/root/autodl-tmp/eagle3-phase4.4a-performance-c-20260924,16,256,0,5,coordinated-eager,631,59827382,59.827382,59.801717,58.649879,59.76531219482422,58.59939193725586,42570414795538162,42570414796630204,1092.042,3.739211375
/root/autodl-tmp/eagle3-phase4.4a-performance-c-20260924,16,256,0,6,coordinated-eager,632,59921484,59.921484,59.895935,59.807509,59.860897064208984,59.75798416137695,42570414856811350,42570414856846316,34.966,3.74509275
/root/autodl-tmp/eagle3-phase4.4a-performance-c-20260924,16,256,0,7,coordinated-eager,633,58502982,58.502982,58.476549,58.375905,58.440574645996094,58.32547378540039,42570414918192890,42570414918229953,37.063,3.656436375
/root/autodl-tmp/eagle3-phase4.4a-performance-c-20260924,16,256,0,8,coordinated-eager,634,65968872,65.968872,65.942459,65.849538,65.90518188476562,65.79676818847656,42570414978166295,42570414978201813,35.518,4.1230545
/root/autodl-tmp/eagle3-phase4.4a-performance-c-20260924,16,256,0,9,coordinated-eager,635,59974267,59.974267,59.9483,59.841502,59.91193771362305,59.79199981689453,42570415045584846,42570415045616543,31.697,3.7483916875
/root/autodl-tmp/eagle3-phase4.4a-performance-c-20260924,16,256,0,0,graph,636,21684020,21.68402,21.64924,21.6101,21.605823516845703,21.549983978271484,42570415121243207,42570415121262572,19.365,1.35525125
/root/autodl-tmp/eagle3-phase4.4a-performance-c-20260924,16,256,0,1,graph,637,21870232,21.870232,21.84112,21.500106,21.80281639099121,21.585344314575195,42570415144386429,42570415144420992,34.563,1.3668895
/root/autodl-tmp/eagle3-phase4.4a-performance-c-20260924,16,256,0,2,graph,638,22060189,22.060189,21.993885,21.657732,21.937152862548828,21.727584838867188,42570415167959783,42570415167986512,26.729,1.3787618125
/root/autodl-tmp/eagle3-phase4.4a-performance-c-20260924,16,256,0,3,graph,639,22279651,22.279651,22.200999,21.772472,22.13974380493164,21.880895614624023,42570415191929681,42570415191963201,33.52,1.3924781875
/root/autodl-tmp/eagle3-phase4.4a-performance-c-20260924,16,256,0,4,graph,640,22508167,22.508167,22.416192,22.02029,22.34320068359375,22.084800720214844,42570415216435805,42570415216470828,35.023,1.4067604375
/root/autodl-tmp/eagle3-phase4.4a-performance-c-20260924,16,256,0,5,graph,641,23664400,23.6644,23.57086,23.427296,23.49385643005371,23.354368209838867,42570415241315421,42570415241353749,38.328,1.479025
/root/autodl-tmp/eagle3-phase4.4a-performance-c-20260924,16,256,0,6,graph,642,23183437,23.183437,23.073159,22.546885,22.98214340209961,22.643552780151367,42570415267720598,42570415267765085,44.487,1.4489648125
/root/autodl-tmp/eagle3-phase4.4a-performance-c-20260924,16,256,0,7,graph,643,23519765,23.519765,23.38317,22.776127,23.281856536865234,22.894847869873047,42570415293959065,42570415294011224,52.159,1.4699853125
/root/autodl-tmp/eagle3-phase4.4a-performance-c-20260924,16,256,0,8,graph,644,24009766,24.009766,23.93198,23.243427,23.825599670410156,23.353439331054688,42570415320719875,42570415320801418,81.543,1.500610375
/root/autodl-tmp/eagle3-phase4.4a-performance-c-20260924,16,256,0,9,graph,645,24160354,24.160354,24.014868,23.366887,23.892383575439453,23.453920364379883,42570415348580778,42570415348647109,66.331,1.510022125
/root/autodl-tmp/eagle3-phase4.4a-performance-c-20260924,16,256,1,0,eager,646,89718986,89.718986,89.650557,89.383668,89.54867553710938,89.3503646850586,42570415409701533,42570415409738218,36.685,5.607436625
/root/autodl-tmp/eagle3-phase4.4a-performance-c-20260924,16,256,1,1,eager,647,63248385,63.248385,63.188289,63.107366,63.13692855834961,63.05683135986328,42570415500945565,42570415500972491,26.926,3.9530240625
/root/autodl-tmp/eagle3-phase4.4a-performance-c-20260924,16,256,1,2,eager,648,59081667,59.081667,59.056725,58.966215,59.0206413269043,58.91603088378906,42570415565643649,42570415565683429,39.78,3.6926041875
/root/autodl-tmp/eagle3-phase4.4a-performance-c-20260924,16,256,1,3,eager,649,65036519,65.036519,65.011031,64.917,64.97471618652344,64.86617279052734,42570415626177838,42570415626208479,30.641,4.0647824375
/root/autodl-tmp/eagle3-phase4.4a-performance-c-20260924,16,256,1,4,eager,650,57965024,57.965024,57.939085,57.843711,57.900001525878906,57.7938232421875,42570415692668576,42570415692705450,36.874,3.622814
/root/autodl-tmp/eagle3-phase4.4a-performance-c-20260924,16,256,1,5,eager,651,58481617,58.481617,58.45635,58.349692,58.420223236083984,58.2988166809082,42570415752116856,42570415752152544,35.688,3.6551010625
/root/autodl-tmp/eagle3-phase4.4a-performance-c-20260924,16,256,1,6,eager,652,57137527,57.137527,57.1117,57.018463,57.07571029663086,56.969215393066406,42570415812095094,42570415812131549,36.455,3.5710954375
/root/autodl-tmp/eagle3-phase4.4a-performance-c-20260924,16,256,1,7,eager,653,63657669,63.657669,63.632724,63.539944,63.596126556396484,63.49046325683594,42570415870667992,42570415870699924,31.932,3.9786043125
/root/autodl-tmp/eagle3-phase4.4a-performance-c-20260924,16,256,1,8,eager,654,57258797,57.258797,57.233941,57.125857,57.19785690307617,57.077056884765625,42570415935804269,42570415935840406,36.137,3.5786748125
/root/autodl-tmp/eagle3-phase4.4a-performance-c-20260924,16,256,1,9,eager,655,58634058,58.634058,58.609115,58.422728,58.57299041748047,58.40697479248047,42570415994507650,42570415994545639,37.989,3.664628625
/root/autodl-tmp/eagle3-phase4.4a-performance-c-20260924,16,256,1,0,graph,656,21872409,21.872409,21.852363,21.726458,21.809024810791016,21.66771125793457,42570416069731850,42570416069764726,32.876,1.3670255625
/root/autodl-tmp/eagle3-phase4.4a-performance-c-20260924,16,256,1,1,graph,657,21681815,21.681815,21.655447,21.56064,21.6177921295166,21.511520385742188,42570416093050475,42570416093091449,40.974,1.3551134375
/root/autodl-tmp/eagle3-phase4.4a-performance-c-20260924,16,256,1,2,graph,658,21848262,21.848262,21.81831,21.439222,21.780736923217773,21.535903930664062,42570416116183939,42570416116221652,37.713,1.365516375
/root/autodl-tmp/eagle3-phase4.4a-performance-c-20260924,16,256,1,3,graph,659,22364428,22.364428,22.286998,21.841763,22.224672317504883,21.95270347595215,42570416139983427,42570416140014101,30.674,1.39777675
/root/autodl-tmp/eagle3-phase4.4a-performance-c-20260924,16,256,1,4,graph,660,22549260,22.54926,22.458241,22.002506,22.382463455200195,22.08723258972168,42570416164597958,42570416164637501,39.543,1.40932875
/root/autodl-tmp/eagle3-phase4.4a-performance-c-20260924,16,256,1,5,graph,661,22884883,22.884883,22.787331,22.32986,22.707839965820312,22.40015983581543,42570416189559179,42570416189600434,41.255,1.4303051875
/root/autodl-tmp/eagle3-phase4.4a-performance-c-20260924,16,256,1,6,graph,662,22968585,22.968585,22.853987,22.402445,22.768543243408203,22.4270076751709,42570416214997716,42570416215044098,46.382,1.4355365625
/root/autodl-tmp/eagle3-phase4.4a-performance-c-20260924,16,256,1,7,graph,663,23453881,23.453881,23.387142,22.926386,23.297727584838867,22.93164825439453,42570416240728335,42570416240781085,52.75,1.4658675625
/root/autodl-tmp/eagle3-phase4.4a-performance-c-20260924,16,256,1,8,graph,664,24640661,24.640661,24.568374,24.071742,24.471872329711914,24.042943954467773,42570416267378279,42570416267445157,66.878,1.5400413125
/root/autodl-tmp/eagle3-phase4.4a-performance-c-20260924,16,256,1,9,graph,665,24161814,24.161814,24.086378,23.347601,23.97871971130371,23.49033546447754,42570416295577726,42570416295667161,89.435,1.510113375
/root/autodl-tmp/eagle3-phase4.4a-performance-c-20260924,16,256,1,0,coordinated-eager,666,88934664,88.934664,88.861655,88.557986,88.75801849365234,88.5354232788086,42570416357941829,42570416357981320,39.491,5.5584165
/root/autodl-tmp/eagle3-phase4.4a-performance-c-20260924,16,256,1,1,coordinated-eager,667,71255255,71.255255,71.178328,70.906096,71.12041473388672,70.90924835205078,42570416448571463,42570416448604043,32.58,4.4534534375
/root/autodl-tmp/eagle3-phase4.4a-performance-c-20260924,16,256,1,2,coordinated-eager,668,62964447,62.964447,62.932087,62.819036,62.88854217529297,62.76028823852539,42570416521396586,42570416521434049,37.463,3.9352779375
/root/autodl-tmp/eagle3-phase4.4a-performance-c-20260924,16,256,1,3,coordinated-eager,669,64986799,64.986799,64.957386,64.841859,64.91200256347656,64.73859405517578,42570416585952724,42570416585994865,42.141,4.0616749375
/root/autodl-tmp/eagle3-phase4.4a-performance-c-20260924,16,256,1,4,coordinated-eager,670,58413744,58.413744,58.38633,58.187675,58.34960174560547,58.181121826171875,42570416652391575,42570416652428271,36.696,3.650859
/root/autodl-tmp/eagle3-phase4.4a-performance-c-20260924,16,256,1,5,coordinated-eager,671,58411087,58.411087,58.38487,58.291029,58.348289489746094,58.241310119628906,42570416712262128,42570416712295542,33.414,3.6506929375
/root/autodl-tmp/eagle3-phase4.4a-performance-c-20260924,16,256,1,6,coordinated-eager,672,59085135,59.085135,59.058821,58.967762,59.02284622192383,58.9172477722168,42570416772145711,42570416772179619,33.908,3.6928209375
/root/autodl-tmp/eagle3-phase4.4a-performance-c-20260924,16,256,1,7,coordinated-eager,673,63928916,63.928916,63.903178,63.790224,63.86726379394531,63.73952102661133,42570416832669503,42570416832703119,33.616,3.99555725
/root/autodl-tmp/eagle3-phase4.4a-performance-c-20260924,16,256,1,8,coordinated-eager,674,59247462,59.247462,59.221488,59.098203,59.18521499633789,59.0489616394043,42570416898046899,42570416898081918,35.019,3.702966375
/root/autodl-tmp/eagle3-phase4.4a-performance-c-20260924,16,256,1,9,coordinated-eager,675,58961339,58.961339,58.935249,59.349742,58.89836883544922,59.298622131347656,42570416958761418,42570416958802201,40.783,3.6850836875
/root/autodl-tmp/eagle3-phase4.4a-performance-c-20260924,16,256,2,0,graph,676,21724565,21.724565,21.691741,21.587308,21.64803123474121,21.52720069885254,42570417035385727,42570417035406074,20.347,1.3577853125
/root/autodl-tmp/eagle3-phase4.4a-performance-c-20260924,16,256,2,1,graph,677,21837120,21.83712,21.80876,21.585241,21.771583557128906,21.551807403564453,42570417058571026,42570417058608575,37.549,1.36482
/root/autodl-tmp/eagle3-phase4.4a-performance-c-20260924,16,256,2,2,graph,678,22158493,22.158493,22.120044,21.773822,22.068479537963867,21.83024024963379,42570417082234943,42570417082269589,34.646,1.3849058125
/root/autodl-tmp/eagle3-phase4.4a-performance-c-20260924,16,256,2,3,graph,679,22446325,22.446325,22.365098,21.943789,22.30124855041504,22.04128074645996,42570417106324007,42570417106358068,34.061,1.4028953125
/root/autodl-tmp/eagle3-phase4.4a-performance-c-20260924,16,256,2,4,graph,680,23779806,23.779806,23.582787,22.659887,23.20476722717285,22.68079948425293,42570417136064048,42570417136658125,594.077,1.486237875
/root/autodl-tmp/eagle3-phase4.4a-performance-c-20260924,16,256,2,5,graph,681,22793997,22.793997,22.739534,22.344759,22.669727325439453,22.340063095092773,42570417161948021,42570417161985191,37.17,1.4246248125
/root/autodl-tmp/eagle3-phase4.4a-performance-c-20260924,16,256,2,6,graph,682,23341452,23.341452,23.275775,22.79034,23.18511962890625,22.785696029663086,42570417187898696,42570417187981641,82.945,1.45884075
/root/autodl-tmp/eagle3-phase4.4a-performance-c-20260924,16,256,2,7,graph,683,23465177,23.465177,23.400194,22.930031,23.31007957458496,22.944639205932617,42570417214036806,42570417214091312,54.506,1.4665735625
/root/autodl-tmp/eagle3-phase4.4a-performance-c-20260924,16,256,2,8,graph,684,23916680,23.91668,23.839347,23.246839,23.737472534179688,23.28598403930664,42570417240844647,42570417240935619,90.972,1.4947925
/root/autodl-tmp/eagle3-phase4.4a-performance-c-20260924,16,256,2,9,graph,685,24115906,24.115906,24.037528,23.355655,23.928447723388672,23.433727264404297,42570417268246560,42570417268330713,84.153,1.507244125
/root/autodl-tmp/eagle3-phase4.4a-performance-c-20260924,16,256,2,0,eager,686,82134585,82.134585,82.072423,81.768111,81.97932434082031,81.76783752441406,42570417331683698,42570417331719627,35.929,5.1334115625
/root/autodl-tmp/eagle3-phase4.4a-performance-c-20260924,16,256,2,1,eager,687,71872287,71.872287,71.794222,71.741516,71.72393798828125,71.68940734863281,42570417415837708,42570417415864122,26.414,4.4920179375
/root/autodl-tmp/eagle3-phase4.4a-performance-c-20260924,16,256,2,2,eager,688,57527071,57.527071,57.501567,57.376824,57.463680267333984,57.32662582397461,42570417489116525,42570417489154545,38.02,3.5954419375
/root/autodl-tmp/eagle3-phase4.4a-performance-c-20260924,16,256,2,3,eager,689,57013597,57.013597,56.988095,56.896637,56.95177459716797,56.84617614746094,42570417548135075,42570417548169191,34.116,3.5633498125
/root/autodl-tmp/eagle3-phase4.4a-performance-c-20260924,16,256,2,4,eager,690,57359976,57.359976,57.334939,57.229864,57.29897689819336,57.179264068603516,42570417606592320,42570417606633226,40.906,3.5849985
/root/autodl-tmp/eagle3-phase4.4a-performance-c-20260924,16,256,2,5,eager,691,57207270,57.20727,57.182206,56.981504,57.14547348022461,56.982303619384766,42570417665425482,42570417665463108,37.626,3.575454375
/root/autodl-tmp/eagle3-phase4.4a-performance-c-20260924,16,256,2,6,eager,692,61227278,61.227278,61.20181,60.923782,61.16556930541992,60.87263870239258,42570417724243902,42570417724453680,209.778,3.826704875
/root/autodl-tmp/eagle3-phase4.4a-performance-c-20260924,16,256,2,7,eager,693,58251258,58.251258,58.226065,58.119538,58.188575744628906,58.05606460571289,42570417786929782,42570417786963235,33.453,3.640703625
/root/autodl-tmp/eagle3-phase4.4a-performance-c-20260924,16,256,2,8,eager,694,57689957,57.689957,57.655877,57.303077,57.601600646972656,57.25260925292969,42570417846634610,42570417846669347,34.737,3.6056223125
/root/autodl-tmp/eagle3-phase4.4a-performance-c-20260924,16,256,2,9,eager,695,60003136,60.003136,59.902394,59.721408,59.8240966796875,59.474143981933594,42570417907326792,42570417907431903,105.111,3.750196
/root/autodl-tmp/eagle3-phase4.4a-performance-c-20260924,16,256,2,0,coordinated-eager,696,58752143,58.752143,58.720295,58.640412,58.676639556884766,58.58156967163086,42570417985268684,42570417985289298,20.614,3.6720089375
/root/autodl-tmp/eagle3-phase4.4a-performance-c-20260924,16,256,2,1,coordinated-eager,697,58097105,58.097105,58.070612,57.969022,58.03449630737305,57.91913604736328,42570418045464100,42570418045498068,33.968,3.6310690625
/root/autodl-tmp/eagle3-phase4.4a-performance-c-20260924,16,256,2,2,coordinated-eager,698,62232733,62.232733,62.206001,62.103366,62.17068862915039,62.05427169799805,42570418105010960,42570418105045981,35.021,3.8895458125
/root/autodl-tmp/eagle3-phase4.4a-performance-c-20260924,16,256,2,3,coordinated-eager,699,58270123,58.270123,58.243387,58.047942,58.207489013671875,58.046878814697266,42570418168691207,42570418168724180,32.973,3.6418826875
/root/autodl-tmp/eagle3-phase4.4a-performance-c-20260924,16,256,2,4,coordinated-eager,700,59125932,59.125932,59.099186,59.019923,59.06313705444336,58.970272064208984,42570418228419266,42570418228453686,34.42,3.69537075
/root/autodl-tmp/eagle3-phase4.4a-performance-c-20260924,16,256,2,5,coordinated-eager,701,59037435,59.037435,59.00997,58.921384,58.97407913208008,58.87113571166992,42570418288998420,42570418289026927,28.507,3.6898396875
/root/autodl-tmp/eagle3-phase4.4a-performance-c-20260924,16,256,2,6,coordinated-eager,702,57958847,57.958847,57.932793,57.848471,57.897281646728516,57.79836654663086,42570418349480048,42570418349509802,29.754,3.6224279375
/root/autodl-tmp/eagle3-phase4.4a-performance-c-20260924,16,256,2,7,coordinated-eager,703,66169207,66.169207,66.141943,66.012685,66.10409545898438,65.96160125732422,42570418408879096,42570418408913473,34.377,4.1355754375
/root/autodl-tmp/eagle3-phase4.4a-performance-c-20260924,16,256,2,8,coordinated-eager,704,57893350,57.89335,57.868152,58.333697,57.8317756652832,58.28374481201172,42570418476505035,42570418476534614,29.579,3.618334375
/root/autodl-tmp/eagle3-phase4.4a-performance-c-20260924,16,256,2,9,coordinated-eager,705,58152769,58.152769,58.126105,58.017165,58.09040069580078,57.966976165771484,42570418536353120,42570418536385077,31.957,3.6345480625
/root/autodl-tmp/eagle3-phase4.4a-performance-c-20260924,16,256,3,0,graph,706,21787219,21.787219,21.767129,21.659184,21.723583221435547,21.598976135253906,42570418611943031,42570418611960546,17.515,1.3617011875
/root/autodl-tmp/eagle3-phase4.4a-performance-c-20260924,16,256,3,1,graph,707,22373045,22.373045,22.344098,21.595408,22.306528091430664,21.593215942382812,42570418635236970,42570418635769796,532.826,1.3983153125
/root/autodl-tmp/eagle3-phase4.4a-performance-c-20260924,16,256,3,2,graph,708,22338031,22.338031,22.29763,21.747712,22.242719650268555,21.952735900878906,42570418659486065,42570418659525563,39.498,1.3961269375
/root/autodl-tmp/eagle3-phase4.4a-performance-c-20260924,16,256,3,3,graph,709,22616733,22.616733,22.520523,22.11576,22.442975997924805,22.18720054626465,42570418684260584,42570418684295518,34.934,1.4135458125
/root/autodl-tmp/eagle3-phase4.4a-performance-c-20260924,16,256,3,4,graph,710,22888783,22.888783,22.784904,22.249779,22.703519821166992,22.407520294189453,42570418709325109,42570418709365576,40.467,1.4305489375
/root/autodl-tmp/eagle3-phase4.4a-performance-c-20260924,16,256,3,5,graph,711,23277125,23.277125,23.165786,22.578116,23.079647064208984,22.72710418701172,42570418734799947,42570418734844742,44.795,1.4548203125
/root/autodl-tmp/eagle3-phase4.4a-performance-c-20260924,16,256,3,6,graph,712,23921855,23.921855,23.796179,23.098747,23.693056106567383,23.28668785095215,42570418761293387,42570418761348796,55.409,1.4951159375
/root/autodl-tmp/eagle3-phase4.4a-performance-c-20260924,16,256,3,7,graph,713,24106864,24.106864,23.960415,23.438462,23.84623908996582,23.429664611816406,42570418788687737,42570418788749998,62.261,1.506679
/root/autodl-tmp/eagle3-phase4.4a-performance-c-20260924,16,256,3,8,graph,714,24627550,24.62755,24.531579,23.850038,24.40323257446289,23.947296142578125,42570418816325233,42570418816385172,59.939,1.539221875
/root/autodl-tmp/eagle3-phase4.4a-performance-c-20260924,16,256,3,9,graph,715,24955519,24.955519,24.784253,24.065922,24.65340805053711,24.171199798583984,42570418845014794,42570418845085681,70.887,1.5597199375
/root/autodl-tmp/eagle3-phase4.4a-performance-c-20260924,16,256,3,0,coordinated-eager,716,92499539,92.499539,92.4161,92.243621,92.29964447021484,92.11939239501953,42570418912178829,42570418912216625,37.796,5.7812211875
/root/autodl-tmp/eagle3-phase4.4a-performance-c-20260924,16,256,3,1,coordinated-eager,717,77025328,77.025328,76.985783,76.841076,76.9315185546875,76.7729263305664,42570419006442878,42570419006487289,44.411,4.814083
/root/autodl-tmp/eagle3-phase4.4a-performance-c-20260924,16,256,3,2,coordinated-eager,718,66216319,66.216319,66.181683,66.065231,66.13225555419922,66.00041961669922,42570419085198827,42570419085247615,48.788,4.1385199375
/root/autodl-tmp/eagle3-phase4.4a-performance-c-20260924,16,256,3,3,coordinated-eager,719,60898579,60.898579,60.868384,60.749541,60.82806396484375,60.69401550292969,42570419152991193,42570419153028243,37.05,3.8061611875
/root/autodl-tmp/eagle3-phase4.4a-performance-c-20260924,16,256,3,4,coordinated-eager,720,59571965,59.571965,59.544267,59.440104,59.506431579589844,59.38835144042969,42570419215390592,42570419215422584,31.992,3.7232478125
/root/autodl-tmp/eagle3-phase4.4a-performance-c-20260924,16,256,3,5,coordinated-eager,721,58606404,58.606404,58.580791,58.380525,58.54512023925781,58.37257766723633,42570419276438464,42570419276474089,35.625,3.66290025
/root/autodl-tmp/eagle3-phase4.4a-performance-c-20260924,16,256,3,6,coordinated-eager,722,58779178,58.779178,58.752354,58.653475,58.716064453125,58.604671478271484,42570419336514509,42570419336548184,33.675,3.673698625
/root/autodl-tmp/eagle3-phase4.4a-performance-c-20260924,16,256,3,7,coordinated-eager,723,58893985,58.893985,58.868409,58.766582,58.8326416015625,58.714752197265625,42570419396765365,42570419396801205,35.84,3.6808740625
/root/autodl-tmp/eagle3-phase4.4a-performance-c-20260924,16,256,3,8,coordinated-eager,724,58168752,58.168752,58.14211,58.043405,58.10563278198242,57.99248123168945,42570419457106614,42570419457137287,30.673,3.635547
/root/autodl-tmp/eagle3-phase4.4a-performance-c-20260924,16,256,3,9,coordinated-eager,725,59217180,59.21718,59.192375,59.079354,59.15599822998047,59.02870559692383,42570419516728342,42570419516766897,38.555,3.70107375
/root/autodl-tmp/eagle3-phase4.4a-performance-c-20260924,16,256,3,0,eager,726,57958358,57.958358,57.939798,57.825247,57.89673614501953,57.765663146972656,42570419593469511,42570419593488116,18.605,3.622397375
/root/autodl-tmp/eagle3-phase4.4a-performance-c-20260924,16,256,3,1,eager,727,57040536,57.040536,57.015492,56.922233,56.97926330566406,56.872127532958984,42570419652881110,42570419652912981,31.871,3.5650335
/root/autodl-tmp/eagle3-phase4.4a-performance-c-20260924,16,256,3,2,eager,728,58588400,58.5884,58.56265,58.457276,58.52598571777344,58.40678405761719,42570419711371274,42570419711404212,32.938,3.661775
/root/autodl-tmp/eagle3-phase4.4a-performance-c-20260924,16,256,3,3,eager,729,56940354,56.940354,56.914754,56.812686,56.878273010253906,56.76358413696289,42570419771430462,42570419771469598,39.136,3.558772125
/root/autodl-tmp/eagle3-phase4.4a-performance-c-20260924,16,256,3,4,eager,730,57897751,57.897751,57.871949,57.790573,57.83545684814453,57.740928649902344,42570419829822298,42570419829854155,31.857,3.6186094375
/root/autodl-tmp/eagle3-phase4.4a-performance-c-20260924,16,256,3,5,eager,731,57019609,57.019609,56.993123,56.805884,56.95619201660156,56.794273376464844,42570419889164355,42570419889202478,38.123,3.5637255625
/root/autodl-tmp/eagle3-phase4.4a-performance-c-20260924,16,256,3,6,eager,732,57545654,57.545654,57.519499,57.440494,57.48227310180664,57.389408111572266,42570419947649077,42570419947682224,33.147,3.596603375
/root/autodl-tmp/eagle3-phase4.4a-performance-c-20260924,16,256,3,7,eager,733,58200815,58.200815,58.175742,58.063866,58.139808654785156,58.01446533203125,42570420006633766,42570420006669036,35.27,3.6375509375
/root/autodl-tmp/eagle3-phase4.4a-performance-c-20260924,16,256,3,8,eager,734,57006842,57.006842,56.981218,56.822213,56.944190979003906,56.781280517578125,42570420066309369,42570420066344078,34.709,3.562927625
/root/autodl-tmp/eagle3-phase4.4a-performance-c-20260924,16,256,3,9,eager,735,57566047,57.566047,57.541349,57.43004,57.50505447387695,57.379615783691406,42570420124791198,42570420124828004,36.806,3.5978779375
/root/autodl-tmp/eagle3-phase4.4a-performance-c-20260924,16,256,4,0,coordinated-eager,736,62714911,62.714911,62.694548,62.593845,62.648990631103516,62.532352447509766,42570420200271666,42570420200308617,36.951,3.9196819375
/root/autodl-tmp/eagle3-phase4.4a-performance-c-20260924,16,256,4,1,coordinated-eager,737,58190501,58.190501,58.164607,58.056751,58.127838134765625,58.00627136230469,42570420264448461,42570420264486467,38.006,3.6369063125
/root/autodl-tmp/eagle3-phase4.4a-performance-c-20260924,16,256,4,2,coordinated-eager,738,59141750,59.14175,59.115936,59.018282,59.07936096191406,58.967777252197266,42570420324104561,42570420324137027,32.466,3.696359375
/root/autodl-tmp/eagle3-phase4.4a-performance-c-20260924,16,256,4,3,coordinated-eager,739,57865930,57.86593,57.839971,57.739086,57.80393600463867,57.688961029052734,42570420384693814,42570420384726716,32.902,3.616620625
/root/autodl-tmp/eagle3-phase4.4a-performance-c-20260924,16,256,4,4,coordinated-eager,740,59370602,59.370602,59.344625,59.252993,59.30790328979492,59.20284652709961,42570420444007224,42570420444040110,32.886,3.710662625
/root/autodl-tmp/eagle3-phase4.4a-performance-c-20260924,16,256,4,5,coordinated-eager,741,58522177,58.522177,58.496495,58.36406,58.46073532104492,58.31327819824219,42570420504820323,42570420504849380,29.057,3.6576360625
/root/autodl-tmp/eagle3-phase4.4a-performance-c-20260924,16,256,4,6,coordinated-eager,742,58243652,58.243652,58.218019,58.120358,58.182369232177734,58.071041107177734,42570420564795670,42570420564832217,36.547,3.64022825
/root/autodl-tmp/eagle3-phase4.4a-performance-c-20260924,16,256,4,7,coordinated-eager,743,58997361,58.997361,58.971403,58.876008,58.935550689697266,58.82575988769531,42570420624482319,42570420624515809,33.49,3.6873350625
/root/autodl-tmp/eagle3-phase4.4a-performance-c-20260924,16,256,4,8,coordinated-eager,744,58194517,58.194517,58.166735,58.03328,58.13075256347656,57.982784271240234,42570420684934498,42570420684968786,34.288,3.6371573125
/root/autodl-tmp/eagle3-phase4.4a-performance-c-20260924,16,256,4,9,coordinated-eager,745,58885677,58.885677,58.859145,58.789054,58.82185745239258,58.7393913269043,42570420744594836,42570420744622776,27.94,3.6803548125
/root/autodl-tmp/eagle3-phase4.4a-performance-c-20260924,16,256,4,0,graph,746,21837444,21.837444,21.805846,21.699695,21.761503219604492,21.640127182006836,42570420821985254,42570420822006354,21.1,1.36484025
/root/autodl-tmp/eagle3-phase4.4a-performance-c-20260924,16,256,4,1,graph,747,21914145,21.914145,21.885265,21.557307,21.84761619567871,21.630624771118164,42570420845283395,42570420845318030,34.635,1.3696340625
/root/autodl-tmp/eagle3-phase4.4a-performance-c-20260924,16,256,4,2,graph,748,22142623,22.142623,22.080468,21.720473,22.026464462280273,21.817312240600586,42570420868851303,42570420868877804,26.501,1.3839139375
/root/autodl-tmp/eagle3-phase4.4a-performance-c-20260924,16,256,4,3,graph,749,22371437,22.371437,22.292634,21.945514,22.229312896728516,21.983007431030273,42570420892899423,42570420892933909,34.486,1.3982148125
/root/autodl-tmp/eagle3-phase4.4a-performance-c-20260924,16,256,4,4,graph,750,22459647,22.459647,22.37445,21.990941,22.30726432800293,22.039072036743164,42570420917265775,42570420917303672,37.897,1.4037279375
/root/autodl-tmp/eagle3-phase4.4a-performance-c-20260924,16,256,4,5,graph,751,22732786,22.732786,22.633608,22.30404,22.55718421936035,22.268096923828125,42570420942015627,42570420942056697,41.07,1.420799125
/root/autodl-tmp/eagle3-phase4.4a-performance-c-20260924,16,256,4,6,graph,752,23187240,23.18724,23.125501,22.675437,23.045183181762695,22.688703536987305,42570420967321379,42570420967372197,50.818,1.4492025
/root/autodl-tmp/eagle3-phase4.4a-performance-c-20260924,16,256,4,7,graph,753,23674787,23.674787,23.607599,23.074402,23.514015197753906,23.11769676208496,42570420993449794,42570420993515958,66.164,1.4796741875
/root/autodl-tmp/eagle3-phase4.4a-performance-c-20260924,16,256,4,8,graph,754,24029985,24.029985,23.954081,23.411574,23.85091209411621,23.417343139648438,42570421020388038,42570421020454740,66.702,1.5018740625
/root/autodl-tmp/eagle3-phase4.4a-performance-c-20260924,16,256,4,9,graph,755,24592114,24.592114,24.509518,23.811148,24.39299201965332,23.921567916870117,42570421048041598,42570421048118185,76.587,1.537007125
/root/autodl-tmp/eagle3-phase4.4a-performance-c-20260924,16,256,4,0,eager,756,90849151,90.849151,90.771511,90.538828,90.65888214111328,90.41951751708984,42570421115177781,42570421115218722,40.941,5.6780719375
/root/autodl-tmp/eagle3-phase4.4a-performance-c-20260924,16,256,4,1,eager,757,66726172,66.726172,66.64152,66.537539,66.56556701660156,66.46141052246094,42570421207965963,42570421208001584,35.621,4.17038575
/root/autodl-tmp/eagle3-phase4.4a-performance-c-20260924,16,256,4,2,eager,758,60057186,60.057186,60.027831,59.931052,59.98467254638672,59.87686538696289,42570421276189517,42570421276225738,36.221,3.753574125
/root/autodl-tmp/eagle3-phase4.4a-performance-c-20260924,16,256,4,3,eager,759,58804985,58.804985,58.77771,58.664449,58.739070892333984,58.6129264831543,42570421337735848,42570421337770481,34.633,3.6753115625
/root/autodl-tmp/eagle3-phase4.4a-performance-c-20260924,16,256,4,4,eager,760,57340531,57.340531,57.311947,57.226696,57.27571105957031,57.17686462402344,42570421397973976,42570421398009350,35.374,3.5837831875
/root/autodl-tmp/eagle3-phase4.4a-performance-c-20260924,16,256,4,5,eager,761,58313704,58.313704,58.18173,58.120692,58.14339065551758,58.07004928588867,42570421457756918,42570421457785384,28.466,3.6446065
/root/autodl-tmp/eagle3-phase4.4a-performance-c-20260924,16,256,4,6,eager,762,57952132,57.952132,57.926556,57.789118,57.888607025146484,57.73817443847656,42570421517429910,42570421517461794,31.884,3.62200825
/root/autodl-tmp/eagle3-phase4.4a-performance-c-20260924,16,256,4,7,eager,763,57097937,57.097937,57.072677,56.968347,57.03593444824219,56.91881561279297,42570421576819263,42570421576854789,35.526,3.5686210625
/root/autodl-tmp/eagle3-phase4.4a-performance-c-20260924,16,256,4,8,eager,764,58745741,58.745741,58.720603,58.614951,58.683937072753906,58.564544677734375,42570421635388023,42570421635427226,39.203,3.6716088125
/root/autodl-tmp/eagle3-phase4.4a-performance-c-20260924,16,256,4,9,eager,765,57497658,57.497658,57.471647,57.374162,57.43471908569336,57.3232307434082,42570421695592248,42570421695621910,29.662,3.593603625
/root/autodl-tmp/eagle3-phase4.4a-performance-c-20260924,16,768,0,0,eager,770,73503442,73.503442,73.445416,73.136876,73.36799621582031,73.1714859008789,42570423845931206,42570423845958820,27.614,4.593965125
/root/autodl-tmp/eagle3-phase4.4a-performance-c-20260924,16,768,0,1,eager,771,60666872,60.666872,60.597659,60.441998,60.53984069824219,60.39980697631836,42570423921129516,42570423921159845,30.329,3.7916795
/root/autodl-tmp/eagle3-phase4.4a-performance-c-20260924,16,768,0,2,eager,772,58081905,58.081905,58.056388,57.985877,58.01942443847656,57.935585021972656,42570423983259952,42570423983295804,35.852,3.6301190625
/root/autodl-tmp/eagle3-phase4.4a-performance-c-20260924,16,768,0,3,eager,773,58673694,58.673694,58.648123,58.543834,58.612159729003906,58.492286682128906,42570424042831211,42570424042872320,41.109,3.667105875
/root/autodl-tmp/eagle3-phase4.4a-performance-c-20260924,16,768,0,4,eager,774,57331170,57.33117,57.305377,57.222413,57.26838302612305,57.17136001586914,42570424103024783,42570424103063916,39.133,3.583198125
/root/autodl-tmp/eagle3-phase4.4a-performance-c-20260924,16,768,0,5,eager,775,57859331,57.859331,57.8334,57.741586,57.797183990478516,57.690528869628906,42570424161839846,42570424161879820,39.974,3.6162081875
/root/autodl-tmp/eagle3-phase4.4a-performance-c-20260924,16,768,0,6,eager,776,57226197,57.226197,57.200805,57.135457,57.1649284362793,57.084510803222656,42570424221184264,42570424221215395,31.131,3.5766373125
/root/autodl-tmp/eagle3-phase4.4a-performance-c-20260924,16,768,0,7,eager,777,58881232,58.881232,58.85562,58.769771,58.81865692138672,58.718814849853516,42570424279946440,42570424279985298,38.858,3.680077
/root/autodl-tmp/eagle3-phase4.4a-performance-c-20260924,16,768,0,8,eager,778,58509443,58.509443,58.483149,58.352863,58.44688034057617,58.30284881591797,42570424340341292,42570424340375584,34.292,3.6568401875
/root/autodl-tmp/eagle3-phase4.4a-performance-c-20260924,16,768,0,9,eager,779,57384126,57.384126,57.357631,57.273191,57.32080078125,57.222206115722656,42570424400380859,42570424400418051,37.192,3.586507875
/root/autodl-tmp/eagle3-phase4.4a-performance-c-20260924,16,768,0,0,coordinated-eager,780,59628531,59.628531,59.596347,59.529826,59.5522575378418,59.470497131347656,42570424477004305,42570424477024655,20.35,3.7267831875
/root/autodl-tmp/eagle3-phase4.4a-performance-c-20260924,16,768,0,1,coordinated-eager,781,59341225,59.341225,59.314881,59.235454,59.279457092285156,59.18511962890625,42570424538093058,42570424538124707,31.649,3.7088265625
/root/autodl-tmp/eagle3-phase4.4a-performance-c-20260924,16,768,0,2,coordinated-eager,782,58299998,58.299998,58.272982,58.183412,58.2369270324707,58.12028884887695,42570424598906895,42570424598944720,37.825,3.643749875
/root/autodl-tmp/eagle3-phase4.4a-performance-c-20260924,16,768,0,3,coordinated-eager,783,59196187,59.196187,59.170471,59.076075,59.134239196777344,59.02550506591797,42570424658698441,42570424658734265,35.824,3.6997616875
/root/autodl-tmp/eagle3-phase4.4a-performance-c-20260924,16,768,0,4,coordinated-eager,784,58609956,58.609956,58.58295,58.501153,58.5464973449707,58.451072692871094,42570424719377042,42570424719412022,34.98,3.66312225
/root/autodl-tmp/eagle3-phase4.4a-performance-c-20260924,16,768,0,5,coordinated-eager,785,59923341,59.923341,59.896414,59.816217,59.85939025878906,59.766014099121094,42570424779490984,42570424779526175,35.191,3.7452088125
/root/autodl-tmp/eagle3-phase4.4a-performance-c-20260924,16,768,0,6,coordinated-eager,786,59078832,59.078832,59.052618,58.962063,59.01619338989258,58.91126251220703,42570424840937467,42570424840973761,36.294,3.692427
/root/autodl-tmp/eagle3-phase4.4a-performance-c-20260924,16,768,0,7,coordinated-eager,787,58578911,58.578911,58.552298,58.456689,58.516544342041016,58.405982971191406,42570424901492673,42570424901529105,36.432,3.6611819375
/root/autodl-tmp/eagle3-phase4.4a-performance-c-20260924,16,768,0,8,coordinated-eager,788,58823414,58.823414,58.797052,58.701053,58.76121520996094,58.65059280395508,42570424961573917,42570424961613655,39.738,3.676463375
/root/autodl-tmp/eagle3-phase4.4a-performance-c-20260924,16,768,0,9,coordinated-eager,789,58541151,58.541151,58.513693,58.433158,58.476768493652344,58.38323211669922,42570425021909661,42570425021940437,30.776,3.6588219375
/root/autodl-tmp/eagle3-phase4.4a-performance-c-20260924,16,768,0,0,graph,790,22310678,22.310678,22.272851,22.190452,22.229951858520508,22.131328582763672,42570425099700971,42570425099721502,20.531,1.394417375
/root/autodl-tmp/eagle3-phase4.4a-performance-c-20260924,16,768,0,1,graph,791,22394093,22.394093,22.363865,22.039557,22.325664520263672,22.114015579223633,42570425123486879,42570425123523345,36.466,1.3996308125
/root/autodl-tmp/eagle3-phase4.4a-performance-c-20260924,16,768,0,2,graph,792,22527055,22.527055,22.463049,22.072076,22.409408569335938,22.2040958404541,42570425147559954,42570425147587299,27.345,1.4079409375
/root/autodl-tmp/eagle3-phase4.4a-performance-c-20260924,16,768,0,3,graph,793,22846147,22.846147,22.770535,22.324654,22.7063045501709,22.452096939086914,42570425172022636,42570425172049479,26.843,1.4278841875
/root/autodl-tmp/eagle3-phase4.4a-performance-c-20260924,16,768,0,4,graph,794,23201690,23.20169,23.108073,22.701521,23.034975051879883,22.75632095336914,42570425197151782,42570425197188310,36.528,1.450105625
/root/autodl-tmp/eagle3-phase4.4a-performance-c-20260924,16,768,0,5,graph,795,23538385,23.538385,23.444145,22.991257,23.366207122802734,23.067840576171875,42570425222771201,42570425222811217,40.016,1.4711490625
/root/autodl-tmp/eagle3-phase4.4a-performance-c-20260924,16,768,0,6,graph,796,23835540,23.83554,23.725113,23.231857,23.637887954711914,23.284639358520508,42570425248951384,42570425249002837,51.453,1.48972125
/root/autodl-tmp/eagle3-phase4.4a-performance-c-20260924,16,768,0,7,graph,797,24247433,24.247433,24.123047,23.525219,24.023263931274414,23.63488006591797,42570425275926769,42570425275978842,52.073,1.5154645625
/root/autodl-tmp/eagle3-phase4.4a-performance-c-20260924,16,768,0,8,graph,798,24521032,24.521032,24.381534,23.726682,24.269439697265625,23.84694480895996,42570425303583694,42570425303640718,57.024,1.5325645
/root/autodl-tmp/eagle3-phase4.4a-performance-c-20260924,16,768,0,9,graph,799,24779258,24.779258,24.625939,23.982248,24.500831604003906,24.064992904663086,42570425331957969,42570425332020209,62.24,1.548703625
/root/autodl-tmp/eagle3-phase4.4a-performance-c-20260924,16,768,1,0,eager,800,82078819,82.078819,82.014297,81.719356,81.92131042480469,81.71788787841797,42570425399774844,42570425399806823,31.979,5.1299261875
/root/autodl-tmp/eagle3-phase4.4a-performance-c-20260924,16,768,1,1,eager,801,64650942,64.650942,64.584304,64.518587,64.53260803222656,64.46326446533203,42570425483486386,42570425483515821,29.435,4.040683875
/root/autodl-tmp/eagle3-phase4.4a-performance-c-20260924,16,768,1,2,eager,802,58647938,58.647938,58.620842,58.504189,58.583038330078125,58.45167922973633,42570425549616270,42570425549653406,37.136,3.665496125
/root/autodl-tmp/eagle3-phase4.4a-performance-c-20260924,16,768,1,3,eager,803,57505697,57.505697,57.480555,57.382239,57.44460678100586,57.331871032714844,42570425609762563,42570425609799336,36.773,3.5941060625
/root/autodl-tmp/eagle3-phase4.4a-performance-c-20260924,16,768,1,4,eager,804,58300863,58.300863,58.275892,58.181931,58.240478515625,58.131649017333984,42570425668760318,42570425668801017,40.699,3.6438039375
/root/autodl-tmp/eagle3-phase4.4a-performance-c-20260924,16,768,1,5,eager,805,57642678,57.642678,57.617076,57.533117,57.58047866821289,57.4824333190918,42570425728539443,42570425728572139,32.696,3.602667375
/root/autodl-tmp/eagle3-phase4.4a-performance-c-20260924,16,768,1,6,eager,806,58156368,58.156368,58.130329,58.042158,58.09337615966797,57.99283218383789,42570425787676436,42570425787707320,30.884,3.634773
/root/autodl-tmp/eagle3-phase4.4a-performance-c-20260924,16,768,1,7,eager,807,60857716,60.857716,60.831141,60.826802,60.79475021362305,60.774078369140625,42570425847328922,42570425847366557,37.635,3.80360725
/root/autodl-tmp/eagle3-phase4.4a-performance-c-20260924,16,768,1,8,eager,808,58396876,58.396876,58.371744,58.297247,58.33622360229492,58.24528121948242,42570425909746241,42570425909781010,34.769,3.64980475
/root/autodl-tmp/eagle3-phase4.4a-performance-c-20260924,16,768,1,9,eager,809,58924926,58.924926,58.898147,58.820229,58.86252975463867,58.77097702026367,42570425969647696,42570425969677682,29.986,3.682807875
/root/autodl-tmp/eagle3-phase4.4a-performance-c-20260924,16,768,1,0,graph,810,22437944,22.437944,22.406171,22.32676,22.36419105529785,22.26595115661621,42570426047726686,42570426047747552,20.866,1.4023715
/root/autodl-tmp/eagle3-phase4.4a-performance-c-20260924,16,768,1,1,graph,811,22411976,22.411976,22.381782,22.08202,22.344032287597656,22.130144119262695,42570426071657211,42570426071693766,36.555,1.4007485
/root/autodl-tmp/eagle3-phase4.4a-performance-c-20260924,16,768,1,2,graph,812,22925442,22.925442,22.859416,22.346251,22.803007125854492,22.54694366455078,42570426095747722,42570426095773578,25.856,1.432840125
/root/autodl-tmp/eagle3-phase4.4a-performance-c-20260924,16,768,1,3,graph,813,23193522,23.193522,23.097213,22.662894,23.01750373840332,22.761056900024414,42570426121130677,42570426121162035,31.358,1.449595125
/root/autodl-tmp/eagle3-phase4.4a-performance-c-20260924,16,768,1,4,graph,814,23458606,23.458606,23.364721,22.874296,23.28441619873047,22.988927841186523,42570426146753425,42570426146792223,38.798,1.466162875
/root/autodl-tmp/eagle3-phase4.4a-performance-c-20260924,16,768,1,5,graph,815,23721284,23.721284,23.615501,23.122723,23.529151916503906,23.21392059326172,42570426172826126,42570426172868379,42.253,1.48258025
/root/autodl-tmp/eagle3-phase4.4a-performance-c-20260924,16,768,1,6,graph,816,24057404,24.057404,23.938569,23.395881,23.845312118530273,23.477951049804688,42570426199448658,42570426199502437,53.779,1.50358775
/root/autodl-tmp/eagle3-phase4.4a-performance-c-20260924,16,768,1,7,graph,817,24515702,24.515702,24.392003,23.834987,24.293567657470703,23.90732765197754,42570426226560316,42570426226612550,52.234,1.532231375
/root/autodl-tmp/eagle3-phase4.4a-performance-c-20260924,16,768,1,8,graph,818,24861270,24.86127,24.725284,24.054207,24.613536834716797,24.16815948486328,42570426254546687,42570426254604523,57.836,1.553829375
/root/autodl-tmp/eagle3-phase4.4a-performance-c-20260924,16,768,1,9,graph,819,24795631,24.795631,24.64192,24.004751,24.517311096191406,24.089183807373047,42570426283219740,42570426283284639,64.899,1.5497269375
/root/autodl-tmp/eagle3-phase4.4a-performance-c-20260924,16,768,1,0,coordinated-eager,820,82459243,82.459243,82.394377,82.1461,82.30048370361328,82.10269165039062,42570426351842555,42570426351876913,34.358,5.1537026875
/root/autodl-tmp/eagle3-phase4.4a-performance-c-20260924,16,768,1,1,coordinated-eager,821,63241580,63.24158,63.205628,63.14729,63.15327835083008,63.091487884521484,42570426436001032,42570426436030354,29.322,3.95259875
/root/autodl-tmp/eagle3-phase4.4a-performance-c-20260924,16,768,1,2,coordinated-eager,822,58848333,58.848333,58.821467,58.750655,58.785343170166016,58.70035171508789,42570426500724534,42570426500761548,37.014,3.6780208125
/root/autodl-tmp/eagle3-phase4.4a-performance-c-20260924,16,768,1,3,coordinated-eager,823,59265550,59.26555,59.234382,59.114863,59.19868850708008,59.06447982788086,42570426561082024,42570426561117628,35.604,3.704096875
/root/autodl-tmp/eagle3-phase4.4a-performance-c-20260924,16,768,1,4,coordinated-eager,824,58206981,58.206981,58.180796,58.097396,58.145118713378906,58.04774475097656,42570426621835100,42570426621868243,33.143,3.6379363125
/root/autodl-tmp/eagle3-phase4.4a-performance-c-20260924,16,768,1,5,coordinated-eager,825,58568542,58.568542,58.542357,58.458561,58.506046295166016,58.40835189819336,42570426681557410,42570426681594301,36.891,3.660533875
/root/autodl-tmp/eagle3-phase4.4a-performance-c-20260924,16,768,1,6,coordinated-eager,826,58305811,58.305811,58.278826,58.212772,58.24252700805664,58.16227340698242,42570426741632471,42570426741673817,41.346,3.6441131875
/root/autodl-tmp/eagle3-phase4.4a-performance-c-20260924,16,768,1,7,coordinated-eager,827,59435520,59.43552,59.408955,59.314931,59.3724479675293,59.264190673828125,42570426801434772,42570426801475461,40.689,3.71472
/root/autodl-tmp/eagle3-phase4.4a-performance-c-20260924,16,768,1,8,coordinated-eager,828,59299354,59.299354,59.272871,59.131796,59.2367057800293,59.082271575927734,42570426862355735,42570426862390471,34.736,3.706209625
/root/autodl-tmp/eagle3-phase4.4a-performance-c-20260924,16,768,1,9,coordinated-eager,829,58296628,58.296628,58.269608,58.178553,58.23427200317383,58.127742767333984,42570426923172853,42570426923209603,36.75,3.64353925
/root/autodl-tmp/eagle3-phase4.4a-performance-c-20260924,16,768,2,0,graph,830,22383791,22.383791,22.363384,22.273098,22.319456100463867,22.212928771972656,42570427001664197,42570427001688341,24.144,1.3989869375
/root/autodl-tmp/eagle3-phase4.4a-performance-c-20260924,16,768,2,1,graph,831,22487102,22.487102,22.457739,22.121375,22.42051124572754,22.19977569580078,42570427025570736,42570427025606237,35.501,1.405443875
/root/autodl-tmp/eagle3-phase4.4a-performance-c-20260924,16,768,2,2,graph,832,22708749,22.708749,22.641865,22.36106,22.585472106933594,22.36182403564453,42570427049796891,42570427049823439,26.548,1.4192968125
/root/autodl-tmp/eagle3-phase4.4a-performance-c-20260924,16,768,2,3,graph,833,22980519,22.980519,22.930735,22.548461,22.866207122802734,22.601791381835938,42570427074621981,42570427074657267,35.286,1.4362824375
/root/autodl-tmp/eagle3-phase4.4a-performance-c-20260924,16,768,2,4,graph,834,23820550,23.82055,23.725688,22.971819,23.65113639831543,23.180959701538086,42570427099928877,42570427099967591,38.714,1.488784375
/root/autodl-tmp/eagle3-phase4.4a-performance-c-20260924,16,768,2,5,graph,835,23565861,23.565861,23.463444,23.129614,23.38243293762207,23.079744338989258,42570427126638786,42570427126680332,41.546,1.4728663125
/root/autodl-tmp/eagle3-phase4.4a-performance-c-20260924,16,768,2,6,graph,836,24172752,24.172752,24.106936,23.531253,24.02092742919922,23.62019157409668,42570427153172550,42570427153246507,73.957,1.510797
/root/autodl-tmp/eagle3-phase4.4a-performance-c-20260924,16,768,2,7,graph,837,24466470,24.46647,24.390869,23.816168,24.288127899169922,23.8853759765625,42570427180468154,42570427180531512,63.358,1.529154375
/root/autodl-tmp/eagle3-phase4.4a-performance-c-20260924,16,768,2,8,graph,838,24923625,24.923625,24.778661,24.131509,24.668224334716797,24.20729637145996,42570427208454849,42570427208522584,67.735,1.5577265625
/root/autodl-tmp/eagle3-phase4.4a-performance-c-20260924,16,768,2,9,graph,839,24793333,24.793333,24.640022,24.050621,24.516447067260742,24.08835220336914,42570427237220555,42570427237286043,65.488,1.5495833125
/root/autodl-tmp/eagle3-phase4.4a-performance-c-20260924,16,768,2,0,eager,840,83494790,83.49479,83.430787,83.148484,83.33590698242188,83.12127685546875,42570427307397418,42570427307435778,38.36,5.218424375
/root/autodl-tmp/eagle3-phase4.4a-performance-c-20260924,16,768,2,1,eager,841,66801564,66.801564,66.734871,66.664416,66.67926025390625,66.60889434814453,42570427392605559,42570427392637461,31.902,4.17509775
/root/autodl-tmp/eagle3-phase4.4a-performance-c-20260924,16,768,2,2,eager,842,60318193,60.318193,60.289728,60.195932,60.2490234375,60.14137649536133,42570427460939618,42570427460971503,31.885,3.7698870625
/root/autodl-tmp/eagle3-phase4.4a-performance-c-20260924,16,768,2,3,eager,843,57649426,57.649426,57.623173,57.552926,57.58553695678711,57.501407623291016,42570427522793568,42570427522827953,34.385,3.603089125
/root/autodl-tmp/eagle3-phase4.4a-performance-c-20260924,16,768,2,4,eager,844,58364314,58.364314,58.338014,58.25578,58.30131149291992,58.205055236816406,42570427581932468,42570427581968697,36.229,3.647769625
/root/autodl-tmp/eagle3-phase4.4a-performance-c-20260924,16,768,2,5,eager,845,57162976,57.162976,57.137222,57.065231,57.101566314697266,57.01491165161133,42570427641787540,42570427641824111,36.571,3.572686
/root/autodl-tmp/eagle3-phase4.4a-performance-c-20260924,16,768,2,6,eager,846,58212155,58.212155,58.18662,58.0962,58.14976119995117,58.04719924926758,42570427700436379,42570427700472737,36.358,3.6382596875
/root/autodl-tmp/eagle3-phase4.4a-performance-c-20260924,16,768,2,7,eager,847,57170530,57.17053,57.144971,57.081422,57.1077766418457,57.03126525878906,42570427760155641,42570427760189432,33.791,3.573158125
/root/autodl-tmp/eagle3-phase4.4a-performance-c-20260924,16,768,2,8,eager,848,58079290,58.07929,58.05344,57.934698,58.01615905761719,57.88393783569336,42570427818793305,42570427818828645,35.34,3.629955625
/root/autodl-tmp/eagle3-phase4.4a-performance-c-20260924,16,768,2,9,eager,849,57845460,57.84546,57.817586,57.689785,57.77939224243164,57.639713287353516,42570427878379669,42570427878403542,23.873,3.61534125
/root/autodl-tmp/eagle3-phase4.4a-performance-c-20260924,16,768,2,0,coordinated-eager,850,58222988,58.222988,58.190434,58.109533,58.14761734008789,58.05052947998047,42570427956838648,42570427956859359,20.711,3.63893675
/root/autodl-tmp/eagle3-phase4.4a-performance-c-20260924,16,768,2,1,coordinated-eager,851,58594491,58.594491,58.567615,58.486895,58.53129577636719,58.43654251098633,42570428016571984,42570428016611233,39.249,3.6621556875
/root/autodl-tmp/eagle3-phase4.4a-performance-c-20260924,16,768,2,2,coordinated-eager,852,59313240,59.31324,59.286467,59.158711,59.25027084350586,59.10838317871094,42570428076648805,42570428076679423,30.618,3.7070775
/root/autodl-tmp/eagle3-phase4.4a-performance-c-20260924,16,768,2,3,coordinated-eager,853,58168653,58.168653,58.142457,58.052903,58.1058235168457,58.00236892700195,42570428137437811,42570428137473275,35.464,3.6355408125
/root/autodl-tmp/eagle3-phase4.4a-performance-c-20260924,16,768,2,4,coordinated-eager,854,59002217,59.002217,58.974676,58.906979,58.937408447265625,58.857025146484375,42570428197083395,42570428197112296,28.901,3.6876385625
/root/autodl-tmp/eagle3-phase4.4a-performance-c-20260924,16,768,2,5,coordinated-eager,855,58089181,58.089181,58.062768,57.981839,58.02678298950195,57.930912017822266,42570428257577053,42570428257611880,34.827,3.6305738125
/root/autodl-tmp/eagle3-phase4.4a-performance-c-20260924,16,768,2,6,coordinated-eager,856,59414317,59.414317,59.387123,59.31024,59.35017776489258,59.26028823852539,42570428317158045,42570428317189808,31.763,3.7133948125
/root/autodl-tmp/eagle3-phase4.4a-performance-c-20260924,16,768,2,7,coordinated-eager,857,59171513,59.171513,59.145612,59.011504,59.1099853515625,58.9615364074707,42570428378057555,42570428378097016,39.461,3.6982195625
/root/autodl-tmp/eagle3-phase4.4a-performance-c-20260924,16,768,2,8,coordinated-eager,858,58241939,58.241939,58.215339,58.139356,58.17833709716797,58.08927917480469,42570428438706357,42570428438735436,29.079,3.6401211875
/root/autodl-tmp/eagle3-phase4.4a-performance-c-20260924,16,768,2,9,coordinated-eager,859,58732864,58.732864,58.706558,58.62235,58.67023849487305,58.5720329284668,42570428498434347,42570428498467437,33.09,3.670804
/root/autodl-tmp/eagle3-phase4.4a-performance-c-20260924,16,768,3,0,graph,860,22321180,22.32118,22.298593,22.210846,22.254976272583008,22.152448654174805,42570428577918677,42570428577937189,18.512,1.39507375
/root/autodl-tmp/eagle3-phase4.4a-performance-c-20260924,16,768,3,1,graph,861,22420640,22.42064,22.391403,22.049382,22.35366439819336,22.137855529785156,42570428601734083,42570428601769729,35.646,1.40129
/root/autodl-tmp/eagle3-phase4.4a-performance-c-20260924,16,768,3,2,graph,862,22825763,22.825763,22.754974,22.21734,22.694271087646484,22.431488037109375,42570428625909961,42570428625936331,26.37,1.4266101875
/root/autodl-tmp/eagle3-phase4.4a-performance-c-20260924,16,768,3,3,graph,863,23180827,23.180827,23.088011,22.69611,23.009599685668945,22.77235221862793,42570428651172087,42570428651203520,31.433,1.4488016875
/root/autodl-tmp/eagle3-phase4.4a-performance-c-20260924,16,768,3,4,graph,864,23464980,23.46498,23.369682,22.931714,23.29417610168457,22.99519920349121,42570428676676553,42570428676715052,38.499,1.46656125
/root/autodl-tmp/eagle3-phase4.4a-performance-c-20260924,16,768,3,5,graph,865,23691123,23.691123,23.581246,23.11468,23.495616912841797,23.16556739807129,42570428702741475,42570428702787142,45.667,1.4806951875
/root/autodl-tmp/eagle3-phase4.4a-performance-c-20260924,16,768,3,6,graph,866,24358638,24.358638,24.240872,23.695898,24.14672088623047,23.769983291625977,42570428729320999,42570428729376069,55.07,1.522414875
/root/autodl-tmp/eagle3-phase4.4a-performance-c-20260924,16,768,3,7,graph,867,24535501,24.535501,24.463011,23.850131,24.36195182800293,23.95008087158203,42570428756757373,42570428756823250,65.877,1.5334688125
/root/autodl-tmp/eagle3-phase4.4a-performance-c-20260924,16,768,3,8,graph,868,25099622,25.099622,24.959449,24.279015,24.841567993164062,24.370208740234375,42570428784894026,42570428784962579,68.553,1.568726375
/root/autodl-tmp/eagle3-phase4.4a-performance-c-20260924,16,768,3,9,graph,869,25412724,25.412724,25.249833,24.582045,25.120351791381836,24.637792587280273,42570428813891109,42570428813960116,69.007,1.58829525
/root/autodl-tmp/eagle3-phase4.4a-performance-c-20260924,16,768,3,0,coordinated-eager,870,92591991,92.591991,92.517981,92.292434,92.41158294677734,92.21119689941406,42570428887574294,42570428887611608,37.314,5.7869994375
/root/autodl-tmp/eagle3-phase4.4a-performance-c-20260924,16,768,3,1,coordinated-eager,871,74664339,74.664339,74.624106,74.494908,74.57087707519531,74.42221069335938,42570428982001658,42570428982048830,47.172,4.6665211875
/root/autodl-tmp/eagle3-phase4.4a-performance-c-20260924,16,768,3,2,coordinated-eager,872,64643905,64.643905,64.607855,64.499402,64.559326171875,64.43536376953125,42570429058432815,42570429058479357,46.542,4.0402440625
/root/autodl-tmp/eagle3-phase4.4a-performance-c-20260924,16,768,3,3,coordinated-eager,873,61344271,61.344271,61.315202,61.231346,61.27376174926758,61.174400329589844,42570429124652442,42570429124691886,39.444,3.8340169375
/root/autodl-tmp/eagle3-phase4.4a-performance-c-20260924,16,768,3,4,coordinated-eager,874,59883989,59.883989,59.856686,59.73668,59.8185920715332,59.68412780761719,42570429187528261,42570429187568954,40.693,3.7427493125
/root/autodl-tmp/eagle3-phase4.4a-performance-c-20260924,16,768,3,5,coordinated-eager,875,58250448,58.250448,58.224388,58.13586,58.18864059448242,58.08524703979492,42570429248920985,42570429248959160,38.175,3.640653
/root/autodl-tmp/eagle3-phase4.4a-performance-c-20260924,16,768,3,6,coordinated-eager,876,58962462,58.962462,58.93701,58.844725,58.900672912597656,58.79404830932617,42570429308658142,42570429308699271,41.129,3.685153875
/root/autodl-tmp/eagle3-phase4.4a-performance-c-20260924,16,768,3,7,coordinated-eager,877,58079491,58.079491,58.053787,57.980496,58.01705551147461,57.92988967895508,42570429369105361,42570429369141458,36.097,3.6299681875
/root/autodl-tmp/eagle3-phase4.4a-performance-c-20260924,16,768,3,8,coordinated-eager,878,59277802,59.277802,59.251619,59.177691,59.215232849121094,59.1278076171875,42570429428663393,42570429428700048,36.655,3.704862625
/root/autodl-tmp/eagle3-phase4.4a-performance-c-20260924,16,768,3,9,coordinated-eager,879,59348985,59.348985,59.324162,59.19819,59.287776947021484,59.14796829223633,42570429489432905,42570429489462619,29.714,3.7093115625
/root/autodl-tmp/eagle3-phase4.4a-performance-c-20260924,16,768,3,0,eager,880,57413870,57.41387,57.39169,57.326773,57.34640121459961,57.26598358154297,42570429572470120,42570429572491975,21.855,3.588366875
/root/autodl-tmp/eagle3-phase4.4a-performance-c-20260924,16,768,3,1,eager,881,57421417,57.421417,57.394754,57.310139,57.358497619628906,57.259521484375,42570429631398073,42570429631427925,29.852,3.5888385625
/root/autodl-tmp/eagle3-phase4.4a-performance-c-20260924,16,768,3,2,eager,882,58014060,58.01406,57.988314,57.907262,57.95151901245117,57.8570556640625,42570429690295488,42570429690329973,34.485,3.62587875
/root/autodl-tmp/eagle3-phase4.4a-performance-c-20260924,16,768,3,3,eager,883,57083107,57.083107,57.057462,56.974631,57.02159881591797,56.923648834228516,42570429749799949,42570429749841228,41.279,3.5676941875
/root/autodl-tmp/eagle3-phase4.4a-performance-c-20260924,16,768,3,4,eager,884,57382622,57.382622,57.356036,57.275409,57.31916809082031,57.22547149658203,42570429808381447,42570429808414538,33.091,3.586413875
/root/autodl-tmp/eagle3-phase4.4a-performance-c-20260924,16,768,3,5,eager,885,56653303,56.653303,56.62664,56.546465,56.59065628051758,56.49568176269531,42570429867275681,42570429867308197,32.516,3.5408314375
/root/autodl-tmp/eagle3-phase4.4a-performance-c-20260924,16,768,3,6,eager,886,57975968,57.975968,57.950816,57.863746,57.915008544921875,57.81353759765625,42570429925390436,42570429925426000,35.564,3.623498
/root/autodl-tmp/eagle3-phase4.4a-performance-c-20260924,16,768,3,7,eager,887,56980235,56.980235,56.954618,56.873123,56.919166564941406,56.822975158691406,42570429984842242,42570429984877029,34.787,3.5612646875
/root/autodl-tmp/eagle3-phase4.4a-performance-c-20260924,16,768,3,8,eager,888,57606646,57.606646,57.581076,57.512627,57.544734954833984,57.46211242675781,42570430043309632,42570430043346303,36.671,3.600415375
/root/autodl-tmp/eagle3-phase4.4a-performance-c-20260924,16,768,3,9,eager,889,58199683,58.199683,58.173807,58.035747,58.13683319091797,57.98534393310547,42570430102393390,42570430102428991,35.601,3.6374801875
/root/autodl-tmp/eagle3-phase4.4a-performance-c-20260924,16,768,4,0,coordinated-eager,890,58478921,58.478921,58.446428,58.375827,58.402305603027344,58.31654357910156,42570430181927256,42570430181947508,20.252,3.6549325625
/root/autodl-tmp/eagle3-phase4.4a-performance-c-20260924,16,768,4,1,coordinated-eager,891,58678105,58.678105,58.652635,58.573259,58.61689758300781,58.52399826049805,42570430241884580,42570430241921051,36.471,3.6673815625
/root/autodl-tmp/eagle3-phase4.4a-performance-c-20260924,16,768,4,2,coordinated-eager,892,58280556,58.280556,58.2541,58.11812,58.21775817871094,58.067710876464844,42570430302050160,42570430302089169,39.009,3.64253475
/root/autodl-tmp/eagle3-phase4.4a-performance-c-20260924,16,768,4,3,coordinated-eager,893,58099211,58.099211,58.073091,57.996968,58.0371208190918,57.94700622558594,42570430361807500,42570430361836681,29.181,3.6312006875
/root/autodl-tmp/eagle3-phase4.4a-performance-c-20260924,16,768,4,4,coordinated-eager,894,58831924,58.831924,58.805469,58.72498,58.77084732055664,58.67513656616211,42570430421388047,42570430421427138,39.091,3.67699525
/root/autodl-tmp/eagle3-phase4.4a-performance-c-20260924,16,768,4,5,coordinated-eager,895,58255734,58.255734,58.228523,58.149105,58.1923828125,58.09891128540039,42570430481685046,42570430481725135,40.089,3.640983375
/root/autodl-tmp/eagle3-phase4.4a-performance-c-20260924,16,768,4,6,coordinated-eager,896,58589211,58.589211,58.560873,58.389192,58.523582458496094,58.33932876586914,42570430541407867,42570430541445402,37.535,3.6618256875
/root/autodl-tmp/eagle3-phase4.4a-performance-c-20260924,16,768,4,7,coordinated-eager,897,58718603,58.718603,58.69138,58.601135,58.65350341796875,58.551937103271484,42570430601480215,42570430601515222,35.007,3.6699126875
/root/autodl-tmp/eagle3-phase4.4a-performance-c-20260924,16,768,4,8,coordinated-eager,898,57912756,57.912756,57.886496,57.799394,57.84998321533203,57.74915313720703,42570430661662921,42570430661701649,38.728,3.61954725
/root/autodl-tmp/eagle3-phase4.4a-performance-c-20260924,16,768,4,9,coordinated-eager,899,60423707,60.423707,60.398317,60.308904,60.36288070678711,60.25798416137695,42570430721077038,42570430721113199,36.161,3.7764816875
/root/autodl-tmp/eagle3-phase4.4a-performance-c-20260924,16,768,4,0,graph,900,22493117,22.493117,22.460028,22.366484,22.41721534729004,22.306751251220703,42570430803175087,42570430803195415,20.328,1.4058198125
/root/autodl-tmp/eagle3-phase4.4a-performance-c-20260924,16,768,4,1,graph,901,22471504,22.471504,22.442175,22.292831,22.40403175354004,22.241695404052734,42570430827163068,42570430827197770,34.702,1.404469
/root/autodl-tmp/eagle3-phase4.4a-performance-c-20260924,16,768,4,2,graph,902,22906768,22.906768,22.869336,22.54622,22.81929588317871,22.581472396850586,42570430851565771,42570430851616468,50.697,1.431673
/root/autodl-tmp/eagle3-phase4.4a-performance-c-20260924,16,768,4,3,graph,903,23066799,23.066799,22.987179,22.570802,22.926368713378906,22.668960571289062,42570430876348904,42570430876380147,31.243,1.4416749375
/root/autodl-tmp/eagle3-phase4.4a-performance-c-20260924,16,768,4,4,graph,904,23396423,23.396423,23.302192,22.868266,23.22809600830078,22.951263427734375,42570430901691628,42570430901729522,37.894,1.4622764375
/root/autodl-tmp/eagle3-phase4.4a-performance-c-20260924,16,768,4,5,graph,905,23777742,23.777742,23.669924,23.168984,23.58665657043457,23.23308753967285,42570430927578499,42570430927627102,48.603,1.486108875
/root/autodl-tmp/eagle3-phase4.4a-performance-c-20260924,16,768,4,6,graph,906,24212294,24.212294,24.098144,23.587409,24.003360748291016,23.649728775024414,42570430954206370,42570430954255051,48.681,1.513268375
/root/autodl-tmp/eagle3-phase4.4a-performance-c-20260924,16,768,4,7,graph,907,24618827,24.618827,24.484591,23.907964,24.379520416259766,23.967552185058594,42570430981599281,42570430981659969,60.688,1.5386766875
/root/autodl-tmp/eagle3-phase4.4a-performance-c-20260924,16,768,4,8,graph,908,25009313,25.009313,24.927699,24.489821,24.816959381103516,24.371135711669922,42570431009711123,42570431009785548,74.425,1.5630820625
/root/autodl-tmp/eagle3-phase4.4a-performance-c-20260924,16,768,4,9,graph,909,24996986,24.996986,24.844017,24.176813,24.72140884399414,24.258527755737305,42570431038628232,42570431038697425,69.193,1.562311625
/root/autodl-tmp/eagle3-phase4.4a-performance-c-20260924,16,768,4,0,eager,910,82074795,82.074795,82.015078,81.767068,81.92716979980469,81.73628997802734,42570431110862031,42570431110892179,30.148,5.1296746875
/root/autodl-tmp/eagle3-phase4.4a-performance-c-20260924,16,768,4,1,eager,911,66379563,66.379563,66.340507,66.246002,66.29033660888672,66.19245147705078,42570431194523399,42570431194561694,38.295,4.1487226875
/root/autodl-tmp/eagle3-phase4.4a-performance-c-20260924,16,768,4,2,eager,912,57518193,57.518193,57.492493,57.398654,57.45711898803711,57.34761428833008,42570431262394729,42570431262437348,42.619,3.5948870625
/root/autodl-tmp/eagle3-phase4.4a-performance-c-20260924,16,768,4,3,eager,913,58571840,58.57184,58.54533,58.471957,58.508766174316406,58.421119689941406,42570431321383770,42570431321416709,32.939,3.66074
/root/autodl-tmp/eagle3-phase4.4a-performance-c-20260924,16,768,4,4,eager,914,59187800,59.1878,59.162506,59.113959,59.124351501464844,59.06415939331055,42570431381431748,42570431381463308,31.56,3.6992375
/root/autodl-tmp/eagle3-phase4.4a-performance-c-20260924,16,768,4,5,eager,915,58659968,58.659968,58.633908,58.54171,58.59695816040039,58.490848541259766,42570431442104880,42570431442134666,29.786,3.666248
/root/autodl-tmp/eagle3-phase4.4a-performance-c-20260924,16,768,4,6,eager,916,57435807,57.435807,57.409325,57.336424,57.372798919677734,57.28508758544922,42570431502268624,42570431502307510,38.886,3.5897379375
/root/autodl-tmp/eagle3-phase4.4a-performance-c-20260924,16,768,4,7,eager,917,58507360,58.50736,58.48135,58.406506,58.44412612915039,58.35647964477539,42570431561172449,42570431561206584,34.135,3.65671
/root/autodl-tmp/eagle3-phase4.4a-performance-c-20260924,16,768,4,8,eager,918,58770747,58.770747,58.74475,58.598996,58.70790481567383,58.54819107055664,42570431621167067,42570431621206834,39.767,3.6731716875
/root/autodl-tmp/eagle3-phase4.4a-performance-c-20260924,16,768,4,9,eager,919,61885491,61.885491,61.861606,61.783742,61.825374603271484,61.73436737060547,42570431681418291,42570431681449765,31.474,3.8678431875
