system,concurrency,workload,repeat,key_id,entry_id,capture_ms,replays,per_hit_saved_ms,break_even_replays,verdict,allocated_delta,reserved_delta,created_step,last_used,release_reason,released_step,release_ms,eager_endpoint_ms,hit_endpoint_ms,matched_hit_speedup
second4,1,short-short,0,9e50b7b5ce2b1b00519c582720c013e959f0951c7106d998ecc6a03efb630c8d,0,328.136228,2,36.297059,10,unprofitable,10510848,-524288000,11,29,clear,38,109.370101,55.910127,19.613068,2.8506568681656534
second4,1,short-short,0,94f4126e6749b169688ed51734a2986a7b7a5aca476e9620d565c4e8a94042e4,1,269.842086,0,,,never_reused_unprofitable,2740736,23068672,12,12,eviction,27,116.371557,54.489633,,
second4,1,short-short,0,5feb0a0106147d820f2b1b677cc3891b9ca286f9709db91a7cb69b88cdefdf86,2,276.753717,0,,,never_reused_unprofitable,2863616,25165824,13,13,eviction,30,122.558887,59.324009,,
second4,1,short-short,0,369c785e3ef7e8631d17d54bcc9651ab387b162efefdd2662699cf79cc56efaf,3,282.171909,0,,,never_reused_unprofitable,1990144,-85983232,23,23,eviction,35,116.876295,54.997595,,
second4,1,short-short,0,7b93b3280b30970a1a14d3e92969fe8b3ef9ad6c5aa8616b1b674fd74952f487,4,266.397147,0,,,never_reused_unprofitable,2740736,25165824,27,27,eviction,36,113.198739,54.783634,,
second4,1,short-short,0,94f4126e6749b169688ed51734a2986a7b7a5aca476e9620d565c4e8a94042e4,5,275.533317,0,,,never_reused_unprofitable,1990144,25165824,30,30,clear,38,108.998873,54.489633,,
second4,1,short-short,0,b95b340c838f9c42ade9ef5cf25f4bdb8c5a270bee74ace9b03dad54a3efc66b,6,262.454846,0,,,never_reused_unprofitable,1990144,25165824,35,35,clear,38,101.15622,55.878313,,
second4,1,short-short,0,77b7b9dfa972bad61e009b57909e63372b4e345eb1666809147080338eb00d44,7,270.832395,0,,,never_reused_unprofitable,2740736,25165824,36,36,clear,38,105.765926,42.363874,,
second4,1,short-long,0,9e50b7b5ce2b1b00519c582720c013e959f0951c7106d998ecc6a03efb630c8d,0,297.007665,1,18.880266,16,unprofitable,1991168,-104857600,35,73,eviction,99,115.234814,38.831207,19.950941,1.9463346114852427
second4,1,short-long,0,223504f250bc1bb98759d821307750c91eb2b50dd0d261aba43ec62b832f3c79,1,275.437906,0,,,never_reused_unprofitable,2740736,23068672,47,47,eviction,96,119.559328,42.011912,,
second4,1,short-long,0,94f4126e6749b169688ed51734a2986a7b7a5aca476e9620d565c4e8a94042e4,2,290.896116,0,,,never_reused_unprofitable,2740736,-96468992,74,74,eviction,103,122.386962,38.970362,,
second4,1,short-long,0,8074d81f4d5a44ea74163f5d3f3c7a1e4df5643ab363c13439d87db93573a94e,3,278.821018,0,,,never_reused_unprofitable,1990144,25165824,92,92,eviction,110,118.504845,42.199054,,
second4,1,short-long,0,f734bd56a65fe83b16a7a110cabbe02fd404dc447a79270beaa998372faa12db,4,266.29732,0,,,never_reused_unprofitable,2740736,25165824,96,96,eviction,111,116.119742,41.553196,,
second4,1,short-long,0,72329a991b285602cb2b24035251a4893fb3d55cfc9dea3d5ded3fc4d8a6e345,5,272.221823,0,,,never_reused_unprofitable,1990144,25165824,99,99,eviction,112,111.391775,42.701287,,
second4,1,short-long,0,a540ea201b9223996203ba48d4d577243f4988da0d91089e01c58947ec844e9f,6,266.837344,0,,,never_reused_unprofitable,2740736,25165824,103,103,eviction,113,108.862105,38.849958,,
second4,1,short-long,0,9e50b7b5ce2b1b00519c582720c013e959f0951c7106d998ecc6a03efb630c8d,7,264.24635,0,18.880266,14,never_reused_unprofitable,1990144,25165824,110,110,eviction,122,121.138912,38.831207,19.950941,1.9463346114852427
second4,1,short-long,0,94f4126e6749b169688ed51734a2986a7b7a5aca476e9620d565c4e8a94042e4,8,268.431015,0,,,never_reused_unprofitable,2740736,25165824,111,111,eviction,125,113.243837,38.970362,,
second4,1,short-long,0,5b823aa0b8148a87f4e22c8d5f97726face870fe83ffd43b414ad1d822b85ae9,9,264.448459,0,,,never_reused_unprofitable,1990144,25165824,112,112,eviction,127,119.242997,38.34383,,
second4,1,short-long,0,f489aab3691fc4f617c5fae29294c2cbc338da4647bfe0fc3ce8b4a43c609e91,10,260.641278,0,,,never_reused_unprofitable,2593280,25165824,113,113,eviction,129,114.438889,38.989993,,
second4,1,short-long,0,0d1f781b0acbef04d8fa9c96d201c07e516960ab73008dac4b5992897a93ef28,11,265.920138,0,,,never_reused_unprofitable,2740736,27262976,122,122,eviction,131,121.429968,43.094246,,
second4,1,short-long,0,81e5c25494a84cc1a2ba778c6bdceb8b42bce94659211b4da8c047cc00732119,12,260.30566,0,,,never_reused_unprofitable,1990144,25165824,125,125,clear,143,124.768568,40.789602,,
second4,1,short-long,0,a1aef0446c35af578d68de0295af99c694bb3c566b24c020a8b1c07121877289,13,262.563503,0,,,never_reused_unprofitable,1990144,25165824,127,127,clear,143,104.30394,38.334988,,
second4,1,short-long,0,6203dbb20601fae6f5b83b852b8c04fe9793af549a6114e4f2981342cce1ac61,14,267.220214,0,,,never_reused_unprofitable,1990144,25165824,129,129,clear,143,104.049483,43.609798,,
second4,1,short-long,0,ed6416861f42e13b4d724fe255cc23e15474ff9f377620f8c27ccaf2044036c8,15,266.264757,0,,,never_reused_unprofitable,2740736,27262976,131,131,clear,143,110.987922,43.478789,,
second4,1,long-short,0,47335fa7935ed8e0475bbf8b789fd43f48a0ebccfa785d7466369c9638061cc3,0,310.333517,2,20.4429795,16,unprofitable,1991168,-666894336,10,26,clear,34,119.004323,41.188709,20.7457295,1.9854066351342332
second4,1,long-short,0,bd07bded9fee0cef933a3b11c9397e1a03f7140878c4224fe3c684169aabc54b,1,285.686011,0,,,never_reused_unprofitable,1990144,-723517440,27,27,clear,34,102.153193,39.732067,,
second4,1,long-short,0,cde0b5f6e3a25beb206e2c2f5edc99840fade51717e3accfc20cbe0545b0f449,2,272.86158,0,,,never_reused_unprofitable,2347520,25165824,28,28,clear,34,97.672053,45.077577,,
second2,1,long-long,0,47335fa7935ed8e0475bbf8b789fd43f48a0ebccfa785d7466369c9638061cc3,0,291.189179,0,,,never_reused_unprofitable,2741760,-706740224,38,38,eviction,43,108.597649,38.6368315,,
second2,1,long-long,0,bd07bded9fee0cef933a3b11c9397e1a03f7140878c4224fe3c684169aabc54b,1,262.820868,0,,,never_reused_unprofitable,1990144,2097152,39,39,eviction,74,127.047725,39.767675,,
second2,1,long-long,0,4f7cadceba353a066a080577cce26e4ebab0bb3467416349c108ae1e55489d61,2,260.91002,0,,,never_reused_unprofitable,2740736,25165824,43,43,eviction,75,106.26665,38.161379,,
second2,1,long-long,0,47335fa7935ed8e0475bbf8b789fd43f48a0ebccfa785d7466369c9638061cc3,3,258.130674,0,,,never_reused_unprofitable,1990144,25165824,74,74,eviction,76,110.821137,38.6368315,,
second2,1,long-long,0,bd07bded9fee0cef933a3b11c9397e1a03f7140878c4224fe3c684169aabc54b,4,262.407887,0,,,never_reused_unprofitable,2347520,25165824,75,75,eviction,77,106.979213,39.767675,,
second2,1,long-long,0,cde0b5f6e3a25beb206e2c2f5edc99840fade51717e3accfc20cbe0545b0f449,5,257.674213,0,,,never_reused_unprofitable,1990144,25165824,76,76,eviction,78,106.45038,41.0292385,,
second2,1,long-long,0,56e0941acdf7bfd269c8bca4ea3c068f4f56b32cceb465e5f606168bcfb5cdd6,6,256.593127,0,,,never_reused_unprofitable,2347520,25165824,77,77,eviction,79,107.228143,38.949067,,
second2,1,long-long,0,0bc6355d04e87f54d3b8c34e6f0e1f9f156870fce97b80e65cb1bfcacdfe276c,7,256.58562,0,,,never_reused_unprofitable,1990144,25165824,78,78,eviction,80,112.54774,38.823951,,
second2,1,long-long,0,4f7cadceba353a066a080577cce26e4ebab0bb3467416349c108ae1e55489d61,8,258.502401,0,,,never_reused_unprofitable,2347520,25165824,79,79,eviction,83,113.518686,38.161379,,
second2,1,long-long,0,b4c137e66df1aca85b2f18c9aeb01adfb575c33cbd0ccea10a538299579d611c,9,260.948586,0,,,never_reused_unprofitable,1990144,25165824,80,80,eviction,84,111.25993,41.32787,,
second2,1,long-long,0,a22cc571768fa4ccaf2db76ffc2414fcce233fca13bfe2dbd045dd3c9a65a68c,10,298.614529,0,,,never_reused_unprofitable,2347520,25165824,83,83,eviction,87,114.540417,41.379173,,
second2,1,long-long,0,90c6618ee91b4549e6dcd22dd4f3b6bf6a6d50e6ccce809453a9afa312b48857,11,262.000902,0,,,never_reused_unprofitable,1990144,25165824,84,84,eviction,88,113.569818,42.452357,,
second2,1,long-long,0,e24cbfecaf890c3d57444033c9fcceb4da18be986df57c895b9edddb8021ca20,12,265.091265,0,,,never_reused_unprofitable,2347520,25165824,87,87,eviction,91,116.055198,38.449764,,
second2,1,long-long,0,860e3d823cdb11278536f7bc5b51dc988a5d33c2844203cd997bbdf354b680a3,13,264.352102,0,,,never_reused_unprofitable,1990144,25165824,88,88,eviction,92,113.260602,43.2615,,
second2,1,long-long,0,0fd19cd56e24b913d8142f8cba1b3074b25ebb7749e9d88e3af4d9dfef3f7369,14,268.743816,0,,,never_reused_unprofitable,2347520,25165824,91,91,clear,145,128.95358,39.006464,,
second2,1,long-long,0,94ce982e0134a190e2c0c2e90a4c21498009f6c67d42d9e6fcd14719a027a480,15,265.494915,0,,,never_reused_unprofitable,2417152,25165824,92,92,clear,145,105.919856,42.213316,,
second8,1,long-long,0,47335fa7935ed8e0475bbf8b789fd43f48a0ebccfa785d7466369c9638061cc3,0,280.185999,1,27.070995,11,unprofitable,2741760,-704643072,38,74,eviction,84,108.443922,48.400674,21.329679,2.269170295530467
second8,1,long-long,0,bd07bded9fee0cef933a3b11c9397e1a03f7140878c4224fe3c684169aabc54b,1,284.937738,1,21.4010135,14,unprofitable,1990144,2097152,39,75,eviction,87,109.88301,42.4940805,21.093067,2.0145994179035225
second8,1,long-long,0,4f7cadceba353a066a080577cce26e4ebab0bb3467416349c108ae1e55489d61,2,257.312417,1,20.817402,13,unprofitable,1990144,0,43,79,eviction,95,123.191259,41.881943,21.064541,1.9882675345263872
second8,1,long-long,0,cde0b5f6e3a25beb206e2c2f5edc99840fade51717e3accfc20cbe0545b0f449,3,289.958592,0,,,never_reused_unprofitable,2347520,-601882624,76,76,eviction,88,107.327759,47.7998465,,
second8,1,long-long,0,56e0941acdf7bfd269c8bca4ea3c068f4f56b32cceb465e5f606168bcfb5cdd6,4,266.786187,0,,,never_reused_unprofitable,1990144,0,77,77,eviction,91,109.452435,43.065342,,
second8,1,long-long,0,0bc6355d04e87f54d3b8c34e6f0e1f9f156870fce97b80e65cb1bfcacdfe276c,5,272.81595,0,,,never_reused_unprofitable,1990144,0,78,78,eviction,92,107.71539,39.59474,,
second8,1,long-long,0,b4c137e66df1aca85b2f18c9aeb01adfb575c33cbd0ccea10a538299579d611c,6,264.207525,0,,,never_reused_unprofitable,1990144,-2097152,80,80,eviction,96,109.856676,42.971348,,
second8,1,long-long,0,a22cc571768fa4ccaf2db76ffc2414fcce233fca13bfe2dbd045dd3c9a65a68c,7,269.412374,0,,,never_reused_unprofitable,1990144,0,83,83,eviction,99,110.50713,38.41162,,
second8,1,long-long,0,90c6618ee91b4549e6dcd22dd4f3b6bf6a6d50e6ccce809453a9afa312b48857,8,258.674939,0,,,never_reused_unprofitable,2740736,25165824,84,84,clear,145,126.971643,42.860231,,
second8,1,long-long,0,e24cbfecaf890c3d57444033c9fcceb4da18be986df57c895b9edddb8021ca20,9,258.870121,0,,,never_reused_unprofitable,1990144,25165824,87,87,clear,145,107.992335,42.516904,,
second8,1,long-long,0,860e3d823cdb11278536f7bc5b51dc988a5d33c2844203cd997bbdf354b680a3,10,258.387068,0,,,never_reused_unprofitable,2347520,25165824,88,88,clear,145,103.283264,38.253694,,
second8,1,long-long,0,0fd19cd56e24b913d8142f8cba1b3074b25ebb7749e9d88e3af4d9dfef3f7369,11,259.244422,0,,,never_reused_unprofitable,1990144,25165824,91,91,clear,145,104.813446,38.877547,,
second8,1,long-long,0,94ce982e0134a190e2c0c2e90a4c21498009f6c67d42d9e6fcd14719a027a480,12,261.529662,0,,,never_reused_unprofitable,2417152,25165824,92,92,clear,145,110.339059,41.731819,,
second8,1,long-long,0,0d3d912ba0a64b0a559467c0824ffc17435ca8f086b62017f8fbf4a6083c994d,13,256.494319,0,,,never_reused_unprofitable,2109952,25165824,95,95,clear,145,113.631343,39.10472,,
second8,1,long-long,0,024c8148e121e29e670a1cf266d4347bb2b72901c7c702cd4327eee28e342478,14,269.500541,0,,,never_reused_unprofitable,1990144,25165824,96,96,clear,145,103.992294,38.505394,,
second8,1,long-long,0,fa924c57e9fa46c0917c40612fe7bc9e22a2759bf057c6150da8e2af12929f27,15,259.45193,0,,,never_reused_unprofitable,1990144,27262976,99,99,clear,145,103.944549,44.042651,,
second4,1,long-long,0,47335fa7935ed8e0475bbf8b789fd43f48a0ebccfa785d7466369c9638061cc3,0,285.983081,1,21.023716,14,unprofitable,2741760,-706740224,38,74,eviction,78,133.842237,42.271118,21.247402,1.9894723128973604
second4,1,long-long,0,bd07bded9fee0cef933a3b11c9397e1a03f7140878c4224fe3c684169aabc54b,1,274.459952,1,20.593462,14,unprofitable,1990144,2097152,39,75,eviction,79,114.158761,42.350864,21.757402,1.9465037231926863
second4,1,long-long,0,4f7cadceba353a066a080577cce26e4ebab0bb3467416349c108ae1e55489d61,2,277.447003,0,,,never_reused_unprofitable,1990144,0,43,43,eviction,77,110.012458,41.537208,,
second4,1,long-long,0,cde0b5f6e3a25beb206e2c2f5edc99840fade51717e3accfc20cbe0545b0f449,3,307.708027,0,,,never_reused_unprofitable,2347520,-601882624,76,76,eviction,80,117.142587,42.6201865,,
second4,1,long-long,0,56e0941acdf7bfd269c8bca4ea3c068f4f56b32cceb465e5f606168bcfb5cdd6,4,262.657584,0,,,never_reused_unprofitable,1990144,25165824,77,77,eviction,83,110.229146,41.1605115,,
second4,1,long-long,0,0bc6355d04e87f54d3b8c34e6f0e1f9f156870fce97b80e65cb1bfcacdfe276c,5,255.94928,0,,,never_reused_unprofitable,2740736,25165824,78,78,eviction,84,109.285035,38.804941,,
second4,1,long-long,0,4f7cadceba353a066a080577cce26e4ebab0bb3467416349c108ae1e55489d61,6,266.145229,0,,,never_reused_unprofitable,2770432,25165824,79,79,eviction,87,110.355054,41.537208,,
second4,1,long-long,0,b4c137e66df1aca85b2f18c9aeb01adfb575c33cbd0ccea10a538299579d611c,7,262.24952,0,,,never_reused_unprofitable,2347520,25165824,80,80,eviction,88,107.570301,42.849907,,
second4,1,long-long,0,a22cc571768fa4ccaf2db76ffc2414fcce233fca13bfe2dbd045dd3c9a65a68c,8,257.946184,0,,,never_reused_unprofitable,1990144,25165824,83,83,eviction,91,112.140453,38.588853,,
second4,1,long-long,0,90c6618ee91b4549e6dcd22dd4f3b6bf6a6d50e6ccce809453a9afa312b48857,9,260.324737,0,,,never_reused_unprofitable,2740736,25165824,84,84,eviction,92,108.487634,43.212619,,
second4,1,long-long,0,e24cbfecaf890c3d57444033c9fcceb4da18be986df57c895b9edddb8021ca20,10,259.264218,0,,,never_reused_unprofitable,2770432,25165824,87,87,eviction,95,109.080213,41.903266,,
second4,1,long-long,0,860e3d823cdb11278536f7bc5b51dc988a5d33c2844203cd997bbdf354b680a3,11,264.00818,0,,,never_reused_unprofitable,2347520,25165824,88,88,eviction,96,106.758983,39.456867,,
second4,1,long-long,0,0fd19cd56e24b913d8142f8cba1b3074b25ebb7749e9d88e3af4d9dfef3f7369,12,270.510271,0,,,never_reused_unprofitable,1990144,25165824,91,91,clear,145,144.952352,42.847193,,
second4,1,long-long,0,94ce982e0134a190e2c0c2e90a4c21498009f6c67d42d9e6fcd14719a027a480,13,259.685733,0,,,never_reused_unprofitable,2417152,25165824,92,92,clear,145,124.614729,41.205831,,
second4,1,long-long,0,0d3d912ba0a64b0a559467c0824ffc17435ca8f086b62017f8fbf4a6083c994d,14,258.441789,0,,,never_reused_unprofitable,2109952,25165824,95,95,clear,145,119.714349,42.052062,,
second4,1,long-long,0,024c8148e121e29e670a1cf266d4347bb2b72901c7c702cd4327eee28e342478,15,258.545308,0,,,never_reused_unprofitable,2347520,25165824,96,96,clear,145,119.479549,38.882787,,
second4,1,mixed-output,0,81343c4746b202a2682d9c46dc6325f79489040c10c2b244914840d3c18d90ba,0,301.610095,2,22.055055,14,unprofitable,2741760,-765460480,5,30,eviction,34,104.952205,42.034213,19.979158,2.1039031274491147
second4,1,mixed-output,0,d551a5b3f27b5e7d5dbab996439261c0a0c65bdc3e7d6f3d69a054ca3327241b,1,264.549758,2,17.3061975,16,unprofitable,1990144,23068672,6,31,eviction,35,106.75605,37.753959,20.4477615,1.8463614709121094
second4,1,mixed-output,0,37ee0e08faf434094fc96cb63c36cb2896b936ee071b9d37e090958065581e17,2,274.815714,1,17.010429,17,unprofitable,2347520,-209715200,16,32,eviction,36,106.26749,39.075938,22.065509,1.7709058059798213
second4,1,mixed-output,0,3200484e01d5cf80b88362ffdaa10a614e646df143c793993d775263f4d50580,3,260.206261,0,,,never_reused_unprofitable,1990144,20971520,20,20,eviction,33,115.426325,43.064761,,
second4,1,mixed-output,0,539232d0b5e46afc217fcf0bdad47214b1e62af98116e138d242829ce68e8f6b,4,265.779454,0,,,never_reused_unprofitable,1990144,25165824,33,33,clear,63,127.287513,38.708485,,
second4,1,mixed-output,0,920040bf0c21ba32f3e428d7dcbf874d60f675c756e6bc0843de3daa507f4329,5,265.777077,0,,,never_reused_unprofitable,2740736,25165824,34,34,clear,63,102.921925,38.798876,,
second4,1,mixed-output,0,812f661cd8d06ce141199569206ac8d581aac4d5f8adb363d81b0489988853e7,6,254.767711,0,,,never_reused_unprofitable,1990144,25165824,35,35,clear,63,111.8451,38.557118,,
second4,1,mixed-output,0,3200484e01d5cf80b88362ffdaa10a614e646df143c793993d775263f4d50580,7,256.119521,0,,,never_reused_unprofitable,2347520,25165824,36,36,clear,63,101.868884,43.064761,,
second2,1,mixed-output,0,81343c4746b202a2682d9c46dc6325f79489040c10c2b244914840d3c18d90ba,0,274.916037,1,26.122499,11,unprofitable,2741760,-226492416,5,14,eviction,16,126.258614,46.619637,20.497138,2.2744461690212554
second2,1,mixed-output,0,d551a5b3f27b5e7d5dbab996439261c0a0c65bdc3e7d6f3d69a054ca3327241b,1,273.620994,1,21.294504,13,unprofitable,1990144,23068672,6,15,eviction,20,114.755563,42.326483,21.031979,2.012482182489817
second2,1,mixed-output,0,37ee0e08faf434094fc96cb63c36cb2896b936ee071b9d37e090958065581e17,2,261.235377,0,,,never_reused_unprofitable,2347520,25165824,16,16,eviction,30,119.936251,38.856186,,
second2,1,mixed-output,0,3200484e01d5cf80b88362ffdaa10a614e646df143c793993d775263f4d50580,3,267.342831,0,,,never_reused_unprofitable,2740736,25165824,20,20,eviction,31,116.716434,39.595605,,
second2,1,mixed-output,0,81343c4746b202a2682d9c46dc6325f79489040c10c2b244914840d3c18d90ba,4,265.015373,0,26.122499,11,never_reused_unprofitable,2347520,25165824,30,30,eviction,32,106.688188,46.619637,20.497138,2.2744461690212554
second2,1,mixed-output,0,d551a5b3f27b5e7d5dbab996439261c0a0c65bdc3e7d6f3d69a054ca3327241b,5,255.894248,0,21.294504,13,never_reused_unprofitable,2740736,25165824,31,31,eviction,33,119.677051,42.326483,21.031979,2.012482182489817
second2,1,mixed-output,0,37ee0e08faf434094fc96cb63c36cb2896b936ee071b9d37e090958065581e17,6,260.862987,0,,,never_reused_unprofitable,2347520,25165824,32,32,eviction,34,109.292827,38.856186,,
second2,1,mixed-output,0,539232d0b5e46afc217fcf0bdad47214b1e62af98116e138d242829ce68e8f6b,7,272.895437,0,,,never_reused_unprofitable,2740736,25165824,33,33,eviction,35,120.412117,38.997091,,
second2,1,mixed-output,0,920040bf0c21ba32f3e428d7dcbf874d60f675c756e6bc0843de3daa507f4329,8,265.504752,0,,,never_reused_unprofitable,2347520,25165824,34,34,eviction,36,124.700184,39.562035,,
second2,1,mixed-output,0,812f661cd8d06ce141199569206ac8d581aac4d5f8adb363d81b0489988853e7,9,263.016185,0,,,never_reused_unprofitable,2740736,25165824,35,35,clear,63,120.918246,38.72353,,
second2,1,mixed-output,0,3200484e01d5cf80b88362ffdaa10a614e646df143c793993d775263f4d50580,10,261.862912,0,,,never_reused_unprofitable,2347520,25165824,36,36,clear,63,108.963878,39.595605,,
second8,1,mixed-output,0,81343c4746b202a2682d9c46dc6325f79489040c10c2b244914840d3c18d90ba,0,274.742033,2,18.638122,15,unprofitable,2741760,-226492416,5,30,clear,63,119.797462,38.653628,20.015506,1.9311841529262364
second8,1,mixed-output,0,d551a5b3f27b5e7d5dbab996439261c0a0c65bdc3e7d6f3d69a054ca3327241b,1,268.61192,2,23.0522275,12,unprofitable,1990144,23068672,6,31,clear,63,107.277305,44.09776,21.0455325,2.0953501651716344
second8,1,mixed-output,0,37ee0e08faf434094fc96cb63c36cb2896b936ee071b9d37e090958065581e17,2,284.751885,1,16.48893,18,unprofitable,2347520,-209715200,16,32,clear,63,101.321996,39.175574,22.686644,1.726812216033363
second8,1,mixed-output,0,3200484e01d5cf80b88362ffdaa10a614e646df143c793993d775263f4d50580,3,271.882955,1,20.725436,14,unprofitable,1990144,20971520,20,36,clear,63,100.85317,46.404491,25.679055,1.8070949651379304
second8,1,mixed-output,0,539232d0b5e46afc217fcf0bdad47214b1e62af98116e138d242829ce68e8f6b,4,307.101294,0,,,never_reused_unprofitable,1990144,-207618048,33,33,clear,63,100.888246,39.23618,,
second8,1,mixed-output,0,920040bf0c21ba32f3e428d7dcbf874d60f675c756e6bc0843de3daa507f4329,5,269.978453,0,,,never_reused_unprofitable,2234880,23068672,34,34,clear,63,108.274643,39.435523,,
second8,1,mixed-output,0,812f661cd8d06ce141199569206ac8d581aac4d5f8adb363d81b0489988853e7,6,273.594326,0,,,never_reused_unprofitable,1990144,23068672,35,35,clear,63,101.43961,45.391796,,
second4,1,short-short,1,9e50b7b5ce2b1b00519c582720c013e959f0951c7106d998ecc6a03efb630c8d,0,274.139575,1,23.436863,12,unprofitable,1991168,-83886080,11,21,eviction,29,110.028942,43.186834,19.749971,2.1866783500593496
second4,1,short-short,1,94f4126e6749b169688ed51734a2986a7b7a5aca476e9620d565c4e8a94042e4,1,275.781914,0,,,never_reused_unprofitable,2740736,-85983232,22,22,eviction,31,128.134433,39.063951,,
second4,1,short-short,1,5feb0a0106147d820f2b1b677cc3891b9ca286f9709db91a7cb69b88cdefdf86,2,266.45294,0,,,never_reused_unprofitable,2863616,25165824,23,23,eviction,32,105.861112,41.10558,,
second4,1,short-short,1,38753b7d1a9121008d07d9d10c638e2bf14f35bb4f13f5d0166d4805f99c1c79,3,266.009418,0,,,never_reused_unprofitable,1990144,23068672,25,25,eviction,33,113.042471,41.730818,,
second4,1,short-short,1,2d467b75535cb79ed90de3e214d487f35254d095aca3f511e95900c0b971f1c5,4,266.3476,0,,,never_reused_unprofitable,1990144,25165824,29,29,eviction,34,110.045083,42.061982,,
second4,1,short-short,1,9e50b7b5ce2b1b00519c582720c013e959f0951c7106d998ecc6a03efb630c8d,5,267.450575,0,23.436863,12,never_reused_unprofitable,2740736,25165824,31,31,eviction,37,118.213386,43.186834,19.749971,2.1866783500593496
second4,1,short-short,1,94f4126e6749b169688ed51734a2986a7b7a5aca476e9620d565c4e8a94042e4,6,291.388493,0,,,never_reused_unprofitable,2740736,25165824,32,32,eviction,38,115.010229,39.063951,,
second4,1,short-short,1,5feb0a0106147d820f2b1b677cc3891b9ca286f9709db91a7cb69b88cdefdf86,7,268.67433,0,,,never_reused_unprofitable,2863616,25165824,33,33,clear,39,109.568018,41.10558,,
second4,1,short-short,1,f489aab3691fc4f617c5fae29294c2cbc338da4647bfe0fc3ce8b4a43c609e91,8,268.30877,0,,,never_reused_unprofitable,2689536,25165824,34,34,clear,39,100.682615,39.073343,,
second4,1,short-short,1,77b7b9dfa972bad61e009b57909e63372b4e345eb1666809147080338eb00d44,9,261.953393,0,,,never_reused_unprofitable,2740736,25165824,37,37,clear,39,110.758474,38.912128,,
second4,1,short-short,1,0d72fff0a29e4c49e41b45b065953c6396b692edc4e3e5ac2d6a8d32fbc4e25a,10,266.212808,0,,,never_reused_unprofitable,2587136,25165824,38,38,clear,39,102.475766,42.491942,,
second8,1,mixed-output,1,81343c4746b202a2682d9c46dc6325f79489040c10c2b244914840d3c18d90ba,0,279.817468,2,20.921026,14,unprofitable,2741760,-249561088,5,31,clear,62,103.242089,41.299305,20.378279,2.026633603357771
second8,1,mixed-output,1,d551a5b3f27b5e7d5dbab996439261c0a0c65bdc3e7d6f3d69a054ca3327241b,1,264.89403,2,17.450617,16,unprofitable,1990144,23068672,6,32,clear,62,108.515338,38.513037,21.06242,1.8285190875502435
second8,1,mixed-output,1,37ee0e08faf434094fc96cb63c36cb2896b936ee071b9d37e090958065581e17,2,264.857084,1,19.884444,14,unprofitable,2347520,20971520,7,16,clear,62,120.801202,41.735473,21.851029,1.9100003482673515
second8,1,mixed-output,1,539232d0b5e46afc217fcf0bdad47214b1e62af98116e138d242829ce68e8f6b,3,280.649227,0,,,never_reused_unprofitable,1990144,-209715200,17,17,clear,62,110.319186,40.466723,,
second8,1,mixed-output,1,8ee82f7d5c75f8987c39cba82c09242f097a6cfe91ccf5aaff43bdd5286989a0,4,279.685472,0,,,never_reused_unprofitable,1990144,-209715200,35,35,clear,62,106.902355,38.528599,,
second8,1,mixed-output,1,170777d83247b62e3437fb837110e0f3374fc3c8f35773e3ef57b452aff055dd,5,269.053788,0,,,never_reused_unprofitable,2757120,20971520,36,36,clear,62,103.716517,39.854745,,
second8,1,mixed-output,1,6b43f909620ac55a272c21f58bdb888d85de57e902de34a5037c9c508c765384,6,272.269533,0,,,never_reused_unprofitable,2228736,23068672,37,37,clear,62,110.495503,39.692519,,
second8,1,mixed-output,1,d62fffa64ee00b9a9d3448198bbab7ea6ace0ff4bb13384a78ec24a1de578062,7,269.210875,0,,,never_reused_unprofitable,1990144,20971520,38,38,clear,62,105.468018,38.491632,,
second2,1,mixed-output,1,81343c4746b202a2682d9c46dc6325f79489040c10c2b244914840d3c18d90ba,0,276.086056,0,,,never_reused_unprofitable,2741760,-226492416,5,5,eviction,7,108.399339,46.530484,,
second2,1,mixed-output,1,d551a5b3f27b5e7d5dbab996439261c0a0c65bdc3e7d6f3d69a054ca3327241b,1,270.234145,0,,,never_reused_unprofitable,1990144,23068672,6,6,eviction,14,120.33503,42.981169,,
second2,1,mixed-output,1,37ee0e08faf434094fc96cb63c36cb2896b936ee071b9d37e090958065581e17,2,271.743963,0,,,never_reused_unprofitable,2347520,25165824,7,7,eviction,15,110.282657,38.345972,,
second2,1,mixed-output,1,81343c4746b202a2682d9c46dc6325f79489040c10c2b244914840d3c18d90ba,3,269.650162,0,,,never_reused_unprofitable,2740736,25165824,14,14,eviction,16,116.730972,46.530484,,
second2,1,mixed-output,1,d551a5b3f27b5e7d5dbab996439261c0a0c65bdc3e7d6f3d69a054ca3327241b,4,264.775967,0,,,never_reused_unprofitable,2347520,25165824,15,15,eviction,17,107.185473,42.981169,,
second2,1,mixed-output,1,37ee0e08faf434094fc96cb63c36cb2896b936ee071b9d37e090958065581e17,5,260.558258,0,,,never_reused_unprofitable,2740736,25165824,16,16,eviction,31,126.277546,38.345972,,
second2,1,mixed-output,1,539232d0b5e46afc217fcf0bdad47214b1e62af98116e138d242829ce68e8f6b,6,265.522568,0,,,never_reused_unprofitable,2347520,25165824,17,17,eviction,32,111.641413,39.281681,,
second2,1,mixed-output,1,81343c4746b202a2682d9c46dc6325f79489040c10c2b244914840d3c18d90ba,7,266.898663,0,,,never_reused_unprofitable,2740736,25165824,31,31,eviction,35,118.736278,46.530484,,
second2,1,mixed-output,1,d551a5b3f27b5e7d5dbab996439261c0a0c65bdc3e7d6f3d69a054ca3327241b,8,264.27664,0,,,never_reused_unprofitable,2347520,25165824,32,32,eviction,36,106.451025,42.981169,,
second2,1,mixed-output,1,8ee82f7d5c75f8987c39cba82c09242f097a6cfe91ccf5aaff43bdd5286989a0,9,260.633122,0,,,never_reused_unprofitable,2740736,25165824,35,35,eviction,37,112.107288,45.148816,,
second2,1,mixed-output,1,170777d83247b62e3437fb837110e0f3374fc3c8f35773e3ef57b452aff055dd,10,260.009828,0,,,never_reused_unprofitable,2347520,25165824,36,36,eviction,38,118.664566,42.898731,,
second2,1,mixed-output,1,6b43f909620ac55a272c21f58bdb888d85de57e902de34a5037c9c508c765384,11,269.799257,0,,,never_reused_unprofitable,2740736,25165824,37,37,clear,62,120.972306,42.827609,,
second2,1,mixed-output,1,d62fffa64ee00b9a9d3448198bbab7ea6ace0ff4bb13384a78ec24a1de578062,12,274.394003,0,,,never_reused_unprofitable,2347520,25165824,38,38,clear,62,106.142061,39.45571,,
second4,1,mixed-output,1,81343c4746b202a2682d9c46dc6325f79489040c10c2b244914840d3c18d90ba,0,276.263427,2,23.4395955,12,unprofitable,2741760,-226492416,5,31,eviction,37,110.508789,43.760237,20.3206415,2.153486985142669
second4,1,mixed-output,1,d551a5b3f27b5e7d5dbab996439261c0a0c65bdc3e7d6f3d69a054ca3327241b,1,265.811308,2,21.952175,13,unprofitable,1990144,23068672,6,32,eviction,38,104.943786,42.70526,20.753085,2.0577788796219934
second4,1,mixed-output,1,37ee0e08faf434094fc96cb63c36cb2896b936ee071b9d37e090958065581e17,2,270.275629,1,19.780826,14,unprofitable,2347520,20971520,7,16,eviction,35,120.795671,40.642963,20.862137,1.9481687326662651
second4,1,mixed-output,1,539232d0b5e46afc217fcf0bdad47214b1e62af98116e138d242829ce68e8f6b,3,280.979386,0,,,never_reused_unprofitable,1990144,-209715200,17,17,eviction,36,112.408142,39.061707,,
second4,1,mixed-output,1,8ee82f7d5c75f8987c39cba82c09242f097a6cfe91ccf5aaff43bdd5286989a0,4,272.109391,0,,,never_reused_unprofitable,2347520,25165824,35,35,clear,62,128.460136,38.888682,,
second4,1,mixed-output,1,170777d83247b62e3437fb837110e0f3374fc3c8f35773e3ef57b452aff055dd,5,292.51079,0,,,never_reused_unprofitable,1990144,25165824,36,36,clear,62,101.764098,42.631336,,
second4,1,mixed-output,1,6b43f909620ac55a272c21f58bdb888d85de57e902de34a5037c9c508c765384,6,272.85698,0,,,never_reused_unprofitable,2740736,25165824,37,37,clear,62,100.948122,39.060607,,
second4,1,mixed-output,1,d62fffa64ee00b9a9d3448198bbab7ea6ace0ff4bb13384a78ec24a1de578062,7,262.642574,0,,,never_reused_unprofitable,1990144,25165824,38,38,clear,62,108.397235,38.865794,,
second2,1,long-long,1,47335fa7935ed8e0475bbf8b789fd43f48a0ebccfa785d7466369c9638061cc3,0,299.118293,0,,,never_reused_unprofitable,1991168,-620756992,37,37,eviction,39,109.217416,40.943861,,
second2,1,long-long,1,bd07bded9fee0cef933a3b11c9397e1a03f7140878c4224fe3c684169aabc54b,1,276.976868,0,,,never_reused_unprofitable,2347520,-18874368,38,38,eviction,74,128.045971,40.2597255,,
second2,1,long-long,1,cde0b5f6e3a25beb206e2c2f5edc99840fade51717e3accfc20cbe0545b0f449,2,263.456034,0,,,never_reused_unprofitable,2355712,25165824,39,39,eviction,77,109.609112,42.415989,,
second2,1,long-long,1,47335fa7935ed8e0475bbf8b789fd43f48a0ebccfa785d7466369c9638061cc3,3,257.054703,0,,,never_reused_unprofitable,2347520,25165824,74,74,eviction,78,106.99155,40.943861,,
second2,1,long-long,1,10ce89436308e6cf2faa4dd1446b63658d3cdd0caace8eb241feccf503e5482f,4,256.108612,0,,,never_reused_unprofitable,2740736,25165824,77,77,eviction,81,108.792747,39.024582,,
second2,1,long-long,1,e625f045c4caa89b2929de134e2a927f491b40742a25c73a5d523fbd8ad6aa83,5,256.472245,0,,,never_reused_unprofitable,2347520,25165824,78,78,eviction,82,106.652357,39.834909,,
second2,1,long-long,1,6087f0606ed5c57f75ac5d09217ff349e810aaa216aeffb7da4b1a04afab0a9e,6,259.343961,0,,,never_reused_unprofitable,2740736,25165824,81,81,eviction,85,108.488129,42.536258,,
second2,1,long-long,1,5d1ec0e0f8ee2e1ed8065a98d5f38586440be8a0059599bc31d8daed12a9c7e8,7,258.839754,0,,,never_reused_unprofitable,2347520,25165824,82,82,eviction,86,107.51835,41.906873,,
second2,1,long-long,1,06b18d59a1da4550afae822d7ff2a1f12d0833d11c6adf65da5be83e1152a761,8,267.445518,0,,,never_reused_unprofitable,2740736,25165824,85,85,eviction,89,116.590678,42.655486,,
second2,1,long-long,1,83caf285afc59d2c7383b0cc707e67f4efbe36b7b399e8ec2b1b69c6b341ddc7,9,257.020908,0,,,never_reused_unprofitable,2347520,25165824,86,86,eviction,90,108.682795,39.10278,,
second2,1,long-long,1,d673d41a90521175afe9d02d3708ab70429a2930ca209c80d0624ecb65917d8d,10,259.344384,0,,,never_reused_unprofitable,2740736,25165824,89,89,eviction,93,109.367722,46.865889,,
second2,1,long-long,1,7ce8a984f423de54c86a183f3e26a3b0de7433ec81fc2ab20d6239c69d7ac73b,11,256.604202,0,,,never_reused_unprofitable,2347520,25165824,90,90,eviction,94,106.043124,41.702748,,
second2,1,long-long,1,9fd0f156208ed99c8e28ab953fe3ea7cf8a04c8240fe4c1a5d8d3d189d468276,12,258.009046,0,,,never_reused_unprofitable,2740736,25165824,93,93,eviction,97,108.648896,39.3151,,
second2,1,long-long,1,42c7d4df63d445ba93fc82fb235c041fc60c7f8d3d87ac66add137ff864071e7,13,257.326913,0,,,never_reused_unprofitable,2347520,25165824,94,94,eviction,98,106.547241,41.735975,,
second2,1,long-long,1,248948690b708060a84cca07521ae05e99682181d9d04b2bb4ed174f57fb6631,14,256.379234,0,,,never_reused_unprofitable,2740736,25165824,97,97,clear,144,146.362431,43.532558,,
second2,1,long-long,1,a1da7c00de0ec0b739f0dd5fb6bef140a47103a572f3a2212d162782f7dfc405,15,269.156878,0,,,never_reused_unprofitable,2347520,25165824,98,98,clear,144,118.536597,42.04626,,
second4,1,long-long,1,47335fa7935ed8e0475bbf8b789fd43f48a0ebccfa785d7466369c9638061cc3,0,327.10093,1,27.7669185,12,unprofitable,2741760,-704643072,37,74,eviction,82,109.789083,48.9475395,21.180621,2.310958658860852
second4,1,long-long,1,bd07bded9fee0cef933a3b11c9397e1a03f7140878c4224fe3c684169aabc54b,1,313.883199,0,,,never_reused_unprofitable,1990144,2097152,38,38,eviction,78,114.78207,49.280179,,
second4,1,long-long,1,cde0b5f6e3a25beb206e2c2f5edc99840fade51717e3accfc20cbe0545b0f449,2,318.267258,0,,,never_reused_unprofitable,2347520,25165824,39,39,eviction,81,120.349498,47.6327805,,
second4,1,long-long,1,10ce89436308e6cf2faa4dd1446b63658d3cdd0caace8eb241feccf503e5482f,3,285.749408,0,,,never_reused_unprofitable,1990144,-631242752,77,77,eviction,85,113.595317,54.016562,,
second4,1,long-long,1,e625f045c4caa89b2929de134e2a927f491b40742a25c73a5d523fbd8ad6aa83,4,266.16319,0,,,never_reused_unprofitable,1990144,25165824,78,78,eviction,86,105.524993,54.067529,,
second4,1,long-long,1,6087f0606ed5c57f75ac5d09217ff349e810aaa216aeffb7da4b1a04afab0a9e,5,265.37476,0,,,never_reused_unprofitable,2347520,25165824,81,81,eviction,89,108.007867,53.564791,,
second4,1,long-long,1,5d1ec0e0f8ee2e1ed8065a98d5f38586440be8a0059599bc31d8daed12a9c7e8,6,266.023602,0,,,never_reused_unprofitable,2740736,25165824,82,82,eviction,90,115.560848,53.72774,,
second4,1,long-long,1,06b18d59a1da4550afae822d7ff2a1f12d0833d11c6adf65da5be83e1152a761,7,267.1472,0,,,never_reused_unprofitable,2378240,25165824,85,85,eviction,93,107.45346,53.682299,,
second4,1,long-long,1,83caf285afc59d2c7383b0cc707e67f4efbe36b7b399e8ec2b1b69c6b341ddc7,8,255.268348,0,,,never_reused_unprofitable,1990144,25165824,86,86,eviction,94,107.241236,53.450925,,
second4,1,long-long,1,d673d41a90521175afe9d02d3708ab70429a2930ca209c80d0624ecb65917d8d,9,265.567334,0,,,never_reused_unprofitable,2347520,25165824,89,89,eviction,97,108.190128,53.156445,,
second4,1,long-long,1,7ce8a984f423de54c86a183f3e26a3b0de7433ec81fc2ab20d6239c69d7ac73b,10,261.356934,0,,,never_reused_unprofitable,2456064,25165824,90,90,eviction,98,105.801722,54.280952,,
second4,1,long-long,1,9fd0f156208ed99c8e28ab953fe3ea7cf8a04c8240fe4c1a5d8d3d189d468276,11,254.275923,0,,,never_reused_unprofitable,2378240,25165824,93,93,eviction,101,116.850136,54.021771,,
second4,1,long-long,1,42c7d4df63d445ba93fc82fb235c041fc60c7f8d3d87ac66add137ff864071e7,12,255.671079,0,,,never_reused_unprofitable,1990144,25165824,94,94,clear,144,145.201583,53.645868,,
second4,1,long-long,1,248948690b708060a84cca07521ae05e99682181d9d04b2bb4ed174f57fb6631,13,254.428644,0,,,never_reused_unprofitable,2347520,25165824,97,97,clear,144,103.671928,53.475406,,
second4,1,long-long,1,a1da7c00de0ec0b739f0dd5fb6bef140a47103a572f3a2212d162782f7dfc405,14,254.60645,0,,,never_reused_unprofitable,2456064,25165824,98,98,clear,144,99.685348,54.37982,,
second4,1,long-long,1,a830fef402446f478b281a42c0516e7ce2b1cdc32fef1bef0e63406287eecdec,15,256.256752,0,,,never_reused_unprofitable,2378240,25165824,101,101,clear,144,100.663774,53.526013,,
second8,1,long-long,1,47335fa7935ed8e0475bbf8b789fd43f48a0ebccfa785d7466369c9638061cc3,0,302.441802,1,18.262897,17,unprofitable,2741760,-706740224,37,74,eviction,90,104.828122,39.179542,20.916645,1.87312745423561
second8,1,long-long,1,bd07bded9fee0cef933a3b11c9397e1a03f7140878c4224fe3c684169aabc54b,1,253.475666,0,,,never_reused_unprofitable,1990144,2097152,38,38,eviction,86,105.420263,42.7736235,,
second8,1,long-long,1,cde0b5f6e3a25beb206e2c2f5edc99840fade51717e3accfc20cbe0545b0f449,2,258.605472,0,,,never_reused_unprofitable,2347520,25165824,39,39,eviction,89,107.613882,43.084872,,
second8,1,long-long,1,10ce89436308e6cf2faa4dd1446b63658d3cdd0caace8eb241feccf503e5482f,3,272.759281,0,,,never_reused_unprofitable,1990144,-631242752,77,77,eviction,93,106.969098,41.677858,,
second8,1,long-long,1,e625f045c4caa89b2929de134e2a927f491b40742a25c73a5d523fbd8ad6aa83,4,269.428304,0,,,never_reused_unprofitable,1990144,0,78,78,eviction,94,118.599309,38.751629,,
second8,1,long-long,1,6087f0606ed5c57f75ac5d09217ff349e810aaa216aeffb7da4b1a04afab0a9e,5,259.736195,0,,,never_reused_unprofitable,2378240,0,81,81,eviction,97,109.628585,41.227239,,
second8,1,long-long,1,5d1ec0e0f8ee2e1ed8065a98d5f38586440be8a0059599bc31d8daed12a9c7e8,6,260.89839,0,,,never_reused_unprofitable,1990144,-2097152,82,82,eviction,98,113.486623,38.798973,,
second8,1,long-long,1,06b18d59a1da4550afae822d7ff2a1f12d0833d11c6adf65da5be83e1152a761,7,262.75915,0,,,never_reused_unprofitable,2419200,0,85,85,eviction,101,109.2465,37.922681,,
second8,1,long-long,1,83caf285afc59d2c7383b0cc707e67f4efbe36b7b399e8ec2b1b69c6b341ddc7,8,253.505978,0,,,never_reused_unprofitable,2427392,25165824,86,86,clear,144,125.358345,38.908863,,
second8,1,long-long,1,d673d41a90521175afe9d02d3708ab70429a2930ca209c80d0624ecb65917d8d,9,253.585468,0,,,never_reused_unprofitable,2347520,25165824,89,89,clear,144,108.953195,41.656229,,
second8,1,long-long,1,7ce8a984f423de54c86a183f3e26a3b0de7433ec81fc2ab20d6239c69d7ac73b,10,253.591765,0,,,never_reused_unprofitable,2740736,25165824,90,90,clear,144,102.316355,39.195189,,
second8,1,long-long,1,9fd0f156208ed99c8e28ab953fe3ea7cf8a04c8240fe4c1a5d8d3d189d468276,11,260.444491,0,,,never_reused_unprofitable,2386432,25165824,93,93,clear,144,101.171784,42.09009,,
second8,1,long-long,1,42c7d4df63d445ba93fc82fb235c041fc60c7f8d3d87ac66add137ff864071e7,12,252.321768,0,,,never_reused_unprofitable,1990144,25165824,94,94,clear,144,101.908052,38.51919,,
second8,1,long-long,1,248948690b708060a84cca07521ae05e99682181d9d04b2bb4ed174f57fb6631,13,259.596703,0,,,never_reused_unprofitable,2378240,25165824,97,97,clear,144,111.206597,39.318442,,
second8,1,long-long,1,a1da7c00de0ec0b739f0dd5fb6bef140a47103a572f3a2212d162782f7dfc405,14,264.321167,0,,,never_reused_unprofitable,1990144,25165824,98,98,clear,144,102.904532,41.198645,,
second8,1,long-long,1,a830fef402446f478b281a42c0516e7ce2b1cdc32fef1bef0e63406287eecdec,15,263.194257,0,,,never_reused_unprofitable,2419200,27262976,101,101,clear,144,110.655451,39.241932,,
second4,1,long-short,1,47335fa7935ed8e0475bbf8b789fd43f48a0ebccfa785d7466369c9638061cc3,0,332.890445,2,35.5091115,10,unprofitable,2741760,-706740224,9,26,clear,34,118.825709,56.43684,20.9277285,2.6967494346077743
second4,1,long-short,1,bd07bded9fee0cef933a3b11c9397e1a03f7140878c4224fe3c684169aabc54b,1,313.605323,1,35.908485,9,unprofitable,1990144,2097152,10,27,clear,34,101.586102,56.919028,21.010543,2.7090698227075807
second4,1,long-short,1,cde0b5f6e3a25beb206e2c2f5edc99840fade51717e3accfc20cbe0545b0f449,2,316.26131,0,,,never_reused_unprofitable,2347520,-461373440,28,28,clear,34,99.288786,55.940124,,
second4,1,short-long,1,9e50b7b5ce2b1b00519c582720c013e959f0951c7106d998ecc6a03efb630c8d,0,278.076869,0,,,never_reused_unprofitable,1991168,-748683264,37,37,eviction,58,109.937032,37.646646,,
second4,1,short-long,1,94f4126e6749b169688ed51734a2986a7b7a5aca476e9620d565c4e8a94042e4,1,263.140448,0,,,never_reused_unprofitable,2740736,23068672,38,38,eviction,68,114.39374,41.095268,,
second4,1,short-long,1,5feb0a0106147d820f2b1b677cc3891b9ca286f9709db91a7cb69b88cdefdf86,2,254.34321,0,,,never_reused_unprofitable,2863616,25165824,39,39,eviction,74,114.388132,42.217554,,
second4,1,short-long,1,ac50410aa4790635ecab918dacb0424553ea73f0817ffc7f8eada72faa66bd3a,3,264.730673,0,,,never_reused_unprofitable,1990144,23068672,50,50,eviction,75,104.319332,37.578171,,
second4,1,short-long,1,496b947bc9664fd763a8396e4d44cba21c97905a113061495084f46334f9b944,4,253.438377,0,,,never_reused_unprofitable,1990144,27262976,58,58,eviction,76,104.486635,38.031578,,
second4,1,short-long,1,432eeb03ec2be2d081b4c6140bebf21bb3ab785decd9c0ef870579cf2c0b1445,5,252.548555,0,,,never_reused_unprofitable,2740736,25165824,68,68,eviction,81,108.078027,41.045035,,
second4,1,short-long,1,9e50b7b5ce2b1b00519c582720c013e959f0951c7106d998ecc6a03efb630c8d,6,254.061125,0,,,never_reused_unprofitable,2347520,25165824,74,74,eviction,84,105.418517,37.646646,,
second4,1,short-long,1,94f4126e6749b169688ed51734a2986a7b7a5aca476e9620d565c4e8a94042e4,7,253.79728,0,,,never_reused_unprofitable,1990144,25165824,75,75,eviction,87,107.695031,41.095268,,
second4,1,short-long,1,5feb0a0106147d820f2b1b677cc3891b9ca286f9709db91a7cb69b88cdefdf86,8,257.886302,0,,,never_reused_unprofitable,1990144,27262976,76,76,eviction,91,113.465583,42.217554,,
second4,1,short-long,1,cce5e1821039e85df7a05cc8019153a4415f767a16c8d3fd9f7eed7818323806,9,252.871421,0,,,never_reused_unprofitable,2740736,25165824,81,81,eviction,95,111.652673,44.100242,,
second4,1,short-long,1,1e20bb764fed7e020a5ec7a91a2027b5183533d074af99ddfdd1f1e08f3e016b,10,253.920269,0,,,never_reused_unprofitable,2347520,25165824,84,84,eviction,110,124.751134,39.495731,,
second4,1,short-long,1,6729c0738f5afbc6aa4251a63f28e27fed36c24c848883d912614c33ea7f6754,11,253.598892,0,,,never_reused_unprofitable,1990144,25165824,87,87,eviction,111,109.66785,38.730802,,
second4,1,short-long,1,9ec7ab7fc1f51380ba730b934def28b8b5f8e080b1a8228af5beee5156f8a8a1,12,255.314954,0,,,never_reused_unprofitable,1990144,27262976,91,91,clear,146,123.265521,41.638869,,
second4,1,short-long,1,f509151195f4a34be9004430623edb88862e9010d942a1d2b91c8ecbb5747851,13,271.748696,0,,,never_reused_unprofitable,2740736,25165824,95,95,clear,146,100.304275,38.730768,,
second4,1,short-long,1,9e50b7b5ce2b1b00519c582720c013e959f0951c7106d998ecc6a03efb630c8d,14,263.8391,0,,,never_reused_unprofitable,2347520,25165824,110,110,clear,146,106.676655,37.646646,,
second4,1,short-long,1,94f4126e6749b169688ed51734a2986a7b7a5aca476e9620d565c4e8a94042e4,15,262.84588,0,,,never_reused_unprofitable,1990144,25165824,111,111,clear,146,100.424831,41.095268,,
second4,1,long-short,2,47335fa7935ed8e0475bbf8b789fd43f48a0ebccfa785d7466369c9638061cc3,0,305.122245,2,18.338471,17,unprofitable,2741760,-706740224,9,27,clear,34,127.735072,39.300439,20.961968,1.874844909600091
second4,1,long-short,2,bd07bded9fee0cef933a3b11c9397e1a03f7140878c4224fe3c684169aabc54b,1,275.696696,0,,,never_reused_unprofitable,1990144,-488636416,28,28,clear,34,102.888366,39.953985,,
second4,1,long-long,2,47335fa7935ed8e0475bbf8b789fd43f48a0ebccfa785d7466369c9638061cc3,0,300.291062,1,17.660737,18,unprofitable,2741760,-706740224,38,74,eviction,78,112.825507,38.392542,20.731805,1.8518668297333494
second4,1,long-long,2,0bc6355d04e87f54d3b8c34e6f0e1f9f156870fce97b80e65cb1bfcacdfe276c,1,269.188833,0,,,never_reused_unprofitable,1990144,-29360128,42,42,eviction,77,111.074114,38.049344,,
second4,1,long-long,2,bd07bded9fee0cef933a3b11c9397e1a03f7140878c4224fe3c684169aabc54b,2,297.269842,0,,,never_reused_unprofitable,2347520,-574619648,75,75,eviction,79,112.486014,42.1982925,,
second4,1,long-long,2,cde0b5f6e3a25beb206e2c2f5edc99840fade51717e3accfc20cbe0545b0f449,3,272.148343,0,,,never_reused_unprofitable,1990144,-2097152,76,76,eviction,82,112.421421,39.076712,,
second4,1,long-long,2,56e0941acdf7bfd269c8bca4ea3c068f4f56b32cceb465e5f606168bcfb5cdd6,4,272.098392,0,,,never_reused_unprofitable,1990144,25165824,77,77,eviction,83,116.235097,43.308199,,
second4,1,long-long,2,0bc6355d04e87f54d3b8c34e6f0e1f9f156870fce97b80e65cb1bfcacdfe276c,5,269.65811,0,,,never_reused_unprofitable,2740736,25165824,78,78,eviction,86,124.041053,38.049344,,
second4,1,long-long,2,4f7cadceba353a066a080577cce26e4ebab0bb3467416349c108ae1e55489d61,6,261.504636,0,,,never_reused_unprofitable,2347520,25165824,79,79,eviction,87,117.981937,38.828288,,
second4,1,long-long,2,1d7aeda0e30634ea9635d2896046ec2284fd243de99a32b43bfdf257977c12af,7,269.376368,0,,,never_reused_unprofitable,1990144,25165824,82,82,eviction,88,111.016846,39.188573,,
second4,1,long-long,2,a22cc571768fa4ccaf2db76ffc2414fcce233fca13bfe2dbd045dd3c9a65a68c,8,266.522707,0,,,never_reused_unprofitable,1990144,25165824,83,83,eviction,89,117.919929,38.291687,,
second4,1,long-long,2,a1f68a6e40e6451c178b6aaf8701e9e86bfcbe5f118dd5dc5e46a531b230b241,9,265.00193,0,,,never_reused_unprofitable,2740736,25165824,86,86,eviction,93,123.575721,38.83514,,
second4,1,long-long,2,e24cbfecaf890c3d57444033c9fcceb4da18be986df57c895b9edddb8021ca20,10,273.895227,0,,,never_reused_unprofitable,2347520,25165824,87,87,eviction,94,110.100371,37.841214,,
second4,1,long-long,2,860e3d823cdb11278536f7bc5b51dc988a5d33c2844203cd997bbdf354b680a3,11,261.351,0,,,never_reused_unprofitable,1990144,25165824,88,88,eviction,97,114.132537,39.527964,,
second4,1,long-long,2,c6f0986f86fceb35dcc1d1aacb28a4782996bab7efd8ec9e81cb33fc4045ed54,12,261.449436,0,,,never_reused_unprofitable,1990144,25165824,89,89,clear,144,145.218543,44.761937,,
second4,1,long-long,2,d0b53cf7d8c80af2ca2234f611129d97fe6e469e4112b9799d8c5615e235cedc,13,266.1669,0,,,never_reused_unprofitable,2380288,25165824,93,93,clear,144,119.728266,38.782011,,
second4,1,long-long,2,0d3d912ba0a64b0a559467c0824ffc17435ca8f086b62017f8fbf4a6083c994d,14,267.171903,0,,,never_reused_unprofitable,2347520,25165824,94,94,clear,144,123.950922,38.444058,,
second4,1,long-long,2,1339a5c7faf61591201c11e9994b99da68893f83791c15529645cbe2af5cfd10,15,268.079249,0,,,never_reused_unprofitable,1990144,25165824,97,97,clear,144,119.280019,43.107016,,
second2,1,long-long,2,47335fa7935ed8e0475bbf8b789fd43f48a0ebccfa785d7466369c9638061cc3,0,287.431921,1,31.3690205,10,unprofitable,2741760,-704643072,38,74,eviction,76,109.591865,52.3843005,21.01528,2.4926767808946635
second2,1,long-long,2,0bc6355d04e87f54d3b8c34e6f0e1f9f156870fce97b80e65cb1bfcacdfe276c,1,269.84498,0,,,never_reused_unprofitable,1990144,-29360128,42,42,eviction,75,134.119679,54.995466,,
second2,1,long-long,2,bd07bded9fee0cef933a3b11c9397e1a03f7140878c4224fe3c684169aabc54b,2,257.987899,0,,,never_reused_unprofitable,1990144,25165824,75,75,eviction,77,117.509262,41.2883915,,
second2,1,long-long,2,cde0b5f6e3a25beb206e2c2f5edc99840fade51717e3accfc20cbe0545b0f449,3,277.983169,0,,,never_reused_unprofitable,2347520,25165824,76,76,eviction,78,109.916281,42.66344,,
second2,1,long-long,2,56e0941acdf7bfd269c8bca4ea3c068f4f56b32cceb465e5f606168bcfb5cdd6,4,273.580153,0,,,never_reused_unprofitable,1990144,25165824,77,77,eviction,79,138.223147,39.483392,,
second2,1,long-long,2,0bc6355d04e87f54d3b8c34e6f0e1f9f156870fce97b80e65cb1bfcacdfe276c,5,271.18477,0,,,never_reused_unprofitable,2347520,25165824,78,78,eviction,82,123.276825,54.995466,,
second2,1,long-long,2,4f7cadceba353a066a080577cce26e4ebab0bb3467416349c108ae1e55489d61,6,308.667718,0,,,never_reused_unprofitable,1990144,25165824,79,79,eviction,83,110.604441,60.953214,,
second2,1,long-long,2,1d7aeda0e30634ea9635d2896046ec2284fd243de99a32b43bfdf257977c12af,7,260.737618,0,,,never_reused_unprofitable,2347520,25165824,82,82,eviction,86,118.506338,55.563245,,
second2,1,long-long,2,a22cc571768fa4ccaf2db76ffc2414fcce233fca13bfe2dbd045dd3c9a65a68c,8,263.925883,0,,,never_reused_unprofitable,1990144,25165824,83,83,eviction,87,113.373879,54.380604,,
second2,1,long-long,2,a1f68a6e40e6451c178b6aaf8701e9e86bfcbe5f118dd5dc5e46a531b230b241,9,263.788838,0,,,never_reused_unprofitable,2347520,25165824,86,86,eviction,88,108.298468,54.631563,,
second2,1,long-long,2,e24cbfecaf890c3d57444033c9fcceb4da18be986df57c895b9edddb8021ca20,10,258.624911,0,,,never_reused_unprofitable,1990144,25165824,87,87,eviction,89,110.85611,54.70251,,
second2,1,long-long,2,860e3d823cdb11278536f7bc5b51dc988a5d33c2844203cd997bbdf354b680a3,11,262.585917,0,,,never_reused_unprofitable,2347520,25165824,88,88,eviction,93,116.894537,55.12177,,
second2,1,long-long,2,c6f0986f86fceb35dcc1d1aacb28a4782996bab7efd8ec9e81cb33fc4045ed54,12,263.066085,0,,,never_reused_unprofitable,1990144,25165824,89,89,eviction,94,121.727103,62.513087,,
second2,1,long-long,2,d0b53cf7d8c80af2ca2234f611129d97fe6e469e4112b9799d8c5615e235cedc,13,266.598482,0,,,never_reused_unprofitable,2347520,25165824,93,93,eviction,97,134.252913,55.338618,,
second2,1,long-long,2,0d3d912ba0a64b0a559467c0824ffc17435ca8f086b62017f8fbf4a6083c994d,14,264.290434,0,,,never_reused_unprofitable,2740736,25165824,94,94,clear,144,134.808716,58.820167,,
second2,1,long-long,2,1339a5c7faf61591201c11e9994b99da68893f83791c15529645cbe2af5cfd10,15,333.290154,0,,,never_reused_unprofitable,2347520,25165824,97,97,clear,144,102.306184,55.030582,,
second8,1,long-long,2,47335fa7935ed8e0475bbf8b789fd43f48a0ebccfa785d7466369c9638061cc3,0,289.950587,1,26.4188525,11,unprofitable,2741760,-704643072,38,74,eviction,86,124.081908,47.4637985,21.044946,2.255353779477505
second8,1,long-long,2,0bc6355d04e87f54d3b8c34e6f0e1f9f156870fce97b80e65cb1bfcacdfe276c,1,274.653494,1,21.510837,13,unprofitable,1990144,-29360128,42,78,eviction,93,119.928325,42.426833,20.915996,2.0284395254235084
second8,1,long-long,2,bd07bded9fee0cef933a3b11c9397e1a03f7140878c4224fe3c684169aabc54b,2,282.70148,0,,,never_reused_unprofitable,2347520,-574619648,75,75,eviction,87,109.234964,40.69351,,
second8,1,long-long,2,cde0b5f6e3a25beb206e2c2f5edc99840fade51717e3accfc20cbe0545b0f449,3,270.291797,0,,,never_reused_unprofitable,2355712,-2097152,76,76,eviction,88,110.678296,44.056778,,
second8,1,long-long,2,56e0941acdf7bfd269c8bca4ea3c068f4f56b32cceb465e5f606168bcfb5cdd6,4,264.990702,0,,,never_reused_unprofitable,2737664,0,77,77,eviction,89,111.194747,40.355995,,
second8,1,long-long,2,4f7cadceba353a066a080577cce26e4ebab0bb3467416349c108ae1e55489d61,5,270.466487,0,,,never_reused_unprofitable,2380288,0,79,79,eviction,94,111.348893,41.466174,,
second8,1,long-long,2,1d7aeda0e30634ea9635d2896046ec2284fd243de99a32b43bfdf257977c12af,6,275.056503,0,,,never_reused_unprofitable,1990144,-2097152,82,82,eviction,97,118.760243,49.492533,,
second8,1,long-long,2,a22cc571768fa4ccaf2db76ffc2414fcce233fca13bfe2dbd045dd3c9a65a68c,7,277.080365,0,,,never_reused_unprofitable,2408960,0,83,83,eviction,98,111.528262,38.863475,,
second8,1,long-long,2,a1f68a6e40e6451c178b6aaf8701e9e86bfcbe5f118dd5dc5e46a531b230b241,8,261.180517,0,,,never_reused_unprofitable,2740736,25165824,86,86,clear,144,125.525515,39.554375,,
second8,1,long-long,2,e24cbfecaf890c3d57444033c9fcceb4da18be986df57c895b9edddb8021ca20,9,268.669171,0,,,never_reused_unprofitable,2347520,25165824,87,87,clear,144,106.287367,39.055628,,
second8,1,long-long,2,860e3d823cdb11278536f7bc5b51dc988a5d33c2844203cd997bbdf354b680a3,10,265.869742,0,,,never_reused_unprofitable,2355712,25165824,88,88,clear,144,108.182074,39.975184,,
second8,1,long-long,2,c6f0986f86fceb35dcc1d1aacb28a4782996bab7efd8ec9e81cb33fc4045ed54,11,266.897243,0,,,never_reused_unprofitable,2454016,25165824,89,89,clear,144,102.917989,42.648687,,
second8,1,long-long,2,d0b53cf7d8c80af2ca2234f611129d97fe6e469e4112b9799d8c5615e235cedc,12,259.943219,0,,,never_reused_unprofitable,1990144,25165824,93,93,clear,144,102.162638,41.649461,,
second8,1,long-long,2,0d3d912ba0a64b0a559467c0824ffc17435ca8f086b62017f8fbf4a6083c994d,13,264.628061,0,,,never_reused_unprofitable,2224640,25165824,94,94,clear,144,101.080092,38.800306,,
second8,1,long-long,2,1339a5c7faf61591201c11e9994b99da68893f83791c15529645cbe2af5cfd10,14,265.188495,0,,,never_reused_unprofitable,1990144,25165824,97,97,clear,144,101.297408,39.124073,,
second8,1,long-long,2,fa924c57e9fa46c0917c40612fe7bc9e22a2759bf057c6150da8e2af12929f27,15,263.068619,0,,,never_reused_unprofitable,2408960,27262976,98,98,clear,144,102.142255,38.853613,,
second4,1,mixed-output,2,81343c4746b202a2682d9c46dc6325f79489040c10c2b244914840d3c18d90ba,0,293.087998,1,23.352205,13,unprofitable,2741760,-765460480,5,13,eviction,17,105.690338,43.151103,19.798898,2.179469938175347
second4,1,mixed-output,2,d551a5b3f27b5e7d5dbab996439261c0a0c65bdc3e7d6f3d69a054ca3327241b,1,269.755407,0,,,never_reused_unprofitable,1990144,-209715200,14,14,eviction,18,110.223425,38.784134,,
second4,1,mixed-output,2,37ee0e08faf434094fc96cb63c36cb2896b936ee071b9d37e090958065581e17,2,269.510534,0,,,never_reused_unprofitable,1990144,20971520,15,15,eviction,29,118.854484,38.810805,,
second4,1,mixed-output,2,539232d0b5e46afc217fcf0bdad47214b1e62af98116e138d242829ce68e8f6b,3,271.76765,0,,,never_reused_unprofitable,1990144,23068672,16,16,eviction,30,109.989527,43.738032,,
second4,1,mixed-output,2,920040bf0c21ba32f3e428d7dcbf874d60f675c756e6bc0843de3daa507f4329,4,261.496353,0,,,never_reused_unprofitable,2347520,25165824,17,17,eviction,31,114.965207,38.569671,,
second4,1,mixed-output,2,812f661cd8d06ce141199569206ac8d581aac4d5f8adb363d81b0489988853e7,5,267.660085,0,,,never_reused_unprofitable,2740736,25165824,18,18,eviction,32,112.961785,39.105892,,
second4,1,mixed-output,2,81343c4746b202a2682d9c46dc6325f79489040c10c2b244914840d3c18d90ba,6,271.901488,0,23.352205,12,never_reused_unprofitable,1990144,25165824,29,29,eviction,33,104.769855,43.151103,19.798898,2.179469938175347
second4,1,mixed-output,2,d551a5b3f27b5e7d5dbab996439261c0a0c65bdc3e7d6f3d69a054ca3327241b,7,266.520356,0,,,never_reused_unprofitable,2180608,25165824,30,30,eviction,34,127.125055,38.784134,,
second4,1,mixed-output,2,37ee0e08faf434094fc96cb63c36cb2896b936ee071b9d37e090958065581e17,8,254.892121,0,,,never_reused_unprofitable,2347520,25165824,31,31,eviction,35,114.473571,38.810805,,
second4,1,mixed-output,2,539232d0b5e46afc217fcf0bdad47214b1e62af98116e138d242829ce68e8f6b,9,262.009905,0,,,never_reused_unprofitable,2740736,25165824,32,32,clear,60,142.117462,43.738032,,
second4,1,mixed-output,2,920040bf0c21ba32f3e428d7dcbf874d60f675c756e6bc0843de3daa507f4329,10,265.734065,0,,,never_reused_unprofitable,1990144,25165824,33,33,clear,60,108.091908,38.569671,,
second4,1,mixed-output,2,812f661cd8d06ce141199569206ac8d581aac4d5f8adb363d81b0489988853e7,11,257.692969,0,,,never_reused_unprofitable,1990144,25165824,34,34,clear,60,100.60365,39.105892,,
second4,1,mixed-output,2,3200484e01d5cf80b88362ffdaa10a614e646df143c793993d775263f4d50580,12,261.765664,0,,,never_reused_unprofitable,2347520,25165824,35,35,clear,60,100.57655,41.359012,,
second2,1,mixed-output,2,81343c4746b202a2682d9c46dc6325f79489040c10c2b244914840d3c18d90ba,0,274.51627,1,18.414009,15,unprofitable,2741760,-226492416,5,13,eviction,15,105.569198,38.560015,20.146006,1.9140277730484148
second2,1,mixed-output,2,d551a5b3f27b5e7d5dbab996439261c0a0c65bdc3e7d6f3d69a054ca3327241b,1,269.817091,0,,,never_reused_unprofitable,1990144,-209715200,14,14,eviction,16,105.145442,38.883028,,
second2,1,mixed-output,2,37ee0e08faf434094fc96cb63c36cb2896b936ee071b9d37e090958065581e17,2,253.74952,0,,,never_reused_unprofitable,2740736,25165824,15,15,eviction,17,104.794761,39.128317,,
second2,1,mixed-output,2,539232d0b5e46afc217fcf0bdad47214b1e62af98116e138d242829ce68e8f6b,3,254.829514,0,,,never_reused_unprofitable,1990144,25165824,16,16,eviction,18,107.481472,39.525474,,
second2,1,mixed-output,2,920040bf0c21ba32f3e428d7dcbf874d60f675c756e6bc0843de3daa507f4329,4,254.813689,0,,,never_reused_unprofitable,2740736,25165824,17,17,eviction,29,115.286893,41.551949,,
second2,1,mixed-output,2,812f661cd8d06ce141199569206ac8d581aac4d5f8adb363d81b0489988853e7,5,255.427879,0,,,never_reused_unprofitable,1990144,25165824,18,18,eviction,30,105.232923,41.680511,,
second2,1,mixed-output,2,81343c4746b202a2682d9c46dc6325f79489040c10c2b244914840d3c18d90ba,6,255.715478,0,18.414009,14,never_reused_unprofitable,2740736,25165824,29,29,eviction,31,104.882672,38.560015,20.146006,1.9140277730484148
second2,1,mixed-output,2,d551a5b3f27b5e7d5dbab996439261c0a0c65bdc3e7d6f3d69a054ca3327241b,7,255.057679,0,,,never_reused_unprofitable,1990144,25165824,30,30,eviction,32,114.466348,38.883028,,
second2,1,mixed-output,2,37ee0e08faf434094fc96cb63c36cb2896b936ee071b9d37e090958065581e17,8,260.690876,0,,,never_reused_unprofitable,2740736,25165824,31,31,eviction,33,108.582246,39.128317,,
second2,1,mixed-output,2,539232d0b5e46afc217fcf0bdad47214b1e62af98116e138d242829ce68e8f6b,9,256.237781,0,,,never_reused_unprofitable,1990144,25165824,32,32,eviction,34,107.813705,39.525474,,
second2,1,mixed-output,2,920040bf0c21ba32f3e428d7dcbf874d60f675c756e6bc0843de3daa507f4329,10,253.793093,0,,,never_reused_unprofitable,2740736,25165824,33,33,eviction,35,104.948902,41.551949,,
second2,1,mixed-output,2,812f661cd8d06ce141199569206ac8d581aac4d5f8adb363d81b0489988853e7,11,256.139003,0,,,never_reused_unprofitable,1990144,25165824,34,34,clear,60,119.307084,41.680511,,
second2,1,mixed-output,2,3200484e01d5cf80b88362ffdaa10a614e646df143c793993d775263f4d50580,12,255.672107,0,,,never_reused_unprofitable,2740736,25165824,35,35,clear,60,101.448325,38.406679,,
second8,1,mixed-output,2,81343c4746b202a2682d9c46dc6325f79489040c10c2b244914840d3c18d90ba,0,264.671828,2,26.0557185,11,unprofitable,2741760,-226492416,5,29,clear,60,130.228961,45.958278,19.9025595,2.3091642057394677
second8,1,mixed-output,2,d551a5b3f27b5e7d5dbab996439261c0a0c65bdc3e7d6f3d69a054ca3327241b,1,269.012256,1,17.727815,16,unprofitable,1990144,-209715200,14,30,clear,60,110.202451,38.903786,21.175971,1.8371665695990989
second8,1,mixed-output,2,37ee0e08faf434094fc96cb63c36cb2896b936ee071b9d37e090958065581e17,2,257.018139,1,19.629628,14,unprofitable,1990144,20971520,15,31,clear,60,107.35736,41.423384,21.793756,1.9006996315825506
second8,1,mixed-output,2,539232d0b5e46afc217fcf0bdad47214b1e62af98116e138d242829ce68e8f6b,3,273.33201,1,18.250404,15,unprofitable,1990144,23068672,16,32,clear,60,101.321552,41.394774,23.14437,1.788546156149422
second8,1,mixed-output,2,920040bf0c21ba32f3e428d7dcbf874d60f675c756e6bc0843de3daa507f4329,4,261.72227,1,19.080973,14,unprofitable,2347520,23068672,17,33,clear,60,100.603076,42.301964,23.220991,1.8217122602562483
second8,1,mixed-output,2,812f661cd8d06ce141199569206ac8d581aac4d5f8adb363d81b0489988853e7,5,257.105853,1,18.367847,14,unprofitable,1990144,2097152,18,34,clear,60,105.835663,42.488249,24.120402,1.7615066697478756
second8,1,mixed-output,2,3200484e01d5cf80b88362ffdaa10a614e646df143c793993d775263f4d50580,6,287.240844,0,,,never_reused_unprofitable,1990144,-209715200,35,35,clear,60,103.130684,42.053188,,
second4,1,short-short,2,9e50b7b5ce2b1b00519c582720c013e959f0951c7106d998ecc6a03efb630c8d,0,270.413466,2,23.2120315,12,unprofitable,1991168,-230686720,11,31,eviction,39,105.287949,42.836049,19.6240175,2.1828378923938483
second4,1,short-short,2,a06a539d22c3e45120191d3c7f6cd6b09f0be1462b3d04d4d684578d342602d2,1,270.946114,0,,,never_reused_unprofitable,2740736,-83886080,26,26,eviction,35,105.232887,41.430904,,
second4,1,short-short,2,cce5e1821039e85df7a05cc8019153a4415f767a16c8d3fd9f7eed7818323806,2,263.231668,0,,,never_reused_unprofitable,1990144,23068672,30,30,eviction,38,107.311271,41.288393,,
second4,1,short-short,2,f489aab3691fc4f617c5fae29294c2cbc338da4647bfe0fc3ce8b4a43c609e91,3,262.792692,0,,,never_reused_unprofitable,1990144,-85983232,34,34,clear,40,108.133891,41.271149,,
second4,1,short-short,2,3d3b3a834e66b776ac01e20184109e3fe78b846bf8b7d053134d54593e70603a,4,255.267006,0,,,never_reused_unprofitable,2740736,25165824,35,35,clear,40,102.145385,38.601744,,
second4,1,short-short,2,0d72fff0a29e4c49e41b45b065953c6396b692edc4e3e5ac2d6a8d32fbc4e25a,5,256.533731,0,,,never_reused_unprofitable,1990144,27262976,38,38,clear,40,100.385342,38.729154,,
second4,1,short-short,2,bf2dbe7de967556152d8d9052c76af9bced8b0c167192ff3aaf8097fcf11d501,6,259.50929,0,,,never_reused_unprofitable,1990144,25165824,39,39,clear,40,100.837503,41.031334,,
second4,1,short-long,2,9e50b7b5ce2b1b00519c582720c013e959f0951c7106d998ecc6a03efb630c8d,0,275.295498,0,,,never_reused_unprofitable,1991168,-167772160,42,42,eviction,58,119.70367,47.402749,,
second4,1,short-long,2,5b823aa0b8148a87f4e22c8d5f97726face870fe83ffd43b414ad1d822b85ae9,1,260.281904,0,,,never_reused_unprofitable,2740736,25165824,44,44,eviction,62,117.517961,39.874503,,
second4,1,short-long,2,9680d2057a5f705f36a80b89f39a2777a70a3df3ec5ec4d262d14f4133eae8c4,2,267.520262,0,,,never_reused_unprofitable,1990144,23068672,51,51,eviction,66,112.835645,39.195095,,
second4,1,short-long,2,1e431b9b8ecbee11bb92d51527e715a487e72eb46710a048570e0f86afb8d357,3,270.83863,0,,,never_reused_unprofitable,1990144,25165824,54,54,eviction,69,112.619566,38.711831,,
second4,1,short-long,2,1b280bd87542a5a768381661f120318c48647427008e21fca4fe81c40d283810,4,263.215885,0,,,never_reused_unprofitable,1990144,25165824,58,58,eviction,73,113.595991,39.201093,,
second4,1,short-long,2,d88e888d1d359479b63bc8014d632d9ebd5c61e9e4f2e2c96a6c8c223df11e71,5,263.886311,0,,,never_reused_unprofitable,2524672,25165824,62,62,eviction,76,125.893355,39.285645,,
second4,1,short-long,2,1fed3db05712765abb79cae5f45b8e7a559cbea4b469cfab5ca6a98567ff4be5,6,265.952036,0,,,never_reused_unprofitable,1990144,25165824,66,66,eviction,79,115.886255,43.6866,,
second4,1,short-long,2,0717ad0f1c963d2e2e17d75356d3bde82260e7b3ed441fdd3907af177d454a19,7,261.287982,0,,,never_reused_unprofitable,1990144,25165824,69,69,eviction,80,111.811063,42.92969,,
second4,1,short-long,2,fc654b805a68de06182b7b3ba1734292ae627c7277add24fa2e4477fa2059afc,8,261.423254,0,,,never_reused_unprofitable,1990144,25165824,73,73,eviction,81,106.196565,39.321053,,
second4,1,short-long,2,4790d1b8cd49c8adc8e6f77406c7200bef2b759df990e038378cdc6a992c1f93,9,262.56701,0,,,never_reused_unprofitable,2740736,25165824,76,76,eviction,86,122.085447,38.558886,,
second4,1,short-long,2,9e50b7b5ce2b1b00519c582720c013e959f0951c7106d998ecc6a03efb630c8d,10,258.718904,0,,,never_reused_unprofitable,1990144,25165824,79,79,eviction,93,113.375395,47.402749,,
second4,1,short-long,2,94f4126e6749b169688ed51734a2986a7b7a5aca476e9620d565c4e8a94042e4,11,266.234617,0,,,never_reused_unprofitable,2740736,25165824,80,80,eviction,97,107.6917,44.3039745,,
second4,1,short-long,2,5feb0a0106147d820f2b1b677cc3891b9ca286f9709db91a7cb69b88cdefdf86,12,261.122305,0,,,never_reused_unprofitable,1990144,25165824,81,81,clear,156,137.414295,42.896349,,
second4,1,short-long,2,bf2dbe7de967556152d8d9052c76af9bced8b0c167192ff3aaf8097fcf11d501,13,272.875073,0,,,never_reused_unprofitable,2740736,25165824,86,86,clear,156,118.539432,38.902708,,
second4,1,short-long,2,3f59a4a80f13b6575c250125e2b23c8b2d41e61cf5401de6f48fadb55685def5,14,256.200904,0,,,never_reused_unprofitable,2413056,25165824,93,93,clear,156,118.671593,40.42426,,
second4,1,short-long,2,70f611850951eb831d44b5b6426a046e574434b2433da9869aee73ec6d51d075,15,256.216552,0,,,never_reused_unprofitable,2740736,25165824,97,97,clear,156,118.905087,40.039621,,
second4,1,long-short,3,47335fa7935ed8e0475bbf8b789fd43f48a0ebccfa785d7466369c9638061cc3,0,278.250046,2,49.029341,6,unprofitable,2741760,-704643072,10,27,clear,34,100.779671,69.693145,20.663804,3.372716127195167
second4,1,long-short,3,bd07bded9fee0cef933a3b11c9397e1a03f7140878c4224fe3c684169aabc54b,1,257.921271,2,40.6993735,7,unprofitable,1990144,2097152,11,28,clear,34,100.893703,62.106546,21.4071725,2.90120266933898
second4,1,long-short,3,cde0b5f6e3a25beb206e2c2f5edc99840fade51717e3accfc20cbe0545b0f449,2,287.6697,0,,,never_reused_unprofitable,2347520,-486539264,21,21,clear,34,124.04622,51.597723,,
second4,1,short-long,3,9e50b7b5ce2b1b00519c582720c013e959f0951c7106d998ecc6a03efb630c8d,0,295.991906,1,26.371401,12,unprofitable,1991168,-748683264,35,75,eviction,95,114.881744,46.465474,20.094073,2.3123969938797377
second4,1,short-long,3,b7e6706722aa211b3dbf46cf8a1473caa004791202882bb6fd39793e3a1824b0,1,267.739564,0,,,never_reused_unprofitable,2740736,25165824,43,43,eviction,87,115.65301,41.755606,,
second4,1,short-long,3,cbaef857dd4a47c0c061b63a8775b9fabb43f1f56cd1f3305a8247867d80954a,2,269.368409,0,,,never_reused_unprofitable,1990144,23068672,47,47,eviction,91,117.225493,39.57429,,
second4,1,short-long,3,94f4126e6749b169688ed51734a2986a7b7a5aca476e9620d565c4e8a94042e4,3,275.664703,0,,,never_reused_unprofitable,2740736,-85983232,76,76,eviction,99,114.308051,39.892805,,
second4,1,short-long,3,0bf90ceb1f277d0584a877652646dcd3dc842544fb178c4a3407f0ba5fb7ad78,4,262.298132,0,,,never_reused_unprofitable,2740736,27262976,87,87,eviction,103,111.76593,42.273296,,
second4,1,short-long,3,44f662f3e0b2aa6e4159f0e562a8723b9ed0dfaedfaa87dbbb492bd7559b9049,5,265.647604,0,,,never_reused_unprofitable,1990144,25165824,91,91,eviction,107,117.7791,38.893403,,
second4,1,short-long,3,03b4497054f4379fb05b1523f7dff0b225ec1c8dab634b57b0acc1f8e039b93b,6,267.374025,0,,,never_reused_unprofitable,1990144,25165824,95,95,eviction,111,115.837591,42.04862,,
second4,1,short-long,3,a37516306423f5b9e96d64365a9ecb11b0e64b04d1eefff36ef7440d75309c37,7,262.107417,0,,,never_reused_unprofitable,1990144,25165824,99,99,eviction,117,145.213339,39.128055,,
second4,1,short-long,3,6fa2f0e4a03a56f9452385578656e421cbcbfb28620cc9d885350cb50d49428b,8,263.882484,0,,,never_reused_unprofitable,2740736,25165824,103,103,eviction,119,132.886279,39.144559,,
second4,1,short-long,3,bbd99a3179eb32d479bf5e7b99c279f10fa062b381c04d734832142595cfa9d6,9,255.678309,0,,,never_reused_unprofitable,1990144,25165824,107,107,eviction,120,130.115699,40.035543,,
second4,1,short-long,3,829a564ddad378dc4b9c213a9dc16071eb6803ebb62c7a2706cf6bc64ec15256,10,337.386132,0,,,never_reused_unprofitable,1990144,25165824,111,111,eviction,123,130.329758,43.019784,,
second4,1,short-long,3,9e50b7b5ce2b1b00519c582720c013e959f0951c7106d998ecc6a03efb630c8d,11,359.26189,0,26.371401,14,never_reused_unprofitable,1990144,25165824,117,117,eviction,125,110.091595,46.465474,20.094073,2.3123969938797377
second4,1,short-long,3,94f4126e6749b169688ed51734a2986a7b7a5aca476e9620d565c4e8a94042e4,12,352.927793,0,,,never_reused_unprofitable,2347520,25165824,119,119,clear,154,143.75578,39.892805,,
second4,1,short-long,3,5feb0a0106147d820f2b1b677cc3891b9ca286f9709db91a7cb69b88cdefdf86,13,354.074497,0,,,never_reused_unprofitable,2740736,25165824,120,120,clear,154,119.777105,38.850443,,
second4,1,short-long,3,b95b340c838f9c42ade9ef5cf25f4bdb8c5a270bee74ace9b03dad54a3efc66b,14,309.865344,0,,,never_reused_unprofitable,1990144,25165824,123,123,clear,154,120.384641,39.596929,,
second4,1,short-long,3,cce5e1821039e85df7a05cc8019153a4415f767a16c8d3fd9f7eed7818323806,15,264.511105,0,,,never_reused_unprofitable,1990144,25165824,125,125,clear,154,129.189791,38.582057,,
second4,1,short-short,3,9e50b7b5ce2b1b00519c582720c013e959f0951c7106d998ecc6a03efb630c8d,0,288.485923,2,25.568266,12,unprofitable,1991168,-104857600,11,32,eviction,40,110.266719,45.295355,19.727089,2.2960992876343793
second4,1,short-short,3,c4660ba76d159b12f9c4d3cad51e263470d85e784fa5c62e103e33cf98d3cee6,1,280.564086,0,,,never_reused_unprofitable,2740736,-96468992,23,23,eviction,36,120.086693,42.449861,,
second4,1,short-short,3,c534ea89b81a16b777c573bea1e9fc81b70b86b77cba76fb97f36a217f74944e,2,275.933454,0,,,never_reused_unprofitable,1990144,25165824,27,27,eviction,37,107.749201,42.374396,,
second4,1,short-short,3,9de334e101a814935edb62ad54dce9f1d80d81c31c9d0fa0586eec96fa979069,3,276.420508,0,,,never_reused_unprofitable,1990144,-106954752,33,33,clear,41,110.076999,39.744306,,
second4,1,short-short,3,3d3b3a834e66b776ac01e20184109e3fe78b846bf8b7d053134d54593e70603a,4,261.895537,0,,,never_reused_unprofitable,2347520,25165824,36,36,clear,41,107.152791,41.236887,,
second4,1,short-short,3,30f333c8f52a5df5a6f6c9c72e7d8adfb0264ec157de3d3e5d066596d3b67d88,5,267.053917,0,,,never_reused_unprofitable,2740736,27262976,37,37,clear,41,101.969722,39.28891,,
second4,1,short-short,3,bf2dbe7de967556152d8d9052c76af9bced8b0c167192ff3aaf8097fcf11d501,6,261.897478,0,,,never_reused_unprofitable,1990144,25165824,40,40,clear,41,110.721773,38.537922,,
second4,1,mixed-output,3,81343c4746b202a2682d9c46dc6325f79489040c10c2b244914840d3c18d90ba,0,279.714245,2,18.2740955,16,unprofitable,2741760,-249561088,5,29,eviction,35,104.703734,38.595012,20.3209165,1.8992751631059555
second4,1,mixed-output,3,d551a5b3f27b5e7d5dbab996439261c0a0c65bdc3e7d6f3d69a054ca3327241b,1,265.721664,1,20.031288,14,unprofitable,1990144,23068672,6,14,eviction,33,109.701062,41.5804,21.549112,1.9295644293834475
second4,1,mixed-output,3,37ee0e08faf434094fc96cb63c36cb2896b936ee071b9d37e090958065581e17,2,264.377495,1,16.659763,16,unprofitable,2347520,20971520,7,15,eviction,34,112.167716,38.984403,22.32464,1.7462500179174223
second4,1,mixed-output,3,247adf160d3699d19bdf285b5fdfcfa505148e29e68fd100ad1f4e9c357c3d76,3,282.188555,0,,,never_reused_unprofitable,1990144,-209715200,32,32,eviction,36,112.922427,39.352916,,
second4,1,mixed-output,3,8ee82f7d5c75f8987c39cba82c09242f097a6cfe91ccf5aaff43bdd5286989a0,4,263.164969,0,,,never_reused_unprofitable,1990144,25165824,33,33,clear,60,127.322047,39.890101,,
second4,1,mixed-output,3,170777d83247b62e3437fb837110e0f3374fc3c8f35773e3ef57b452aff055dd,5,262.67842,0,,,never_reused_unprofitable,2347520,25165824,34,34,clear,60,114.94197,38.605553,,
second4,1,mixed-output,3,6b43f909620ac55a272c21f58bdb888d85de57e902de34a5037c9c508c765384,6,262.968372,0,,,never_reused_unprofitable,2740736,25165824,35,35,clear,60,103.273885,44.427914,,
second4,1,mixed-output,3,d62fffa64ee00b9a9d3448198bbab7ea6ace0ff4bb13384a78ec24a1de578062,7,256.625562,0,,,never_reused_unprofitable,1990144,25165824,36,36,clear,60,110.332077,38.626003,,
second8,1,mixed-output,3,81343c4746b202a2682d9c46dc6325f79489040c10c2b244914840d3c18d90ba,0,279.27295,2,24.284639,12,unprofitable,2741760,-228589568,5,29,clear,60,101.9356,44.578779,20.29414,2.1966330674766215
second8,1,mixed-output,3,d551a5b3f27b5e7d5dbab996439261c0a0c65bdc3e7d6f3d69a054ca3327241b,1,268.329315,1,16.841897,16,unprofitable,1990144,23068672,6,14,clear,60,121.768631,38.978711,22.136814,1.7608094371665226
second8,1,mixed-output,3,37ee0e08faf434094fc96cb63c36cb2896b936ee071b9d37e090958065581e17,2,268.215012,1,20.58791,14,unprofitable,2347520,20971520,7,15,clear,60,112.293604,41.889417,21.301507,1.966500163579976
second8,1,mixed-output,3,247adf160d3699d19bdf285b5fdfcfa505148e29e68fd100ad1f4e9c357c3d76,3,281.355332,0,,,never_reused_unprofitable,1990144,-209715200,32,32,clear,60,101.395266,39.260823,,
second8,1,mixed-output,3,8ee82f7d5c75f8987c39cba82c09242f097a6cfe91ccf5aaff43bdd5286989a0,4,265.696854,0,,,never_reused_unprofitable,1990144,23068672,33,33,clear,60,108.328959,39.175034,,
second8,1,mixed-output,3,170777d83247b62e3437fb837110e0f3374fc3c8f35773e3ef57b452aff055dd,5,264.700413,0,,,never_reused_unprofitable,2787840,23068672,34,34,clear,60,102.50681,39.392217,,
second8,1,mixed-output,3,6b43f909620ac55a272c21f58bdb888d85de57e902de34a5037c9c508c765384,6,272.747603,0,,,never_reused_unprofitable,2228736,20971520,35,35,clear,60,103.552287,44.239831,,
second8,1,mixed-output,3,d62fffa64ee00b9a9d3448198bbab7ea6ace0ff4bb13384a78ec24a1de578062,7,271.432703,0,,,never_reused_unprofitable,1990144,20971520,36,36,clear,60,108.988598,39.604406,,
second2,1,mixed-output,3,81343c4746b202a2682d9c46dc6325f79489040c10c2b244914840d3c18d90ba,0,276.605271,0,,,never_reused_unprofitable,2741760,-226492416,5,5,eviction,7,106.581,45.990311,,
second2,1,mixed-output,3,d551a5b3f27b5e7d5dbab996439261c0a0c65bdc3e7d6f3d69a054ca3327241b,1,279.831513,0,,,never_reused_unprofitable,1990144,23068672,6,6,eviction,13,116.61494,39.52311,,
second2,1,mixed-output,3,37ee0e08faf434094fc96cb63c36cb2896b936ee071b9d37e090958065581e17,2,261.691275,0,,,never_reused_unprofitable,2347520,25165824,7,7,eviction,14,107.575022,41.897195,,
second2,1,mixed-output,3,81343c4746b202a2682d9c46dc6325f79489040c10c2b244914840d3c18d90ba,3,262.546941,0,,,never_reused_unprofitable,2740736,25165824,13,13,eviction,15,109.734835,45.990311,,
second2,1,mixed-output,3,d551a5b3f27b5e7d5dbab996439261c0a0c65bdc3e7d6f3d69a054ca3327241b,4,267.851558,0,,,never_reused_unprofitable,2347520,25165824,14,14,eviction,29,125.599816,39.52311,,
second2,1,mixed-output,3,37ee0e08faf434094fc96cb63c36cb2896b936ee071b9d37e090958065581e17,5,265.044056,0,,,never_reused_unprofitable,2740736,25165824,15,15,eviction,32,114.959601,41.897195,,
second2,1,mixed-output,3,81343c4746b202a2682d9c46dc6325f79489040c10c2b244914840d3c18d90ba,6,261.483842,0,,,never_reused_unprofitable,2347520,25165824,29,29,eviction,33,124.067506,45.990311,,
second2,1,mixed-output,3,247adf160d3699d19bdf285b5fdfcfa505148e29e68fd100ad1f4e9c357c3d76,7,267.657542,0,,,never_reused_unprofitable,2740736,25165824,32,32,eviction,34,113.785195,38.798924,,
second2,1,mixed-output,3,8ee82f7d5c75f8987c39cba82c09242f097a6cfe91ccf5aaff43bdd5286989a0,8,261.396526,0,,,never_reused_unprofitable,2347520,25165824,33,33,eviction,35,109.265231,39.747015,,
second2,1,mixed-output,3,170777d83247b62e3437fb837110e0f3374fc3c8f35773e3ef57b452aff055dd,9,269.345113,0,,,never_reused_unprofitable,2740736,25165824,34,34,eviction,36,113.018456,38.712526,,
second2,1,mixed-output,3,6b43f909620ac55a272c21f58bdb888d85de57e902de34a5037c9c508c765384,10,271.49809,0,,,never_reused_unprofitable,2347520,25165824,35,35,clear,60,128.012378,39.614989,,
second2,1,mixed-output,3,d62fffa64ee00b9a9d3448198bbab7ea6ace0ff4bb13384a78ec24a1de578062,11,265.494372,0,,,never_reused_unprofitable,2740736,25165824,36,36,clear,60,103.747232,38.39818,,
second8,1,long-long,3,47335fa7935ed8e0475bbf8b789fd43f48a0ebccfa785d7466369c9638061cc3,0,297.857663,1,23.332865,13,unprofitable,1991168,-599785472,37,74,eviction,91,108.94457,43.900914,20.568049,2.1344228614002234
second8,1,long-long,3,bd07bded9fee0cef933a3b11c9397e1a03f7140878c4224fe3c684169aabc54b,1,286.824322,1,20.401121,15,unprofitable,2740736,23068672,38,75,eviction,92,106.555814,41.361734,20.960613,1.9733074600442269
second8,1,long-long,3,cde0b5f6e3a25beb206e2c2f5edc99840fade51717e3accfc20cbe0545b0f449,2,274.214466,0,,,never_reused_unprofitable,1990144,-478150656,76,76,eviction,95,108.850803,42.510837,,
second8,1,long-long,3,b4c137e66df1aca85b2f18c9aeb01adfb575c33cbd0ccea10a538299579d611c,3,267.929888,0,,,never_reused_unprofitable,1990144,-2097152,80,80,eviction,96,105.177932,39.490413,,
second8,1,long-long,3,8d97c1498b838ad9af369042f961d9170a7e2d9fb29d2e4996d58090e6995c22,4,268.278282,0,,,never_reused_unprofitable,1990144,0,83,83,eviction,99,110.331378,40.851411,,
second8,1,long-long,3,06b18d59a1da4550afae822d7ff2a1f12d0833d11c6adf65da5be83e1152a761,5,265.725047,0,,,never_reused_unprofitable,2347520,0,84,84,eviction,100,107.247062,38.464434,,
second8,1,long-long,3,243b5f0b2a045fe1d843a2d9c43b538e21c808489a1537c847971dc2b71cb513,6,268.866821,0,,,never_reused_unprofitable,1990144,-2097152,87,87,eviction,103,108.162303,39.021837,,
second8,1,long-long,3,d673d41a90521175afe9d02d3708ab70429a2930ca209c80d0624ecb65917d8d,7,269.636826,0,,,never_reused_unprofitable,1990144,0,88,88,eviction,104,107.232276,41.826588,,
second8,1,long-long,3,7fed1385e85af74ccbd28d95ca9a5278928f4472da878d2b3701073532dc79e3,8,256.974571,0,,,never_reused_unprofitable,1990144,25165824,91,91,clear,146,127.191589,46.018309,,
second8,1,long-long,3,9fd0f156208ed99c8e28ab953fe3ea7cf8a04c8240fe4c1a5d8d3d189d468276,9,266.755943,0,,,never_reused_unprofitable,2386432,25165824,92,92,clear,146,103.045888,41.264337,,
second8,1,long-long,3,ec578a74ce175121d9b6100d2e50d1a397acf35d8694bd50da42b5dc35a2ac8e,10,256.193593,0,,,never_reused_unprofitable,2079232,25165824,95,95,clear,146,102.165573,41.714041,,
second8,1,long-long,3,248948690b708060a84cca07521ae05e99682181d9d04b2bb4ed174f57fb6631,11,259.806064,0,,,never_reused_unprofitable,2740736,25165824,96,96,clear,146,101.3504,40.904139,,
second8,1,long-long,3,d867b201449481630e991f7af5d91ad127bff47313fcac91a700c3588c2658ff,12,259.439676,0,,,never_reused_unprofitable,1990144,25165824,99,99,clear,146,101.509596,38.531917,,
second8,1,long-long,3,a830fef402446f478b281a42c0516e7ce2b1cdc32fef1bef0e63406287eecdec,13,256.796798,0,,,never_reused_unprofitable,2347520,25165824,100,100,clear,146,101.964021,38.123658,,
second8,1,long-long,3,544d8fd7261da145c15e84a2d5c0cb0bd0437de306d4705412ca496726448d90,14,259.670343,0,,,never_reused_unprofitable,1990144,25165824,103,103,clear,146,101.947362,42.022447,,
second8,1,long-long,3,7045a9c07e4ba1779e64772d20da58c0657c7586a0a3cfa40a2526a5a3fe1363,15,257.64753,0,,,never_reused_unprofitable,1990144,27262976,104,104,clear,146,103.057697,43.845087,,
second2,1,long-long,3,47335fa7935ed8e0475bbf8b789fd43f48a0ebccfa785d7466369c9638061cc3,0,287.68804,1,16.5253355,18,unprofitable,2741760,-704643072,37,74,eviction,76,135.314617,42.0530035,25.527668,1.6473499851220252
second2,1,long-long,3,bd07bded9fee0cef933a3b11c9397e1a03f7140878c4224fe3c684169aabc54b,1,274.932183,1,23.949774,12,unprofitable,1990144,2097152,38,75,eviction,80,117.000818,44.648891,20.699117,2.1570432690437955
second2,1,long-long,3,cde0b5f6e3a25beb206e2c2f5edc99840fade51717e3accfc20cbe0545b0f449,2,271.068539,0,,,never_reused_unprofitable,2347520,25165824,76,76,eviction,83,118.120971,38.882532,,
second2,1,long-long,3,b4c137e66df1aca85b2f18c9aeb01adfb575c33cbd0ccea10a538299579d611c,3,276.008647,0,,,never_reused_unprofitable,1990144,25165824,80,80,eviction,84,111.362852,40.5522215,,
second2,1,long-long,3,8d97c1498b838ad9af369042f961d9170a7e2d9fb29d2e4996d58090e6995c22,4,268.071808,0,,,never_reused_unprofitable,2347520,25165824,83,83,eviction,87,108.924167,40.080469,,
second2,1,long-long,3,06b18d59a1da4550afae822d7ff2a1f12d0833d11c6adf65da5be83e1152a761,5,268.267782,0,,,never_reused_unprofitable,1990144,25165824,84,84,eviction,88,109.375462,41.367929,,
second2,1,long-long,3,243b5f0b2a045fe1d843a2d9c43b538e21c808489a1537c847971dc2b71cb513,6,266.496119,0,,,never_reused_unprofitable,2347520,25165824,87,87,eviction,91,109.901765,38.847519,,
second2,1,long-long,3,d673d41a90521175afe9d02d3708ab70429a2930ca209c80d0624ecb65917d8d,7,258.705378,0,,,never_reused_unprofitable,2740736,25165824,88,88,eviction,92,106.60457,42.275756,,
second2,1,long-long,3,7fed1385e85af74ccbd28d95ca9a5278928f4472da878d2b3701073532dc79e3,8,258.322935,0,,,never_reused_unprofitable,2347520,25165824,91,91,eviction,95,109.568317,42.313932,,
second2,1,long-long,3,9fd0f156208ed99c8e28ab953fe3ea7cf8a04c8240fe4c1a5d8d3d189d468276,9,257.114639,0,,,never_reused_unprofitable,2740736,25165824,92,92,eviction,96,114.530747,39.014441,,
second2,1,long-long,3,ec578a74ce175121d9b6100d2e50d1a397acf35d8694bd50da42b5dc35a2ac8e,10,272.516039,0,,,never_reused_unprofitable,2347520,25165824,95,95,eviction,99,114.75913,39.033584,,
second2,1,long-long,3,248948690b708060a84cca07521ae05e99682181d9d04b2bb4ed174f57fb6631,11,258.399727,0,,,never_reused_unprofitable,2740736,25165824,96,96,eviction,100,108.961779,41.511283,,
second2,1,long-long,3,d867b201449481630e991f7af5d91ad127bff47313fcac91a700c3588c2658ff,12,258.156892,0,,,never_reused_unprofitable,2347520,25165824,99,99,eviction,103,109.100281,41.932115,,
second2,1,long-long,3,a830fef402446f478b281a42c0516e7ce2b1cdc32fef1bef0e63406287eecdec,13,257.82383,0,,,never_reused_unprofitable,2740736,25165824,100,100,eviction,104,107.556588,45.851941,,
second2,1,long-long,3,544d8fd7261da145c15e84a2d5c0cb0bd0437de306d4705412ca496726448d90,14,256.577435,0,,,never_reused_unprofitable,2347520,25165824,103,103,clear,146,127.808713,38.385669,,
second2,1,long-long,3,7045a9c07e4ba1779e64772d20da58c0657c7586a0a3cfa40a2526a5a3fe1363,15,257.135074,0,,,never_reused_unprofitable,2740736,25165824,104,104,clear,146,102.600786,39.567738,,
second4,1,long-long,3,47335fa7935ed8e0475bbf8b789fd43f48a0ebccfa785d7466369c9638061cc3,0,280.051166,1,25.1033955,12,unprofitable,2741760,-704643072,37,74,eviction,83,117.091486,45.8040805,20.700685,2.212684290399086
second4,1,long-long,3,bd07bded9fee0cef933a3b11c9397e1a03f7140878c4224fe3c684169aabc54b,1,260.892294,1,25.704259,11,unprofitable,1990144,2097152,38,75,eviction,84,115.535611,46.327448,20.623189,2.246376542444527
second4,1,long-long,3,cde0b5f6e3a25beb206e2c2f5edc99840fade51717e3accfc20cbe0545b0f449,2,278.298711,0,,,never_reused_unprofitable,2347520,-629145600,76,76,eviction,87,117.89137,39.207079,,
second4,1,long-long,3,b4c137e66df1aca85b2f18c9aeb01adfb575c33cbd0ccea10a538299579d611c,3,273.544528,0,,,never_reused_unprofitable,1990144,-2097152,80,80,eviction,88,111.621017,40.226932,,
second4,1,long-long,3,8d97c1498b838ad9af369042f961d9170a7e2d9fb29d2e4996d58090e6995c22,4,266.070492,0,,,never_reused_unprofitable,2740736,25165824,83,83,eviction,91,117.491459,38.83316,,
second4,1,long-long,3,06b18d59a1da4550afae822d7ff2a1f12d0833d11c6adf65da5be83e1152a761,5,261.190055,0,,,never_reused_unprofitable,2762240,25165824,84,84,eviction,92,111.396229,39.076109,,
second4,1,long-long,3,243b5f0b2a045fe1d843a2d9c43b538e21c808489a1537c847971dc2b71cb513,6,265.851108,0,,,never_reused_unprofitable,2347520,25165824,87,87,eviction,95,118.83998,39.195947,,
second4,1,long-long,3,d673d41a90521175afe9d02d3708ab70429a2930ca209c80d0624ecb65917d8d,7,269.724815,0,,,never_reused_unprofitable,1990144,25165824,88,88,eviction,96,112.858676,41.467161,,
second4,1,long-long,3,7fed1385e85af74ccbd28d95ca9a5278928f4472da878d2b3701073532dc79e3,8,268.360358,0,,,never_reused_unprofitable,2740736,25165824,91,91,eviction,99,115.384454,38.625533,,
second4,1,long-long,3,9fd0f156208ed99c8e28ab953fe3ea7cf8a04c8240fe4c1a5d8d3d189d468276,9,270.916189,0,,,never_reused_unprofitable,2396672,25165824,92,92,eviction,100,116.94282,38.491705,,
second4,1,long-long,3,ec578a74ce175121d9b6100d2e50d1a397acf35d8694bd50da42b5dc35a2ac8e,10,267.225457,0,,,never_reused_unprofitable,2347520,25165824,95,95,eviction,103,117.917234,41.041184,,
second4,1,long-long,3,248948690b708060a84cca07521ae05e99682181d9d04b2bb4ed174f57fb6631,11,255.995317,0,,,never_reused_unprofitable,1990144,25165824,96,96,eviction,104,108.010046,38.953824,,
second4,1,long-long,3,d867b201449481630e991f7af5d91ad127bff47313fcac91a700c3588c2658ff,12,269.011554,0,,,never_reused_unprofitable,2740736,25165824,99,99,clear,146,127.618001,39.933526,,
second4,1,long-long,3,a830fef402446f478b281a42c0516e7ce2b1cdc32fef1bef0e63406287eecdec,13,266.496467,0,,,never_reused_unprofitable,2396672,25165824,100,100,clear,146,102.750038,41.168861,,
second4,1,long-long,3,544d8fd7261da145c15e84a2d5c0cb0bd0437de306d4705412ca496726448d90,14,269.874912,0,,,never_reused_unprofitable,2347520,25165824,103,103,clear,146,102.17798,42.533394,,
second4,1,long-long,3,7045a9c07e4ba1779e64772d20da58c0657c7586a0a3cfa40a2526a5a3fe1363,15,256.712307,0,,,never_reused_unprofitable,1990144,25165824,104,104,clear,146,102.54897,40.6347,,
second8,1,mixed-output,4,81343c4746b202a2682d9c46dc6325f79489040c10c2b244914840d3c18d90ba,0,304.304399,2,26.3567205,12,unprofitable,2741760,-742391808,5,30,clear,63,121.437214,46.414129,20.0574085,2.3140641025484423
second8,1,mixed-output,4,d551a5b3f27b5e7d5dbab996439261c0a0c65bdc3e7d6f3d69a054ca3327241b,1,252.26159,2,19.096999,14,unprofitable,1990144,23068672,6,31,clear,63,103.144993,40.198374,21.101375,1.9050120667492048
second8,1,mixed-output,4,37ee0e08faf434094fc96cb63c36cb2896b936ee071b9d37e090958065581e17,2,261.3298,2,16.4141105,16,unprofitable,1990144,20971520,7,32,clear,63,100.914885,38.819161,22.4050505,1.7326076100564916
second8,1,mixed-output,4,539232d0b5e46afc217fcf0bdad47214b1e62af98116e138d242829ce68e8f6b,3,272.339787,1,16.068594,17,unprofitable,1990144,-230686720,16,33,clear,63,104.59362,38.80406,22.735466,1.7067633449870787
second8,1,mixed-output,4,920040bf0c21ba32f3e428d7dcbf874d60f675c756e6bc0843de3daa507f4329,4,259.866967,1,16.056604,17,unprofitable,2347520,23068672,17,34,clear,63,101.734727,39.309605,23.253001,1.6905174949246335
second8,1,mixed-output,4,812f661cd8d06ce141199569206ac8d581aac4d5f8adb363d81b0489988853e7,5,296.352782,0,,,never_reused_unprofitable,1990144,-209715200,35,35,clear,63,101.742668,38.683314,,
second4,1,mixed-output,4,81343c4746b202a2682d9c46dc6325f79489040c10c2b244914840d3c18d90ba,0,281.5702,1,25.49001,12,unprofitable,2741760,-228589568,5,13,eviction,17,117.742606,45.595272,20.105262,2.2678277955293495
second4,1,mixed-output,4,d551a5b3f27b5e7d5dbab996439261c0a0c65bdc3e7d6f3d69a054ca3327241b,1,284.734568,1,17.559727,17,unprofitable,1990144,23068672,6,14,eviction,30,126.947042,38.680136,21.120409,1.8314103671003719
second4,1,mixed-output,4,37ee0e08faf434094fc96cb63c36cb2896b936ee071b9d37e090958065581e17,2,265.143351,1,21.087303,13,unprofitable,2347520,20971520,7,15,eviction,31,110.820406,43.538656,22.451353,1.939244196107023
second4,1,mixed-output,4,539232d0b5e46afc217fcf0bdad47214b1e62af98116e138d242829ce68e8f6b,3,292.05667,0,,,never_reused_unprofitable,1990144,-209715200,16,16,eviction,32,106.296,39.266356,,
second4,1,mixed-output,4,920040bf0c21ba32f3e428d7dcbf874d60f675c756e6bc0843de3daa507f4329,4,280.016291,0,,,never_reused_unprofitable,2740736,25165824,17,17,eviction,33,108.931423,44.27896,,
second4,1,mixed-output,4,81343c4746b202a2682d9c46dc6325f79489040c10c2b244914840d3c18d90ba,5,265.118002,0,25.49001,11,never_reused_unprofitable,1990144,25165824,30,30,eviction,34,110.353049,45.595272,20.105262,2.2678277955293495
second4,1,mixed-output,4,d551a5b3f27b5e7d5dbab996439261c0a0c65bdc3e7d6f3d69a054ca3327241b,6,270.559507,0,17.559727,16,never_reused_unprofitable,2347520,27262976,31,31,eviction,35,113.605979,38.680136,21.120409,1.8314103671003719
second4,1,mixed-output,4,37ee0e08faf434094fc96cb63c36cb2896b936ee071b9d37e090958065581e17,7,268.854011,0,21.087303,13,never_reused_unprofitable,1990144,25165824,32,32,clear,63,120.920282,43.538656,22.451353,1.939244196107023
second4,1,mixed-output,4,539232d0b5e46afc217fcf0bdad47214b1e62af98116e138d242829ce68e8f6b,8,275.935061,0,,,never_reused_unprofitable,2740736,25165824,33,33,clear,63,110.63584,39.266356,,
second4,1,mixed-output,4,920040bf0c21ba32f3e428d7dcbf874d60f675c756e6bc0843de3daa507f4329,9,272.049445,0,,,never_reused_unprofitable,1990144,25165824,34,34,clear,63,119.5828,44.27896,,
second4,1,mixed-output,4,812f661cd8d06ce141199569206ac8d581aac4d5f8adb363d81b0489988853e7,10,265.743969,0,,,never_reused_unprofitable,2347520,25165824,35,35,clear,63,105.919947,43.416187,,
second2,1,mixed-output,4,81343c4746b202a2682d9c46dc6325f79489040c10c2b244914840d3c18d90ba,0,276.217205,0,,,never_reused_unprofitable,2741760,-226492416,5,5,eviction,7,108.917741,46.328486,,
second2,1,mixed-output,4,d551a5b3f27b5e7d5dbab996439261c0a0c65bdc3e7d6f3d69a054ca3327241b,1,271.835143,0,,,never_reused_unprofitable,1990144,23068672,6,6,eviction,13,127.072182,41.589747,,
second2,1,mixed-output,4,37ee0e08faf434094fc96cb63c36cb2896b936ee071b9d37e090958065581e17,2,260.445192,0,,,never_reused_unprofitable,2347520,25165824,7,7,eviction,14,110.391601,41.157838,,
second2,1,mixed-output,4,81343c4746b202a2682d9c46dc6325f79489040c10c2b244914840d3c18d90ba,3,267.001231,0,,,never_reused_unprofitable,2740736,25165824,13,13,eviction,15,112.534815,46.328486,,
second2,1,mixed-output,4,d551a5b3f27b5e7d5dbab996439261c0a0c65bdc3e7d6f3d69a054ca3327241b,4,264.01206,0,,,never_reused_unprofitable,2347520,25165824,14,14,eviction,16,107.548307,41.589747,,
second2,1,mixed-output,4,37ee0e08faf434094fc96cb63c36cb2896b936ee071b9d37e090958065581e17,5,264.116561,0,,,never_reused_unprofitable,2740736,25165824,15,15,eviction,17,112.321316,41.157838,,
second2,1,mixed-output,4,539232d0b5e46afc217fcf0bdad47214b1e62af98116e138d242829ce68e8f6b,6,261.564933,0,,,never_reused_unprofitable,2347520,25165824,16,16,eviction,30,126.594789,39.020023,,
second2,1,mixed-output,4,920040bf0c21ba32f3e428d7dcbf874d60f675c756e6bc0843de3daa507f4329,7,261.677747,0,,,never_reused_unprofitable,2740736,25165824,17,17,eviction,31,114.301826,39.169847,,
second2,1,mixed-output,4,81343c4746b202a2682d9c46dc6325f79489040c10c2b244914840d3c18d90ba,8,266.881224,0,,,never_reused_unprofitable,2347520,25165824,30,30,eviction,32,107.679719,46.328486,,
second2,1,mixed-output,4,d551a5b3f27b5e7d5dbab996439261c0a0c65bdc3e7d6f3d69a054ca3327241b,9,268.144697,0,,,never_reused_unprofitable,2740736,25165824,31,31,eviction,33,112.054105,41.589747,,
second2,1,mixed-output,4,37ee0e08faf434094fc96cb63c36cb2896b936ee071b9d37e090958065581e17,10,260.511184,0,,,never_reused_unprofitable,2347520,25165824,32,32,eviction,34,107.269869,41.157838,,
second2,1,mixed-output,4,539232d0b5e46afc217fcf0bdad47214b1e62af98116e138d242829ce68e8f6b,11,260.507259,0,,,never_reused_unprofitable,2740736,25165824,33,33,eviction,35,110.425983,39.020023,,
second2,1,mixed-output,4,920040bf0c21ba32f3e428d7dcbf874d60f675c756e6bc0843de3daa507f4329,12,264.60396,0,,,never_reused_unprofitable,2347520,25165824,34,34,clear,63,122.051972,39.169847,,
second2,1,mixed-output,4,812f661cd8d06ce141199569206ac8d581aac4d5f8adb363d81b0489988853e7,13,264.665167,0,,,never_reused_unprofitable,2740736,25165824,35,35,clear,63,106.592236,43.969428,,
second4,1,short-short,4,9e50b7b5ce2b1b00519c582720c013e959f0951c7106d998ecc6a03efb630c8d,0,275.360062,2,26.6676615,11,unprofitable,1991168,-83886080,10,30,clear,40,124.956403,46.199019,19.5313575,2.3653767537663475
second4,1,short-short,4,94f4126e6749b169688ed51734a2986a7b7a5aca476e9620d565c4e8a94042e4,1,267.406068,1,19.122322,14,unprofitable,2740736,23068672,11,32,clear,40,104.245779,38.980514,19.858192,1.9629437564104526
second4,1,short-short,4,96cc1c984eff3b4d2fd81a135c8aab81ee8821f609a73f538200eb67ff16b8e1,2,272.302459,0,,,never_reused_unprofitable,1990144,-85983232,26,26,eviction,36,108.550193,41.385018,,
second4,1,short-short,4,30f333c8f52a5df5a6f6c9c72e7d8adfb0264ec157de3d3e5d066596d3b67d88,3,271.773409,0,,,never_reused_unprofitable,1990144,-85983232,35,35,clear,40,107.855557,41.55538,,
second4,1,short-short,4,2774907fa98e94dfdfca968a5230b33a71b4e8fd3c5d4e9e8b79dc4434118087,4,270.593566,0,,,never_reused_unprofitable,2347520,25165824,36,36,clear,40,102.614698,39.7634,,
second4,1,short-long,4,9e50b7b5ce2b1b00519c582720c013e959f0951c7106d998ecc6a03efb630c8d,0,317.56831,0,,,never_reused_unprofitable,1991168,-104857600,39,39,eviction,64,118.637326,65.273057,,
second4,1,short-long,4,55366c29ce99dcd7c90bbba3826b328b7314d5badb681c191050db8344e7c7ff,1,318.602494,0,,,never_reused_unprofitable,2740736,25165824,49,49,eviction,72,118.652769,53.818585,,
second4,1,short-long,4,97235a440346b6c1193f70096e2d0b592f44c91dd089e61d7685346a8ab92cef,2,320.459408,0,,,never_reused_unprofitable,1990144,2097152,56,56,eviction,79,119.63775,55.117417,,
second4,1,short-long,4,8c5f4b272129995d40fd78383e944e0096dd033f397044fa668338ac6f991f08,3,315.680154,0,,,never_reused_unprofitable,1990144,23068672,60,60,eviction,80,106.658115,54.217442,,
second4,1,short-long,4,3ae38841a25f003f389524c4eb99d4897161044ef4261e68694823ed3c21b826,4,258.56555,0,,,never_reused_unprofitable,1990144,25165824,64,64,eviction,82,111.700581,53.546688,,
second4,1,short-long,4,38ac921b42ab05d3e290ca453770d319157ac7d55e5fa042c1f47f8c81e952e2,5,261.305977,0,,,never_reused_unprofitable,2740736,25165824,72,72,eviction,85,119.297041,54.692515,,
second4,1,short-long,4,9e50b7b5ce2b1b00519c582720c013e959f0951c7106d998ecc6a03efb630c8d,6,261.346628,0,,,never_reused_unprofitable,1990144,25165824,79,79,eviction,91,117.985951,65.273057,,
second4,1,short-long,4,94f4126e6749b169688ed51734a2986a7b7a5aca476e9620d565c4e8a94042e4,7,282.598841,0,,,never_reused_unprofitable,1990144,25165824,80,80,eviction,94,114.920967,61.478779,,
second4,1,short-long,4,38753b7d1a9121008d07d9d10c638e2bf14f35bb4f13f5d0166d4805f99c1c79,8,261.120545,0,,,never_reused_unprofitable,2863616,25165824,82,82,eviction,97,111.715125,53.730337,,
second4,1,short-long,4,0d72fff0a29e4c49e41b45b065953c6396b692edc4e3e5ac2d6a8d32fbc4e25a,9,274.345461,0,,,never_reused_unprofitable,2740736,25165824,85,85,eviction,100,111.474325,53.647699,,
second4,1,short-long,4,5c3e3ca9088082437bbcf08df1ad2f707ac41fe4d3fd8145dd232b5c308117bf,10,263.925049,0,,,never_reused_unprofitable,1990144,25165824,91,91,eviction,103,115.414624,55.132374,,
second4,1,short-long,4,c38c4cd8415adffd1365c0bf2b23672abf3c125481e3002040a0666c87fd6125,11,258.486469,0,,,never_reused_unprofitable,1990144,25165824,94,94,eviction,111,120.216669,54.880117,,
second4,1,short-long,4,ea2fb85d8ccd838438e28bcba6e7c0bc4410a095c2a130df697802ceeb1eb21f,12,262.700738,0,,,never_reused_unprofitable,2863616,25165824,97,97,clear,146,122.297158,39.341316,,
second4,1,short-long,4,856b015e04abe3975720a958e8cdb1060796f67971e9a08c80c7142c3f7b7a41,13,267.879945,0,,,never_reused_unprofitable,2740736,27262976,100,100,clear,146,109.590366,40.071618,,
second4,1,short-long,4,9de668165e11d7e07893a890f349fb7bebd6ff9c3ced2d55590a25ec34265bc2,14,262.334,0,,,never_reused_unprofitable,1990144,25165824,103,103,clear,146,104.954193,39.383424,,
second4,1,short-long,4,9e50b7b5ce2b1b00519c582720c013e959f0951c7106d998ecc6a03efb630c8d,15,261.442848,0,,,never_reused_unprofitable,1990144,25165824,111,111,clear,146,105.546911,65.273057,,
second4,1,long-short,4,47335fa7935ed8e0475bbf8b789fd43f48a0ebccfa785d7466369c9638061cc3,0,295.104072,2,17.725749,17,unprofitable,2741760,-706740224,10,26,clear,34,105.336062,38.663757,20.938008,1.8465823969500823
second4,1,long-short,4,bd07bded9fee0cef933a3b11c9397e1a03f7140878c4224fe3c684169aabc54b,1,259.829744,2,19.791957,14,unprofitable,1990144,2097152,11,27,clear,34,105.988072,41.741809,21.949852,1.9016897699355786
second4,1,long-short,4,cde0b5f6e3a25beb206e2c2f5edc99840fade51717e3accfc20cbe0545b0f449,2,271.619597,1,15.339389,18,unprofitable,2347520,25165824,12,20,clear,34,126.313091,38.647866,23.308477,1.6581034445107674
second4,1,long-long,4,47335fa7935ed8e0475bbf8b789fd43f48a0ebccfa785d7466369c9638061cc3,0,284.362008,1,17.837246,16,unprofitable,2741760,-706740224,34,70,eviction,74,154.475785,38.722116,20.88487,1.8540750313504466
second4,1,long-long,4,bd07bded9fee0cef933a3b11c9397e1a03f7140878c4224fe3c684169aabc54b,1,267.681944,1,18.7086825,15,unprofitable,1990144,2097152,35,71,eviction,79,111.09791,41.1326495,22.423967,1.8343163589207923
second4,1,long-long,4,cde0b5f6e3a25beb206e2c2f5edc99840fade51717e3accfc20cbe0545b0f449,2,264.54557,1,18.191702,15,unprofitable,2347520,25165824,36,72,eviction,80,106.405635,41.278874,23.087172,1.7879571391420308
second4,1,long-long,4,56e0941acdf7bfd269c8bca4ea3c068f4f56b32cceb465e5f606168bcfb5cdd6,3,269.843527,1,17.678118,16,unprofitable,1990144,-2097152,37,73,eviction,81,110.217096,41.270961,23.592843,1.7493000313696827
second4,1,long-long,4,0bc6355d04e87f54d3b8c34e6f0e1f9f156870fce97b80e65cb1bfcacdfe276c,4,267.311995,0,,,never_reused_unprofitable,2740736,25165824,74,74,eviction,82,107.057353,38.660018,,
second4,1,long-long,4,c6caf1c71074e55c8cf2c8d14ba4a75df719b672576a67b33a76f5b712365078,5,257.953941,0,,,never_reused_unprofitable,1990144,25165824,79,79,eviction,87,118.537008,42.588289,,
second4,1,long-long,4,2b4cddab12d9dee2191bcf0bd6bf638a056fe17d7a87c9e6fc46f74193de31dd,6,264.259605,0,,,never_reused_unprofitable,2347520,25165824,80,80,eviction,88,107.15181,40.672339,,
second4,1,long-long,4,e02d3b8b07499adfd1c3241359592045e7e91223fd481fe5282d6283cdfb026a,7,257.458238,0,,,never_reused_unprofitable,1990144,25165824,81,81,eviction,89,101.904072,38.810271,,
second4,1,long-long,4,a1f68a6e40e6451c178b6aaf8701e9e86bfcbe5f118dd5dc5e46a531b230b241,8,256.830288,0,,,never_reused_unprofitable,2413056,25165824,82,82,eviction,90,105.932137,42.63195,,
second4,1,long-long,4,e1866097ce44b81672e2eae28c3ebd8f10925cd82bb28a079611ce5e1af20e7c,9,257.77672,0,,,never_reused_unprofitable,1990144,25165824,87,87,eviction,93,109.016627,39.434123,,
second4,1,long-long,4,9d6a9c95ddc6e38ee48305c26367f796f5f49474f1fd017eef087cb38ee083fc,10,273.670504,0,,,never_reused_unprofitable,2347520,25165824,88,88,eviction,94,109.5304,39.241806,,
second4,1,long-long,4,c5cd14966c4b002457ada823efea9f4a4cba61edfd3b3f639630d2823b5a7804,11,263.234258,0,,,never_reused_unprofitable,2478592,25165824,89,89,eviction,99,109.86312,38.817223,,
second4,1,long-long,4,d0b53cf7d8c80af2ca2234f611129d97fe6e469e4112b9799d8c5615e235cedc,12,257.982118,0,,,never_reused_unprofitable,2486784,25165824,90,90,clear,141,127.948643,41.625486,,
second4,1,long-long,4,0f95639eadbea7baa4722c8d90e703db5e178d14ec6ae51c5c791f9c637feb7b,13,257.529044,0,,,never_reused_unprofitable,1990144,25165824,93,93,clear,141,103.276945,38.604149,,
second4,1,long-long,4,1339a5c7faf61591201c11e9994b99da68893f83791c15529645cbe2af5cfd10,14,261.858097,0,,,never_reused_unprofitable,2347520,25165824,94,94,clear,141,100.132903,39.929902,,
second4,1,long-long,4,ae4698a89a6de09332deab84f3a42357844f8e0c731797150db834001ed5e9aa,15,257.666932,0,,,never_reused_unprofitable,2478592,25165824,99,99,clear,141,109.418192,43.383804,,
second2,1,long-long,4,47335fa7935ed8e0475bbf8b789fd43f48a0ebccfa785d7466369c9638061cc3,0,281.375496,0,,,never_reused_unprofitable,2741760,-704643072,34,34,eviction,36,106.945768,54.013106,,
second2,1,long-long,4,bd07bded9fee0cef933a3b11c9397e1a03f7140878c4224fe3c684169aabc54b,1,262.128566,0,,,never_reused_unprofitable,1990144,2097152,35,35,eviction,37,116.469281,48.5533355,,
second2,1,long-long,4,cde0b5f6e3a25beb206e2c2f5edc99840fade51717e3accfc20cbe0545b0f449,2,265.182641,0,,,never_reused_unprofitable,2347520,25165824,36,36,eviction,70,127.309143,38.937477,,
second2,1,long-long,4,56e0941acdf7bfd269c8bca4ea3c068f4f56b32cceb465e5f606168bcfb5cdd6,3,264.615492,0,,,never_reused_unprofitable,1990144,25165824,37,37,eviction,71,111.953094,52.067105,,
second2,1,long-long,4,47335fa7935ed8e0475bbf8b789fd43f48a0ebccfa785d7466369c9638061cc3,4,262.504266,0,,,never_reused_unprofitable,2347520,25165824,70,70,eviction,72,115.040362,54.013106,,
second2,1,long-long,4,bd07bded9fee0cef933a3b11c9397e1a03f7140878c4224fe3c684169aabc54b,5,269.820935,0,,,never_reused_unprofitable,2740736,25165824,71,71,eviction,73,109.597,48.5533355,,
second2,1,long-long,4,cde0b5f6e3a25beb206e2c2f5edc99840fade51717e3accfc20cbe0545b0f449,6,263.793239,0,,,never_reused_unprofitable,2347520,25165824,72,72,eviction,74,110.86669,38.937477,,
second2,1,long-long,4,56e0941acdf7bfd269c8bca4ea3c068f4f56b32cceb465e5f606168bcfb5cdd6,7,265.182211,0,,,never_reused_unprofitable,2740736,25165824,73,73,eviction,79,116.4232,52.067105,,
second2,1,long-long,4,0bc6355d04e87f54d3b8c34e6f0e1f9f156870fce97b80e65cb1bfcacdfe276c,8,265.337451,0,,,never_reused_unprofitable,2347520,25165824,74,74,eviction,80,109.065527,38.698318,,
second2,1,long-long,4,c6caf1c71074e55c8cf2c8d14ba4a75df719b672576a67b33a76f5b712365078,9,264.641171,0,,,never_reused_unprofitable,2740736,25165824,79,79,eviction,81,114.81006,40.917049,,
second2,1,long-long,4,2b4cddab12d9dee2191bcf0bd6bf638a056fe17d7a87c9e6fc46f74193de31dd,10,274.858678,0,,,never_reused_unprofitable,2347520,25165824,80,80,eviction,82,108.321571,38.918715,,
second2,1,long-long,4,e02d3b8b07499adfd1c3241359592045e7e91223fd481fe5282d6283cdfb026a,11,266.407429,0,,,never_reused_unprofitable,2740736,25165824,81,81,eviction,87,114.516337,38.525535,,
second2,1,long-long,4,a1f68a6e40e6451c178b6aaf8701e9e86bfcbe5f118dd5dc5e46a531b230b241,12,259.386845,0,,,never_reused_unprofitable,2347520,25165824,82,82,eviction,88,106.874262,42.585913,,
second2,1,long-long,4,e1866097ce44b81672e2eae28c3ebd8f10925cd82bb28a079611ce5e1af20e7c,13,263.614135,0,,,never_reused_unprofitable,2740736,25165824,87,87,eviction,89,108.11064,38.690634,,
second2,1,long-long,4,9d6a9c95ddc6e38ee48305c26367f796f5f49474f1fd017eef087cb38ee083fc,14,261.787063,0,,,never_reused_unprofitable,2347520,25165824,88,88,clear,141,145.623443,43.156724,,
second2,1,long-long,4,c5cd14966c4b002457ada823efea9f4a4cba61edfd3b3f639630d2823b5a7804,15,259.809806,0,,,never_reused_unprofitable,2478592,25165824,89,89,clear,141,119.605995,38.62654,,
second8,1,long-long,4,47335fa7935ed8e0475bbf8b789fd43f48a0ebccfa785d7466369c9638061cc3,0,279.961853,1,33.454961,9,unprofitable,2741760,-704643072,34,70,eviction,82,109.343106,53.96298,20.508019,2.6313111958790363
second8,1,long-long,4,bd07bded9fee0cef933a3b11c9397e1a03f7140878c4224fe3c684169aabc54b,1,260.58921,1,25.954631,11,unprofitable,1990144,2097152,35,71,eviction,87,115.694086,47.418252,21.463621,2.2092382268583663
second8,1,long-long,4,cde0b5f6e3a25beb206e2c2f5edc99840fade51717e3accfc20cbe0545b0f449,2,260.192843,1,32.243478,9,unprofitable,2347520,25165824,36,72,eviction,88,108.259845,54.772448,22.52897,2.431200716233365
second8,1,long-long,4,56e0941acdf7bfd269c8bca4ea3c068f4f56b32cceb465e5f606168bcfb5cdd6,3,259.832536,1,32.683821,8,unprofitable,1990144,-2097152,37,73,eviction,89,110.789971,54.673125,21.989304,2.4863508640382617
second8,1,long-long,4,0bc6355d04e87f54d3b8c34e6f0e1f9f156870fce97b80e65cb1bfcacdfe276c,4,285.574213,0,,,never_reused_unprofitable,1990144,-574619648,74,74,eviction,90,107.940742,55.081947,,
second8,1,long-long,4,c6caf1c71074e55c8cf2c8d14ba4a75df719b672576a67b33a76f5b712365078,5,266.858307,0,,,never_reused_unprofitable,1990144,0,79,79,eviction,93,115.462871,54.485944,,
second8,1,long-long,4,2b4cddab12d9dee2191bcf0bd6bf638a056fe17d7a87c9e6fc46f74193de31dd,6,264.002595,0,,,never_reused_unprofitable,1990144,-2097152,80,80,eviction,94,118.150745,55.740359,,
second8,1,long-long,4,e02d3b8b07499adfd1c3241359592045e7e91223fd481fe5282d6283cdfb026a,7,265.023987,0,,,never_reused_unprofitable,1990144,0,81,81,eviction,99,114.225207,54.438385,,
second8,1,long-long,4,a1f68a6e40e6451c178b6aaf8701e9e86bfcbe5f118dd5dc5e46a531b230b241,8,256.44766,0,,,never_reused_unprofitable,2429440,25165824,82,82,clear,141,126.89529,55.695597,,
second8,1,long-long,4,e1866097ce44b81672e2eae28c3ebd8f10925cd82bb28a079611ce5e1af20e7c,9,260.406661,0,,,never_reused_unprofitable,2835968,25165824,87,87,clear,141,103.572436,54.8173,,
second8,1,long-long,4,9d6a9c95ddc6e38ee48305c26367f796f5f49474f1fd017eef087cb38ee083fc,10,258.958388,0,,,never_reused_unprofitable,2347520,25165824,88,88,clear,141,102.493769,55.207459,,
second8,1,long-long,4,c5cd14966c4b002457ada823efea9f4a4cba61edfd3b3f639630d2823b5a7804,11,263.336014,0,,,never_reused_unprofitable,2852352,25165824,89,89,clear,141,103.26551,45.853019,,
second8,1,long-long,4,d0b53cf7d8c80af2ca2234f611129d97fe6e469e4112b9799d8c5615e235cedc,12,260.451851,0,,,never_reused_unprofitable,2486784,25165824,90,90,clear,141,102.945632,41.913381,,
second8,1,long-long,4,0f95639eadbea7baa4722c8d90e703db5e178d14ec6ae51c5c791f9c637feb7b,13,258.868246,0,,,never_reused_unprofitable,1990144,25165824,93,93,clear,141,102.983052,42.85676,,
second8,1,long-long,4,1339a5c7faf61591201c11e9994b99da68893f83791c15529645cbe2af5cfd10,14,269.402399,0,,,never_reused_unprofitable,2740736,25165824,94,94,clear,141,103.203102,38.77097,,
second8,1,long-long,4,ae4698a89a6de09332deab84f3a42357844f8e0c731797150db834001ed5e9aa,15,267.69134,0,,,never_reused_unprofitable,1990144,27262976,99,99,clear,141,104.090177,39.618216,,
second4,2,short-long,0,ee02cffab99f4a4342a9c73bf8ea5849daaa04e8778c9298f87cc6b7e68ed690,0,371.980224,0,,,never_reused_unprofitable,13588480,-822083584,50,50,clear,72,122.570278,55.485802,,
second2,2,long-long,0,c2cc6268c89874e6588ced3a958beb3c84371cad08c6ad2df25a6c7d96886b00,0,368.236631,0,,,never_reused_unprofitable,3978240,-782237696,38,38,eviction,40,110.424454,57.301782,,
second2,2,long-long,0,69048a37dc86bfb95886e105fce209608e8ea6fa57205fd367cf2d0fd334e98e,1,317.57207,0,,,never_reused_unprofitable,3977216,-2097152,39,39,eviction,41,115.592235,54.446929,,
second2,2,long-long,0,14745f4ea86004b988d74bd2d11ceba605281aaabd29c556ad513de86b1ce075,2,327.636644,0,,,never_reused_unprofitable,3983360,23068672,40,40,eviction,42,106.913804,54.763113,,
second2,2,long-long,0,e3697f00bde186f1d7461b40103eb462c033fc35f18136133104fe10d2dd75b1,3,366.358385,0,,,never_reused_unprofitable,3977216,25165824,41,41,clear,73,145.834041,58.992341,,
second2,2,long-long,0,449624c7efebb9744e43eb6de4fbf7eb3de29c1eebcd40befe54f674cff4868c,4,351.920628,0,,,never_reused_unprofitable,4334592,23068672,42,42,clear,73,131.456129,55.565088,,
second8,2,long-long,0,c2cc6268c89874e6588ced3a958beb3c84371cad08c6ad2df25a6c7d96886b00,0,353.102593,0,,,never_reused_unprofitable,4728832,-799014912,38,38,clear,73,159.878532,57.439763,,
second8,2,long-long,0,69048a37dc86bfb95886e105fce209608e8ea6fa57205fd367cf2d0fd334e98e,1,311.427767,0,,,never_reused_unprofitable,5327872,23068672,39,39,clear,73,120.31269,58.82369,,
second8,2,long-long,0,14745f4ea86004b988d74bd2d11ceba605281aaabd29c556ad513de86b1ce075,2,321.304752,0,,,never_reused_unprofitable,5016576,25165824,40,40,clear,73,117.915612,57.549223,,
second8,2,long-long,0,e3697f00bde186f1d7461b40103eb462c033fc35f18136133104fe10d2dd75b1,3,315.987166,0,,,never_reused_unprofitable,5090304,20971520,41,41,clear,73,126.218253,56.602318,,
second8,2,long-long,0,449624c7efebb9744e43eb6de4fbf7eb3de29c1eebcd40befe54f674cff4868c,4,318.303169,0,,,never_reused_unprofitable,3977216,-2097152,42,42,clear,73,119.979162,58.649213,,
second4,2,long-long,0,c2cc6268c89874e6588ced3a958beb3c84371cad08c6ad2df25a6c7d96886b00,0,302.409483,0,,,never_reused_unprofitable,4728832,-799014912,38,38,eviction,42,105.82721,48.343463,,
second4,2,long-long,0,69048a37dc86bfb95886e105fce209608e8ea6fa57205fd367cf2d0fd334e98e,1,258.260552,0,,,never_reused_unprofitable,5327872,23068672,39,39,clear,73,126.175237,42.626364,,
second4,2,long-long,0,14745f4ea86004b988d74bd2d11ceba605281aaabd29c556ad513de86b1ce075,2,261.868646,0,,,never_reused_unprofitable,5016576,25165824,40,40,clear,73,100.77575,47.115892,,
second4,2,long-long,0,e3697f00bde186f1d7461b40103eb462c033fc35f18136133104fe10d2dd75b1,3,256.542371,0,,,never_reused_unprofitable,5090304,20971520,41,41,clear,73,100.619909,47.028888,,
second4,2,long-long,0,449624c7efebb9744e43eb6de4fbf7eb3de29c1eebcd40befe54f674cff4868c,4,252.877286,0,,,never_reused_unprofitable,3977216,25165824,42,42,clear,73,100.666062,48.42516,,
second4,2,mixed-output,0,60081374ec040cd7961a12ffcab5e2d14fc8571f2b08be35b040bee16133a601,0,298.465206,0,,,never_reused_unprofitable,4335616,-887095296,9,9,clear,42,118.990984,38.38907,,
second4,2,mixed-output,0,5e528e22053df840bed08c559c1a434d1c81a44c22f7672eba5cd451f745ef5e,1,270.136953,0,,,never_reused_unprofitable,3977216,20971520,10,10,clear,42,99.705275,45.9011,,
second4,2,mixed-output,0,057be667c67127b537015f183e25cced9d0667295442550eb0f2019470a19a81,2,268.039344,0,,,never_reused_unprofitable,4727808,20971520,11,11,clear,42,99.486663,38.473917,,
second2,2,mixed-output,0,60081374ec040cd7961a12ffcab5e2d14fc8571f2b08be35b040bee16133a601,0,265.729191,0,,,never_reused_unprofitable,3978240,-249561088,9,9,eviction,11,104.3742,39.277398,,
second2,2,mixed-output,0,5e528e22053df840bed08c559c1a434d1c81a44c22f7672eba5cd451f745ef5e,1,253.725484,0,,,never_reused_unprofitable,4487168,20971520,10,10,clear,42,120.407941,38.161545,,
second2,2,mixed-output,0,057be667c67127b537015f183e25cced9d0667295442550eb0f2019470a19a81,2,252.82675,0,,,never_reused_unprofitable,4727808,23068672,11,11,clear,42,101.292913,48.532062,,
second8,2,mixed-output,0,60081374ec040cd7961a12ffcab5e2d14fc8571f2b08be35b040bee16133a601,0,265.207601,0,,,never_reused_unprofitable,3978240,-249561088,9,9,clear,42,142.480318,44.145352,,
second8,2,mixed-output,0,5e528e22053df840bed08c559c1a434d1c81a44c22f7672eba5cd451f745ef5e,1,259.126602,0,,,never_reused_unprofitable,4487168,20971520,10,10,clear,42,96.241839,45.839711,,
second8,2,mixed-output,0,057be667c67127b537015f183e25cced9d0667295442550eb0f2019470a19a81,2,258.505545,0,,,never_reused_unprofitable,4727808,0,11,11,clear,42,100.055151,47.61806,,
second4,2,short-short,1,cf52b1124d1af55a25387926690f5a1f9c58c5559851ae6da22314f546187fc6,0,269.393082,0,,,never_reused_unprofitable,4454400,-104857600,11,11,eviction,18,113.965461,38.723811,,
second4,2,short-short,1,3645ad82d957bc571ed30e1ac4cb257fce1f91a42d7251e22165289071545d71,1,254.650328,0,,,never_reused_unprofitable,3977216,20971520,12,12,clear,20,113.608702,46.96664,,
second4,2,short-short,1,c67030ebd78d9fbaf4614e95df9a4f97924ef2a0e3cebfba0163b38d8878b8bf,2,261.049496,0,,,never_reused_unprofitable,4334592,23068672,13,13,clear,20,106.372014,46.900054,,
second4,2,short-short,1,907e6fe231a9f13de0d2fda045d5f59850b6369fe40ae95f048cf4d7cdb1efea,3,255.342804,0,,,never_reused_unprofitable,4727808,23068672,14,14,clear,20,99.589864,38.526226,,
second4,2,short-short,1,ed458f26fe35982dc834db926e64c0ff262937a23e64f3f567aa0e12fe1ab68b,4,263.806946,0,,,never_reused_unprofitable,4072448,23068672,18,18,clear,20,100.258059,49.719028,,
second2,2,long-long,1,dd0ed7bab9d85b901bb3bf614bfd31350bb2715be6d73d87ce0ee5376c11c090,0,290.405992,0,,,never_reused_unprofitable,4335616,-528482304,41,41,eviction,49,101.124076,47.826273,,
second2,2,long-long,1,06a2a84fc260cce767f739184879d3759ae0081967bdff773da89d9c504a84b2,1,290.381835,0,,,never_reused_unprofitable,4727808,23068672,45,45,eviction,52,111.652347,48.030769,,
second2,2,long-long,1,fb17df92f58eb88d2ce586d60f19f38c1fac7ad0b69519ddc6c40981b362f756,2,271.192756,0,,,never_reused_unprofitable,4262912,23068672,49,49,clear,72,123.923052,48.363771,,
second2,2,long-long,1,8c6b2d1ec7972235003aabb53580aaeac8685f63d153337289df054e3648a99e,3,252.519257,0,,,never_reused_unprofitable,4334592,25165824,52,52,clear,72,100.981449,49.762356,,
second4,2,long-long,1,dd0ed7bab9d85b901bb3bf614bfd31350bb2715be6d73d87ce0ee5376c11c090,0,275.753972,0,,,never_reused_unprofitable,4503552,-822083584,41,41,clear,72,124.264773,47.812303,,
second4,2,long-long,1,06a2a84fc260cce767f739184879d3759ae0081967bdff773da89d9c504a84b2,1,261.818503,0,,,never_reused_unprofitable,4727808,-8388608,45,45,clear,72,100.355542,50.529626,,
second4,2,long-long,1,fb17df92f58eb88d2ce586d60f19f38c1fac7ad0b69519ddc6c40981b362f756,2,256.060093,0,,,never_reused_unprofitable,5194752,0,49,49,clear,72,98.780864,38.514065,,
second4,2,long-long,1,8c6b2d1ec7972235003aabb53580aaeac8685f63d153337289df054e3648a99e,3,262.53504,0,,,never_reused_unprofitable,4422656,-54525952,52,52,clear,72,99.75144,49.05889,,
second8,2,long-long,1,dd0ed7bab9d85b901bb3bf614bfd31350bb2715be6d73d87ce0ee5376c11c090,0,286.18044,0,,,never_reused_unprofitable,4503552,-822083584,41,41,clear,72,123.562515,49.851321,,
second8,2,long-long,1,06a2a84fc260cce767f739184879d3759ae0081967bdff773da89d9c504a84b2,1,267.491202,0,,,never_reused_unprofitable,4727808,-8388608,45,45,clear,72,100.952619,48.297177,,
second8,2,long-long,1,fb17df92f58eb88d2ce586d60f19f38c1fac7ad0b69519ddc6c40981b362f756,2,262.547203,0,,,never_reused_unprofitable,5194752,0,49,49,clear,72,100.034165,50.58982,,
second8,2,long-long,1,8c6b2d1ec7972235003aabb53580aaeac8685f63d153337289df054e3648a99e,3,259.002252,0,,,never_reused_unprofitable,4422656,-54525952,52,52,clear,72,100.143499,48.187054,,
second4,2,long-short,1,e8b5bdff2c553902a419910b2b8ab76e60323d4d011cdf07b4cf4d2c52bcc3eb,0,273.151073,0,,,never_reused_unprofitable,4335616,-805306368,9,9,clear,17,117.897619,38.675532,,
second4,2,long-short,1,c2cc6268c89874e6588ced3a958beb3c84371cad08c6ad2df25a6c7d96886b00,1,256.570211,0,,,never_reused_unprofitable,3977216,-25165824,10,10,clear,17,100.273499,48.636648,,
second4,2,long-short,1,69048a37dc86bfb95886e105fce209608e8ea6fa57205fd367cf2d0fd334e98e,2,258.510928,0,,,never_reused_unprofitable,4088832,0,11,11,clear,17,105.230222,45.226335,,
second4,2,short-long,1,3645ad82d957bc571ed30e1ac4cb257fce1f91a42d7251e22165289071545d71,0,358.048715,0,,,never_reused_unprofitable,4335616,-876609536,39,39,clear,75,117.268766,55.935832,,
second4,2,short-long,1,c67030ebd78d9fbaf4614e95df9a4f97924ef2a0e3cebfba0163b38d8878b8bf,1,311.346202,0,,,never_reused_unprofitable,4727808,2097152,40,40,clear,75,104.902031,54.217936,,
second4,2,short-long,1,6fe347bdf6ab07303738eea47d41ef08cc3272e75ff30bb01cf3145d66845169,2,318.914117,0,,,never_reused_unprofitable,3977216,20971520,45,45,clear,75,108.192299,53.94366,,
second4,2,short-long,1,3e757dde33cd1c44fa9940e9fbfc67915d221c925ebf022542753eacf93d0451,3,329.847869,0,,,never_reused_unprofitable,4311040,2097152,67,67,clear,75,102.707739,56.697159,,
second4,2,long-long,2,c2cc6268c89874e6588ced3a958beb3c84371cad08c6ad2df25a6c7d96886b00,0,284.35882,0,,,never_reused_unprofitable,4728832,-799014912,38,38,clear,73,129.538042,56.037777,,
second4,2,long-long,2,69048a37dc86bfb95886e105fce209608e8ea6fa57205fd367cf2d0fd334e98e,1,271.881435,0,,,never_reused_unprofitable,5327872,23068672,39,39,clear,73,104.111887,46.959181,,
second4,2,long-long,2,14745f4ea86004b988d74bd2d11ceba605281aaabd29c556ad513de86b1ce075,2,264.929518,0,,,never_reused_unprofitable,5016576,25165824,40,40,clear,73,108.763269,45.653406,,
second4,2,long-long,2,e3697f00bde186f1d7461b40103eb462c033fc35f18136133104fe10d2dd75b1,3,266.268363,0,,,never_reused_unprofitable,4744192,20971520,41,41,clear,73,105.363257,50.374053,,
second2,2,long-long,2,c2cc6268c89874e6588ced3a958beb3c84371cad08c6ad2df25a6c7d96886b00,0,330.670483,0,,,never_reused_unprofitable,4728832,-799014912,38,38,eviction,40,120.132458,63.52422,,
second2,2,long-long,2,69048a37dc86bfb95886e105fce209608e8ea6fa57205fd367cf2d0fd334e98e,1,316.600381,0,,,never_reused_unprofitable,5327872,23068672,39,39,eviction,41,111.36769,57.827231,,
second2,2,long-long,2,14745f4ea86004b988d74bd2d11ceba605281aaabd29c556ad513de86b1ce075,2,329.120686,0,,,never_reused_unprofitable,4727808,23068672,40,40,clear,73,155.143621,59.956996,,
second2,2,long-long,2,e3697f00bde186f1d7461b40103eb462c033fc35f18136133104fe10d2dd75b1,3,327.075251,0,,,never_reused_unprofitable,3977216,25165824,41,41,clear,73,97.339751,66.471813,,
second8,2,long-long,2,c2cc6268c89874e6588ced3a958beb3c84371cad08c6ad2df25a6c7d96886b00,0,329.961496,0,,,never_reused_unprofitable,4728832,-799014912,38,38,clear,73,130.421091,55.821357,,
second8,2,long-long,2,69048a37dc86bfb95886e105fce209608e8ea6fa57205fd367cf2d0fd334e98e,1,316.06681,0,,,never_reused_unprofitable,5327872,23068672,39,39,clear,73,104.480059,61.750077,,
second8,2,long-long,2,14745f4ea86004b988d74bd2d11ceba605281aaabd29c556ad513de86b1ce075,2,315.237312,0,,,never_reused_unprofitable,5016576,25165824,40,40,clear,73,108.474546,54.967394,,
second8,2,long-long,2,e3697f00bde186f1d7461b40103eb462c033fc35f18136133104fe10d2dd75b1,3,314.381812,0,,,never_reused_unprofitable,4744192,20971520,41,41,clear,73,103.539012,54.029913,,
second4,2,mixed-output,2,60081374ec040cd7961a12ffcab5e2d14fc8571f2b08be35b040bee16133a601,0,342.766482,0,,,never_reused_unprofitable,4335616,-719323136,9,9,clear,40,116.834111,54.634208,,
second4,2,mixed-output,2,5e528e22053df840bed08c559c1a434d1c81a44c22f7672eba5cd451f745ef5e,1,314.617559,0,,,never_reused_unprofitable,3977216,20971520,10,10,clear,40,110.179032,55.936086,,
second2,2,mixed-output,2,60081374ec040cd7961a12ffcab5e2d14fc8571f2b08be35b040bee16133a601,0,317.379345,0,,,never_reused_unprofitable,3978240,-249561088,9,9,clear,40,119.316087,54.346294,,
second2,2,mixed-output,2,5e528e22053df840bed08c559c1a434d1c81a44c22f7672eba5cd451f745ef5e,1,310.11417,0,,,never_reused_unprofitable,4487168,20971520,10,10,clear,40,102.593951,54.979846,,
second8,2,mixed-output,2,60081374ec040cd7961a12ffcab5e2d14fc8571f2b08be35b040bee16133a601,0,314.992971,0,,,never_reused_unprofitable,3978240,-249561088,9,9,clear,40,137.982779,55.296213,,
second8,2,mixed-output,2,5e528e22053df840bed08c559c1a434d1c81a44c22f7672eba5cd451f745ef5e,1,306.524764,0,,,never_reused_unprofitable,4487168,20971520,10,10,clear,40,119.521646,56.891497,,
second4,2,short-short,2,cf52b1124d1af55a25387926690f5a1f9c58c5559851ae6da22314f546187fc6,0,279.405034,0,,,never_reused_unprofitable,3978240,-274726912,11,11,clear,20,110.17979,38.441049,,
second4,2,short-short,2,907e6fe231a9f13de0d2fda045d5f59850b6369fe40ae95f048cf4d7cdb1efea,1,270.002655,0,,,never_reused_unprofitable,4334592,23068672,14,14,clear,20,108.354822,54.213257,,
second4,2,short-short,2,ed458f26fe35982dc834db926e64c0ff262937a23e64f3f567aa0e12fe1ab68b,2,266.149147,0,,,never_reused_unprofitable,4727808,23068672,18,18,clear,20,103.631568,48.742537,,
second4,2,short-long,2,33d77b850c0dfd865fee0f4530333c82ef2e9e6f56e9beb2a0ba0b019b458794,0,269.119138,0,,,never_reused_unprofitable,4802560,-83886080,38,38,eviction,66,119.878138,39.345691,,
second4,2,short-long,2,c5b3db19d6794a1e60d943d09fafe13fe9a94066707e3b0a6fdea1ca49c4caee,1,270.525603,0,,,never_reused_unprofitable,4727808,-85983232,44,44,clear,81,118.564174,51.051953,,
second4,2,short-long,2,803e3686af4b29dd46be48e39ae9cf4d0879a73668d184e3b5174310fa07f898,2,295.306346,0,,,never_reused_unprofitable,5487616,20971520,51,51,clear,81,102.821843,46.531664,,
second4,2,short-long,2,8c0bc189c5a31dde6699215af0de6cc10221776286839ff65dfaaa81fcb80385,3,272.379219,0,,,never_reused_unprofitable,3977216,20971520,55,55,clear,81,110.88649,49.153904,,
second4,2,short-long,2,9aa5c319ce3bf5553ac4d9f300e3a47ce4dba1c01c5ab8a33e98e1b0aac6e7e8,4,268.632869,0,,,never_reused_unprofitable,4801536,25165824,66,66,clear,81,101.366895,46.533365,,
second4,2,long-short,3,e8b5bdff2c553902a419910b2b8ab76e60323d4d011cdf07b4cf4d2c52bcc3eb,0,284.207004,0,,,never_reused_unprofitable,4335616,-807403520,10,10,clear,17,126.402616,45.646575,,
second4,2,long-short,3,c2cc6268c89874e6588ced3a958beb3c84371cad08c6ad2df25a6c7d96886b00,1,263.799849,0,,,never_reused_unprofitable,3977216,-25165824,11,11,clear,17,113.048321,57.243152,,
second4,2,long-short,3,69048a37dc86bfb95886e105fce209608e8ea6fa57205fd367cf2d0fd334e98e,2,266.346496,0,,,never_reused_unprofitable,4088832,0,12,12,clear,17,102.259604,50.483081,,
second4,2,short-long,3,ee98ca7126c89ec672669f829386e219216aacc464cf2c8f528ace58bf34fdfe,0,323.164886,0,,,never_reused_unprofitable,4585472,-874512384,48,48,clear,77,130.193495,50.623608,,
second4,2,short-long,3,f99674a5ef3e14690ef2bc3555b77c2e50a48953e55da5bf3697966f59e7424f,1,317.863216,0,,,never_reused_unprofitable,4334592,23068672,52,52,clear,77,99.391321,51.416562,,
second4,2,short-short,3,fa044a70804a201e7dfb995e2e646f41080cf95028be0736038e8fed0dfef672,0,316.719113,0,,,never_reused_unprofitable,4823040,-106954752,12,12,clear,21,112.562409,53.213235,,
second4,2,short-short,3,6683e03f17dcd21398702858abef8c6c2c939ec5d2e4e96377df060da6c20645,1,311.335904,0,,,never_reused_unprofitable,4727808,20971520,16,16,clear,21,100.620367,56.035766,,
second8,2,long-long,3,c2cc6268c89874e6588ced3a958beb3c84371cad08c6ad2df25a6c7d96886b00,0,308.028733,0,,,never_reused_unprofitable,4335616,-622854144,38,38,eviction,71,115.430735,54.701544,,
second8,2,long-long,3,69048a37dc86bfb95886e105fce209608e8ea6fa57205fd367cf2d0fd334e98e,1,269.898232,0,,,never_reused_unprofitable,3977216,23068672,39,39,clear,74,126.775351,56.916061,,
second8,2,long-long,3,c73879a3541064dedab79659f26e8707af6ba26c40c9e48623afbbc9d13be535,2,272.24187,0,,,never_reused_unprofitable,4203520,25165824,47,47,clear,74,103.630692,46.152147,,
second8,2,long-long,3,5d76ea390b3621f3699bd5189cfa17bfada91a4fcb71e49c58ba4fab2eb98c8f,3,265.516206,0,,,never_reused_unprofitable,4727808,-4194304,51,51,clear,74,99.010955,51.645551,,
second8,2,long-long,3,68f1fa501d5cecfad943fb042a80ff828c8b0138158b9f923cf7244d97f3c1dd,4,273.84741,0,,,never_reused_unprofitable,4373504,23068672,55,55,clear,74,113.110454,38.178781,,
second8,2,long-long,3,6aa3315b49d9fd47028874e76586e73855d403c646170b75bfc0b89a5cb4e190,5,281.749912,0,,,never_reused_unprofitable,4219904,23068672,59,59,clear,74,100.508935,56.806335,,
second8,2,long-long,3,8896dbb140f019aee9e3e259b90a6d6f9b69305d3acb508a39da33cc82cb1235,6,274.453142,0,,,never_reused_unprofitable,4084736,-4194304,63,63,clear,74,109.936034,48.731251,,
second8,2,long-long,3,fe5c17275de9031996909a1c6e1dcfe37364248bbcdfc822b9edf615114abce1,7,272.127993,0,,,never_reused_unprofitable,4424704,23068672,67,67,clear,74,102.44606,46.531608,,
second8,2,long-long,3,f88ed6704b8cffa10e1682e2137ef85f85dc6203a5f9175aafb224bb221bed30,8,261.35463,0,,,never_reused_unprofitable,4334592,23068672,71,71,clear,74,111.227586,39.011011,,
second2,2,long-long,3,c2cc6268c89874e6588ced3a958beb3c84371cad08c6ad2df25a6c7d96886b00,0,284.416398,0,,,never_reused_unprofitable,4728832,-799014912,38,38,eviction,47,120.872821,47.68283,,
second2,2,long-long,3,69048a37dc86bfb95886e105fce209608e8ea6fa57205fd367cf2d0fd334e98e,1,266.279495,0,,,never_reused_unprofitable,5327872,23068672,39,39,eviction,51,122.06963,42.774503,,
second2,2,long-long,3,c73879a3541064dedab79659f26e8707af6ba26c40c9e48623afbbc9d13be535,2,260.776898,0,,,never_reused_unprofitable,5555200,23068672,47,47,eviction,55,114.285727,47.435325,,
second2,2,long-long,3,5d76ea390b3621f3699bd5189cfa17bfada91a4fcb71e49c58ba4fab2eb98c8f,3,271.984402,0,,,never_reused_unprofitable,4334592,25165824,51,51,eviction,59,114.112309,52.849148,,
second2,2,long-long,3,68f1fa501d5cecfad943fb042a80ff828c8b0138158b9f923cf7244d97f3c1dd,4,264.005339,0,,,never_reused_unprofitable,4373504,23068672,55,55,eviction,63,116.141298,47.538122,,
second2,2,long-long,3,6aa3315b49d9fd47028874e76586e73855d403c646170b75bfc0b89a5cb4e190,5,264.833385,0,,,never_reused_unprofitable,4219904,23068672,59,59,eviction,67,114.479921,52.211795,,
second2,2,long-long,3,8896dbb140f019aee9e3e259b90a6d6f9b69305d3acb508a39da33cc82cb1235,6,263.061861,0,,,never_reused_unprofitable,4334592,23068672,63,63,eviction,71,114.188168,51.588189,,
second2,2,long-long,3,fe5c17275de9031996909a1c6e1dcfe37364248bbcdfc822b9edf615114abce1,7,268.954866,0,,,never_reused_unprofitable,4727808,23068672,67,67,clear,74,123.128791,51.493542,,
second2,2,long-long,3,f88ed6704b8cffa10e1682e2137ef85f85dc6203a5f9175aafb224bb221bed30,8,269.317621,0,,,never_reused_unprofitable,4334592,23068672,71,71,clear,74,103.735269,49.272348,,
second4,2,long-long,3,c2cc6268c89874e6588ced3a958beb3c84371cad08c6ad2df25a6c7d96886b00,0,282.28183,0,,,never_reused_unprofitable,4728832,-799014912,38,38,eviction,55,122.054859,52.400521,,
second4,2,long-long,3,69048a37dc86bfb95886e105fce209608e8ea6fa57205fd367cf2d0fd334e98e,1,269.781867,0,,,never_reused_unprofitable,5327872,23068672,39,39,eviction,59,117.937038,38.50483,,
second4,2,long-long,3,c73879a3541064dedab79659f26e8707af6ba26c40c9e48623afbbc9d13be535,2,272.366123,0,,,never_reused_unprofitable,5733376,0,47,47,eviction,63,113.486159,38.7157,,
second4,2,long-long,3,5d76ea390b3621f3699bd5189cfa17bfada91a4fcb71e49c58ba4fab2eb98c8f,3,274.570653,0,,,never_reused_unprofitable,4835328,-29360128,51,51,eviction,67,124.681499,51.59774,,
second4,2,long-long,3,68f1fa501d5cecfad943fb042a80ff828c8b0138158b9f923cf7244d97f3c1dd,4,266.765144,0,,,never_reused_unprofitable,5315584,25165824,55,55,eviction,71,119.836239,39.961903,,
second4,2,long-long,3,6aa3315b49d9fd47028874e76586e73855d403c646170b75bfc0b89a5cb4e190,5,262.674641,0,,,never_reused_unprofitable,5133312,25165824,59,59,clear,74,117.463681,48.372222,,
second4,2,long-long,3,8896dbb140f019aee9e3e259b90a6d6f9b69305d3acb508a39da33cc82cb1235,6,268.355575,0,,,never_reused_unprofitable,4804608,25165824,63,63,clear,74,101.612533,48.387444,,
second4,2,long-long,3,fe5c17275de9031996909a1c6e1dcfe37364248bbcdfc822b9edf615114abce1,7,264.011968,0,,,never_reused_unprofitable,4835328,25165824,67,67,clear,74,108.181803,38.827075,,
second4,2,long-long,3,f88ed6704b8cffa10e1682e2137ef85f85dc6203a5f9175aafb224bb221bed30,8,256.761418,0,,,never_reused_unprofitable,4334592,25165824,71,71,clear,74,103.052669,51.001651,,
second8,2,mixed-output,4,60081374ec040cd7961a12ffcab5e2d14fc8571f2b08be35b040bee16133a601,0,284.438763,0,,,never_reused_unprofitable,4335616,-857735168,9,9,clear,42,120.404496,38.914746,,
second4,2,mixed-output,4,60081374ec040cd7961a12ffcab5e2d14fc8571f2b08be35b040bee16133a601,0,285.753953,0,,,never_reused_unprofitable,3978240,-249561088,9,9,clear,42,121.36234,39.521838,,
second2,2,mixed-output,4,60081374ec040cd7961a12ffcab5e2d14fc8571f2b08be35b040bee16133a601,0,270.50734,0,,,never_reused_unprofitable,3978240,-249561088,9,9,clear,42,139.245551,38.042438,,
second4,2,short-short,4,ad3109215efaf6cd6cc62e6e7631d7d32e12ed6d24dcf8c1a4c94c788061747e,0,344.458747,0,,,never_reused_unprofitable,3978240,-169869312,16,16,clear,21,121.615438,57.306634,,
second4,2,long-short,4,c2cc6268c89874e6588ced3a958beb3c84371cad08c6ad2df25a6c7d96886b00,0,298.711307,0,,,never_reused_unprofitable,3978240,-792723456,10,10,clear,18,123.17336,46.493671,,
second4,2,long-short,4,69048a37dc86bfb95886e105fce209608e8ea6fa57205fd367cf2d0fd334e98e,1,267.178327,0,,,never_reused_unprofitable,4111360,-4194304,11,11,clear,18,103.474203,47.006355,,
second4,2,long-long,4,69048a37dc86bfb95886e105fce209608e8ea6fa57205fd367cf2d0fd334e98e,0,279.607974,0,,,never_reused_unprofitable,3978240,-786432000,37,37,eviction,48,111.902801,48.125578,,
second4,2,long-long,4,14745f4ea86004b988d74bd2d11ceba605281aaabd29c556ad513de86b1ce075,1,264.901771,0,,,never_reused_unprofitable,5204992,23068672,38,38,eviction,49,115.946084,46.283601,,
second4,2,long-long,4,e3697f00bde186f1d7461b40103eb462c033fc35f18136133104fe10d2dd75b1,2,263.925446,0,,,never_reused_unprofitable,4727808,25165824,39,39,eviction,50,109.190685,43.235528,,
second4,2,long-long,4,8781a387ff44272281d3864d826ef788947b40460bbf2e74b6fa1ffc4c65da3f,3,267.185782,0,,,never_reused_unprofitable,3984384,-4194304,43,43,eviction,51,111.709007,46.506242,,
second4,2,long-long,4,f41f730b7f7cdf0e4c8af638240d42a5ce517ec87d1c654afb1a97ad69991017,4,262.223483,0,,,never_reused_unprofitable,4291584,25165824,48,48,eviction,54,122.567807,42.613481,,
second4,2,long-long,4,b6d83961ae6d80a7f2c0c5bed3ae7b2c021e0b08a62520fed919bc8bdca27fb9,5,271.865029,0,,,never_reused_unprofitable,4334592,25165824,49,49,eviction,55,111.736073,49.541841,,
second4,2,long-long,4,8c6b2d1ec7972235003aabb53580aaeac8685f63d153337289df054e3648a99e,6,264.202077,0,,,never_reused_unprofitable,5291008,25165824,50,50,eviction,58,108.926391,49.165394,,
second4,2,long-long,4,4507e5101e6085da5f49f8cf085e53d01b8cd8d6261f0bb87041842541cc618c,7,260.817589,0,,,never_reused_unprofitable,3977216,25165824,51,51,eviction,59,106.477051,50.883477,,
second4,2,long-long,4,6575275e3b642605ebe694a8e7bada0c93cc8a0668abd06c269d7149eebf1451,8,263.570313,0,,,never_reused_unprofitable,4291584,25165824,54,54,eviction,64,110.977422,49.17651,,
second4,2,long-long,4,e59c0de3fe94fb33c8c3fd9f2f10fa408d9079448c39c6ff04bb7944710037b8,9,263.416593,0,,,never_reused_unprofitable,4334592,25165824,55,55,eviction,65,106.742359,42.147598,,
second4,2,long-long,4,002c8f6909747257fec553435d2720688208232a0a0a6b795383cfef66dda0fc,10,259.567158,0,,,never_reused_unprofitable,4127744,25165824,58,58,eviction,66,106.275217,52.74741,,
second4,2,long-long,4,12833d0f8c772bc5c9a11c3cfa789cb20abb44d4eb3100dddcb9002ed26b1183,11,256.547207,0,,,never_reused_unprofitable,3977216,25165824,59,59,eviction,67,112.160695,47.82801,,
second4,2,long-long,4,fc986f455d4a54c4a3a77b08b178fef23ec3c339dfea595202a54f17ac26bd5e,12,255.399059,0,,,never_reused_unprofitable,3977216,25165824,64,64,clear,72,141.350642,38.796846,,
second4,2,long-long,4,f18294e7e0b2c30e8ad06f9b7dc79d7be2af72b23418a099ed20070d3577fbfe,13,255.688392,0,,,never_reused_unprofitable,4334592,25165824,65,65,clear,72,118.253689,48.462605,,
second4,2,long-long,4,ff6387105c854fa93f7f21781912a397b73b4c1b0b4518fd91193e24f4055bc9,14,255.707388,0,,,never_reused_unprofitable,4493312,23068672,66,66,clear,72,118.784024,49.9531,,
second4,2,long-long,4,08d82ab29ee4f8e8c6fdbc2a039d9210e2321dcbb420f5733319b8bda4cf57f9,15,258.549875,0,,,never_reused_unprofitable,3977216,25165824,67,67,clear,72,118.886308,46.297701,,
second2,2,long-long,4,69048a37dc86bfb95886e105fce209608e8ea6fa57205fd367cf2d0fd334e98e,0,275.468381,0,,,never_reused_unprofitable,3978240,-786432000,37,37,eviction,39,104.734644,54.495545,,
second2,2,long-long,4,14745f4ea86004b988d74bd2d11ceba605281aaabd29c556ad513de86b1ce075,1,254.852846,0,,,never_reused_unprofitable,5204992,23068672,38,38,eviction,43,115.198891,48.174674,,
second2,2,long-long,4,e3697f00bde186f1d7461b40103eb462c033fc35f18136133104fe10d2dd75b1,2,255.104046,0,,,never_reused_unprofitable,4727808,23068672,39,39,eviction,48,110.378199,49.04594,,
second2,2,long-long,4,8781a387ff44272281d3864d826ef788947b40460bbf2e74b6fa1ffc4c65da3f,3,262.125835,0,,,never_reused_unprofitable,4334592,25165824,43,43,eviction,49,105.390415,50.225855,,
second2,2,long-long,4,f41f730b7f7cdf0e4c8af638240d42a5ce517ec87d1c654afb1a97ad69991017,4,253.201756,0,,,never_reused_unprofitable,3984384,23068672,48,48,eviction,50,105.286048,47.968914,,
second2,2,long-long,4,b6d83961ae6d80a7f2c0c5bed3ae7b2c021e0b08a62520fed919bc8bdca27fb9,5,261.751417,0,,,never_reused_unprofitable,4334592,23068672,49,49,eviction,51,105.164214,48.396431,,
second2,2,long-long,4,8c6b2d1ec7972235003aabb53580aaeac8685f63d153337289df054e3648a99e,6,254.429678,0,,,never_reused_unprofitable,3984384,23068672,50,50,eviction,54,112.739566,50.094381,,
second2,2,long-long,4,4507e5101e6085da5f49f8cf085e53d01b8cd8d6261f0bb87041842541cc618c,7,257.504446,0,,,never_reused_unprofitable,3977216,23068672,51,51,eviction,55,105.410479,46.406451,,
second2,2,long-long,4,6575275e3b642605ebe694a8e7bada0c93cc8a0668abd06c269d7149eebf1451,8,254.560024,0,,,never_reused_unprofitable,3984384,23068672,54,54,eviction,58,108.772779,46.621536,,
second2,2,long-long,4,e59c0de3fe94fb33c8c3fd9f2f10fa408d9079448c39c6ff04bb7944710037b8,9,253.684898,0,,,never_reused_unprofitable,4219904,23068672,55,55,eviction,59,106.057746,38.303169,,
second2,2,long-long,4,002c8f6909747257fec553435d2720688208232a0a0a6b795383cfef66dda0fc,10,252.889738,0,,,never_reused_unprofitable,3984384,23068672,58,58,eviction,64,115.082456,38.279222,,
second2,2,long-long,4,12833d0f8c772bc5c9a11c3cfa789cb20abb44d4eb3100dddcb9002ed26b1183,11,252.835979,0,,,never_reused_unprofitable,4066304,23068672,59,59,eviction,65,108.163263,46.782053,,
second2,2,long-long,4,fc986f455d4a54c4a3a77b08b178fef23ec3c339dfea595202a54f17ac26bd5e,12,256.402566,0,,,never_reused_unprofitable,4334592,23068672,64,64,eviction,66,112.608198,50.26113,,
second2,2,long-long,4,f18294e7e0b2c30e8ad06f9b7dc79d7be2af72b23418a099ed20070d3577fbfe,13,263.426377,0,,,never_reused_unprofitable,3977216,23068672,65,65,eviction,67,110.080893,44.083332,,
second2,2,long-long,4,ff6387105c854fa93f7f21781912a397b73b4c1b0b4518fd91193e24f4055bc9,14,261.288399,0,,,never_reused_unprofitable,3977216,23068672,66,66,clear,72,127.537137,46.740373,,
second2,2,long-long,4,08d82ab29ee4f8e8c6fdbc2a039d9210e2321dcbb420f5733319b8bda4cf57f9,15,261.630264,0,,,never_reused_unprofitable,3986432,23068672,67,67,clear,72,102.642354,43.281274,,
second8,2,long-long,4,69048a37dc86bfb95886e105fce209608e8ea6fa57205fd367cf2d0fd334e98e,0,281.512364,0,,,never_reused_unprofitable,3978240,-786432000,37,37,eviction,54,113.840055,49.482613,,
second8,2,long-long,4,14745f4ea86004b988d74bd2d11ceba605281aaabd29c556ad513de86b1ce075,1,266.552832,0,,,never_reused_unprofitable,5204992,23068672,38,38,eviction,55,106.537133,52.432766,,
second8,2,long-long,4,e3697f00bde186f1d7461b40103eb462c033fc35f18136133104fe10d2dd75b1,2,264.870878,0,,,never_reused_unprofitable,4727808,25165824,39,39,eviction,58,108.77891,50.327385,,
second8,2,long-long,4,8781a387ff44272281d3864d826ef788947b40460bbf2e74b6fa1ffc4c65da3f,3,259.685732,0,,,never_reused_unprofitable,3984384,-4194304,43,43,eviction,59,110.868397,48.598965,,
second8,2,long-long,4,f41f730b7f7cdf0e4c8af638240d42a5ce517ec87d1c654afb1a97ad69991017,4,263.796132,0,,,never_reused_unprofitable,5161984,-4194304,48,48,eviction,64,109.526063,48.306148,,
second8,2,long-long,4,b6d83961ae6d80a7f2c0c5bed3ae7b2c021e0b08a62520fed919bc8bdca27fb9,5,261.728698,0,,,never_reused_unprofitable,4548608,-2097152,49,49,eviction,65,106.030427,46.339872,,
second8,2,long-long,4,8c6b2d1ec7972235003aabb53580aaeac8685f63d153337289df054e3648a99e,6,259.902912,0,,,never_reused_unprofitable,3977216,-2097152,50,50,eviction,66,106.437605,49.244671,,
second8,2,long-long,4,4507e5101e6085da5f49f8cf085e53d01b8cd8d6261f0bb87041842541cc618c,7,258.181799,0,,,never_reused_unprofitable,4428800,-2097152,51,51,eviction,67,106.148702,50.610739,,
second8,2,long-long,4,6575275e3b642605ebe694a8e7bada0c93cc8a0668abd06c269d7149eebf1451,8,253.973301,0,,,never_reused_unprofitable,3977216,23068672,54,54,clear,72,120.54062,48.186376,,
second8,2,long-long,4,e59c0de3fe94fb33c8c3fd9f2f10fa408d9079448c39c6ff04bb7944710037b8,9,254.348689,0,,,never_reused_unprofitable,4357120,23068672,55,55,clear,72,101.049257,39.260229,,
second8,2,long-long,4,002c8f6909747257fec553435d2720688208232a0a0a6b795383cfef66dda0fc,10,253.360872,0,,,never_reused_unprofitable,4434944,23068672,58,58,clear,72,100.902828,47.300293,,
second8,2,long-long,4,12833d0f8c772bc5c9a11c3cfa789cb20abb44d4eb3100dddcb9002ed26b1183,11,254.121488,0,,,never_reused_unprofitable,3984384,23068672,59,59,clear,72,100.396033,38.935938,,
second8,2,long-long,4,fc986f455d4a54c4a3a77b08b178fef23ec3c339dfea595202a54f17ac26bd5e,12,252.307789,0,,,never_reused_unprofitable,4689920,23068672,64,64,clear,72,99.942826,49.702415,,
second8,2,long-long,4,f18294e7e0b2c30e8ad06f9b7dc79d7be2af72b23418a099ed20070d3577fbfe,13,264.899617,0,,,never_reused_unprofitable,4287488,23068672,65,65,clear,72,100.45297,46.5489,,
second8,2,long-long,4,ff6387105c854fa93f7f21781912a397b73b4c1b0b4518fd91193e24f4055bc9,14,255.899111,0,,,never_reused_unprofitable,3977216,23068672,66,66,clear,72,100.486713,38.287874,,
second8,2,long-long,4,08d82ab29ee4f8e8c6fdbc2a039d9210e2321dcbb420f5733319b8bda4cf57f9,15,255.159066,0,,,never_reused_unprofitable,4334592,23068672,67,67,clear,72,101.131094,48.647801,,
second4,4,short-short,0,67ddab33514425977aa7b12ed0b68cd0d3327269854ac6e701cb7a1cd007fc8a,0,366.486358,0,,,never_reused_unprofitable,16959488,-874512384,11,11,clear,20,112.183206,55.970946,,
second4,4,short-short,0,151b43f05c261f4a4f0396ece0f9adc5a98e9278fa213812f68b37d6b4bb5c2c,1,312.54768,0,,,never_reused_unprofitable,7951360,4194304,13,13,clear,20,100.976998,61.545635,,
second4,4,short-short,0,403d23cf8332c4a8ed8e8a0da5fbe6623651ef40fa431f57e0c5ac27fbfe244f,2,307.120431,0,,,never_reused_unprofitable,7951360,25165824,16,16,clear,20,100.984533,68.012579,,
second4,4,short-long,0,218f8d0b77c9fcef447799370385ae188346285e16738fd5020828457f173ba6,0,365.49495,0,,,never_reused_unprofitable,8306688,-81788928,64,64,clear,80,120.46909,72.862694,,
second4,4,long-short,0,9b01dea1e5ba6b0df38a1fe232e75ba1cf493e7c0357b37f5a5bbc9a1788ebaa,0,362.231329,0,,,never_reused_unprofitable,7952384,-805306368,10,10,eviction,14,110.224924,63.780938,,
second4,4,long-short,0,628ac6a92aa8861c3b0b288b391ad5cf334bfb23dc2116d65734669e34c07a47,1,310.50543,0,,,never_reused_unprofitable,8864768,-25165824,11,11,eviction,15,110.603883,68.532745,,
second4,4,long-short,0,539bf90bec3e7e87e930f382041fdf1031496ff6fd2acaaf7f7862b9415577b5,2,307.573851,0,,,never_reused_unprofitable,9427968,25165824,12,12,clear,18,124.417331,62.845954,,
second4,4,long-short,0,d31e501e060300f2c9dac7bdd98a538334fc71a7d6f6caa103a4539202ee37a1,3,308.659471,0,,,never_reused_unprofitable,7951360,25165824,13,13,clear,18,110.022801,61.391646,,
second4,4,long-short,0,6cab97cbd27ce801a3781bb07664d3dc6f6fe1ef902f7139699f98fca914e2af,4,313.624077,0,,,never_reused_unprofitable,7951360,25165824,14,14,clear,18,102.909121,67.06994,,
second4,4,long-short,0,f3b1cdd0c7f8344cc3c68634e3d1ae1e2ade7bd17a45728219bbec04f2d2b811,5,324.013493,0,,,never_reused_unprofitable,7951360,25165824,15,15,clear,18,104.774874,65.226879,,
second2,4,long-long,0,9b01dea1e5ba6b0df38a1fe232e75ba1cf493e7c0357b37f5a5bbc9a1788ebaa,0,333.871003,0,,,never_reused_unprofitable,7952384,-801112064,38,38,eviction,40,110.368834,60.270799,,
second2,4,long-long,0,628ac6a92aa8861c3b0b288b391ad5cf334bfb23dc2116d65734669e34c07a47,1,313.36172,0,,,never_reused_unprofitable,7951360,-35651584,39,39,eviction,41,107.780227,57.385088,,
second2,4,long-long,0,539bf90bec3e7e87e930f382041fdf1031496ff6fd2acaaf7f7862b9415577b5,2,317.619176,0,,,never_reused_unprofitable,7951360,25165824,40,40,eviction,47,111.948543,57.940074,,
second2,4,long-long,0,d31e501e060300f2c9dac7bdd98a538334fc71a7d6f6caa103a4539202ee37a1,3,312.471712,0,,,never_reused_unprofitable,7951360,25165824,41,41,eviction,51,115.310011,69.308942,,
second2,4,long-long,0,609d5c035fedb8e05ffab851d6a50f84a81c8c747672433622610582b29ffab1,4,312.36975,0,,,never_reused_unprofitable,7951360,25165824,47,47,eviction,55,116.356606,73.106445,,
second2,4,long-long,0,60bb1692df2d6db4bbe8c73f1031919bc8ba3ab791f90818fbd3c73066ad1cc2,5,312.312525,0,,,never_reused_unprofitable,8557568,25165824,51,51,eviction,59,115.335593,67.604899,,
second2,4,long-long,0,51a6f43ab3cfd61724724fb41ce51c595ae698eef8a8e7a418f78d02bdd0964d,6,320.141099,0,,,never_reused_unprofitable,8170496,25165824,55,55,eviction,63,113.728918,66.764446,,
second2,4,long-long,0,ffe00e1a95d1b09604e637ae8f4b3fb4779c731a422be40b19030214e7cf4076,7,315.842837,0,,,never_reused_unprofitable,8252416,25165824,59,59,eviction,67,110.071915,68.944151,,
second2,4,long-long,0,ba1e796a46624d8f37b7a3785ecff8f685cbc9ff7fe93ff401bf070612188f3b,8,317.478743,0,,,never_reused_unprofitable,8338432,25165824,63,63,clear,73,150.256382,80.023657,,
second2,4,long-long,0,d84b25ea0868cd4019a01b50450292ec5aaf733589dbb45e8043b65054eae3cd,9,324.262956,0,,,never_reused_unprofitable,7951360,25165824,67,67,clear,73,100.556136,76.375107,,
second8,4,long-long,0,9b01dea1e5ba6b0df38a1fe232e75ba1cf493e7c0357b37f5a5bbc9a1788ebaa,0,331.511139,0,,,never_reused_unprofitable,8523776,-801112064,38,38,eviction,63,125.036811,64.644591,,
second8,4,long-long,0,628ac6a92aa8861c3b0b288b391ad5cf334bfb23dc2116d65734669e34c07a47,1,316.861968,0,,,never_reused_unprofitable,7951360,23068672,39,39,eviction,67,119.80112,62.387325,,
second8,4,long-long,0,539bf90bec3e7e87e930f382041fdf1031496ff6fd2acaaf7f7862b9415577b5,2,328.723437,0,,,never_reused_unprofitable,7951360,-6291456,40,40,clear,73,136.657478,74.574479,,
second8,4,long-long,0,d31e501e060300f2c9dac7bdd98a538334fc71a7d6f6caa103a4539202ee37a1,3,311.396356,0,,,never_reused_unprofitable,8532992,-25165824,41,41,clear,73,103.207371,71.167276,,
second8,4,long-long,0,609d5c035fedb8e05ffab851d6a50f84a81c8c747672433622610582b29ffab1,4,328.655581,0,,,never_reused_unprofitable,8729600,-2097152,47,47,clear,73,110.162165,70.921928,,
second8,4,long-long,0,60bb1692df2d6db4bbe8c73f1031919bc8ba3ab791f90818fbd3c73066ad1cc2,5,315.781466,0,,,never_reused_unprofitable,7951360,-27262976,51,51,clear,73,101.650032,69.032331,,
second8,4,long-long,0,51a6f43ab3cfd61724724fb41ce51c595ae698eef8a8e7a418f78d02bdd0964d,6,315.743075,0,,,never_reused_unprofitable,8399872,-132120576,55,55,clear,73,115.671907,75.663382,,
second8,4,long-long,0,ffe00e1a95d1b09604e637ae8f4b3fb4779c731a422be40b19030214e7cf4076,7,323.438261,0,,,never_reused_unprofitable,8729600,-31457280,59,59,clear,73,116.525571,92.497696,,
second8,4,long-long,0,ba1e796a46624d8f37b7a3785ecff8f685cbc9ff7fe93ff401bf070612188f3b,8,327.946263,0,,,never_reused_unprofitable,7951360,25165824,63,63,clear,73,104.678223,62.869948,,
second8,4,long-long,0,d84b25ea0868cd4019a01b50450292ec5aaf733589dbb45e8043b65054eae3cd,9,321.305744,0,,,never_reused_unprofitable,7951360,25165824,67,67,clear,73,102.766145,62.145228,,
second4,4,long-long,0,9b01dea1e5ba6b0df38a1fe232e75ba1cf493e7c0357b37f5a5bbc9a1788ebaa,0,368.476978,0,,,never_reused_unprofitable,7952384,-801112064,38,38,eviction,47,124.525907,66.396254,,
second4,4,long-long,0,628ac6a92aa8861c3b0b288b391ad5cf334bfb23dc2116d65734669e34c07a47,1,321.448128,0,,,never_reused_unprofitable,7951360,-35651584,39,39,eviction,51,119.616203,67.127929,,
second4,4,long-long,0,539bf90bec3e7e87e930f382041fdf1031496ff6fd2acaaf7f7862b9415577b5,2,317.321187,0,,,never_reused_unprofitable,8793088,25165824,40,40,eviction,55,122.154731,66.017723,,
second4,4,long-long,0,d31e501e060300f2c9dac7bdd98a538334fc71a7d6f6caa103a4539202ee37a1,3,314.421717,0,,,never_reused_unprofitable,7951360,25165824,41,41,eviction,59,122.946346,68.437922,,
second4,4,long-long,0,609d5c035fedb8e05ffab851d6a50f84a81c8c747672433622610582b29ffab1,4,326.726244,0,,,never_reused_unprofitable,7951360,25165824,47,47,eviction,63,121.078681,73.409476,,
second4,4,long-long,0,60bb1692df2d6db4bbe8c73f1031919bc8ba3ab791f90818fbd3c73066ad1cc2,5,329.243143,0,,,never_reused_unprofitable,7951360,25165824,51,51,eviction,67,116.401264,68.467208,,
second4,4,long-long,0,51a6f43ab3cfd61724724fb41ce51c595ae698eef8a8e7a418f78d02bdd0964d,6,326.071044,0,,,never_reused_unprofitable,7951360,25165824,55,55,clear,73,128.919573,73.976147,,
second4,4,long-long,0,ffe00e1a95d1b09604e637ae8f4b3fb4779c731a422be40b19030214e7cf4076,7,323.730132,0,,,never_reused_unprofitable,7951360,25165824,59,59,clear,73,109.910326,60.310666,,
second4,4,long-long,0,ba1e796a46624d8f37b7a3785ecff8f685cbc9ff7fe93ff401bf070612188f3b,8,332.063251,0,,,never_reused_unprofitable,7951360,25165824,63,63,clear,73,102.707764,69.419339,,
second4,4,long-long,0,d84b25ea0868cd4019a01b50450292ec5aaf733589dbb45e8043b65054eae3cd,9,327.146592,0,,,never_reused_unprofitable,7951360,25165824,67,67,clear,73,112.554459,72.960651,,
second4,4,mixed-prompt,0,6bcbf2e21ca193339bd4e89d52c937746ee2b73b39cd549da289dda7a0b95eb6,0,332.648427,0,,,never_reused_unprofitable,9187328,-977272832,18,18,eviction,22,115.823341,58.80517,,
second4,4,mixed-prompt,0,9b01dea1e5ba6b0df38a1fe232e75ba1cf493e7c0357b37f5a5bbc9a1788ebaa,1,319.012482,0,,,never_reused_unprofitable,7951360,20971520,19,19,eviction,23,109.861467,62.045932,,
second4,4,mixed-prompt,0,628ac6a92aa8861c3b0b288b391ad5cf334bfb23dc2116d65734669e34c07a47,2,319.139591,0,,,never_reused_unprofitable,8741888,-4194304,20,20,eviction,24,108.172985,62.496973,,
second4,4,mixed-prompt,0,539bf90bec3e7e87e930f382041fdf1031496ff6fd2acaaf7f7862b9415577b5,3,314.046951,0,,,never_reused_unprofitable,9124864,-4194304,21,21,eviction,25,146.905528,61.667363,,
second4,4,mixed-prompt,0,d31e501e060300f2c9dac7bdd98a538334fc71a7d6f6caa103a4539202ee37a1,4,318.746823,0,,,never_reused_unprofitable,9186304,25165824,22,22,eviction,26,108.816455,59.289615,,
second4,4,mixed-prompt,0,6cab97cbd27ce801a3781bb07664d3dc6f6fe1ef902f7139699f98fca914e2af,5,322.819499,0,,,never_reused_unprofitable,8496128,25165824,23,23,eviction,27,113.197336,67.996256,,
second4,4,mixed-prompt,0,f3b1cdd0c7f8344cc3c68634e3d1ae1e2ade7bd17a45728219bbec04f2d2b811,6,351.827606,0,,,never_reused_unprofitable,7951360,25165824,24,24,eviction,28,112.456106,59.332598,,
second4,4,mixed-prompt,0,f2394e92f41e2f2ce58956a9810e1e6295f9aa7a18e981abe07b785b5140c66a,7,299.427502,0,,,never_reused_unprofitable,7951360,25165824,25,25,eviction,29,113.616676,69.26739,,
second4,4,mixed-prompt,0,17f7dc6ccc99c870912f2dba15c1f34bfc0d0a8c0b494fef85162430d8b7aa29,8,330.428336,0,,,never_reused_unprofitable,8408064,25165824,26,26,eviction,30,113.851144,70.167784,,
second4,4,mixed-prompt,0,7c9f1e90b9e4ec276463d50df150c12dc21878b4d32ce6486fb946433e65b4b3,9,329.017781,0,,,never_reused_unprofitable,7951360,25165824,27,27,eviction,31,115.120616,74.361947,,
second4,4,mixed-prompt,0,90f8983962b579eefdb0f8b18bfa78fde40ca658106429b6ade0a14717a23845,10,334.043592,0,,,never_reused_unprofitable,7951360,25165824,28,28,clear,33,129.945797,72.225761,,
second4,4,mixed-prompt,0,fff5b1266da00ddb94380fb2ecbda412a4355286533383c8571ea12fad5cb0fe,11,324.526059,0,,,never_reused_unprofitable,7951360,25165824,29,29,clear,33,101.397425,65.51988,,
second4,4,mixed-prompt,0,df0185e53626a173f18089df3758e48a12daedc66dded39c663e5c754f55474e,12,329.467277,0,,,never_reused_unprofitable,9061376,25165824,30,30,clear,33,100.6386,71.549045,,
second4,4,mixed-prompt,0,60bb1692df2d6db4bbe8c73f1031919bc8ba3ab791f90818fbd3c73066ad1cc2,13,331.042794,0,,,never_reused_unprofitable,7951360,25165824,31,31,clear,33,109.63891,66.050619,,
second4,4,short-short,1,151b43f05c261f4a4f0396ece0f9adc5a98e9278fa213812f68b37d6b4bb5c2c,0,336.924355,0,,,never_reused_unprofitable,8714240,-362807296,13,13,clear,20,114.678495,59.721616,,
second4,4,short-short,1,c70c671520c2e680c84c99ff87e9c62ceb26c69cc816eb2298765faf75fbdded,1,318.435246,0,,,never_reused_unprofitable,7951360,25165824,14,14,clear,20,110.004378,67.647646,,
second4,4,short-short,1,37c573cb8b8ad75c1ba11a5886dd35ac83061c4ec5430a7e230701eb8fc1f215,2,309.977117,0,,,never_reused_unprofitable,8963072,23068672,15,15,clear,20,111.261618,73.828824,,
second4,4,short-short,1,21a42e929af660d3013d5cb119e4df2e78342f194c90c340da8399d885c2fbdd,3,314.433862,0,,,never_reused_unprofitable,8100864,23068672,18,18,clear,20,102.840717,73.852009,,
second4,4,mixed-prompt,1,6bcbf2e21ca193339bd4e89d52c937746ee2b73b39cd549da289dda7a0b95eb6,0,363.764362,0,,,never_reused_unprofitable,7952384,-616562688,18,18,clear,33,124.450453,53.277018,,
second2,4,long-long,1,539bf90bec3e7e87e930f382041fdf1031496ff6fd2acaaf7f7862b9415577b5,0,332.559201,0,,,never_reused_unprofitable,9306112,-920649728,38,38,eviction,40,108.233256,59.781783,,
second2,4,long-long,1,d31e501e060300f2c9dac7bdd98a538334fc71a7d6f6caa103a4539202ee37a1,1,306.881495,0,,,never_reused_unprofitable,7951360,-6291456,39,39,eviction,69,118.106964,70.939879,,
second2,4,long-long,1,6cab97cbd27ce801a3781bb07664d3dc6f6fe1ef902f7139699f98fca914e2af,2,314.525974,0,,,never_reused_unprofitable,8522752,25165824,40,40,clear,73,123.358231,66.205885,,
second2,4,long-long,1,fee32b2465d58ddd3b5a82bdb111c7471f333f2208c5ad4b854342d9451bdf9b,3,337.824911,0,,,never_reused_unprofitable,7951360,25165824,69,69,clear,73,111.71824,60.416203,,
second4,4,long-long,1,539bf90bec3e7e87e930f382041fdf1031496ff6fd2acaaf7f7862b9415577b5,0,349.688149,0,,,never_reused_unprofitable,7952384,-813694976,38,38,clear,73,129.86182,69.23389,,
second4,4,long-long,1,d31e501e060300f2c9dac7bdd98a538334fc71a7d6f6caa103a4539202ee37a1,1,300.281331,0,,,never_reused_unprofitable,7951360,23068672,39,39,clear,73,112.436154,69.477798,,
second4,4,long-long,1,6cab97cbd27ce801a3781bb07664d3dc6f6fe1ef902f7139699f98fca914e2af,2,308.096479,0,,,never_reused_unprofitable,7951360,25165824,40,40,clear,73,103.536349,63.863107,,
second4,4,long-long,1,fee32b2465d58ddd3b5a82bdb111c7471f333f2208c5ad4b854342d9451bdf9b,3,320.824129,0,,,never_reused_unprofitable,7951360,-79691776,69,69,clear,73,104.998446,53.706406,,
second8,4,long-long,1,539bf90bec3e7e87e930f382041fdf1031496ff6fd2acaaf7f7862b9415577b5,0,344.739192,0,,,never_reused_unprofitable,7952384,-815792128,38,38,clear,73,130.138436,58.42024,,
second8,4,long-long,1,d31e501e060300f2c9dac7bdd98a538334fc71a7d6f6caa103a4539202ee37a1,1,316.073956,0,,,never_reused_unprofitable,7951360,23068672,39,39,clear,73,104.204228,57.922504,,
second8,4,long-long,1,6cab97cbd27ce801a3781bb07664d3dc6f6fe1ef902f7139699f98fca914e2af,2,320.660896,0,,,never_reused_unprofitable,7951360,25165824,40,40,clear,73,107.784368,63.06979,,
second8,4,long-long,1,fee32b2465d58ddd3b5a82bdb111c7471f333f2208c5ad4b854342d9451bdf9b,3,320.907378,0,,,never_reused_unprofitable,7951360,-79691776,69,69,clear,73,101.495752,57.826485,,
second4,4,long-short,1,9b01dea1e5ba6b0df38a1fe232e75ba1cf493e7c0357b37f5a5bbc9a1788ebaa,0,334.173396,0,,,never_reused_unprofitable,8544256,-713031680,10,10,eviction,14,117.198318,63.508178,,
second4,4,long-short,1,628ac6a92aa8861c3b0b288b391ad5cf334bfb23dc2116d65734669e34c07a47,1,317.266783,0,,,never_reused_unprofitable,7951360,-25165824,11,11,eviction,15,113.364184,62.02915,,
second4,4,long-short,1,539bf90bec3e7e87e930f382041fdf1031496ff6fd2acaaf7f7862b9415577b5,2,316.83377,0,,,never_reused_unprofitable,7951360,-2097152,12,12,clear,18,128.42177,66.339625,,
second4,4,long-short,1,d31e501e060300f2c9dac7bdd98a538334fc71a7d6f6caa103a4539202ee37a1,3,318.599724,0,,,never_reused_unprofitable,7951360,25165824,13,13,clear,18,101.949671,67.0849,,
second4,4,long-short,1,6cab97cbd27ce801a3781bb07664d3dc6f6fe1ef902f7139699f98fca914e2af,4,339.782776,0,,,never_reused_unprofitable,8739840,25165824,14,14,clear,18,101.980627,61.758606,,
second4,4,long-short,1,f3b1cdd0c7f8344cc3c68634e3d1ae1e2ade7bd17a45728219bbec04f2d2b811,5,327.990791,0,,,never_reused_unprofitable,7951360,25165824,15,15,clear,18,105.62753,66.314951,,
second4,4,long-short,2,9b01dea1e5ba6b0df38a1fe232e75ba1cf493e7c0357b37f5a5bbc9a1788ebaa,0,368.711046,0,,,never_reused_unprofitable,7952384,-775946240,10,10,clear,18,124.372921,62.662943,,
second4,4,long-short,2,628ac6a92aa8861c3b0b288b391ad5cf334bfb23dc2116d65734669e34c07a47,1,319.505085,0,,,never_reused_unprofitable,7951360,-52428800,11,11,clear,18,111.270523,66.485469,,
second4,4,long-long,2,628ac6a92aa8861c3b0b288b391ad5cf334bfb23dc2116d65734669e34c07a47,0,322.742415,0,,,never_reused_unprofitable,7958528,-788529152,38,38,eviction,51,109.5898,63.782612,,
second4,4,long-long,2,539bf90bec3e7e87e930f382041fdf1031496ff6fd2acaaf7f7862b9415577b5,1,311.092396,0,,,never_reused_unprofitable,8403968,-35651584,39,39,eviction,52,109.498004,64.292388,,
second4,4,long-long,2,df0185e53626a173f18089df3758e48a12daedc66dded39c663e5c754f55474e,2,311.799753,0,,,never_reused_unprofitable,7951360,-27262976,49,49,eviction,53,109.220246,69.368159,,
second4,4,long-long,2,60bb1692df2d6db4bbe8c73f1031919bc8ba3ab791f90818fbd3c73066ad1cc2,3,314.709452,0,,,never_reused_unprofitable,8836096,-25165824,50,50,eviction,54,112.733877,73.138776,,
second4,4,long-long,2,7b373f5849f448835ac8e32c0779d3ae77bb196b4cea9384e55e956b74e4b697,4,311.996627,0,,,never_reused_unprofitable,7957504,25165824,51,51,eviction,55,111.169414,68.364968,,
second4,4,long-long,2,1855b1a4865e46b410c27700c7b368f498f805b3e8f223b278ca8a5da4202d96,5,316.659637,0,,,never_reused_unprofitable,7951360,25165824,52,52,eviction,56,110.337257,66.633094,,
second4,4,long-long,2,182fee8f70bc2f265c4010e1916180e31eca89ab733869b2c63a5a01a791c096,6,316.839807,0,,,never_reused_unprofitable,7951360,25165824,53,53,eviction,60,111.91483,73.233886,,
second4,4,long-long,2,c89eb8316ffc8433c56e870b36521c180d39fa1c399110cc51f5ed8e8f802839,7,316.327119,0,,,never_reused_unprofitable,8551424,25165824,54,54,eviction,61,106.147816,68.902462,,
second4,4,long-long,2,352d5b8c429aa6bc87e19b6da2e50fe2cdff28c3d814c40302505d94a4c70377,8,314.049323,0,,,never_reused_unprofitable,7957504,25165824,55,55,eviction,62,105.105088,77.094955,,
second4,4,long-long,2,263dcae52abb5434ce8145a5084a02c46d8871a296a956a743f347fd4b742bec,9,316.352429,0,,,never_reused_unprofitable,8379392,25165824,56,56,eviction,63,111.168501,76.721426,,
second4,4,long-long,2,9901ca5ec52cbd7aabd4d4604b0fb8678ed1b324d770e9c67dd5fed112058c19,10,255.89013,0,,,never_reused_unprofitable,7951360,25165824,60,60,eviction,67,111.993119,73.442441,,
second4,4,long-long,2,47bfb15b25af0caf02b53d5b165dc438c3db00fa42f010e1785ff65983e9799a,11,258.690208,0,,,never_reused_unprofitable,8551424,25165824,61,61,clear,72,121.547794,67.529156,,
second4,4,long-long,2,fd754aac83e0bb663f121938a1238f18d5c155846d11563989221424f4d92b90,12,258.592734,0,,,never_reused_unprofitable,7957504,25165824,62,62,clear,72,103.109107,70.689924,,
second4,4,long-long,2,03a06186e9158a3be053a1aadd5f658d56cc7f51f8f35bf87f04d397b4d0656a,13,258.808272,0,,,never_reused_unprofitable,7951360,25165824,63,63,clear,72,100.077729,73.790797,,
second4,4,long-long,2,86874212e67446e20d968bc8b330278249f72cdeb1a3a2dc6802e16114217efe,14,259.632101,0,,,never_reused_unprofitable,8176640,25165824,67,67,clear,72,101.348765,70.095417,,
second2,4,long-long,2,628ac6a92aa8861c3b0b288b391ad5cf334bfb23dc2116d65734669e34c07a47,0,352.700108,0,,,never_reused_unprofitable,9035776,-805306368,38,38,eviction,49,115.161247,63.235095,,
second2,4,long-long,2,539bf90bec3e7e87e930f382041fdf1031496ff6fd2acaaf7f7862b9415577b5,1,304.046267,0,,,never_reused_unprofitable,8666112,-8388608,39,39,eviction,50,110.309157,63.130672,,
second2,4,long-long,2,df0185e53626a173f18089df3758e48a12daedc66dded39c663e5c754f55474e,2,322.148742,0,,,never_reused_unprofitable,8535040,25165824,49,49,eviction,51,109.851883,70.023933,,
second2,4,long-long,2,60bb1692df2d6db4bbe8c73f1031919bc8ba3ab791f90818fbd3c73066ad1cc2,3,313.162545,0,,,never_reused_unprofitable,8784896,25165824,50,50,eviction,52,121.13527,71.715857,,
second2,4,long-long,2,7b373f5849f448835ac8e32c0779d3ae77bb196b4cea9384e55e956b74e4b697,4,311.349819,0,,,never_reused_unprofitable,8858624,25165824,51,51,eviction,53,108.695941,70.016033,,
second2,4,long-long,2,1855b1a4865e46b410c27700c7b368f498f805b3e8f223b278ca8a5da4202d96,5,313.556522,0,,,never_reused_unprofitable,7951360,25165824,52,52,eviction,54,114.649991,70.053824,,
second2,4,long-long,2,182fee8f70bc2f265c4010e1916180e31eca89ab733869b2c63a5a01a791c096,6,314.238774,0,,,never_reused_unprofitable,8887296,25165824,53,53,eviction,55,108.904524,68.861393,,
second2,4,long-long,2,c89eb8316ffc8433c56e870b36521c180d39fa1c399110cc51f5ed8e8f802839,7,318.547265,0,,,never_reused_unprofitable,7951360,25165824,54,54,eviction,56,108.69077,64.489497,,
second2,4,long-long,2,352d5b8c429aa6bc87e19b6da2e50fe2cdff28c3d814c40302505d94a4c70377,8,311.64722,0,,,never_reused_unprofitable,8887296,25165824,55,55,eviction,60,113.981025,68.739766,,
second2,4,long-long,2,263dcae52abb5434ce8145a5084a02c46d8871a296a956a743f347fd4b742bec,9,313.035304,0,,,never_reused_unprofitable,7951360,25165824,56,56,eviction,61,115.365207,66.595472,,
second2,4,long-long,2,9901ca5ec52cbd7aabd4d4604b0fb8678ed1b324d770e9c67dd5fed112058c19,10,311.776534,0,,,never_reused_unprofitable,7951360,25165824,60,60,eviction,62,109.534612,72.613562,,
second2,4,long-long,2,47bfb15b25af0caf02b53d5b165dc438c3db00fa42f010e1785ff65983e9799a,11,315.140516,0,,,never_reused_unprofitable,7996416,25165824,61,61,eviction,63,108.920799,67.17813,,
second2,4,long-long,2,fd754aac83e0bb663f121938a1238f18d5c155846d11563989221424f4d92b90,12,312.571301,0,,,never_reused_unprofitable,8987648,25165824,62,62,eviction,67,115.109264,66.868197,,
second2,4,long-long,2,03a06186e9158a3be053a1aadd5f658d56cc7f51f8f35bf87f04d397b4d0656a,13,320.239336,0,,,never_reused_unprofitable,7996416,25165824,63,63,clear,72,125.933534,68.958651,,
second2,4,long-long,2,86874212e67446e20d968bc8b330278249f72cdeb1a3a2dc6802e16114217efe,14,320.997105,0,,,never_reused_unprofitable,8334336,25165824,67,67,clear,72,102.348413,68.244631,,
second8,4,long-long,2,628ac6a92aa8861c3b0b288b391ad5cf334bfb23dc2116d65734669e34c07a47,0,339.452791,0,,,never_reused_unprofitable,9035776,-805306368,38,38,eviction,55,118.320763,63.798803,,
second8,4,long-long,2,539bf90bec3e7e87e930f382041fdf1031496ff6fd2acaaf7f7862b9415577b5,1,312.639521,0,,,never_reused_unprofitable,8666112,-8388608,39,39,eviction,56,112.193573,68.87828,,
second8,4,long-long,2,df0185e53626a173f18089df3758e48a12daedc66dded39c663e5c754f55474e,2,317.399413,0,,,never_reused_unprofitable,8684544,-2097152,49,49,eviction,60,112.629312,66.496099,,
second8,4,long-long,2,60bb1692df2d6db4bbe8c73f1031919bc8ba3ab791f90818fbd3c73066ad1cc2,3,312.408692,0,,,never_reused_unprofitable,7951360,25165824,50,50,eviction,61,109.607865,71.128815,,
second8,4,long-long,2,7b373f5849f448835ac8e32c0779d3ae77bb196b4cea9384e55e956b74e4b697,4,313.690487,0,,,never_reused_unprofitable,8807424,-29360128,51,51,eviction,62,110.100473,71.878183,,
second8,4,long-long,2,1855b1a4865e46b410c27700c7b368f498f805b3e8f223b278ca8a5da4202d96,5,311.343183,0,,,never_reused_unprofitable,7951360,-27262976,52,52,eviction,63,109.441698,68.885267,,
second8,4,long-long,2,182fee8f70bc2f265c4010e1916180e31eca89ab733869b2c63a5a01a791c096,6,321.172033,0,,,never_reused_unprofitable,8692736,-29360128,53,53,eviction,67,112.211611,71.268119,,
second8,4,long-long,2,c89eb8316ffc8433c56e870b36521c180d39fa1c399110cc51f5ed8e8f802839,7,324.154914,0,,,never_reused_unprofitable,7951360,-31457280,54,54,clear,72,145.907271,66.712834,,
second8,4,long-long,2,352d5b8c429aa6bc87e19b6da2e50fe2cdff28c3d814c40302505d94a4c70377,8,322.37566,0,,,never_reused_unprofitable,9034752,25165824,55,55,clear,72,106.856705,66.473278,,
second8,4,long-long,2,263dcae52abb5434ce8145a5084a02c46d8871a296a956a743f347fd4b742bec,9,323.187673,0,,,never_reused_unprofitable,8348672,25165824,56,56,clear,72,101.264639,68.430114,,
second8,4,long-long,2,9901ca5ec52cbd7aabd4d4604b0fb8678ed1b324d770e9c67dd5fed112058c19,10,316.54908,0,,,never_reused_unprofitable,8459264,25165824,60,60,clear,72,100.745083,69.592012,,
second8,4,long-long,2,47bfb15b25af0caf02b53d5b165dc438c3db00fa42f010e1785ff65983e9799a,11,321.862598,0,,,never_reused_unprofitable,7951360,25165824,61,61,clear,72,100.099141,67.650187,,
second8,4,long-long,2,fd754aac83e0bb663f121938a1238f18d5c155846d11563989221424f4d92b90,12,315.102919,0,,,never_reused_unprofitable,8807424,25165824,62,62,clear,72,100.845478,64.821083,,
second8,4,long-long,2,03a06186e9158a3be053a1aadd5f658d56cc7f51f8f35bf87f04d397b4d0656a,13,312.214439,0,,,never_reused_unprofitable,7951360,25165824,63,63,clear,72,101.340418,68.065405,,
second8,4,long-long,2,86874212e67446e20d968bc8b330278249f72cdeb1a3a2dc6802e16114217efe,14,317.437993,0,,,never_reused_unprofitable,7951360,25165824,67,67,clear,72,102.0763,70.045515,,
second4,4,mixed-prompt,2,6bcbf2e21ca193339bd4e89d52c937746ee2b73b39cd549da289dda7a0b95eb6,0,326.892575,0,,,never_reused_unprofitable,9187328,-809500672,18,18,eviction,22,108.466176,58.616822,,
second4,4,mixed-prompt,2,9b01dea1e5ba6b0df38a1fe232e75ba1cf493e7c0357b37f5a5bbc9a1788ebaa,1,309.739583,0,,,never_reused_unprofitable,7951360,20971520,19,19,eviction,23,113.119996,60.218065,,
second4,4,mixed-prompt,2,628ac6a92aa8861c3b0b288b391ad5cf334bfb23dc2116d65734669e34c07a47,2,308.105072,0,,,never_reused_unprofitable,8741888,-4194304,20,20,eviction,24,114.577522,64.684477,,
second4,4,mixed-prompt,2,539bf90bec3e7e87e930f382041fdf1031496ff6fd2acaaf7f7862b9415577b5,3,311.710619,0,,,never_reused_unprofitable,9186304,-4194304,21,21,eviction,25,110.173392,63.800936,,
second4,4,mixed-prompt,2,d31e501e060300f2c9dac7bdd98a538334fc71a7d6f6caa103a4539202ee37a1,4,316.098775,0,,,never_reused_unprofitable,9186304,25165824,22,22,eviction,26,110.631985,67.656558,,
second4,4,mixed-prompt,2,6cab97cbd27ce801a3781bb07664d3dc6f6fe1ef902f7139699f98fca914e2af,5,324.978985,0,,,never_reused_unprofitable,8434688,25165824,23,23,eviction,27,119.551224,70.883227,,
second4,4,mixed-prompt,2,f3b1cdd0c7f8344cc3c68634e3d1ae1e2ade7bd17a45728219bbec04f2d2b811,6,321.596066,0,,,never_reused_unprofitable,7951360,25165824,24,24,eviction,28,118.658753,69.43405,,
second4,4,mixed-prompt,2,f2394e92f41e2f2ce58956a9810e1e6295f9aa7a18e981abe07b785b5140c66a,7,329.48033,0,,,never_reused_unprofitable,8948736,25165824,25,25,eviction,29,112.911273,67.750129,,
second4,4,mixed-prompt,2,17f7dc6ccc99c870912f2dba15c1f34bfc0d0a8c0b494fef85162430d8b7aa29,8,335.749677,0,,,never_reused_unprofitable,8281088,25165824,26,26,eviction,30,116.811425,70.977552,,
second4,4,mixed-prompt,2,7c9f1e90b9e4ec276463d50df150c12dc21878b4d32ce6486fb946433e65b4b3,9,325.517987,0,,,never_reused_unprofitable,8500224,25165824,27,27,eviction,31,114.503514,65.566348,,
second4,4,mixed-prompt,2,90f8983962b579eefdb0f8b18bfa78fde40ca658106429b6ade0a14717a23845,10,333.078629,0,,,never_reused_unprofitable,7951360,25165824,28,28,clear,33,126.10793,70.64917,,
second4,4,mixed-prompt,2,fff5b1266da00ddb94380fb2ecbda412a4355286533383c8571ea12fad5cb0fe,11,323.631117,0,,,never_reused_unprofitable,8948736,25165824,29,29,clear,33,105.22182,68.856209,,
second4,4,mixed-prompt,2,df0185e53626a173f18089df3758e48a12daedc66dded39c663e5c754f55474e,12,330.929833,0,,,never_reused_unprofitable,8281088,25165824,30,30,clear,33,107.818521,70.762141,,
second4,4,mixed-prompt,2,60bb1692df2d6db4bbe8c73f1031919bc8ba3ab791f90818fbd3c73066ad1cc2,13,322.840979,0,,,never_reused_unprofitable,8481792,25165824,31,31,clear,33,103.146583,70.628632,,
second4,4,short-short,2,9262dcdaff52d5365da40ba328add16a478bca84dd3e684862ea3b27bc78b450,0,344.518343,0,,,never_reused_unprofitable,7952384,-866123776,11,11,clear,20,119.119678,53.054511,,
second4,4,short-short,2,67ddab33514425977aa7b12ed0b68cd0d3327269854ac6e701cb7a1cd007fc8a,1,308.299695,0,,,never_reused_unprofitable,7951360,25165824,12,12,clear,20,102.171657,58.143929,,
second4,4,short-short,2,151b43f05c261f4a4f0396ece0f9adc5a98e9278fa213812f68b37d6b4bb5c2c,2,304.794287,0,,,never_reused_unprofitable,7951360,23068672,13,13,clear,20,100.380778,59.350019,,
second4,4,short-long,2,c70c671520c2e680c84c99ff87e9c62ceb26c69cc816eb2298765faf75fbdded,0,337.809055,0,,,never_reused_unprofitable,7952384,-188743680,41,41,eviction,57,115.747622,66.048389,,
second4,4,short-long,2,ea8860d0bfdbb6c191c5474a11bbc40a87666e2843c9ff60fab213e5ca1d6c4b,1,316.284494,0,,,never_reused_unprofitable,7951360,23068672,45,45,eviction,61,116.741447,68.173981,,
second4,4,short-long,2,44c2238ff18f304017f8902b6a287020aca7b88088c87b6b4022f3d61a0c527b,2,317.636252,0,,,never_reused_unprofitable,8193024,23068672,49,49,eviction,68,115.333816,73.178249,,
second4,4,short-long,2,ec5003c679ee67ca0a29e48204e382a4e93ad34f1bde46b818df230133694a04,3,335.859324,0,,,never_reused_unprofitable,8623104,23068672,53,53,eviction,72,116.081128,66.463306,,
second4,4,short-long,2,fa55a60df5fe293535afcb5c7f6e5e861dd9f932efe733633b16d7c073727c58,4,330.231407,0,,,never_reused_unprofitable,8113152,25165824,57,57,clear,82,124.218961,71.05304,,
second4,4,short-long,2,d6bbc1b12403fcf150f08312732b8b668489576d672eb056b53e14948526dfba,5,327.548489,0,,,never_reused_unprofitable,7951360,25165824,61,61,clear,82,103.73512,64.835535,,
second4,4,short-long,2,075b1b45c4bc8ec5a978915135197db1fa40c0fef72ecce75fda6524e3cf903c,6,332.123366,0,,,never_reused_unprofitable,8193024,25165824,68,68,clear,82,106.67305,69.912364,,
second4,4,short-long,2,819d1df3a95fbe8a9b7404f5ffd32540a9d3db92145fa9bb4d63394017bd61e8,7,327.115339,0,,,never_reused_unprofitable,8412160,25165824,72,72,clear,82,103.635477,68.949477,,
second4,4,long-short,3,9b01dea1e5ba6b0df38a1fe232e75ba1cf493e7c0357b37f5a5bbc9a1788ebaa,0,322.231201,0,,,never_reused_unprofitable,7952384,-792723456,10,10,clear,17,132.312916,63.836976,,
second4,4,long-short,3,628ac6a92aa8861c3b0b288b391ad5cf334bfb23dc2116d65734669e34c07a47,1,312.102801,0,,,never_reused_unprofitable,8670208,23068672,11,11,clear,17,103.679795,61.976714,,
second4,4,short-long,3,baa5a9e994303e5cb4d8af57a2428cfc994d8a609b73b1a99025e797757bb9e1,0,329.054892,0,,,never_reused_unprofitable,8380416,-912261120,43,43,eviction,52,116.626938,70.168958,,
second4,4,short-long,3,783283d82c6f6c2f3aff6acb1f96a05eabd5b503ddcb5fd0fe01bfc683594b9d,1,316.878,0,,,never_reused_unprofitable,7951360,23068672,46,46,eviction,53,115.355769,70.199695,,
second4,4,short-long,3,7f4b41ef80a51d4b30c77ba99342ed4c64f4cc435673499ee4b44b9110f17fa0,2,312.341637,0,,,never_reused_unprofitable,8131584,25165824,49,49,eviction,54,113.992252,69.154127,,
second4,4,short-long,3,80658f3644b5d451867373bf2fddb8a3650a49e365ff1d6fd94442be9aaef62d,3,317.443848,0,,,never_reused_unprofitable,8530944,23068672,50,50,eviction,56,120.659271,68.653308,,
second4,4,short-long,3,fa55a60df5fe293535afcb5c7f6e5e861dd9f932efe733633b16d7c073727c58,4,337.047754,0,,,never_reused_unprofitable,7951360,25165824,52,52,eviction,57,115.104738,73.689934,,
second4,4,short-long,3,98f7f0b53c999474fbb5c507f4f5ee9845e0e4f6c0abeeb1365fde8e21ca6c4b,5,325.248599,0,,,never_reused_unprofitable,8377344,25165824,53,53,eviction,58,109.872036,64.831794,,
second4,4,short-long,3,d5a2d1aa93381e1f95504bb3fa4bf829b0d41be9cea257506ffd571eccb5ef92,6,322.410108,0,,,never_reused_unprofitable,7951360,25165824,54,54,eviction,59,110.028537,65.563262,,
second4,4,short-long,3,d6bbc1b12403fcf150f08312732b8b668489576d672eb056b53e14948526dfba,7,326.081733,0,,,never_reused_unprofitable,8031232,25165824,56,56,eviction,60,115.591935,69.099009,,
second4,4,short-long,3,9a693d42976eed19480a24db690a6e865912e4ff14557147a4bbb24190846414,8,331.817463,0,,,never_reused_unprofitable,8776704,46137344,57,57,eviction,61,114.487724,65.451613,,
second4,4,short-long,3,09f559efa6386f25ac59ce8e8030aa8cc5a1feaa023459f7dd7f104440443518,9,321.129963,0,,,never_reused_unprofitable,7951360,25165824,58,58,eviction,63,117.064846,70.505599,,
second4,4,short-long,3,5f828ed286c7db69caf1c26beb1bdafe4ebbc8035cefe55996d0824229fd4097,10,324.144619,0,,,never_reused_unprofitable,7951360,25165824,59,59,eviction,64,109.278484,63.820275,,
second4,4,short-long,3,6f9e1c1b52ffb2d26b64f103ac7dd1012953a2e6d1ba31a59a02670fa0977e3a,11,316.142396,0,,,never_reused_unprofitable,8725504,25165824,60,60,eviction,65,113.376934,64.355924,,
second4,4,short-long,3,de5dcce51d016706ea3d6ac14dbfcf67fdab7fbdb68bd65a4abb8aea46fd4bf8,12,321.375374,0,,,never_reused_unprofitable,7951360,25165824,61,61,clear,81,117.39035,69.524506,,
second4,4,short-long,3,075b1b45c4bc8ec5a978915135197db1fa40c0fef72ecce75fda6524e3cf903c,13,328.941584,0,,,never_reused_unprofitable,7951360,25165824,63,63,clear,81,103.038285,63.462728,,
second4,4,short-long,3,d7467433df20b161d676d482ce25357758519167955c5baeda24935d6dd6bf2c,14,318.65431,0,,,never_reused_unprofitable,7951360,25165824,64,64,clear,81,106.513734,60.646687,,
second4,4,short-long,3,97f8aab119116aab92ff3f54ee86750955c238e588f5253ce599acf9170ac991,15,321.305587,0,,,never_reused_unprofitable,8031232,25165824,65,65,clear,81,103.781301,65.869117,,
second4,4,short-short,3,c70c671520c2e680c84c99ff87e9c62ceb26c69cc816eb2298765faf75fbdded,0,342.619483,0,,,never_reused_unprofitable,7952384,-104857600,14,14,clear,20,122.262253,64.587176,,
second4,4,short-short,3,21a42e929af660d3013d5cb119e4df2e78342f194c90c340da8399d885c2fbdd,1,318.223375,0,,,never_reused_unprofitable,7957504,23068672,18,18,clear,20,101.701237,69.397354,,
second4,4,mixed-prompt,3,6bcbf2e21ca193339bd4e89d52c937746ee2b73b39cd549da289dda7a0b95eb6,0,338.185894,0,,,never_reused_unprofitable,7952384,-597688320,18,18,eviction,22,118.670192,54.187112,,
second4,4,mixed-prompt,3,9b01dea1e5ba6b0df38a1fe232e75ba1cf493e7c0357b37f5a5bbc9a1788ebaa,1,310.681696,0,,,never_reused_unprofitable,7951360,20971520,19,19,eviction,23,114.937732,57.436672,,
second4,4,mixed-prompt,3,628ac6a92aa8861c3b0b288b391ad5cf334bfb23dc2116d65734669e34c07a47,2,316.38052,0,,,never_reused_unprofitable,7951360,4194304,20,20,eviction,24,120.106365,59.555103,,
second4,4,mixed-prompt,3,539bf90bec3e7e87e930f382041fdf1031496ff6fd2acaaf7f7862b9415577b5,3,318.914361,0,,,never_reused_unprofitable,9026560,20971520,21,21,eviction,25,116.225824,64.811513,,
second4,4,mixed-prompt,3,d31e501e060300f2c9dac7bdd98a538334fc71a7d6f6caa103a4539202ee37a1,4,328.492697,0,,,never_reused_unprofitable,7951360,25165824,22,22,eviction,26,111.133472,63.45043,,
second4,4,mixed-prompt,3,6cab97cbd27ce801a3781bb07664d3dc6f6fe1ef902f7139699f98fca914e2af,5,332.877727,0,,,never_reused_unprofitable,8289280,25165824,23,23,eviction,27,109.497948,72.931435,,
second4,4,mixed-prompt,3,f3b1cdd0c7f8344cc3c68634e3d1ae1e2ade7bd17a45728219bbec04f2d2b811,6,331.546691,0,,,never_reused_unprofitable,7951360,25165824,24,24,eviction,28,113.953126,67.48076,,
second4,4,mixed-prompt,3,f2394e92f41e2f2ce58956a9810e1e6295f9aa7a18e981abe07b785b5140c66a,7,328.01171,0,,,never_reused_unprofitable,7951360,25165824,25,25,eviction,29,106.536474,70.108136,,
second4,4,mixed-prompt,3,17f7dc6ccc99c870912f2dba15c1f34bfc0d0a8c0b494fef85162430d8b7aa29,8,324.577932,0,,,never_reused_unprofitable,7951360,25165824,26,26,eviction,30,109.275271,68.368311,,
second4,4,mixed-prompt,3,7c9f1e90b9e4ec276463d50df150c12dc21878b4d32ce6486fb946433e65b4b3,9,322.715368,0,,,never_reused_unprofitable,7951360,25165824,27,27,eviction,31,108.09049,58.774858,,
second4,4,mixed-prompt,3,90f8983962b579eefdb0f8b18bfa78fde40ca658106429b6ade0a14717a23845,10,345.048629,0,,,never_reused_unprofitable,7951360,25165824,28,28,clear,33,119.922288,58.262504,,
second4,4,mixed-prompt,3,fff5b1266da00ddb94380fb2ecbda412a4355286533383c8571ea12fad5cb0fe,11,329.165519,0,,,never_reused_unprofitable,7951360,25165824,29,29,clear,33,102.535783,63.626771,,
second4,4,mixed-prompt,3,df0185e53626a173f18089df3758e48a12daedc66dded39c663e5c754f55474e,12,315.405832,0,,,never_reused_unprofitable,7951360,25165824,30,30,clear,33,99.939609,67.129991,,
second4,4,mixed-prompt,3,60bb1692df2d6db4bbe8c73f1031919bc8ba3ab791f90818fbd3c73066ad1cc2,13,315.84394,0,,,never_reused_unprofitable,7951360,25165824,31,31,clear,33,115.558592,74.787067,,
second8,4,long-long,3,9b01dea1e5ba6b0df38a1fe232e75ba1cf493e7c0357b37f5a5bbc9a1788ebaa,0,347.295771,0,,,never_reused_unprofitable,7952384,-744488960,38,38,eviction,47,113.233698,57.006036,,
second8,4,long-long,3,628ac6a92aa8861c3b0b288b391ad5cf334bfb23dc2116d65734669e34c07a47,1,317.506045,0,,,never_reused_unprofitable,7951360,-25165824,39,39,eviction,51,112.627547,63.225267,,
second8,4,long-long,3,539bf90bec3e7e87e930f382041fdf1031496ff6fd2acaaf7f7862b9415577b5,2,313.04027,0,,,never_reused_unprofitable,7951360,-2097152,40,40,eviction,52,109.278701,61.526901,,
second8,4,long-long,3,d31e501e060300f2c9dac7bdd98a538334fc71a7d6f6caa103a4539202ee37a1,3,305.594182,0,,,never_reused_unprofitable,7951360,25165824,41,41,eviction,55,114.223988,67.621239,,
second8,4,long-long,3,6cab97cbd27ce801a3781bb07664d3dc6f6fe1ef902f7139699f98fca914e2af,4,317.684635,0,,,never_reused_unprofitable,7951360,23068672,42,42,eviction,56,109.519922,70.091732,,
second8,4,long-long,3,cb3be2e12f60f9e1dca6cef76b622a38b336e0e5b60c7b0fd74cc917299570fa,5,320.624056,0,,,never_reused_unprofitable,8473600,-2097152,44,44,eviction,59,111.281732,70.342606,,
second8,4,long-long,3,4788d99eed79cc0a3954ac9152de91ebc1acdbd799d40422a7ce645afd7c9d57,6,319.645624,0,,,never_reused_unprofitable,8379392,0,45,45,eviction,60,108.582435,70.531141,,
second8,4,long-long,3,6c01fc1fe8a574d95348ec64fc6bf692c0c099f6c7dc46046c946376f3800557,7,317.655301,0,,,never_reused_unprofitable,7951360,23068672,46,46,eviction,63,121.014006,66.28174,,
second8,4,long-long,3,c87102bfa973e80926e692ad0b405af5729d462a83bce2a4a9f59e2cc4267301,8,315.311061,0,,,never_reused_unprofitable,7951360,25165824,47,47,clear,74,145.71107,64.823185,,
second8,4,long-long,3,00425a4b46d49e90fc2b771c1d4206bebed80a1df7770762dd96c95d868a003a,9,317.615257,0,,,never_reused_unprofitable,7951360,25165824,51,51,clear,74,121.51216,69.620811,,
second8,4,long-long,3,caae95964bfb9b526deb6a74b125d4a7fc57c213c8b7f877d0bc56b6ef5ceb27,10,321.756089,0,,,never_reused_unprofitable,7951360,25165824,52,52,clear,74,120.726269,62.506478,,
second8,4,long-long,3,9378d5c08316bbac0a70d48c7d852285112fff074a74839ac64e5544acd97d77,11,315.778936,0,,,never_reused_unprofitable,7951360,25165824,55,55,clear,74,121.041808,61.263318,,
second8,4,long-long,3,af2565733d1fa980349d703661c45dd47f02184dc17574e83292fea8958152ab,12,313.379459,0,,,never_reused_unprofitable,7951360,25165824,56,56,clear,74,120.873391,63.399766,,
second8,4,long-long,3,28cf8c440e16c747b96ac42e8916a473c23b2ac1b554f438d54882479a674177,13,312.922243,0,,,never_reused_unprofitable,9184256,25165824,59,59,clear,74,121.02024,71.504111,,
second8,4,long-long,3,ec9301ac45b81f96a828c8fdc0f79bb0688740d146b6e91995a58138d8856929,14,325.675114,0,,,never_reused_unprofitable,8379392,25165824,60,60,clear,74,121.06718,69.770104,,
second8,4,long-long,3,00c1ba0ed687a37443394188bd2051aaa82a57dc9ba0fd643b55ea4c49c35fda,15,330.71624,0,,,never_reused_unprofitable,7951360,25165824,63,63,clear,74,119.805873,73.856308,,
second2,4,long-long,3,9b01dea1e5ba6b0df38a1fe232e75ba1cf493e7c0357b37f5a5bbc9a1788ebaa,0,279.489393,0,,,never_reused_unprofitable,8523776,-765460480,38,38,eviction,40,107.16295,58.388878,,
second2,4,long-long,3,628ac6a92aa8861c3b0b288b391ad5cf334bfb23dc2116d65734669e34c07a47,1,259.948022,0,,,never_reused_unprofitable,8276992,23068672,39,39,eviction,41,113.777683,65.437013,,
second2,4,long-long,3,539bf90bec3e7e87e930f382041fdf1031496ff6fd2acaaf7f7862b9415577b5,2,264.244084,0,,,never_reused_unprofitable,8545280,25165824,40,40,eviction,42,109.26908,68.332595,,
second2,4,long-long,3,d31e501e060300f2c9dac7bdd98a538334fc71a7d6f6caa103a4539202ee37a1,3,264.072223,0,,,never_reused_unprofitable,7951360,25165824,41,41,eviction,44,116.489123,65.554319,,
second2,4,long-long,3,6cab97cbd27ce801a3781bb07664d3dc6f6fe1ef902f7139699f98fca914e2af,4,263.904829,0,,,never_reused_unprofitable,8545280,25165824,42,42,eviction,45,114.405961,62.300068,,
second2,4,long-long,3,cb3be2e12f60f9e1dca6cef76b622a38b336e0e5b60c7b0fd74cc917299570fa,5,330.146441,0,,,never_reused_unprofitable,7951360,25165824,44,44,eviction,46,123.330732,71.879245,,
second2,4,long-long,3,4788d99eed79cc0a3954ac9152de91ebc1acdbd799d40422a7ce645afd7c9d57,6,320.125971,0,,,never_reused_unprofitable,8973312,25165824,45,45,eviction,47,121.725069,74.409387,,
second2,4,long-long,3,6c01fc1fe8a574d95348ec64fc6bf692c0c099f6c7dc46046c946376f3800557,7,328.603469,0,,,never_reused_unprofitable,7951360,25165824,46,46,eviction,51,117.372902,49.38288,,
second2,4,long-long,3,c87102bfa973e80926e692ad0b405af5729d462a83bce2a4a9f59e2cc4267301,8,321.625526,0,,,never_reused_unprofitable,8545280,25165824,47,47,eviction,52,112.460333,39.813413,,
second2,4,long-long,3,00425a4b46d49e90fc2b771c1d4206bebed80a1df7770762dd96c95d868a003a,9,333.513257,0,,,never_reused_unprofitable,8502272,25165824,51,51,eviction,55,116.487755,67.540981,,
second2,4,long-long,3,caae95964bfb9b526deb6a74b125d4a7fc57c213c8b7f877d0bc56b6ef5ceb27,10,326.41929,0,,,never_reused_unprofitable,8811520,25165824,52,52,eviction,56,112.051094,62.004161,,
second2,4,long-long,3,9378d5c08316bbac0a70d48c7d852285112fff074a74839ac64e5544acd97d77,11,325.838036,0,,,never_reused_unprofitable,9438208,25165824,55,55,eviction,59,115.776483,73.370567,,
second2,4,long-long,3,af2565733d1fa980349d703661c45dd47f02184dc17574e83292fea8958152ab,12,316.178897,0,,,never_reused_unprofitable,8545280,25165824,56,56,eviction,60,109.242206,69.601992,,
second2,4,long-long,3,28cf8c440e16c747b96ac42e8916a473c23b2ac1b554f438d54882479a674177,13,313.4896,0,,,never_reused_unprofitable,7951360,25165824,59,59,eviction,63,116.488903,64.73157,,
second2,4,long-long,3,ec9301ac45b81f96a828c8fdc0f79bb0688740d146b6e91995a58138d8856929,14,313.659843,0,,,never_reused_unprofitable,8545280,25165824,60,60,clear,74,127.414956,66.034968,,
second2,4,long-long,3,00c1ba0ed687a37443394188bd2051aaa82a57dc9ba0fd643b55ea4c49c35fda,15,318.72192,0,,,never_reused_unprofitable,7951360,25165824,63,63,clear,74,103.07056,67.842043,,
second4,4,long-long,3,9b01dea1e5ba6b0df38a1fe232e75ba1cf493e7c0357b37f5a5bbc9a1788ebaa,0,335.970376,0,,,never_reused_unprofitable,8523776,-765460480,38,38,eviction,42,110.946828,64.625173,,
second4,4,long-long,3,628ac6a92aa8861c3b0b288b391ad5cf334bfb23dc2116d65734669e34c07a47,1,309.591709,0,,,never_reused_unprofitable,8276992,23068672,39,39,eviction,44,112.469556,66.337211,,
second4,4,long-long,3,539bf90bec3e7e87e930f382041fdf1031496ff6fd2acaaf7f7862b9415577b5,2,306.66208,0,,,never_reused_unprofitable,8545280,-2097152,40,40,eviction,45,110.669135,71.626312,,
second4,4,long-long,3,d31e501e060300f2c9dac7bdd98a538334fc71a7d6f6caa103a4539202ee37a1,3,310.720483,0,,,never_reused_unprofitable,8004608,0,41,41,eviction,46,119.837218,67.787209,,
second4,4,long-long,3,6cab97cbd27ce801a3781bb07664d3dc6f6fe1ef902f7139699f98fca914e2af,4,312.871981,0,,,never_reused_unprofitable,7951360,25165824,42,42,eviction,47,113.648108,67.212331,,
second4,4,long-long,3,cb3be2e12f60f9e1dca6cef76b622a38b336e0e5b60c7b0fd74cc917299570fa,5,312.806443,0,,,never_reused_unprofitable,7951360,25165824,44,44,eviction,51,122.599019,68.336827,,
second4,4,long-long,3,4788d99eed79cc0a3954ac9152de91ebc1acdbd799d40422a7ce645afd7c9d57,6,312.977335,0,,,never_reused_unprofitable,8545280,25165824,45,45,eviction,52,113.369975,69.989796,,
second4,4,long-long,3,6c01fc1fe8a574d95348ec64fc6bf692c0c099f6c7dc46046c946376f3800557,7,314.508404,0,,,never_reused_unprofitable,8770560,25165824,46,46,eviction,55,120.196592,69.159893,,
second4,4,long-long,3,c87102bfa973e80926e692ad0b405af5729d462a83bce2a4a9f59e2cc4267301,8,325.997179,0,,,never_reused_unprofitable,7951360,25165824,47,47,eviction,56,116.618463,71.713314,,
second4,4,long-long,3,00425a4b46d49e90fc2b771c1d4206bebed80a1df7770762dd96c95d868a003a,9,324.824966,0,,,never_reused_unprofitable,7951360,25165824,51,51,eviction,59,117.831771,73.524719,,
second4,4,long-long,3,caae95964bfb9b526deb6a74b125d4a7fc57c213c8b7f877d0bc56b6ef5ceb27,10,317.11966,0,,,never_reused_unprofitable,8854528,25165824,52,52,eviction,60,111.47918,70.980311,,
second4,4,long-long,3,9378d5c08316bbac0a70d48c7d852285112fff074a74839ac64e5544acd97d77,11,328.188203,0,,,never_reused_unprofitable,7951360,25165824,55,55,eviction,63,117.334748,73.073944,,
second4,4,long-long,3,af2565733d1fa980349d703661c45dd47f02184dc17574e83292fea8958152ab,12,321.72108,0,,,never_reused_unprofitable,7951360,25165824,56,56,clear,74,126.785343,68.227151,,
second4,4,long-long,3,28cf8c440e16c747b96ac42e8916a473c23b2ac1b554f438d54882479a674177,13,328.688641,0,,,never_reused_unprofitable,7951360,25165824,59,59,clear,74,104.928,69.962778,,
second4,4,long-long,3,ec9301ac45b81f96a828c8fdc0f79bb0688740d146b6e91995a58138d8856929,14,327.772237,0,,,never_reused_unprofitable,8938496,25165824,60,60,clear,74,106.760071,71.814246,,
second4,4,long-long,3,00c1ba0ed687a37443394188bd2051aaa82a57dc9ba0fd643b55ea4c49c35fda,15,325.074121,0,,,never_reused_unprofitable,7951360,25165824,63,63,clear,74,108.020161,71.27316,,
second4,4,mixed-prompt,4,6bcbf2e21ca193339bd4e89d52c937746ee2b73b39cd549da289dda7a0b95eb6,0,338.089023,0,,,never_reused_unprofitable,7952384,-866123776,18,18,eviction,22,120.861042,61.420907,,
second4,4,mixed-prompt,4,9b01dea1e5ba6b0df38a1fe232e75ba1cf493e7c0357b37f5a5bbc9a1788ebaa,1,334.877923,0,,,never_reused_unprofitable,8983552,20971520,19,19,eviction,23,111.122443,62.944359,,
second4,4,mixed-prompt,4,628ac6a92aa8861c3b0b288b391ad5cf334bfb23dc2116d65734669e34c07a47,2,316.475505,0,,,never_reused_unprofitable,8737792,-16777216,20,20,eviction,24,113.036952,64.979127,,
second4,4,mixed-prompt,4,539bf90bec3e7e87e930f382041fdf1031496ff6fd2acaaf7f7862b9415577b5,3,318.568966,0,,,never_reused_unprofitable,7986176,-4194304,21,21,eviction,25,117.999704,65.966539,,
second4,4,mixed-prompt,4,d31e501e060300f2c9dac7bdd98a538334fc71a7d6f6caa103a4539202ee37a1,4,352.895526,0,,,never_reused_unprofitable,7951360,25165824,22,22,eviction,26,112.07719,75.361272,,
second4,4,mixed-prompt,4,6cab97cbd27ce801a3781bb07664d3dc6f6fe1ef902f7139699f98fca914e2af,5,322.950059,0,,,never_reused_unprofitable,8983552,25165824,23,23,eviction,27,115.22534,70.044042,,
second4,4,mixed-prompt,4,f3b1cdd0c7f8344cc3c68634e3d1ae1e2ade7bd17a45728219bbec04f2d2b811,6,324.863824,0,,,never_reused_unprofitable,8737792,25165824,24,24,eviction,28,113.293475,71.692474,,
second4,4,mixed-prompt,4,f2394e92f41e2f2ce58956a9810e1e6295f9aa7a18e981abe07b785b5140c66a,7,319.269162,0,,,never_reused_unprofitable,7951360,25165824,25,25,eviction,29,111.080749,68.32542,,
second4,4,mixed-prompt,4,17f7dc6ccc99c870912f2dba15c1f34bfc0d0a8c0b494fef85162430d8b7aa29,8,326.120783,0,,,never_reused_unprofitable,7951360,25165824,26,26,eviction,30,119.063829,71.492734,,
second4,4,mixed-prompt,4,7c9f1e90b9e4ec276463d50df150c12dc21878b4d32ce6486fb946433e65b4b3,9,325.871686,0,,,never_reused_unprofitable,7951360,25165824,27,27,eviction,31,121.622068,66.860176,,
second4,4,mixed-prompt,4,90f8983962b579eefdb0f8b18bfa78fde40ca658106429b6ade0a14717a23845,10,319.843092,0,,,never_reused_unprofitable,8791040,25165824,28,28,clear,33,122.63517,73.270181,,
second4,4,mixed-prompt,4,fff5b1266da00ddb94380fb2ecbda412a4355286533383c8571ea12fad5cb0fe,11,331.797448,0,,,never_reused_unprofitable,7951360,25165824,29,29,clear,33,106.937308,70.147389,,
second4,4,mixed-prompt,4,df0185e53626a173f18089df3758e48a12daedc66dded39c663e5c754f55474e,12,325.346005,0,,,never_reused_unprofitable,7951360,25165824,30,30,clear,33,100.580735,65.916053,,
second4,4,mixed-prompt,4,60bb1692df2d6db4bbe8c73f1031919bc8ba3ab791f90818fbd3c73066ad1cc2,13,324.837417,0,,,never_reused_unprofitable,7951360,25165824,31,31,clear,33,108.929471,69.44806,,
second4,4,short-short,4,12b5cffa1272a38942ed8a15be92ea99538f2677ed4ef19ed3c41214091fbfca,0,345.938044,0,,,never_reused_unprofitable,7952384,-362807296,12,12,clear,21,122.078467,69.627352,,
second4,4,short-short,4,c70c671520c2e680c84c99ff87e9c62ceb26c69cc816eb2298765faf75fbdded,1,308.236144,0,,,never_reused_unprofitable,8035328,2097152,13,13,clear,21,110.19298,68.143607,,
second4,4,short-short,4,fa1491442a1099a1ae9689eafa66011b4961e759b79b516a223825c2a2e6c1c0,2,314.589734,0,,,never_reused_unprofitable,7951360,25165824,16,16,clear,21,101.412363,66.277977,,
second4,4,short-short,4,21a42e929af660d3013d5cb119e4df2e78342f194c90c340da8399d885c2fbdd,3,313.90246,0,,,never_reused_unprofitable,7951360,23068672,17,17,clear,21,111.442465,65.128536,,
second4,4,short-long,4,8474ca2202d0889a3e88411f7172ec7c9a3f9104fdc7085854bed1ac397051ad,0,329.135653,0,,,never_reused_unprofitable,7952384,-83886080,66,66,clear,78,119.622264,56.649859,,
second4,4,short-long,4,de5f9555ab1291c92ac8e66164e6bad65f73e9a315713bb1986f4963d8cb4e99,1,320.889057,0,,,never_reused_unprofitable,8745984,25165824,67,67,clear,78,103.776302,58.504764,,
second4,4,short-long,4,e2f70913559a42dde4db3a359b1abbffd786ac671086130302b29cd9d7e802fe,2,321.335174,0,,,never_reused_unprofitable,7951360,4194304,68,68,clear,78,101.434078,57.417731,,
second4,4,long-short,4,9b01dea1e5ba6b0df38a1fe232e75ba1cf493e7c0357b37f5a5bbc9a1788ebaa,0,321.855609,0,,,never_reused_unprofitable,7952384,-767557632,10,10,eviction,14,108.082879,60.462605,,
second4,4,long-short,4,628ac6a92aa8861c3b0b288b391ad5cf334bfb23dc2116d65734669e34c07a47,1,307.357772,0,,,never_reused_unprofitable,7951360,-25165824,11,11,eviction,15,107.973703,67.826178,,
second4,4,long-short,4,539bf90bec3e7e87e930f382041fdf1031496ff6fd2acaaf7f7862b9415577b5,2,306.116189,0,,,never_reused_unprofitable,8944640,-27262976,12,12,clear,18,119.082847,67.002101,,
second4,4,long-short,4,d31e501e060300f2c9dac7bdd98a538334fc71a7d6f6caa103a4539202ee37a1,3,309.876542,0,,,never_reused_unprofitable,7951360,0,13,13,clear,18,100.735023,65.149848,,
second4,4,long-short,4,6cab97cbd27ce801a3781bb07664d3dc6f6fe1ef902f7139699f98fca914e2af,4,314.668304,0,,,never_reused_unprofitable,7951360,25165824,14,14,clear,18,99.291811,70.155977,,
second4,4,long-short,4,f3b1cdd0c7f8344cc3c68634e3d1ae1e2ade7bd17a45728219bbec04f2d2b811,5,313.45374,0,,,never_reused_unprofitable,8778752,25165824,15,15,clear,18,100.807951,62.620499,,
second4,4,long-long,4,628ac6a92aa8861c3b0b288b391ad5cf334bfb23dc2116d65734669e34c07a47,0,326.327632,0,,,never_reused_unprofitable,8785920,-775946240,37,37,eviction,48,116.900785,63.540141,,
second4,4,long-long,4,f3b1cdd0c7f8344cc3c68634e3d1ae1e2ade7bd17a45728219bbec04f2d2b811,1,317.720773,0,,,never_reused_unprofitable,8666112,-29360128,42,42,eviction,49,113.631276,73.339397,,
second4,4,long-long,4,609d5c035fedb8e05ffab851d6a50f84a81c8c747672433622610582b29ffab1,2,342.110251,0,,,never_reused_unprofitable,8842240,25165824,46,46,eviction,54,115.784462,71.190095,,
second4,4,long-long,4,cbc563abfe28c6b0464e595c735a982da3de0cf4f7a645626844e823925468f5,3,313.093801,0,,,never_reused_unprofitable,7951360,25165824,47,47,eviction,58,115.377835,73.044313,,
second4,4,long-long,4,9e0b563f51d085fdb80ba4b23eee5ab4f0fc2c6a66064f7a1627489d379ca922,4,326.383922,0,,,never_reused_unprofitable,7951360,25165824,48,48,eviction,62,114.643097,71.534544,,
second4,4,long-long,4,e76573d808a32d130aff8fe32eeb95b5117d5d5d65310094240ce74fa982042f,5,329.61405,0,,,never_reused_unprofitable,7951360,25165824,49,49,eviction,63,115.019615,64.628504,,
second4,4,long-long,4,51a6f43ab3cfd61724724fb41ce51c595ae698eef8a8e7a418f78d02bdd0964d,6,330.306559,0,,,never_reused_unprofitable,7951360,25165824,54,54,eviction,64,109.171089,69.511621,,
second4,4,long-long,4,ffe00e1a95d1b09604e637ae8f4b3fb4779c731a422be40b19030214e7cf4076,7,331.260112,0,,,never_reused_unprofitable,8569856,25165824,58,58,eviction,65,108.990385,73.862225,,
second4,4,long-long,4,ba1e796a46624d8f37b7a3785ecff8f685cbc9ff7fe93ff401bf070612188f3b,8,325.743884,0,,,never_reused_unprofitable,7951360,25165824,62,62,eviction,70,113.720258,71.498879,,
second4,4,long-long,4,18233188cde33116a33e0087ff7b359c39ce029d56b4e412b06a500c204d035c,9,326.581769,0,,,never_reused_unprofitable,8641536,25165824,63,63,clear,73,122.937554,67.716137,,
second4,4,long-long,4,7bb2ece6e7bbe5e6ad0fb5b826add612b147911127c0341203f346bc3de1fe22,10,311.333318,0,,,never_reused_unprofitable,7951360,25165824,64,64,clear,73,101.346246,72.940602,,
second4,4,long-long,4,557aa8e26f40ff45cc6cee90c70f6a2ba162feeb606d45948f7a1cd8ec8256ba,11,322.54878,0,,,never_reused_unprofitable,8346624,25165824,65,65,clear,73,100.792446,66.737179,,
second4,4,long-long,4,ba58cc6ce4a0160ba822dbda17f743a1078fb415e7cec899d47dd17db98f4f1b,12,322.49242,0,,,never_reused_unprofitable,7951360,25165824,70,70,clear,73,100.6279,66.068281,,
second2,4,long-long,4,628ac6a92aa8861c3b0b288b391ad5cf334bfb23dc2116d65734669e34c07a47,0,320.80038,0,,,never_reused_unprofitable,8785920,-775946240,37,37,eviction,46,111.412863,76.746615,,
second2,4,long-long,4,f3b1cdd0c7f8344cc3c68634e3d1ae1e2ade7bd17a45728219bbec04f2d2b811,1,313.961413,0,,,never_reused_unprofitable,8666112,-29360128,42,42,eviction,47,108.842564,71.253292,,
second2,4,long-long,4,609d5c035fedb8e05ffab851d6a50f84a81c8c747672433622610582b29ffab1,2,314.214424,0,,,never_reused_unprofitable,8842240,25165824,46,46,eviction,48,108.535922,55.713401,,
second2,4,long-long,4,cbc563abfe28c6b0464e595c735a982da3de0cf4f7a645626844e823925468f5,3,311.654459,0,,,never_reused_unprofitable,7951360,25165824,47,47,eviction,49,109.967644,56.493347,,
second2,4,long-long,4,9e0b563f51d085fdb80ba4b23eee5ab4f0fc2c6a66064f7a1627489d379ca922,4,310.919596,0,,,never_reused_unprofitable,8725504,25165824,48,48,eviction,54,114.324198,55.899684,,
second2,4,long-long,4,e76573d808a32d130aff8fe32eeb95b5117d5d5d65310094240ce74fa982042f,5,325.743368,0,,,never_reused_unprofitable,7951360,25165824,49,49,eviction,58,118.792325,55.979512,,
second2,4,long-long,4,51a6f43ab3cfd61724724fb41ce51c595ae698eef8a8e7a418f78d02bdd0964d,6,310.820257,0,,,never_reused_unprofitable,7951360,25165824,54,54,eviction,62,119.66504,56.083944,,
second2,4,long-long,4,ffe00e1a95d1b09604e637ae8f4b3fb4779c731a422be40b19030214e7cf4076,7,317.892136,0,,,never_reused_unprofitable,7951360,25165824,58,58,eviction,63,112.483752,55.916214,,
second2,4,long-long,4,ba1e796a46624d8f37b7a3785ecff8f685cbc9ff7fe93ff401bf070612188f3b,8,324.021216,0,,,never_reused_unprofitable,7951360,25165824,62,62,eviction,64,112.645926,55.480774,,
second2,4,long-long,4,18233188cde33116a33e0087ff7b359c39ce029d56b4e412b06a500c204d035c,9,319.156205,0,,,never_reused_unprofitable,7951360,25165824,63,63,eviction,65,112.997774,55.497009,,
second2,4,long-long,4,7bb2ece6e7bbe5e6ad0fb5b826add612b147911127c0341203f346bc3de1fe22,10,321.14111,0,,,never_reused_unprofitable,7951360,25165824,64,64,eviction,70,123.905543,55.105281,,
second2,4,long-long,4,557aa8e26f40ff45cc6cee90c70f6a2ba162feeb606d45948f7a1cd8ec8256ba,11,319.099103,0,,,never_reused_unprofitable,7951360,25165824,65,65,clear,73,124.421634,55.172306,,
second2,4,long-long,4,ba58cc6ce4a0160ba822dbda17f743a1078fb415e7cec899d47dd17db98f4f1b,12,324.21472,0,,,never_reused_unprofitable,7951360,25165824,70,70,clear,73,107.981847,55.435987,,
second8,4,long-long,4,628ac6a92aa8861c3b0b288b391ad5cf334bfb23dc2116d65734669e34c07a47,0,334.853454,0,,,never_reused_unprofitable,8785920,-775946240,37,37,eviction,62,112.590596,71.446443,,
second8,4,long-long,4,f3b1cdd0c7f8344cc3c68634e3d1ae1e2ade7bd17a45728219bbec04f2d2b811,1,307.339772,0,,,never_reused_unprofitable,8666112,-29360128,42,42,eviction,63,108.253918,65.454831,,
second8,4,long-long,4,609d5c035fedb8e05ffab851d6a50f84a81c8c747672433622610582b29ffab1,2,315.153856,0,,,never_reused_unprofitable,8842240,25165824,46,46,eviction,64,108.316701,73.616942,,
second8,4,long-long,4,cbc563abfe28c6b0464e595c735a982da3de0cf4f7a645626844e823925468f5,3,306.312368,0,,,never_reused_unprofitable,7951360,25165824,47,47,eviction,65,114.114225,70.99613,,
second8,4,long-long,4,9e0b563f51d085fdb80ba4b23eee5ab4f0fc2c6a66064f7a1627489d379ca922,4,309.763088,0,,,never_reused_unprofitable,7951360,23068672,48,48,eviction,70,114.77114,67.378991,,
second8,4,long-long,4,e76573d808a32d130aff8fe32eeb95b5117d5d5d65310094240ce74fa982042f,5,306.416445,0,,,never_reused_unprofitable,7951360,-2097152,49,49,clear,73,132.563966,65.162027,,
second8,4,long-long,4,51a6f43ab3cfd61724724fb41ce51c595ae698eef8a8e7a418f78d02bdd0964d,6,312.006619,0,,,never_reused_unprofitable,7951360,-27262976,54,54,clear,73,100.419544,67.970879,,
second8,4,long-long,4,ffe00e1a95d1b09604e637ae8f4b3fb4779c731a422be40b19030214e7cf4076,7,311.103875,0,,,never_reused_unprofitable,7951360,-4194304,58,58,clear,73,100.367534,73.684045,,
second8,4,long-long,4,ba1e796a46624d8f37b7a3785ecff8f685cbc9ff7fe93ff401bf070612188f3b,8,314.507563,0,,,never_reused_unprofitable,8821760,25165824,62,62,clear,73,99.809264,64.349658,,
second8,4,long-long,4,18233188cde33116a33e0087ff7b359c39ce029d56b4e412b06a500c204d035c,9,315.506538,0,,,never_reused_unprofitable,7951360,25165824,63,63,clear,73,100.981208,69.952858,,
second8,4,long-long,4,7bb2ece6e7bbe5e6ad0fb5b826add612b147911127c0341203f346bc3de1fe22,10,327.686647,0,,,never_reused_unprofitable,8842240,25165824,64,64,clear,73,102.711373,65.113509,,
second8,4,long-long,4,557aa8e26f40ff45cc6cee90c70f6a2ba162feeb606d45948f7a1cd8ec8256ba,11,317.8769,0,,,never_reused_unprofitable,8369152,25165824,65,65,clear,73,101.981862,71.508958,,
second8,4,long-long,4,ba58cc6ce4a0160ba822dbda17f743a1078fb415e7cec899d47dd17db98f4f1b,12,317.36903,0,,,never_reused_unprofitable,8379392,25165824,70,70,clear,73,100.882747,61.992707,,
