completed_requests,verification,unique_keys,reusable_keys
0,0,1,0
0,1,2,0
0,2,3,0
0,3,4,0
1,4,4,1
1,5,4,2
1,6,5,2
1,7,6,2
1,8,7,2
1,9,8,2
1,10,9,2
1,11,10,2
1,12,10,2
2,13,10,2
2,14,10,2
2,15,10,3
2,16,11,3
2,17,12,3
2,18,13,3
2,19,13,4
2,20,14,4
2,21,15,4
2,22,16,4
2,23,17,4
2,24,18,4
2,25,19,4
2,26,20,4
2,27,21,4
2,28,22,4
3,29,22,4
3,30,22,4
3,31,22,4
3,32,22,5
3,33,22,6
3,34,22,7
3,35,22,7
3,36,23,7
3,37,24,7
3,38,25,7
3,39,26,7
3,40,27,7
3,41,28,7
3,42,29,7
3,43,30,7
3,44,31,7
3,45,32,7
3,46,33,7
3,47,34,7
3,48,35,7
3,49,36,7
3,50,37,7
3,51,38,7
3,52,39,7
3,53,40,7
3,54,41,7
3,55,42,7
3,56,43,7
3,57,44,7
3,58,45,7
3,59,46,7
3,60,47,7
3,61,48,7
3,62,48,7
4,63,48,7
4,64,48,7
4,65,48,7
4,66,48,7
5,67,48,7
5,68,48,7
5,69,48,7
5,70,48,7
5,71,48,7
5,72,48,7
5,73,48,8
5,74,49,8
5,75,49,8
6,76,49,8
6,77,49,8
6,78,49,8
6,79,49,9
6,80,50,9
6,81,51,9
6,82,52,9
6,83,52,10
6,84,52,11
6,85,52,12
6,86,52,13
6,87,52,14
6,88,52,15
6,89,52,16
6,90,52,17
6,91,52,18
7,92,52,18
7,93,52,18
7,94,52,18
7,95,52,18
7,96,52,19
7,97,52,20
7,98,52,20
7,99,52,21
7,100,52,22
7,101,52,23
7,102,52,24
7,103,52,25
7,104,53,25
7,105,54,25
7,106,55,25
7,107,56,25
7,108,56,26
7,109,56,27
7,110,56,28
7,111,56,29
7,112,57,29
7,113,58,29
7,114,59,29
7,115,60,29
7,116,60,30
7,117,61,30
7,118,62,30
7,119,63,30
7,120,63,31
7,121,64,31
7,122,65,31
7,123,66,31
7,124,66,32
7,125,67,32
7,126,68,32
7,127,68,32
7,128,68,32
8,129,68,32
8,130,69,32
8,131,69,33
8,132,69,33
9,133,69,33
9,134,69,33
9,135,69,33
9,136,69,33
9,137,69,33
9,138,69,33
9,139,69,33
9,140,69,33
10,141,69,33
10,142,69,33
10,143,69,33
10,144,69,33
10,145,69,33
10,146,69,33
10,147,69,34
10,148,69,34
10,149,69,34
10,150,69,34
10,151,69,34
10,152,69,34
10,153,69,34
10,154,69,34
10,155,69,34
10,156,69,34
11,157,69,34
11,158,69,34
11,159,69,34
11,160,69,34
11,161,69,34
11,162,69,34
11,163,69,34
11,164,69,34
11,165,69,34
11,166,69,34
11,167,69,34
11,168,69,35
11,169,69,36
11,170,69,37
11,171,69,37
11,172,69,37
11,173,69,37
11,174,69,37
11,175,69,38
11,176,69,39
11,177,69,40
11,178,69,40
11,179,69,41
11,180,69,42
11,181,69,43
11,182,69,44
11,183,69,45
11,184,69,46
11,185,69,46
11,186,69,47
11,187,69,48
11,188,69,48
12,189,69,48
12,190,69,48
12,191,69,48
12,192,69,48
13,193,69,48
13,194,69,48
13,195,69,48
13,196,69,48
13,197,69,48
13,198,69,48
13,199,69,48
13,200,69,48
13,201,69,48
14,202,69,48
14,203,69,48
14,204,69,48
14,205,69,48
14,206,69,49
14,207,69,50
14,208,69,50
14,209,69,50
14,210,69,50
14,211,69,50
14,212,69,50
14,213,69,50
14,214,69,50
14,215,69,50
14,216,69,50
14,217,69,50
15,218,69,50
15,219,69,50
15,220,69,50
15,221,69,50
15,222,69,50
15,223,69,50
15,224,69,50
15,225,69,50
15,226,69,50
15,227,69,50
15,228,69,50
15,229,69,50
15,230,69,50
15,231,69,50
15,232,69,50
15,233,69,50
15,234,69,50
15,235,69,50
15,236,69,50
15,237,69,50
15,238,69,50
15,239,69,50
15,240,69,50
15,241,69,50
15,242,69,51
15,243,69,51
15,244,69,52
15,245,69,53
15,246,69,53
15,247,69,53
15,248,69,53
15,249,69,53
15,250,69,53
16,251,69,53
16,252,69,53
16,253,69,53
16,254,69,53
17,255,69,53
17,256,69,53
17,257,69,53
17,258,69,53
17,259,69,53
17,260,69,53
17,261,69,53
17,262,69,53
18,263,69,53
18,264,69,53
18,265,69,53
18,266,69,53
18,267,69,53
18,268,69,53
18,269,69,53
18,270,69,53
18,271,69,53
18,272,70,53
18,273,71,53
18,274,72,53
18,275,73,53
18,276,73,53
18,277,73,53
18,278,73,53
18,279,73,53
18,280,73,53
19,281,73,53
19,282,73,53
19,283,73,53
19,284,73,53
19,285,73,53
19,286,73,53
19,287,73,53
19,288,73,53
19,289,74,53
19,290,75,53
19,291,76,53
19,292,76,54
19,293,76,55
19,294,76,56
19,295,76,57
19,296,77,57
19,297,78,57
19,298,78,57
19,299,78,57
19,300,78,57
19,301,78,57
19,302,78,58
19,303,78,59
19,304,78,60
19,305,78,61
19,306,78,61
19,307,78,61
19,308,78,61
19,309,78,61
19,310,78,61
19,311,78,62
19,312,78,63
19,313,78,64
19,314,78,65
19,315,78,65
20,316,78,65
20,317,78,65
20,318,78,65
20,319,78,65
21,320,78,65
21,321,78,65
21,322,78,65
21,323,78,65
21,324,78,65
21,325,78,65
21,326,78,65
21,327,78,65
22,328,78,65
22,329,78,66
22,330,78,66
22,331,78,66
22,332,78,66
22,333,79,66
22,334,80,66
22,335,81,66
22,336,82,66
22,337,82,67
22,338,82,68
22,339,82,69
22,340,82,70
22,341,83,70
22,342,84,70
22,343,85,70
22,344,85,70
23,345,85,70
23,346,85,70
23,347,85,70
23,348,85,70
23,349,85,70
23,350,85,70
23,351,85,70
23,352,85,70
23,353,85,70
23,354,85,70
23,355,85,70
23,356,85,70
23,357,85,70
23,358,85,70
23,359,85,70
23,360,85,70
23,361,85,70
23,362,85,70
23,363,85,70
23,364,85,70
23,365,85,70
23,366,85,70
23,367,85,70
23,368,85,70
23,369,85,70
23,370,85,70
23,371,85,70
23,372,85,70
23,373,85,70
23,374,85,70
23,375,85,70
23,376,85,70
24,377,85,70
24,378,85,70
24,379,85,70
24,380,85,70
25,381,85,70
25,382,85,70
25,383,85,70
25,384,85,70
25,385,85,70
25,386,85,70
25,387,85,70
25,388,85,70
26,389,85,70
26,390,85,70
26,391,85,70
26,392,85,70
26,393,85,70
26,394,85,70
26,395,85,70
26,396,85,70
26,397,85,70
26,398,85,70
26,399,85,70
26,400,85,70
26,401,85,70
26,402,85,70
26,403,85,70
26,404,85,71
26,405,85,71
27,406,85,71
27,407,85,71
27,408,85,71
27,409,85,71
27,410,85,71
27,411,85,71
27,412,85,71
27,413,85,71
27,414,85,72
27,415,85,72
27,416,85,72
27,417,85,72
27,418,85,72
27,419,85,72
27,420,85,72
27,421,85,72
27,422,85,73
27,423,85,73
27,424,85,73
27,425,85,73
27,426,85,73
27,427,85,74
27,428,85,74
27,429,85,74
27,430,85,74
27,431,85,74
27,432,85,74
27,433,85,74
27,434,85,74
27,435,85,74
27,436,85,74
27,437,85,74
27,438,85,74
27,439,85,74
27,440,85,74
27,441,85,74
28,442,85,74
28,443,85,74
28,444,85,74
28,445,85,74
29,446,85,74
29,447,85,74
29,448,85,74
29,449,85,74
29,450,85,74
29,451,85,74
29,452,85,74
29,453,85,74
30,454,85,74
30,455,85,74
30,456,85,74
30,457,85,74
30,458,85,74
30,459,85,74
30,460,85,74
30,461,85,74
30,462,85,74
30,463,85,74
30,464,85,74
30,465,85,74
30,466,85,74
30,467,85,74
30,468,85,74
30,469,85,74
31,470,85,74
31,471,85,74
31,472,85,74
31,473,85,74
31,474,85,74
31,475,85,74
31,476,85,74
31,477,85,74
31,478,85,74
31,479,85,74
31,480,85,74
31,481,85,74
31,482,85,74
31,483,85,74
31,484,85,74
31,485,85,74
31,486,85,74
31,487,85,74
31,488,85,74
31,489,85,74
31,490,85,74
31,491,85,74
31,492,85,74
31,493,85,74
31,494,85,74
31,495,85,74
31,496,85,74
31,497,85,74
31,498,85,74
31,499,85,74
31,500,85,74
31,501,85,74
32,502,85,74
32,503,85,74
32,504,85,74
32,505,85,74
33,506,85,74
33,507,85,74
33,508,85,74
33,509,85,74
33,510,85,74
33,511,85,74
33,512,85,74
33,513,85,74
33,514,85,74
34,515,85,74
34,516,85,74
34,517,85,74
34,518,85,74
34,519,85,74
34,520,85,74
34,521,85,74
34,522,85,74
34,523,85,74
34,524,85,74
34,525,85,74
34,526,85,74
34,527,85,74
34,528,85,74
34,529,85,74
34,530,85,74
35,531,85,74
35,532,85,74
35,533,85,74
35,534,85,74
35,535,85,74
35,536,85,74
35,537,85,74
35,538,85,74
35,539,85,74
35,540,85,74
35,541,85,74
35,542,85,74
35,543,85,74
35,544,85,74
35,545,85,74
35,546,85,74
35,547,85,74
35,548,85,74
35,549,85,74
35,550,85,74
35,551,85,74
35,552,85,74
35,553,85,74
35,554,85,74
35,555,85,74
35,556,85,74
35,557,85,74
35,558,85,74
35,559,85,74
35,560,85,74
35,561,85,74
35,562,85,74
36,563,85,74
36,564,85,74
36,565,85,74
36,566,85,74
37,567,85,74
37,568,85,74
37,569,85,74
37,570,85,74
37,571,85,74
37,572,85,74
37,573,85,74
37,574,85,74
38,575,85,74
38,576,85,74
38,577,85,74
38,578,85,74
38,579,85,74
38,580,85,74
38,581,85,74
38,582,85,74
38,583,85,74
38,584,85,74
38,585,85,74
38,586,85,74
38,587,85,74
38,588,85,74
38,589,85,74
38,590,85,74
39,591,85,74
39,592,85,74
39,593,85,74
39,594,85,74
39,595,85,74
39,596,85,74
39,597,85,74
39,598,85,74
39,599,85,74
39,600,85,74
39,601,85,74
39,602,85,74
39,603,85,74
39,604,85,74
39,605,85,74
39,606,85,74
39,607,86,74
39,608,87,74
39,609,88,74
39,610,89,74
39,611,90,74
39,612,91,74
39,613,92,74
39,614,93,74
39,615,94,74
39,616,95,74
39,617,96,74
39,618,97,74
39,619,98,74
39,620,99,74
39,621,100,74
39,622,101,74
40,623,101,74
40,624,101,74
40,625,101,74
40,626,101,74
41,627,101,74
41,628,101,74
41,629,101,74
41,630,101,74
41,631,101,74
41,632,101,74
41,633,101,74
41,634,101,74
42,635,101,74
42,636,101,74
42,637,101,74
42,638,101,74
42,639,101,74
42,640,101,74
42,641,101,74
42,642,101,74
42,643,101,74
42,644,101,74
42,645,101,74
42,646,101,74
42,647,101,74
42,648,101,74
42,649,101,74
42,650,101,74
43,651,101,74
43,652,101,74
43,653,101,74
43,654,101,74
43,655,101,74
43,656,101,74
43,657,101,74
43,658,101,74
43,659,101,74
43,660,101,74
43,661,101,74
43,662,101,74
43,663,101,74
43,664,101,74
43,665,101,74
43,666,101,74
43,667,101,75
43,668,101,76
43,669,101,77
43,670,101,78
43,671,101,79
43,672,101,80
43,673,101,81
43,674,101,82
43,675,101,83
43,676,101,84
43,677,101,85
43,678,101,86
43,679,101,87
43,680,101,88
43,681,101,89
43,682,101,90
44,683,101,90
44,684,101,90
44,685,101,90
44,686,101,90
44,687,101,90
45,688,101,90
45,689,101,90
45,690,101,90
45,691,101,90
45,692,101,90
45,693,101,90
45,694,101,90
45,695,101,90
46,696,101,90
46,697,101,90
46,698,101,90
46,699,101,90
46,700,101,90
46,701,101,90
46,702,101,90
46,703,101,90
46,704,101,90
46,705,101,90
46,706,101,90
46,707,101,90
46,708,101,90
46,709,101,90
46,710,101,90
46,711,101,90
47,712,101,90
47,713,101,90
47,714,101,90
47,715,101,90
47,716,101,90
47,717,101,90
47,718,101,90
47,719,101,90
47,720,101,90
47,721,101,90
47,722,101,90
47,723,101,90
47,724,101,90
47,725,101,90
47,726,101,90
47,727,101,90
47,728,101,90
47,729,101,90
47,730,101,90
47,731,101,90
47,732,101,90
47,733,101,90
47,734,101,90
47,735,101,90
47,736,101,90
47,737,101,90
47,738,101,90
47,739,101,90
47,740,101,90
47,741,101,90
47,742,101,90
47,743,101,90
48,744,101,90
48,745,101,90
48,746,101,90
48,747,101,90
49,748,101,90
49,749,101,90
49,750,101,90
49,751,101,90
49,752,101,90
49,753,101,90
49,754,101,90
49,755,101,90
49,756,101,90
50,757,101,90
50,758,101,90
50,759,101,90
50,760,101,90
50,761,101,90
50,762,101,90
50,763,101,90
50,764,101,90
50,765,101,90
50,766,101,91
50,767,101,92
50,768,101,92
50,769,101,92
50,770,101,92
50,771,101,92
50,772,101,92
50,773,101,92
51,774,101,92
51,775,101,92
51,776,101,92
51,777,101,92
51,778,101,92
51,779,101,92
51,780,101,92
51,781,101,92
51,782,101,92
51,783,101,92
51,784,101,92
51,785,101,92
51,786,101,92
51,787,101,92
51,788,101,92
51,789,101,92
51,790,101,92
51,791,101,92
51,792,101,92
51,793,101,92
51,794,101,92
51,795,101,92
51,796,101,92
51,797,101,92
51,798,101,92
51,799,101,92
51,800,101,92
51,801,101,92
51,802,101,92
51,803,101,92
51,804,101,92
51,805,101,92
52,806,101,92
52,807,101,92
52,808,101,92
52,809,101,92
53,810,101,92
53,811,101,92
53,812,101,92
53,813,101,92
53,814,101,92
53,815,101,92
53,816,101,92
53,817,101,92
54,818,101,92
54,819,101,92
54,820,101,92
54,821,101,92
54,822,101,92
54,823,101,92
54,824,101,92
54,825,101,92
54,826,101,92
54,827,101,92
54,828,101,92
54,829,101,92
54,830,101,92
54,831,101,92
54,832,101,92
54,833,101,92
55,834,101,92
55,835,101,92
55,836,101,92
55,837,101,92
55,838,101,92
55,839,101,92
55,840,101,92
55,841,101,92
55,842,101,92
55,843,101,92
55,844,101,92
55,845,101,92
55,846,101,92
55,847,101,92
55,848,101,92
55,849,101,92
55,850,101,92
55,851,102,92
55,852,103,92
55,853,104,92
55,854,105,92
55,855,105,92
55,856,105,92
55,857,105,92
55,858,105,92
55,859,105,92
55,860,105,92
55,861,105,92
55,862,105,92
55,863,105,92
55,864,105,92
55,865,105,92
55,866,106,92
55,867,107,92
55,868,107,92
56,869,107,92
56,870,107,92
56,871,107,92
56,872,107,92
57,873,107,92
57,874,107,92
57,875,107,92
57,876,107,92
57,877,107,92
57,878,107,92
57,879,107,92
57,880,107,92
58,881,107,92
58,882,107,92
58,883,107,92
58,884,107,92
58,885,107,92
58,886,107,92
58,887,107,92
58,888,107,92
58,889,107,92
58,890,107,92
58,891,107,92
58,892,107,92
58,893,107,92
58,894,107,92
58,895,107,92
58,896,107,92
59,897,107,92
59,898,107,92
59,899,107,92
59,900,107,92
59,901,107,92
59,902,107,93
59,903,107,94
59,904,107,95
59,905,107,96
59,906,107,96
59,907,107,96
59,908,107,96
59,909,107,96
59,910,107,96
59,911,107,96
59,912,107,96
59,913,107,96
59,914,107,96
59,915,107,96
59,916,107,96
59,917,107,96
59,918,107,96
59,919,107,96
59,920,107,96
59,921,107,96
59,922,107,96
59,923,107,96
59,924,107,96
59,925,107,96
59,926,107,96
59,927,107,96
59,928,107,96
59,929,107,96
60,930,107,96
60,931,107,96
60,932,107,96
60,933,107,96
61,934,107,96
61,935,107,96
61,936,107,96
61,937,107,96
61,938,107,96
61,939,107,96
61,940,107,96
61,941,107,96
62,942,107,96
62,943,107,96
62,944,107,96
62,945,107,96
62,946,107,96
62,947,107,96
62,948,107,96
62,949,107,96
62,950,107,96
62,951,107,96
62,952,107,96
62,953,107,96
62,954,107,96
62,955,107,96
62,956,107,96
62,957,107,96
63,958,107,96
63,959,107,96
63,960,107,96
63,961,107,96
63,962,107,96
63,963,107,96
63,964,107,96
63,965,107,96
63,966,107,96
63,967,107,96
63,968,107,96
63,969,107,96
63,970,107,96
63,971,107,96
63,972,107,96
63,973,107,96
63,974,107,96
63,975,107,96
63,976,107,96
63,977,107,96
63,978,107,96
63,979,107,96
63,980,107,96
63,981,107,96
63,982,107,96
63,983,107,96
63,984,107,96
63,985,107,96
63,986,107,96
63,987,107,96
63,988,107,96
63,989,107,96
64,990,107,96
64,991,107,96
64,992,107,96
64,993,107,96
65,994,107,96
65,995,107,96
65,996,107,96
65,997,107,96
65,998,107,96
65,999,107,96
65,1000,107,96
65,1001,107,96
66,1002,107,96
66,1003,107,96
66,1004,107,96
66,1005,107,96
66,1006,107,96
66,1007,107,96
66,1008,107,96
66,1009,107,96
66,1010,107,96
66,1011,107,96
66,1012,107,96
66,1013,107,96
66,1014,107,96
66,1015,107,96
66,1016,107,96
66,1017,107,96
67,1018,107,96
67,1019,107,96
67,1020,107,96
67,1021,107,96
67,1022,107,96
67,1023,107,96
67,1024,107,96
67,1025,107,96
67,1026,107,96
67,1027,107,96
67,1028,107,96
67,1029,107,96
67,1030,107,96
67,1031,107,96
67,1032,107,96
67,1033,107,96
67,1034,107,96
67,1035,107,96
67,1036,107,97
67,1037,107,98
67,1038,108,98
67,1039,109,98
67,1040,109,98
67,1041,109,98
67,1042,109,98
67,1043,109,98
67,1044,110,98
67,1045,111,98
67,1046,112,98
67,1047,113,98
67,1048,113,98
67,1049,113,98
67,1050,113,98
67,1051,113,98
67,1052,113,98
68,1053,113,98
68,1054,113,98
68,1055,113,98
68,1056,113,98
69,1057,113,98
69,1058,113,98
69,1059,113,98
69,1060,113,98
69,1061,113,98
69,1062,113,98
69,1063,113,98
69,1064,113,98
70,1065,113,98
70,1066,113,98
70,1067,113,98
70,1068,113,98
70,1069,113,98
70,1070,113,98
70,1071,113,98
70,1072,113,98
70,1073,113,98
70,1074,113,98
70,1075,113,98
70,1076,113,98
70,1077,113,98
70,1078,113,98
70,1079,113,98
70,1080,113,98
71,1081,113,98
71,1082,113,98
71,1083,113,98
71,1084,113,98
71,1085,113,98
71,1086,113,98
71,1087,113,98
71,1088,113,98
71,1089,113,98
71,1090,113,98
71,1091,113,98
71,1092,113,98
71,1093,113,98
71,1094,113,98
71,1095,113,98
71,1096,113,98
71,1097,113,98
71,1098,113,98
71,1099,113,98
71,1100,113,98
71,1101,113,98
71,1102,113,98
71,1103,113,98
71,1104,113,98
71,1105,113,98
71,1106,113,98
71,1107,113,98
71,1108,113,98
71,1109,113,98
71,1110,113,98
71,1111,113,98
71,1112,113,98
72,1113,113,98
72,1114,113,98
72,1115,113,98
72,1116,113,98
73,1117,113,98
73,1118,113,98
73,1119,113,98
73,1120,113,98
73,1121,113,98
73,1122,113,98
73,1123,113,98
73,1124,113,98
74,1125,113,98
74,1126,113,98
74,1127,113,98
74,1128,113,98
74,1129,113,98
74,1130,113,98
74,1131,113,98
74,1132,113,98
74,1133,113,98
74,1134,113,98
74,1135,113,98
74,1136,113,98
74,1137,113,98
74,1138,113,98
74,1139,113,98
74,1140,113,98
75,1141,113,98
75,1142,113,98
75,1143,113,98
75,1144,113,98
75,1145,113,98
75,1146,113,98
75,1147,113,98
75,1148,113,98
75,1149,113,98
75,1150,113,98
75,1151,113,98
75,1152,113,98
75,1153,113,98
75,1154,113,98
75,1155,113,98
75,1156,113,98
75,1157,113,98
75,1158,113,98
75,1159,113,98
75,1160,113,98
75,1161,113,98
75,1162,113,98
75,1163,113,98
75,1164,113,98
75,1165,113,98
75,1166,113,98
75,1167,113,98
75,1168,113,98
75,1169,113,98
75,1170,113,98
75,1171,113,98
75,1172,113,98
76,1173,113,98
76,1174,113,98
76,1175,113,98
76,1176,113,98
77,1177,113,98
77,1178,113,98
77,1179,113,98
77,1180,113,98
77,1181,113,98
77,1182,113,98
77,1183,113,98
77,1184,113,98
78,1185,113,98
78,1186,113,98
78,1187,113,98
78,1188,113,98
78,1189,113,98
78,1190,113,98
78,1191,113,98
78,1192,113,98
78,1193,113,98
78,1194,113,98
78,1195,113,98
78,1196,113,98
78,1197,113,98
78,1198,113,98
78,1199,113,98
78,1200,113,98
79,1201,113,98
79,1202,113,98
79,1203,113,98
79,1204,113,98
79,1205,113,98
79,1206,113,98
79,1207,113,98
79,1208,113,98
79,1209,113,98
79,1210,113,98
79,1211,113,98
79,1212,113,98
79,1213,113,98
79,1214,113,98
79,1215,113,98
79,1216,113,98
79,1217,113,98
79,1218,113,98
79,1219,113,98
79,1220,113,98
79,1221,113,98
79,1222,113,98
79,1223,113,98
79,1224,113,98
79,1225,113,98
79,1226,113,98
79,1227,113,98
79,1228,113,98
79,1229,113,98
79,1230,113,98
79,1231,113,98
79,1232,113,98
80,1233,113,98
80,1234,113,98
80,1235,113,98
80,1236,113,98
81,1237,113,98
81,1238,113,98
81,1239,113,98
81,1240,113,98
81,1241,113,98
81,1242,113,98
81,1243,113,98
81,1244,113,98
82,1245,113,98
82,1246,113,98
82,1247,113,98
82,1248,113,98
82,1249,113,98
82,1250,113,98
82,1251,113,98
82,1252,113,98
82,1253,113,98
82,1254,113,98
82,1255,113,98
82,1256,113,98
82,1257,113,98
82,1258,113,98
82,1259,113,98
82,1260,113,98
83,1261,113,98
83,1262,113,98
83,1263,114,98
83,1264,114,99
83,1265,114,99
83,1266,114,99
83,1267,114,99
83,1268,114,99
83,1269,114,99
83,1270,114,99
83,1271,114,99
83,1272,114,99
83,1273,114,99
83,1274,114,99
83,1275,114,99
83,1276,114,99
83,1277,114,99
83,1278,114,100
83,1279,115,100
83,1280,115,101
83,1281,115,101
83,1282,115,101
83,1283,115,101
83,1284,115,101
83,1285,115,101
83,1286,115,101
83,1287,115,101
83,1288,115,101
83,1289,115,101
83,1290,115,101
83,1291,115,101
83,1292,115,101
83,1293,115,101
83,1294,115,101
84,1295,115,101
84,1296,115,101
84,1297,115,101
84,1298,115,101
85,1299,115,101
85,1300,115,101
85,1301,115,101
85,1302,115,101
85,1303,115,101
85,1304,115,101
85,1305,115,101
85,1306,115,101
86,1307,115,101
86,1308,115,101
86,1309,115,101
86,1310,115,101
86,1311,115,101
86,1312,115,101
86,1313,115,101
86,1314,115,101
86,1315,115,101
86,1316,115,101
86,1317,115,101
86,1318,115,101
86,1319,115,101
86,1320,115,101
86,1321,115,101
86,1322,115,101
87,1323,115,101
87,1324,115,101
87,1325,115,101
87,1326,115,101
87,1327,115,101
87,1328,115,101
87,1329,115,101
87,1330,115,101
87,1331,115,101
87,1332,115,101
87,1333,115,101
87,1334,115,101
87,1335,115,101
87,1336,115,101
87,1337,115,101
87,1338,115,101
87,1339,115,101
87,1340,115,101
87,1341,115,101
87,1342,115,101
87,1343,115,101
87,1344,115,101
87,1345,115,101
87,1346,115,101
87,1347,115,101
87,1348,115,101
87,1349,115,101
87,1350,115,101
87,1351,115,101
87,1352,115,101
87,1353,115,101
87,1354,115,101
88,1355,115,101
88,1356,115,101
88,1357,115,101
88,1358,115,101
89,1359,115,101
89,1360,115,101
89,1361,115,101
89,1362,115,101
89,1363,115,101
89,1364,115,101
89,1365,115,101
89,1366,115,101
90,1367,115,101
90,1368,115,101
90,1369,115,101
90,1370,115,101
90,1371,115,101
90,1372,115,101
90,1373,115,101
90,1374,115,101
90,1375,115,101
90,1376,115,101
90,1377,115,101
90,1378,115,101
90,1379,115,101
90,1380,115,102
90,1381,115,103
90,1382,115,103
90,1383,115,103
91,1384,115,103
91,1385,116,103
91,1386,116,104
91,1387,116,104
91,1388,116,104
91,1389,116,104
91,1390,116,104
91,1391,116,104
91,1392,116,104
91,1393,116,104
91,1394,116,104
91,1395,116,104
91,1396,116,104
91,1397,116,104
91,1398,116,104
91,1399,116,104
91,1400,116,104
91,1401,116,104
91,1402,116,105
91,1403,116,105
91,1404,116,105
91,1405,116,105
91,1406,116,105
91,1407,116,105
91,1408,116,105
91,1409,116,105
91,1410,116,105
91,1411,116,105
91,1412,116,105
91,1413,116,105
91,1414,116,105
91,1415,116,105
91,1416,116,105
91,1417,116,105
91,1418,116,105
91,1419,116,105
92,1420,116,105
92,1421,116,105
92,1422,116,105
92,1423,116,105
93,1424,116,105
93,1425,116,105
93,1426,116,105
93,1427,116,105
93,1428,116,105
93,1429,116,105
93,1430,116,105
93,1431,116,105
94,1432,116,105
94,1433,116,105
94,1434,116,105
94,1435,116,105
94,1436,116,105
94,1437,116,105
94,1438,116,105
94,1439,116,105
94,1440,116,105
94,1441,116,105
94,1442,116,105
94,1443,116,105
94,1444,116,105
94,1445,116,105
94,1446,116,105
94,1447,116,105
95,1448,116,105
95,1449,116,105
95,1450,116,105
95,1451,116,105
95,1452,116,105
95,1453,116,105
95,1454,116,105
95,1455,116,105
95,1456,116,105
95,1457,116,105
95,1458,116,105
95,1459,116,105
95,1460,116,105
95,1461,116,105
95,1462,116,105
95,1463,116,105
95,1464,116,105
95,1465,116,105
95,1466,116,105
95,1467,116,105
95,1468,116,105
95,1469,116,105
95,1470,116,105
95,1471,116,105
95,1472,116,105
95,1473,116,105
95,1474,116,105
95,1475,116,105
95,1476,116,105
95,1477,116,105
95,1478,116,105
95,1479,116,105
96,1480,116,105
96,1481,116,105
96,1482,116,105
96,1483,116,105
97,1484,116,105
97,1485,116,105
97,1486,116,105
97,1487,116,105
97,1488,116,105
97,1489,116,105
97,1490,116,105
97,1491,116,105
98,1492,116,105
98,1493,116,105
98,1494,116,105
98,1495,116,105
98,1496,116,105
98,1497,116,105
98,1498,116,105
98,1499,116,105
98,1500,116,105
98,1501,116,105
98,1502,116,105
98,1503,116,105
98,1504,116,105
98,1505,116,105
98,1506,116,105
98,1507,116,105
99,1508,116,105
99,1509,116,105
99,1510,116,105
99,1511,116,105
99,1512,116,105
99,1513,116,105
99,1514,116,105
99,1515,116,105
99,1516,116,105
99,1517,116,105
99,1518,116,105
99,1519,116,105
99,1520,116,105
99,1521,116,105
99,1522,116,105
99,1523,116,105
99,1524,116,105
99,1525,116,105
99,1526,116,105
99,1527,116,105
99,1528,116,105
99,1529,116,105
99,1530,116,105
99,1531,116,105
99,1532,116,105
99,1533,116,105
99,1534,116,105
99,1535,116,105
99,1536,116,105
99,1537,116,105
99,1538,116,105
99,1539,116,105
100,1540,116,105
100,1541,116,105
100,1542,116,105
100,1543,116,105
101,1544,116,105
101,1545,116,105
101,1546,116,105
101,1547,116,105
101,1548,116,105
101,1549,116,105
101,1550,116,105
101,1551,116,105
102,1552,116,105
102,1553,116,105
102,1554,116,105
102,1555,116,105
102,1556,116,105
102,1557,116,105
102,1558,116,105
102,1559,116,105
102,1560,116,105
102,1561,116,105
102,1562,116,105
102,1563,116,105
102,1564,116,105
102,1565,116,105
102,1566,116,105
102,1567,116,105
103,1568,116,105
103,1569,116,105
103,1570,116,105
103,1571,116,105
103,1572,116,105
103,1573,116,105
103,1574,116,105
103,1575,116,105
103,1576,116,105
103,1577,116,105
103,1578,116,105
103,1579,116,105
103,1580,116,105
103,1581,116,105
103,1582,116,105
103,1583,116,105
103,1584,116,105
103,1585,116,105
103,1586,116,105
103,1587,116,105
103,1588,116,105
103,1589,116,105
103,1590,116,105
103,1591,116,105
103,1592,116,105
103,1593,116,105
103,1594,116,105
103,1595,116,105
103,1596,116,105
103,1597,116,105
103,1598,116,105
103,1599,116,105
103,1600,116,105
103,1601,116,105
104,1602,116,105
104,1603,116,105
104,1604,116,105
104,1605,116,105
105,1606,116,105
105,1607,116,105
105,1608,116,105
105,1609,116,105
105,1610,116,105
105,1611,116,105
105,1612,116,105
105,1613,116,105
106,1614,116,105
106,1615,116,105
106,1616,116,105
106,1617,116,105
106,1618,116,105
106,1619,116,105
106,1620,116,105
106,1621,116,105
106,1622,116,105
106,1623,116,105
106,1624,116,105
106,1625,116,105
106,1626,116,105
106,1627,116,105
106,1628,116,105
106,1629,116,105
107,1630,116,105
107,1631,116,105
107,1632,116,105
107,1633,116,105
107,1634,116,105
107,1635,116,105
107,1636,116,105
107,1637,116,105
107,1638,116,105
107,1639,116,105
107,1640,116,105
107,1641,116,105
107,1642,116,105
107,1643,116,105
107,1644,116,105
107,1645,116,105
107,1646,116,105
107,1647,116,105
107,1648,116,105
107,1649,116,105
107,1650,116,105
107,1651,116,105
107,1652,116,105
107,1653,116,105
107,1654,116,105
107,1655,116,105
107,1656,116,105
107,1657,116,105
107,1658,116,105
107,1659,116,105
107,1660,116,105
107,1661,116,105
107,1662,116,105
108,1663,116,105
108,1664,116,105
108,1665,116,105
108,1666,116,105
109,1667,116,105
109,1668,116,105
109,1669,116,105
109,1670,116,105
109,1671,116,105
109,1672,116,105
109,1673,116,105
109,1674,116,105
110,1675,116,105
110,1676,116,105
110,1677,116,105
110,1678,116,105
110,1679,116,105
110,1680,116,105
110,1681,116,105
110,1682,116,105
110,1683,116,105
110,1684,116,105
110,1685,116,105
110,1686,116,105
110,1687,116,105
110,1688,116,105
110,1689,116,105
110,1690,116,105
110,1691,116,105
111,1692,116,105
111,1693,116,105
111,1694,116,105
111,1695,116,105
111,1696,116,105
111,1697,116,105
111,1698,116,105
111,1699,116,105
111,1700,116,105
111,1701,116,105
111,1702,116,105
111,1703,116,105
111,1704,116,105
111,1705,116,105
111,1706,116,105
111,1707,116,105
111,1708,116,105
111,1709,116,105
111,1710,116,105
111,1711,116,105
111,1712,116,105
111,1713,116,105
111,1714,116,105
111,1715,116,105
111,1716,116,105
111,1717,116,105
111,1718,116,105
111,1719,116,105
111,1720,116,105
111,1721,116,105
111,1722,116,105
111,1723,116,105
111,1724,116,105
112,1725,116,105
112,1726,116,105
112,1727,116,105
112,1728,116,105
113,1729,116,105
113,1730,116,105
113,1731,116,105
113,1732,116,105
113,1733,116,105
113,1734,116,105
113,1735,116,105
113,1736,116,105
114,1737,116,105
114,1738,116,105
114,1739,116,105
114,1740,116,105
114,1741,116,105
114,1742,116,105
114,1743,116,105
114,1744,116,105
114,1745,116,105
114,1746,116,105
114,1747,116,105
114,1748,116,105
114,1749,116,105
114,1750,116,105
114,1751,116,105
114,1752,116,105
115,1753,116,105
115,1754,116,105
115,1755,116,105
115,1756,116,105
115,1757,116,105
115,1758,116,105
115,1759,116,105
115,1760,116,105
115,1761,116,105
115,1762,116,105
115,1763,116,105
115,1764,116,105
115,1765,116,105
115,1766,116,105
115,1767,116,105
115,1768,116,105
115,1769,116,105
115,1770,116,105
115,1771,116,105
115,1772,116,105
115,1773,116,105
115,1774,116,105
115,1775,116,105
115,1776,116,105
115,1777,116,105
115,1778,116,105
115,1779,116,105
115,1780,116,105
115,1781,116,105
115,1782,116,105
115,1783,116,105
115,1784,116,105
115,1785,116,105
116,1786,116,105
116,1787,116,105
116,1788,116,105
116,1789,116,105
117,1790,116,105
117,1791,116,105
117,1792,116,105
117,1793,116,105
117,1794,116,105
117,1795,116,105
117,1796,116,105
117,1797,116,105
118,1798,116,105
118,1799,116,105
118,1800,116,105
118,1801,116,105
118,1802,116,105
118,1803,116,105
118,1804,116,105
118,1805,116,105
118,1806,116,105
118,1807,116,105
118,1808,116,105
118,1809,116,105
118,1810,116,105
118,1811,116,105
118,1812,116,105
118,1813,116,105
119,1814,116,105
119,1815,116,105
119,1816,116,105
119,1817,116,105
119,1818,116,105
119,1819,116,105
119,1820,116,105
119,1821,116,105
119,1822,116,105
119,1823,116,105
119,1824,116,105
119,1825,116,105
119,1826,116,105
119,1827,116,105
119,1828,116,105
119,1829,116,105
119,1830,116,105
119,1831,116,105
119,1832,116,105
119,1833,116,105
119,1834,116,105
119,1835,116,105
119,1836,116,105
119,1837,116,105
119,1838,116,105
119,1839,116,105
119,1840,116,105
119,1841,116,105
119,1842,116,105
119,1843,116,105
119,1844,116,105
119,1845,116,105
120,1846,116,105
120,1847,116,105
120,1848,116,105
120,1849,116,105
121,1850,116,105
121,1851,116,105
121,1852,116,105
121,1853,116,105
121,1854,116,105
121,1855,116,105
121,1856,116,105
121,1857,116,105
121,1858,116,105
122,1859,116,105
122,1860,116,105
122,1861,116,105
122,1862,116,105
122,1863,116,105
122,1864,116,105
122,1865,116,105
122,1866,116,105
122,1867,116,105
122,1868,116,105
122,1869,116,105
122,1870,116,105
122,1871,116,105
122,1872,116,105
122,1873,116,105
122,1874,116,105
123,1875,116,105
123,1876,116,105
123,1877,116,105
123,1878,116,105
123,1879,116,105
123,1880,116,105
123,1881,116,105
123,1882,116,105
123,1883,116,105
123,1884,116,105
123,1885,116,105
123,1886,116,105
123,1887,116,105
123,1888,116,105
123,1889,116,105
123,1890,116,105
123,1891,116,105
123,1892,116,105
123,1893,116,105
123,1894,116,105
123,1895,116,105
123,1896,116,105
123,1897,116,105
123,1898,116,105
123,1899,116,105
123,1900,116,105
123,1901,116,105
123,1902,116,105
123,1903,116,105
123,1904,116,105
123,1905,116,105
123,1906,116,105
124,1907,116,105
124,1908,116,105
124,1909,116,105
124,1910,116,105
125,1911,116,105
125,1912,116,105
125,1913,116,105
125,1914,116,105
125,1915,116,105
125,1916,116,105
125,1917,116,105
125,1918,116,105
126,1919,116,105
126,1920,116,105
126,1921,116,105
126,1922,116,105
126,1923,116,105
126,1924,116,105
126,1925,116,105
126,1926,116,105
126,1927,116,105
126,1928,116,105
126,1929,116,105
126,1930,116,105
126,1931,116,105
126,1932,116,105
126,1933,116,105
126,1934,116,105
127,1935,116,105
127,1936,116,105
127,1937,116,105
127,1938,116,105
127,1939,116,105
127,1940,116,105
127,1941,116,105
127,1942,116,105
127,1943,116,105
127,1944,116,105
127,1945,116,105
127,1946,116,105
127,1947,116,105
127,1948,116,105
127,1949,116,105
127,1950,116,105
127,1951,116,105
127,1952,116,105
127,1953,116,105
127,1954,116,105
127,1955,116,106
127,1956,116,107
127,1957,116,107
127,1958,116,107
127,1959,116,107
127,1960,116,107
127,1961,116,108
127,1962,116,109
127,1963,116,110
127,1964,116,111
127,1965,116,111
127,1966,116,111
127,1967,116,111
127,1968,116,111
128,1969,116,111
128,1970,116,111
128,1971,116,111
128,1972,116,111
129,1973,116,111
129,1974,116,111
129,1975,116,111
129,1976,116,111
129,1977,116,111
129,1978,116,111
129,1979,116,111
129,1980,116,111
130,1981,116,111
130,1982,116,111
130,1983,116,111
130,1984,116,111
130,1985,116,111
130,1986,116,111
130,1987,116,111
130,1988,116,111
130,1989,116,111
130,1990,116,111
130,1991,116,111
130,1992,116,111
130,1993,116,111
130,1994,116,111
130,1995,116,111
130,1996,116,111
131,1997,116,111
131,1998,116,111
131,1999,116,111
131,2000,116,111
131,2001,116,111
131,2002,116,111
131,2003,116,111
131,2004,116,111
131,2005,116,111
131,2006,116,111
131,2007,116,111
131,2008,116,111
131,2009,116,111
131,2010,116,111
131,2011,116,111
131,2012,116,111
131,2013,116,111
131,2014,116,111
131,2015,116,111
131,2016,116,111
131,2017,116,111
131,2018,116,111
131,2019,116,111
131,2020,116,111
131,2021,116,111
131,2022,116,111
131,2023,116,111
131,2024,116,111
131,2025,116,111
131,2026,116,111
131,2027,116,111
131,2028,116,111
132,2029,116,111
132,2030,116,111
132,2031,116,111
132,2032,116,111
132,2033,116,111
133,2034,116,111
133,2035,116,111
133,2036,116,111
133,2037,116,111
133,2038,116,111
133,2039,116,111
133,2040,116,111
133,2041,116,111
133,2042,116,111
134,2043,116,111
134,2044,116,111
134,2045,116,111
134,2046,116,111
134,2047,116,111
134,2048,116,111
134,2049,116,111
134,2050,116,111
134,2051,116,111
134,2052,116,111
134,2053,116,111
134,2054,116,111
134,2055,116,111
134,2056,116,111
134,2057,116,111
134,2058,116,111
135,2059,116,111
135,2060,116,111
135,2061,116,111
135,2062,116,111
135,2063,116,111
135,2064,116,111
135,2065,116,111
135,2066,116,111
135,2067,116,111
135,2068,116,111
135,2069,116,111
135,2070,116,111
135,2071,116,111
135,2072,116,111
135,2073,116,111
135,2074,116,111
135,2075,116,111
135,2076,116,111
135,2077,116,111
135,2078,116,111
135,2079,116,111
135,2080,116,111
135,2081,116,111
135,2082,116,111
135,2083,116,111
135,2084,116,111
135,2085,116,111
135,2086,116,111
135,2087,116,111
135,2088,116,111
135,2089,116,111
135,2090,116,111
136,2091,116,111
136,2092,116,111
136,2093,116,111
136,2094,116,111
137,2095,116,111
137,2096,116,111
137,2097,116,111
137,2098,116,111
137,2099,116,111
137,2100,116,111
137,2101,116,111
137,2102,116,111
138,2103,116,111
138,2104,116,111
138,2105,116,111
138,2106,116,111
138,2107,116,111
138,2108,116,111
138,2109,116,111
138,2110,116,111
138,2111,116,111
138,2112,116,111
138,2113,116,111
138,2114,116,111
138,2115,116,111
138,2116,116,111
138,2117,116,111
138,2118,116,111
138,2119,116,111
139,2120,116,111
139,2121,116,111
139,2122,116,111
139,2123,116,111
139,2124,116,111
139,2125,116,111
139,2126,116,111
139,2127,116,111
139,2128,116,111
139,2129,116,111
139,2130,116,111
139,2131,116,111
139,2132,116,111
139,2133,116,111
139,2134,116,111
139,2135,116,111
139,2136,116,111
139,2137,116,111
139,2138,116,111
139,2139,116,111
139,2140,116,111
139,2141,116,111
139,2142,116,111
139,2143,116,111
139,2144,116,111
139,2145,116,111
139,2146,116,111
139,2147,116,111
139,2148,116,111
139,2149,116,111
139,2150,116,111
139,2151,116,111
140,2152,116,111
140,2153,116,111
140,2154,116,111
140,2155,116,111
141,2156,116,111
141,2157,116,111
141,2158,116,111
141,2159,116,111
141,2160,116,111
141,2161,116,111
141,2162,116,111
141,2163,116,111
142,2164,116,111
142,2165,116,111
142,2166,116,111
142,2167,116,111
142,2168,116,111
142,2169,116,111
142,2170,116,111
142,2171,116,111
142,2172,116,111
142,2173,116,111
142,2174,116,111
142,2175,116,111
142,2176,116,111
142,2177,116,111
142,2178,116,111
142,2179,116,111
143,2180,116,111
143,2181,116,111
143,2182,116,111
143,2183,116,111
143,2184,116,111
143,2185,116,111
143,2186,116,111
143,2187,116,111
143,2188,116,111
143,2189,116,111
143,2190,116,111
143,2191,116,111
143,2192,116,111
143,2193,116,111
143,2194,116,111
143,2195,116,111
143,2196,116,111
143,2197,116,112
143,2198,116,113
143,2199,116,113
143,2200,116,113
143,2201,116,113
143,2202,116,113
143,2203,116,113
143,2204,116,113
143,2205,116,113
143,2206,116,113
143,2207,116,113
143,2208,116,113
143,2209,116,113
143,2210,116,113
143,2211,116,113
143,2212,116,114
143,2213,116,115
143,2214,116,115
144,2215,116,115
144,2216,116,115
144,2217,116,115
144,2218,116,115
145,2219,116,115
145,2220,116,115
145,2221,116,115
145,2222,116,115
145,2223,116,115
145,2224,116,115
145,2225,116,115
145,2226,116,115
146,2227,116,115
146,2228,116,115
146,2229,116,115
146,2230,116,115
146,2231,116,115
146,2232,116,115
146,2233,116,115
146,2234,116,115
146,2235,116,115
146,2236,116,115
146,2237,116,115
146,2238,116,115
146,2239,116,115
146,2240,116,115
146,2241,116,115
146,2242,116,115
147,2243,116,115
147,2244,116,115
147,2245,116,115
147,2246,116,115
147,2247,116,115
147,2248,116,115
147,2249,116,115
147,2250,116,115
147,2251,116,115
147,2252,116,115
147,2253,116,115
147,2254,116,115
147,2255,116,115
147,2256,116,115
147,2257,116,115
147,2258,116,115
147,2259,116,115
147,2260,116,115
147,2261,116,115
147,2262,116,115
147,2263,116,115
147,2264,116,115
147,2265,117,115
147,2266,117,115
147,2267,117,115
147,2268,117,115
147,2269,117,115
147,2270,117,115
147,2271,117,115
147,2272,117,115
147,2273,117,115
147,2274,117,115
147,2275,117,115
148,2276,117,115
148,2277,117,115
148,2278,117,115
148,2279,117,115
149,2280,117,115
149,2281,117,115
149,2282,117,115
149,2283,117,115
149,2284,117,115
149,2285,117,115
149,2286,117,115
149,2287,117,115
150,2288,117,115
150,2289,117,115
150,2290,117,115
150,2291,117,115
150,2292,117,115
150,2293,117,115
150,2294,117,115
150,2295,117,115
150,2296,117,115
150,2297,117,115
150,2298,117,115
150,2299,117,115
150,2300,117,115
150,2301,117,115
150,2302,117,115
150,2303,117,115
151,2304,117,115
151,2305,117,115
151,2306,117,115
151,2307,117,115
151,2308,117,115
151,2309,117,115
151,2310,117,115
151,2311,117,115
151,2312,117,115
151,2313,117,115
151,2314,117,115
151,2315,117,115
151,2316,117,115
151,2317,117,115
151,2318,117,115
151,2319,117,115
151,2320,117,115
151,2321,117,115
151,2322,117,115
151,2323,117,115
151,2324,117,115
151,2325,117,115
151,2326,117,115
151,2327,117,115
151,2328,117,116
151,2329,118,116
151,2330,119,116
151,2331,119,116
151,2332,119,116
151,2333,119,116
151,2334,119,116
151,2335,119,116
151,2336,120,116
151,2337,120,116
151,2338,120,116
151,2339,120,116
152,2340,120,116
152,2341,120,116
152,2342,120,116
152,2343,120,116
153,2344,120,116
153,2345,120,116
153,2346,120,116
153,2347,120,116
153,2348,120,116
153,2349,120,116
153,2350,120,116
153,2351,120,116
154,2352,120,116
154,2353,120,116
154,2354,120,116
154,2355,120,116
154,2356,120,116
154,2357,120,116
154,2358,120,116
154,2359,120,116
154,2360,120,116
154,2361,120,116
154,2362,120,116
154,2363,120,116
154,2364,120,116
154,2365,120,116
154,2366,120,116
154,2367,120,116
155,2368,120,116
155,2369,120,116
155,2370,120,116
155,2371,120,116
155,2372,120,116
155,2373,120,116
155,2374,120,116
155,2375,120,116
155,2376,120,116
155,2377,120,116
155,2378,120,116
155,2379,120,116
155,2380,120,116
155,2381,120,116
155,2382,120,116
155,2383,120,116
155,2384,120,116
155,2385,120,116
155,2386,120,116
155,2387,120,116
155,2388,120,116
155,2389,120,116
155,2390,120,116
155,2391,120,116
155,2392,120,116
155,2393,120,116
155,2394,120,116
155,2395,120,116
155,2396,120,116
155,2397,120,116
155,2398,120,116
155,2399,120,116
156,2400,120,116
156,2401,120,116
156,2402,120,116
156,2403,120,116
157,2404,120,116
157,2405,120,116
157,2406,120,116
157,2407,120,116
157,2408,120,116
157,2409,120,116
157,2410,120,116
157,2411,120,116
158,2412,120,116
158,2413,120,116
158,2414,120,116
158,2415,120,116
158,2416,120,116
158,2417,120,116
158,2418,120,116
158,2419,120,116
158,2420,120,116
158,2421,120,116
158,2422,120,116
158,2423,120,116
158,2424,120,116
158,2425,120,116
158,2426,120,116
158,2427,120,116
159,2428,120,116
159,2429,120,116
159,2430,120,116
159,2431,120,116
159,2432,120,116
159,2433,120,116
159,2434,120,116
159,2435,120,116
159,2436,120,116
159,2437,120,116
159,2438,120,116
159,2439,120,116
159,2440,120,116
159,2441,120,116
159,2442,120,116
159,2443,120,116
159,2444,120,116
159,2445,120,116
159,2446,120,116
159,2447,120,116
159,2448,120,116
159,2449,120,116
159,2450,120,116
159,2451,120,116
159,2452,120,116
159,2453,120,116
159,2454,120,116
159,2455,120,116
159,2456,120,116
159,2457,120,116
159,2458,120,116
159,2459,120,116
160,2460,120,116
160,2461,120,116
160,2462,120,116
160,2463,120,116
161,2464,120,116
161,2465,120,116
161,2466,120,116
161,2467,120,116
161,2468,120,116
161,2469,120,116
161,2470,120,116
161,2471,120,116
161,2472,120,116
162,2473,120,116
162,2474,120,116
162,2475,120,116
162,2476,120,116
162,2477,120,116
162,2478,120,116
162,2479,120,116
162,2480,120,116
162,2481,120,116
162,2482,120,116
162,2483,120,116
162,2484,120,116
162,2485,120,116
162,2486,120,116
162,2487,120,116
162,2488,120,116
163,2489,120,116
163,2490,120,116
163,2491,120,116
163,2492,120,116
163,2493,120,116
163,2494,120,116
163,2495,120,116
163,2496,120,116
163,2497,120,116
163,2498,120,116
163,2499,120,116
163,2500,120,116
163,2501,120,116
163,2502,120,116
163,2503,120,116
163,2504,120,116
163,2505,120,116
163,2506,120,116
163,2507,120,116
163,2508,120,116
163,2509,120,116
163,2510,120,116
163,2511,120,116
163,2512,120,117
163,2513,120,118
163,2514,120,118
163,2515,120,118
163,2516,120,118
163,2517,120,118
163,2518,120,119
163,2519,120,119
163,2520,120,119
163,2521,120,119
164,2522,120,119
164,2523,120,119
164,2524,120,119
164,2525,120,119
165,2526,120,119
165,2527,120,119
165,2528,120,119
165,2529,120,119
165,2530,120,119
165,2531,120,119
165,2532,120,119
165,2533,120,119
166,2534,120,119
166,2535,120,119
166,2536,120,119
166,2537,120,119
166,2538,120,119
166,2539,120,119
166,2540,120,119
166,2541,120,119
166,2542,120,119
166,2543,120,119
166,2544,120,119
166,2545,120,119
166,2546,120,119
166,2547,120,119
166,2548,120,119
166,2549,120,119
167,2550,120,119
167,2551,120,119
167,2552,120,119
167,2553,120,119
167,2554,120,119
167,2555,120,119
167,2556,120,119
167,2557,120,119
167,2558,120,119
167,2559,120,119
167,2560,120,119
167,2561,120,119
167,2562,120,119
167,2563,120,119
167,2564,120,119
167,2565,120,119
167,2566,120,119
167,2567,120,119
167,2568,120,119
167,2569,120,119
167,2570,120,119
167,2571,120,119
167,2572,120,119
167,2573,120,119
167,2574,120,119
167,2575,120,119
167,2576,120,119
167,2577,120,119
167,2578,120,119
167,2579,120,119
167,2580,120,119
167,2581,120,119
168,2582,120,119
168,2583,120,119
168,2584,120,119
168,2585,120,119
169,2586,120,119
169,2587,120,119
169,2588,120,119
169,2589,120,119
169,2590,120,119
169,2591,120,119
169,2592,120,119
169,2593,120,119
170,2594,120,119
170,2595,120,119
170,2596,120,119
170,2597,120,119
170,2598,120,119
170,2599,120,119
170,2600,120,119
170,2601,120,119
170,2602,120,119
170,2603,120,119
170,2604,120,119
170,2605,120,119
170,2606,120,119
170,2607,120,119
170,2608,120,119
170,2609,120,119
170,2610,120,119
171,2611,120,119
171,2612,120,119
171,2613,120,119
171,2614,120,119
171,2615,120,119
171,2616,120,119
171,2617,120,119
171,2618,120,119
171,2619,120,119
171,2620,120,119
171,2621,120,119
171,2622,120,119
171,2623,120,119
171,2624,120,119
171,2625,120,119
171,2626,120,119
171,2627,120,119
171,2628,120,119
171,2629,120,119
171,2630,120,119
171,2631,120,119
171,2632,120,119
171,2633,120,119
171,2634,120,119
171,2635,120,119
171,2636,120,119
171,2637,120,119
171,2638,120,119
171,2639,120,119
171,2640,120,119
171,2641,120,119
171,2642,120,119
172,2643,120,119
172,2644,120,119
172,2645,120,119
172,2646,120,119
173,2647,120,119
173,2648,120,119
173,2649,120,119
173,2650,120,119
173,2651,120,119
173,2652,120,119
173,2653,120,119
173,2654,120,119
174,2655,120,119
174,2656,120,119
174,2657,120,119
174,2658,120,119
174,2659,120,119
174,2660,120,119
174,2661,120,119
174,2662,120,119
174,2663,120,119
174,2664,120,119
174,2665,120,119
174,2666,120,119
174,2667,120,119
174,2668,120,119
174,2669,120,119
174,2670,120,119
174,2671,120,119
175,2672,120,119
175,2673,120,119
175,2674,120,119
175,2675,120,119
175,2676,120,119
175,2677,120,119
175,2678,120,119
175,2679,120,119
175,2680,120,119
175,2681,120,119
175,2682,120,119
175,2683,120,119
175,2684,120,119
175,2685,120,119
175,2686,120,119
175,2687,120,119
175,2688,120,119
175,2689,120,119
175,2690,120,119
175,2691,120,119
175,2692,120,119
175,2693,120,119
175,2694,120,119
175,2695,120,119
175,2696,120,119
175,2697,120,119
175,2698,120,119
175,2699,120,119
175,2700,120,119
175,2701,120,119
175,2702,120,119
175,2703,120,119
176,2704,120,119
176,2705,120,119
176,2706,120,119
176,2707,120,119
177,2708,120,119
177,2709,120,119
177,2710,120,119
177,2711,120,119
177,2712,120,119
177,2713,120,119
177,2714,120,119
177,2715,120,119
178,2716,120,119
178,2717,120,119
178,2718,120,119
178,2719,120,119
178,2720,120,119
178,2721,120,119
178,2722,120,119
178,2723,120,119
178,2724,120,119
178,2725,120,119
178,2726,120,119
178,2727,120,119
178,2728,120,119
178,2729,120,119
178,2730,120,119
178,2731,120,119
178,2732,120,119
179,2733,120,119
179,2734,120,119
179,2735,120,119
179,2736,120,119
179,2737,120,119
179,2738,120,119
179,2739,120,119
179,2740,120,119
179,2741,120,119
179,2742,120,119
179,2743,120,119
179,2744,120,119
179,2745,120,119
179,2746,120,119
179,2747,120,119
179,2748,120,119
179,2749,120,119
179,2750,120,119
179,2751,120,119
179,2752,120,119
179,2753,120,119
179,2754,120,119
179,2755,120,119
179,2756,120,119
179,2757,120,119
179,2758,120,119
179,2759,120,119
179,2760,120,119
179,2761,120,119
179,2762,120,119
179,2763,120,119
179,2764,120,119
180,2765,120,119
180,2766,120,119
180,2767,120,119
180,2768,120,119
181,2769,120,119
181,2770,120,119
181,2771,120,119
181,2772,120,119
181,2773,120,119
181,2774,120,119
181,2775,120,119
181,2776,120,119
181,2777,120,119
182,2778,120,119
182,2779,120,119
182,2780,120,119
182,2781,120,119
182,2782,120,119
182,2783,120,119
182,2784,120,119
182,2785,120,119
182,2786,120,119
182,2787,120,119
182,2788,120,119
182,2789,120,119
182,2790,120,119
182,2791,120,119
182,2792,120,119
182,2793,120,119
183,2794,120,119
183,2795,120,119
183,2796,120,119
183,2797,120,119
183,2798,120,119
183,2799,120,119
183,2800,120,119
183,2801,120,119
183,2802,120,119
183,2803,120,119
183,2804,120,119
183,2805,120,119
183,2806,120,119
183,2807,120,119
183,2808,120,119
183,2809,120,119
183,2810,120,119
183,2811,120,119
183,2812,120,119
183,2813,120,119
183,2814,120,119
183,2815,120,119
183,2816,120,119
183,2817,120,119
183,2818,120,119
183,2819,120,119
183,2820,120,119
183,2821,120,119
183,2822,120,119
183,2823,120,119
183,2824,120,119
183,2825,120,119
183,2826,120,119
183,2827,120,119
184,2828,120,119
184,2829,120,119
184,2830,120,119
184,2831,120,119
185,2832,120,119
185,2833,120,119
185,2834,120,119
185,2835,120,119
185,2836,120,119
185,2837,120,119
185,2838,120,119
185,2839,120,119
186,2840,120,119
186,2841,120,119
186,2842,120,119
186,2843,120,119
186,2844,120,119
186,2845,120,119
186,2846,120,119
186,2847,120,119
186,2848,120,119
186,2849,120,119
186,2850,120,119
186,2851,120,119
186,2852,120,119
186,2853,120,119
186,2854,120,119
186,2855,120,119
187,2856,120,119
187,2857,120,119
187,2858,120,119
187,2859,120,119
187,2860,120,119
187,2861,120,119
187,2862,120,119
187,2863,120,119
187,2864,120,119
187,2865,120,119
187,2866,120,119
187,2867,120,119
187,2868,120,119
187,2869,120,119
187,2870,120,119
187,2871,120,119
187,2872,120,119
187,2873,120,119
187,2874,120,119
187,2875,120,119
187,2876,120,119
187,2877,120,119
187,2878,120,119
187,2879,120,119
187,2880,120,119
187,2881,120,119
187,2882,120,119
187,2883,120,119
187,2884,120,119
187,2885,120,119
187,2886,120,119
187,2887,120,119
187,2888,120,119
187,2889,120,119
187,2890,120,119
187,2891,120,119
188,2892,120,119
188,2893,120,119
188,2894,120,119
188,2895,120,119
189,2896,120,119
189,2897,120,119
189,2898,120,119
189,2899,120,119
189,2900,120,119
189,2901,120,119
189,2902,120,119
189,2903,120,119
189,2904,120,119
190,2905,120,119
190,2906,120,119
190,2907,120,119
190,2908,120,119
190,2909,120,119
190,2910,120,119
190,2911,120,119
190,2912,120,119
190,2913,120,119
190,2914,120,119
190,2915,120,119
190,2916,120,119
190,2917,120,119
190,2918,120,119
190,2919,120,119
190,2920,120,119
191,2921,120,119
191,2922,120,119
191,2923,120,119
191,2924,120,119
191,2925,120,119
191,2926,120,119
191,2927,120,119
191,2928,120,119
191,2929,120,119
191,2930,120,119
191,2931,120,119
191,2932,120,119
191,2933,120,119
191,2934,120,119
191,2935,120,119
191,2936,120,119
191,2937,120,119
191,2938,120,119
191,2939,120,119
191,2940,120,119
191,2941,120,119
191,2942,120,119
191,2943,120,119
191,2944,120,119
191,2945,120,119
191,2946,120,119
191,2947,120,119
191,2948,120,119
191,2949,120,119
191,2950,120,119
191,2951,120,119
191,2952,120,119
191,2953,120,119
192,2954,120,119
192,2955,120,119
192,2956,120,119
192,2957,120,119
193,2958,120,119
193,2959,120,119
193,2960,120,119
193,2961,120,119
193,2962,120,119
193,2963,120,119
193,2964,120,119
193,2965,120,119
194,2966,120,119
194,2967,120,119
194,2968,120,119
194,2969,120,119
194,2970,120,119
194,2971,120,119
194,2972,120,119
194,2973,120,119
194,2974,120,119
194,2975,120,119
194,2976,120,119
194,2977,120,119
194,2978,120,119
194,2979,120,119
194,2980,120,119
194,2981,120,119
194,2982,120,119
195,2983,120,119
195,2984,120,119
195,2985,120,119
195,2986,120,119
195,2987,120,119
195,2988,120,119
195,2989,120,119
195,2990,120,119
195,2991,120,119
195,2992,120,119
195,2993,120,119
195,2994,120,119
195,2995,120,119
195,2996,120,119
195,2997,120,119
195,2998,120,119
195,2999,120,119
195,3000,120,119
195,3001,120,119
195,3002,120,119
195,3003,120,119
195,3004,120,119
195,3005,120,119
195,3006,120,119
195,3007,120,119
195,3008,120,119
195,3009,120,119
195,3010,120,119
195,3011,120,119
195,3012,120,119
195,3013,120,119
195,3014,120,119
195,3015,120,119
195,3016,120,119
195,3017,120,119
196,3018,120,119
196,3019,120,119
196,3020,120,119
196,3021,120,119
197,3022,120,119
197,3023,120,119
197,3024,120,119
197,3025,120,119
197,3026,120,119
197,3027,120,119
197,3028,120,119
197,3029,120,119
198,3030,120,119
198,3031,120,119
198,3032,120,119
198,3033,120,119
198,3034,120,119
198,3035,120,119
198,3036,120,119
198,3037,120,119
198,3038,120,119
198,3039,120,119
198,3040,120,119
198,3041,120,119
198,3042,120,119
198,3043,120,119
198,3044,120,119
198,3045,120,119
198,3046,120,119
199,3047,120,119
199,3048,120,119
199,3049,120,119
199,3050,120,119
199,3051,120,119
199,3052,120,119
199,3053,120,119
199,3054,120,119
199,3055,120,119
199,3056,120,119
199,3057,120,119
199,3058,120,119
199,3059,120,119
199,3060,120,119
199,3061,120,119
199,3062,120,119
199,3063,120,119
199,3064,120,119
199,3065,120,119
199,3066,120,119
199,3067,120,119
199,3068,120,119
199,3069,120,119
199,3070,120,119
199,3071,120,119
199,3072,120,119
199,3073,120,119
199,3074,120,119
199,3075,120,119
199,3076,120,119
199,3077,120,119
199,3078,120,119
200,3079,120,119
200,3080,120,119
200,3081,120,119
200,3082,120,119
201,3083,120,119
201,3084,120,119
201,3085,120,119
201,3086,120,119
201,3087,120,119
201,3088,120,119
201,3089,120,119
201,3090,120,119
202,3091,120,119
202,3092,120,119
202,3093,120,119
202,3094,120,119
202,3095,120,119
202,3096,120,119
202,3097,120,119
202,3098,120,119
202,3099,120,119
202,3100,120,119
202,3101,120,119
202,3102,120,119
202,3103,120,119
202,3104,120,119
202,3105,120,119
202,3106,120,119
202,3107,120,119
202,3108,120,119
203,3109,120,119
203,3110,120,119
203,3111,120,119
203,3112,120,119
203,3113,120,119
203,3114,120,119
203,3115,120,119
203,3116,120,119
203,3117,120,119
203,3118,120,119
203,3119,120,119
203,3120,120,119
203,3121,120,119
203,3122,120,119
203,3123,120,119
203,3124,120,119
203,3125,120,119
203,3126,120,119
203,3127,120,119
203,3128,120,119
203,3129,120,119
203,3130,120,119
203,3131,120,119
203,3132,120,119
203,3133,120,119
203,3134,120,119
203,3135,120,119
203,3136,120,119
203,3137,120,119
203,3138,120,119
203,3139,120,119
203,3140,120,119
203,3141,120,119
203,3142,120,119
204,3143,120,119
204,3144,120,119
204,3145,120,119
204,3146,120,119
205,3147,120,119
205,3148,120,119
205,3149,120,119
205,3150,120,119
205,3151,120,119
205,3152,120,119
205,3153,120,119
205,3154,120,119
206,3155,120,119
206,3156,120,119
206,3157,120,119
206,3158,120,119
206,3159,120,119
206,3160,120,119
206,3161,120,119
206,3162,120,119
206,3163,120,119
206,3164,120,119
206,3165,120,119
206,3166,120,119
206,3167,120,119
206,3168,120,119
206,3169,120,119
206,3170,120,119
207,3171,120,119
207,3172,120,119
207,3173,120,119
207,3174,120,119
207,3175,120,119
207,3176,120,119
207,3177,120,119
207,3178,120,119
207,3179,120,119
207,3180,120,119
207,3181,120,119
207,3182,120,119
207,3183,120,119
207,3184,120,119
207,3185,120,119
207,3186,120,119
207,3187,120,119
207,3188,120,119
207,3189,120,119
207,3190,120,119
207,3191,120,119
207,3192,120,119
207,3193,120,119
207,3194,120,119
207,3195,120,119
207,3196,120,119
207,3197,120,119
207,3198,120,119
207,3199,120,119
207,3200,120,119
207,3201,120,119
207,3202,120,119
208,3203,120,119
208,3204,120,119
208,3205,120,119
208,3206,120,119
209,3207,120,119
209,3208,120,119
209,3209,120,119
209,3210,120,119
209,3211,120,119
209,3212,120,119
209,3213,120,119
209,3214,120,119
210,3215,120,119
210,3216,120,119
210,3217,120,119
210,3218,120,119
210,3219,120,119
210,3220,120,119
210,3221,120,119
210,3222,120,119
210,3223,120,119
210,3224,120,119
210,3225,120,119
210,3226,120,119
210,3227,120,119
210,3228,120,119
210,3229,120,119
210,3230,120,119
211,3231,120,119
211,3232,120,119
211,3233,120,119
211,3234,120,119
211,3235,120,119
211,3236,120,119
211,3237,120,119
211,3238,120,119
211,3239,120,119
211,3240,120,119
211,3241,120,119
211,3242,120,119
211,3243,120,119
211,3244,120,119
211,3245,120,119
211,3246,120,119
211,3247,120,119
211,3248,120,119
211,3249,120,119
211,3250,120,119
211,3251,120,119
211,3252,120,119
211,3253,120,119
211,3254,120,119
211,3255,120,119
211,3256,120,119
211,3257,120,119
211,3258,120,119
211,3259,120,119
211,3260,120,119
211,3261,120,119
211,3262,120,119
211,3263,120,119
212,3264,120,119
212,3265,120,119
212,3266,120,119
212,3267,120,119
213,3268,120,119
213,3269,120,119
213,3270,120,119
213,3271,120,119
213,3272,120,119
213,3273,120,119
213,3274,120,119
213,3275,120,119
214,3276,120,119
214,3277,120,119
214,3278,120,119
214,3279,120,119
214,3280,120,119
214,3281,120,119
214,3282,120,119
214,3283,120,119
214,3284,120,119
214,3285,120,119
214,3286,120,119
214,3287,120,119
214,3288,120,119
214,3289,120,119
214,3290,120,119
214,3291,120,119
215,3292,120,119
215,3293,120,119
215,3294,120,119
215,3295,120,119
215,3296,120,119
215,3297,120,119
215,3298,120,119
215,3299,120,119
215,3300,120,119
215,3301,120,119
215,3302,120,119
215,3303,120,119
215,3304,120,119
215,3305,120,119
215,3306,120,119
215,3307,120,119
215,3308,120,119
215,3309,120,119
215,3310,120,119
215,3311,120,119
215,3312,120,119
215,3313,120,119
215,3314,120,119
215,3315,120,119
215,3316,120,119
215,3317,120,119
215,3318,120,119
215,3319,120,119
215,3320,120,119
215,3321,120,119
215,3322,120,119
215,3323,120,119
216,3324,120,119
216,3325,120,119
216,3326,120,119
216,3327,120,119
217,3328,120,119
217,3329,120,119
217,3330,120,119
217,3331,120,119
217,3332,120,119
217,3333,120,119
217,3334,120,119
217,3335,120,119
218,3336,120,119
218,3337,120,119
218,3338,120,119
218,3339,120,119
218,3340,120,119
218,3341,120,119
218,3342,120,119
218,3343,120,119
218,3344,120,119
218,3345,120,119
218,3346,120,119
218,3347,120,119
218,3348,120,119
218,3349,120,119
218,3350,120,119
218,3351,120,119
219,3352,120,119
219,3353,120,119
219,3354,120,119
219,3355,120,119
219,3356,120,119
219,3357,120,119
219,3358,120,119
219,3359,120,119
219,3360,120,119
219,3361,120,119
219,3362,120,119
219,3363,120,119
219,3364,120,119
219,3365,120,119
219,3366,120,119
219,3367,120,119
219,3368,120,119
219,3369,120,119
219,3370,120,119
219,3371,120,119
219,3372,120,119
219,3373,120,119
219,3374,120,119
219,3375,120,119
219,3376,120,119
219,3377,120,119
219,3378,120,119
219,3379,120,119
219,3380,120,119
219,3381,120,119
219,3382,120,119
219,3383,120,119
220,3384,120,119
220,3385,120,119
220,3386,120,119
220,3387,120,119
220,3388,120,119
221,3389,120,119
221,3390,120,119
221,3391,120,119
221,3392,120,119
221,3393,120,119
221,3394,120,119
221,3395,120,119
221,3396,120,119
221,3397,120,119
222,3398,120,119
222,3399,120,119
222,3400,120,119
222,3401,120,119
222,3402,120,119
222,3403,120,119
222,3404,120,119
222,3405,120,119
222,3406,120,119
222,3407,120,119
222,3408,120,119
222,3409,120,119
222,3410,120,119
222,3411,120,119
222,3412,120,119
222,3413,120,119
222,3414,120,119
223,3415,120,119
223,3416,120,119
223,3417,120,119
223,3418,120,119
223,3419,120,119
223,3420,120,119
223,3421,120,119
223,3422,120,119
223,3423,120,119
223,3424,120,119
223,3425,120,119
223,3426,120,119
223,3427,120,119
223,3428,120,119
223,3429,120,119
223,3430,120,119
223,3431,120,119
223,3432,120,119
223,3433,120,119
223,3434,120,119
223,3435,120,119
223,3436,120,119
223,3437,120,119
223,3438,120,119
223,3439,120,119
223,3440,120,119
223,3441,120,119
223,3442,120,119
223,3443,120,119
223,3444,120,119
223,3445,120,119
223,3446,120,119
224,3447,120,119
224,3448,120,119
224,3449,120,119
224,3450,120,119
225,3451,120,119
225,3452,120,119
225,3453,120,119
225,3454,120,119
225,3455,120,119
225,3456,120,119
225,3457,120,119
225,3458,120,119
226,3459,120,119
226,3460,120,119
226,3461,120,119
226,3462,120,119
226,3463,120,119
226,3464,120,119
226,3465,120,119
226,3466,120,119
226,3467,120,119
226,3468,120,119
226,3469,120,119
226,3470,120,119
226,3471,120,119
226,3472,120,119
226,3473,120,119
226,3474,120,119
226,3475,120,119
227,3476,120,119
227,3477,120,119
227,3478,120,119
227,3479,120,119
227,3480,120,119
227,3481,120,119
227,3482,120,119
227,3483,120,119
227,3484,120,119
227,3485,120,119
227,3486,120,119
227,3487,120,119
227,3488,120,119
227,3489,120,119
227,3490,120,119
227,3491,120,119
227,3492,120,119
227,3493,120,119
227,3494,120,119
227,3495,120,119
227,3496,120,119
227,3497,120,119
227,3498,120,119
227,3499,120,119
227,3500,120,119
227,3501,120,119
227,3502,120,119
227,3503,120,119
227,3504,120,119
227,3505,120,119
227,3506,120,119
227,3507,120,119
228,3508,120,119
228,3509,120,119
228,3510,120,119
228,3511,120,119
229,3512,120,119
229,3513,120,119
229,3514,120,119
229,3515,120,119
229,3516,120,119
229,3517,120,119
229,3518,120,119
229,3519,120,119
230,3520,120,119
230,3521,120,120
230,3522,120,120
230,3523,120,120
230,3524,120,120
230,3525,120,120
230,3526,120,120
230,3527,120,120
230,3528,120,120
230,3529,120,120
230,3530,120,120
230,3531,120,120
230,3532,120,120
230,3533,120,120
230,3534,120,120
230,3535,120,120
230,3536,120,120
230,3537,120,120
231,3538,120,120
231,3539,120,120
231,3540,120,120
231,3541,120,120
231,3542,120,120
231,3543,120,120
231,3544,120,120
231,3545,120,120
231,3546,120,120
231,3547,120,120
231,3548,120,120
231,3549,120,120
231,3550,120,120
231,3551,120,120
231,3552,120,120
231,3553,120,120
231,3554,120,120
231,3555,120,120
231,3556,120,120
231,3557,120,120
231,3558,120,120
231,3559,120,120
231,3560,120,120
231,3561,120,120
231,3562,120,120
231,3563,120,120
231,3564,120,120
231,3565,120,120
231,3566,120,120
231,3567,120,120
231,3568,120,120
231,3569,120,120
231,3570,120,120
232,3571,120,120
232,3572,120,120
232,3573,120,120
232,3574,120,120
233,3575,120,120
233,3576,120,120
233,3577,120,120
233,3578,120,120
233,3579,120,120
233,3580,120,120
233,3581,120,120
233,3582,120,120
234,3583,120,120
234,3584,120,120
234,3585,120,120
234,3586,120,120
234,3587,120,120
234,3588,120,120
234,3589,120,120
234,3590,120,120
234,3591,120,120
234,3592,120,120
234,3593,120,120
234,3594,120,120
234,3595,120,120
234,3596,120,120
234,3597,120,120
234,3598,120,120
235,3599,120,120
235,3600,120,120
235,3601,120,120
235,3602,120,120
235,3603,120,120
235,3604,120,120
235,3605,120,120
235,3606,120,120
235,3607,120,120
235,3608,120,120
235,3609,120,120
235,3610,120,120
235,3611,120,120
235,3612,120,120
235,3613,120,120
235,3614,120,120
235,3615,120,120
235,3616,120,120
235,3617,120,120
235,3618,120,120
235,3619,120,120
235,3620,120,120
235,3621,120,120
235,3622,120,120
235,3623,120,120
235,3624,120,120
235,3625,120,120
235,3626,120,120
235,3627,120,120
235,3628,120,120
235,3629,120,120
235,3630,120,120
235,3631,120,120
235,3632,120,120
236,3633,120,120
236,3634,120,120
236,3635,120,120
236,3636,120,120
237,3637,120,120
237,3638,120,120
237,3639,120,120
237,3640,120,120
237,3641,120,120
237,3642,120,120
237,3643,120,120
237,3644,120,120
238,3645,120,120
238,3646,120,120
238,3647,120,120
238,3648,120,120
238,3649,120,120
238,3650,120,120
238,3651,120,120
238,3652,120,120
238,3653,120,120
238,3654,120,120
238,3655,120,120
238,3656,120,120
238,3657,120,120
238,3658,120,120
238,3659,120,120
238,3660,120,120
239,3661,120,120
239,3662,120,120
239,3663,120,120
239,3664,120,120
239,3665,120,120
239,3666,120,120
239,3667,120,120
239,3668,120,120
239,3669,120,120
239,3670,120,120
239,3671,120,120
239,3672,120,120
239,3673,120,120
239,3674,120,120
239,3675,120,120
239,3676,120,120
239,3677,120,120
239,3678,120,120
239,3679,120,120
239,3680,120,120
239,3681,120,120
239,3682,120,120
239,3683,120,120
239,3684,120,120
239,3685,120,120
239,3686,120,120
239,3687,120,120
239,3688,120,120
239,3689,120,120
239,3690,120,120
239,3691,120,120
239,3692,120,120
239,3693,120,120
239,3694,120,120
239,3695,120,120
239,3696,120,120
240,3697,120,120
240,3698,120,120
240,3699,120,120
240,3700,120,120
241,3701,120,120
241,3702,120,120
241,3703,120,120
241,3704,120,120
241,3705,120,120
241,3706,120,120
241,3707,120,120
241,3708,120,120
242,3709,120,120
242,3710,120,120
242,3711,120,120
242,3712,120,120
242,3713,120,120
242,3714,120,120
242,3715,120,120
242,3716,120,120
242,3717,120,120
242,3718,120,120
242,3719,120,120
242,3720,120,120
242,3721,120,120
242,3722,120,120
242,3723,120,120
242,3724,120,120
243,3725,120,120
243,3726,120,120
243,3727,120,120
243,3728,120,120
243,3729,120,120
243,3730,120,120
243,3731,120,120
243,3732,120,120
243,3733,120,120
243,3734,120,120
243,3735,120,120
243,3736,120,120
243,3737,120,120
243,3738,120,120
243,3739,120,120
243,3740,120,120
243,3741,120,120
243,3742,120,120
243,3743,120,120
243,3744,120,120
243,3745,120,120
243,3746,120,120
243,3747,120,120
243,3748,120,120
243,3749,120,120
243,3750,120,120
243,3751,120,120
243,3752,120,120
243,3753,120,120
243,3754,120,120
243,3755,120,120
243,3756,120,120
243,3757,120,120
243,3758,120,120
243,3759,120,120
244,3760,120,120
244,3761,120,120
244,3762,120,120
244,3763,120,120
245,3764,120,120
245,3765,120,120
245,3766,120,120
245,3767,120,120
245,3768,120,120
245,3769,120,120
245,3770,120,120
245,3771,120,120
246,3772,120,120
246,3773,120,120
246,3774,120,120
246,3775,120,120
246,3776,120,120
246,3777,120,120
246,3778,120,120
246,3779,120,120
246,3780,120,120
246,3781,120,120
246,3782,120,120
246,3783,120,120
246,3784,120,120
246,3785,120,120
246,3786,120,120
246,3787,120,120
246,3788,120,120
247,3789,120,120
247,3790,120,120
247,3791,120,120
247,3792,120,120
247,3793,120,120
247,3794,120,120
247,3795,120,120
247,3796,120,120
247,3797,120,120
247,3798,120,120
247,3799,120,120
247,3800,120,120
247,3801,120,120
247,3802,120,120
247,3803,120,120
247,3804,120,120
247,3805,120,120
247,3806,120,120
247,3807,120,120
247,3808,120,120
247,3809,120,120
247,3810,120,120
247,3811,120,120
247,3812,120,120
247,3813,120,120
247,3814,120,120
247,3815,120,120
247,3816,120,120
247,3817,120,120
247,3818,120,120
247,3819,120,120
247,3820,120,120
248,3821,120,120
248,3822,120,120
248,3823,120,120
248,3824,120,120
249,3825,120,120
249,3826,120,120
249,3827,120,120
249,3828,120,120
249,3829,120,120
249,3830,120,120
249,3831,120,120
249,3832,120,120
250,3833,120,120
250,3834,120,120
250,3835,120,120
250,3836,120,120
250,3837,120,120
250,3838,120,120
250,3839,120,120
250,3840,120,120
250,3841,120,120
250,3842,120,120
250,3843,120,120
250,3844,120,120
250,3845,120,120
250,3846,120,120
250,3847,120,120
250,3848,120,120
251,3849,120,120
251,3850,120,120
251,3851,120,120
251,3852,120,120
251,3853,120,120
251,3854,120,120
251,3855,120,120
251,3856,120,120
251,3857,120,120
251,3858,120,120
251,3859,120,120
251,3860,120,120
251,3861,120,120
251,3862,120,120
251,3863,120,120
251,3864,120,120
251,3865,120,120
251,3866,120,120
251,3867,120,120
251,3868,120,120
251,3869,120,120
251,3870,120,120
251,3871,120,120
251,3872,120,120
251,3873,120,120
251,3874,120,120
251,3875,120,120
251,3876,120,120
251,3877,120,120
251,3878,120,120
251,3879,120,120
251,3880,120,120
252,3881,120,120
252,3882,120,120
252,3883,120,120
252,3884,120,120
253,3885,120,120
253,3886,120,120
253,3887,120,120
253,3888,120,120
253,3889,120,120
253,3890,120,120
253,3891,120,120
253,3892,120,120
253,3893,120,120
254,3894,120,120
254,3895,120,120
254,3896,120,120
254,3897,120,120
254,3898,120,120
254,3899,120,120
254,3900,120,120
254,3901,120,120
254,3902,120,120
254,3903,120,120
254,3904,120,120
254,3905,120,120
254,3906,120,120
254,3907,120,120
254,3908,120,120
254,3909,120,120
254,3910,120,120
255,3911,120,120
255,3912,120,120
255,3913,120,120
255,3914,120,120
255,3915,120,120
255,3916,120,120
255,3917,120,120
255,3918,120,120
255,3919,120,120
255,3920,120,120
255,3921,120,120
255,3922,120,120
255,3923,120,120
255,3924,120,120
255,3925,120,120
255,3926,120,120
255,3927,120,120
255,3928,120,120
255,3929,120,120
255,3930,120,120
255,3931,120,120
255,3932,120,120
255,3933,120,120
255,3934,120,120
255,3935,120,120
255,3936,120,120
255,3937,120,120
255,3938,120,120
255,3939,120,120
255,3940,120,120
255,3941,120,120
255,3942,120,120
255,3943,120,120
256,3944,120,120
256,3945,120,120
256,3946,120,120
256,3947,120,120
257,3948,120,120
257,3949,120,120
257,3950,120,120
257,3951,120,120
257,3952,120,120
257,3953,120,120
257,3954,120,120
257,3955,120,120
258,3956,120,120
258,3957,120,120
258,3958,120,120
258,3959,120,120
258,3960,120,120
258,3961,120,120
258,3962,120,120
258,3963,120,120
258,3964,120,120
258,3965,120,120
258,3966,120,120
258,3967,120,120
258,3968,120,120
258,3969,120,120
258,3970,120,120
258,3971,120,120
259,3972,120,120
259,3973,120,120
259,3974,120,120
259,3975,120,120
259,3976,120,120
259,3977,120,120
259,3978,120,120
259,3979,120,120
259,3980,120,120
259,3981,120,120
259,3982,120,120
259,3983,120,120
259,3984,120,120
259,3985,120,120
259,3986,120,120
259,3987,120,120
259,3988,120,120
259,3989,120,120
259,3990,120,120
259,3991,120,120
259,3992,120,120
259,3993,120,120
259,3994,120,120
259,3995,120,120
259,3996,120,120
259,3997,120,120
259,3998,120,120
259,3999,120,120
259,4000,120,120
259,4001,120,120
259,4002,120,120
259,4003,120,120
259,4004,120,120
259,4005,120,120
260,4006,120,120
260,4007,120,120
260,4008,120,120
260,4009,120,120
261,4010,120,120
261,4011,120,120
261,4012,120,120
261,4013,120,120
261,4014,120,120
261,4015,120,120
261,4016,120,120
261,4017,120,120
262,4018,120,120
262,4019,120,120
262,4020,120,120
262,4021,120,120
262,4022,120,120
262,4023,120,120
262,4024,120,120
262,4025,120,120
262,4026,120,120
262,4027,120,120
262,4028,120,120
262,4029,120,120
262,4030,120,120
262,4031,120,120
262,4032,120,120
262,4033,120,120
263,4034,120,120
263,4035,120,120
263,4036,120,120
263,4037,120,120
263,4038,120,120
263,4039,120,120
263,4040,120,120
263,4041,120,120
263,4042,120,120
263,4043,120,120
263,4044,120,120
263,4045,120,120
263,4046,120,120
263,4047,120,120
263,4048,120,120
263,4049,120,120
263,4050,120,120
263,4051,120,120
263,4052,120,120
263,4053,120,120
263,4054,120,120
263,4055,120,120
263,4056,120,120
263,4057,120,120
263,4058,120,120
263,4059,120,120
263,4060,120,120
263,4061,120,120
263,4062,120,120
263,4063,120,120
263,4064,120,120
263,4065,120,120
263,4066,120,120
263,4067,120,120
263,4068,120,120
263,4069,120,120
264,4070,120,120
264,4071,120,120
264,4072,120,120
264,4073,120,120
265,4074,120,120
265,4075,120,120
265,4076,120,120
265,4077,120,120
265,4078,120,120
265,4079,120,120
265,4080,120,120
265,4081,120,120
266,4082,120,120
266,4083,120,120
266,4084,120,120
266,4085,120,120
266,4086,120,120
266,4087,120,120
266,4088,120,120
266,4089,120,120
266,4090,120,120
266,4091,120,120
266,4092,120,120
266,4093,120,120
266,4094,120,120
266,4095,120,120
266,4096,120,120
266,4097,120,120
266,4098,120,120
267,4099,120,120
267,4100,120,120
267,4101,120,120
267,4102,120,120
267,4103,120,120
267,4104,120,120
267,4105,120,120
267,4106,120,120
267,4107,120,120
267,4108,120,120
267,4109,120,120
267,4110,120,120
267,4111,120,120
267,4112,120,120
267,4113,120,120
267,4114,120,120
267,4115,120,120
267,4116,120,120
267,4117,120,120
267,4118,120,120
267,4119,120,120
267,4120,120,120
267,4121,120,120
267,4122,120,120
267,4123,120,120
267,4124,120,120
267,4125,120,120
267,4126,120,120
267,4127,120,120
267,4128,120,120
267,4129,120,120
267,4130,120,120
268,4131,120,120
268,4132,120,120
268,4133,120,120
268,4134,120,120
269,4135,120,120
269,4136,120,120
269,4137,120,120
269,4138,120,120
269,4139,120,120
269,4140,120,120
269,4141,120,120
269,4142,120,120
270,4143,120,120
270,4144,120,120
270,4145,120,120
270,4146,120,120
270,4147,120,120
270,4148,120,120
270,4149,120,120
270,4150,120,120
270,4151,120,120
270,4152,120,120
270,4153,120,120
270,4154,120,120
270,4155,120,120
270,4156,120,120
270,4157,120,120
270,4158,120,120
271,4159,120,120
271,4160,120,120
271,4161,120,120
271,4162,120,120
271,4163,120,120
271,4164,120,120
271,4165,120,120
271,4166,120,120
271,4167,120,120
271,4168,120,120
271,4169,120,120
271,4170,120,120
271,4171,120,120
271,4172,120,120
271,4173,120,120
271,4174,120,120
271,4175,120,120
271,4176,120,120
271,4177,120,120
271,4178,120,120
271,4179,120,120
271,4180,120,120
271,4181,120,120
271,4182,120,120
271,4183,120,120
271,4184,120,120
271,4185,120,120
271,4186,120,120
271,4187,120,120
271,4188,120,120
271,4189,120,120
271,4190,120,120
271,4191,120,120
272,4192,120,120
272,4193,120,120
272,4194,120,120
272,4195,120,120
273,4196,120,120
273,4197,120,120
273,4198,120,120
273,4199,120,120
273,4200,120,120
273,4201,120,120
273,4202,120,120
273,4203,120,120
274,4204,120,120
274,4205,120,120
274,4206,120,120
274,4207,120,120
274,4208,120,120
274,4209,120,120
274,4210,120,120
274,4211,120,120
274,4212,120,120
274,4213,120,120
274,4214,120,120
274,4215,120,120
274,4216,120,120
274,4217,120,120
274,4218,120,120
274,4219,120,120
275,4220,120,120
275,4221,120,120
275,4222,120,120
275,4223,120,120
275,4224,120,120
275,4225,120,120
275,4226,120,120
275,4227,120,120
275,4228,120,120
275,4229,120,120
275,4230,120,120
275,4231,120,120
275,4232,120,120
275,4233,120,120
275,4234,120,120
275,4235,120,120
275,4236,120,120
275,4237,120,120
275,4238,120,120
275,4239,120,120
275,4240,120,120
275,4241,120,120
275,4242,120,120
275,4243,120,120
275,4244,120,120
275,4245,120,120
275,4246,120,120
275,4247,120,120
275,4248,120,120
275,4249,120,120
275,4250,120,120
275,4251,120,120
275,4252,120,120
275,4253,120,120
275,4254,120,120
275,4255,120,120
276,4256,120,120
276,4257,120,120
276,4258,120,120
276,4259,120,120
277,4260,120,120
277,4261,120,120
277,4262,120,120
277,4263,120,120
277,4264,120,120
277,4265,120,120
277,4266,120,120
277,4267,120,120
278,4268,120,120
278,4269,120,120
278,4270,120,120
278,4271,120,120
278,4272,120,120
278,4273,120,120
278,4274,120,120
278,4275,120,120
278,4276,120,120
278,4277,120,120
278,4278,120,120
278,4279,120,120
278,4280,120,120
278,4281,120,120
278,4282,120,120
278,4283,120,120
279,4284,120,120
279,4285,120,120
279,4286,120,120
279,4287,120,120
279,4288,120,120
279,4289,120,120
279,4290,120,120
279,4291,120,120
279,4292,120,120
279,4293,120,120
279,4294,120,120
279,4295,120,120
279,4296,120,120
279,4297,120,120
279,4298,120,120
279,4299,120,120
279,4300,120,120
279,4301,120,120
279,4302,120,120
279,4303,120,120
279,4304,120,120
279,4305,120,120
279,4306,120,120
279,4307,120,120
279,4308,120,120
279,4309,120,120
279,4310,120,120
279,4311,120,120
279,4312,120,120
279,4313,120,120
279,4314,120,120
279,4315,120,120
279,4316,120,120
280,4317,120,120
280,4318,120,120
280,4319,120,120
280,4320,120,120
281,4321,120,120
281,4322,120,120
281,4323,120,120
281,4324,120,120
281,4325,120,120
281,4326,120,120
281,4327,120,120
281,4328,120,120
281,4329,120,120
281,4330,120,120
282,4331,120,120
282,4332,120,120
282,4333,120,120
282,4334,120,120
282,4335,120,120
282,4336,120,120
282,4337,120,120
282,4338,120,120
282,4339,120,120
282,4340,120,120
282,4341,120,120
282,4342,120,120
282,4343,120,120
282,4344,120,120
282,4345,120,120
282,4346,120,120
282,4347,120,120
283,4348,120,120
283,4349,120,120
283,4350,120,120
283,4351,120,120
283,4352,120,120
283,4353,120,120
283,4354,120,120
283,4355,120,120
283,4356,120,120
283,4357,120,120
283,4358,120,120
283,4359,120,120
283,4360,120,120
283,4361,120,120
283,4362,120,120
283,4363,120,120
283,4364,120,120
283,4365,120,120
283,4366,120,120
283,4367,120,120
283,4368,120,120
283,4369,120,120
283,4370,120,120
283,4371,120,120
283,4372,120,120
283,4373,120,120
283,4374,120,120
283,4375,120,120
283,4376,120,120
283,4377,120,120
283,4378,120,120
283,4379,120,120
283,4380,120,120
284,4381,120,120
284,4382,120,120
284,4383,120,120
284,4384,120,120
285,4385,120,120
285,4386,120,120
285,4387,120,120
285,4388,120,120
285,4389,120,120
285,4390,120,120
285,4391,120,120
285,4392,120,120
286,4393,120,120
286,4394,120,120
286,4395,120,120
286,4396,120,120
286,4397,120,120
286,4398,120,120
286,4399,120,120
286,4400,120,120
286,4401,120,120
286,4402,120,120
286,4403,120,120
286,4404,120,120
286,4405,120,120
286,4406,120,120
286,4407,120,120
286,4408,120,120
287,4409,120,120
287,4410,120,120
287,4411,120,120
287,4412,120,120
287,4413,120,120
287,4414,120,120
287,4415,120,120
287,4416,120,120
287,4417,120,120
287,4418,120,120
287,4419,120,120
287,4420,120,120
287,4421,120,120
287,4422,120,120
287,4423,120,120
287,4424,120,120
287,4425,120,120
287,4426,120,120
287,4427,120,120
287,4428,120,120
287,4429,120,120
287,4430,120,120
287,4431,120,120
287,4432,120,120
287,4433,120,120
287,4434,120,120
287,4435,120,120
287,4436,120,120
287,4437,120,120
287,4438,120,120
287,4439,120,120
287,4440,120,120
288,4441,120,120
288,4442,120,120
288,4443,120,120
288,4444,120,120
289,4445,120,120
289,4446,120,120
289,4447,120,120
289,4448,120,120
289,4449,120,120
289,4450,120,120
289,4451,120,120
289,4452,120,120
290,4453,120,120
290,4454,120,120
290,4455,120,120
290,4456,120,120
290,4457,120,120
290,4458,120,120
290,4459,120,120
290,4460,120,120
290,4461,120,120
290,4462,120,120
290,4463,120,120
290,4464,120,120
290,4465,120,120
290,4466,120,120
290,4467,120,120
290,4468,120,120
290,4469,120,120
290,4470,120,120
291,4471,120,120
291,4472,120,120
291,4473,120,120
291,4474,120,120
291,4475,120,120
291,4476,120,120
291,4477,120,120
291,4478,120,120
291,4479,120,120
291,4480,120,120
291,4481,120,120
291,4482,120,120
291,4483,120,120
291,4484,120,120
291,4485,120,120
291,4486,120,120
291,4487,120,120
291,4488,120,120
291,4489,120,120
291,4490,120,120
291,4491,120,120
291,4492,120,120
291,4493,120,120
291,4494,120,120
291,4495,120,120
291,4496,120,120
291,4497,120,120
291,4498,120,120
291,4499,120,120
291,4500,120,120
291,4501,120,120
291,4502,120,120
291,4503,120,120
291,4504,120,120
291,4505,120,120
291,4506,120,120
292,4507,120,120
292,4508,120,120
292,4509,120,120
292,4510,120,120
293,4511,120,120
293,4512,120,120
293,4513,120,120
293,4514,120,120
293,4515,120,120
293,4516,120,120
293,4517,120,120
293,4518,120,120
294,4519,120,120
294,4520,120,120
294,4521,120,120
294,4522,120,120
294,4523,120,120
294,4524,120,120
294,4525,120,120
294,4526,120,120
294,4527,120,120
294,4528,120,120
294,4529,120,120
294,4530,120,120
294,4531,120,120
294,4532,120,120
294,4533,120,120
294,4534,120,120
294,4535,120,120
294,4536,120,120
295,4537,120,120
295,4538,120,120
295,4539,120,120
295,4540,120,120
295,4541,120,120
295,4542,120,120
295,4543,120,120
295,4544,120,120
295,4545,120,120
295,4546,120,120
295,4547,120,120
295,4548,120,120
295,4549,120,120
295,4550,120,120
295,4551,120,120
295,4552,120,120
295,4553,120,120
295,4554,120,120
295,4555,120,120
295,4556,120,120
295,4557,120,120
295,4558,120,120
295,4559,120,120
295,4560,120,120
295,4561,120,120
295,4562,120,120
295,4563,120,120
295,4564,120,120
295,4565,120,120
295,4566,120,120
295,4567,120,120
295,4568,120,120
296,4569,120,120
296,4570,120,120
296,4571,120,120
296,4572,120,120
297,4573,120,120
297,4574,120,120
297,4575,120,120
297,4576,120,120
297,4577,120,120
297,4578,120,120
297,4579,120,120
297,4580,120,120
298,4581,120,120
298,4582,120,120
298,4583,120,120
298,4584,120,120
298,4585,120,120
298,4586,120,120
298,4587,120,120
298,4588,120,120
298,4589,120,120
298,4590,120,120
298,4591,120,120
298,4592,120,120
298,4593,120,120
298,4594,120,120
298,4595,120,120
298,4596,120,120
299,4597,120,120
299,4598,120,120
299,4599,120,120
299,4600,120,120
299,4601,120,120
299,4602,120,120
299,4603,120,120
299,4604,120,120
299,4605,120,120
299,4606,120,120
299,4607,120,120
299,4608,120,120
299,4609,120,120
299,4610,120,120
299,4611,120,120
299,4612,120,120
299,4613,120,120
299,4614,120,120
299,4615,120,120
299,4616,120,120
299,4617,120,120
299,4618,120,120
299,4619,120,120
299,4620,120,120
299,4621,120,120
299,4622,120,120
299,4623,120,120
299,4624,120,120
299,4625,120,120
299,4626,120,120
299,4627,120,120
299,4628,120,120
299,4629,120,120
299,4630,120,120
300,4631,120,120
300,4632,120,120
300,4633,120,120
300,4634,120,120
301,4635,120,120
301,4636,120,120
301,4637,120,120
301,4638,120,120
301,4639,120,120
301,4640,120,120
301,4641,120,120
301,4642,120,120
302,4643,120,120
302,4644,120,120
302,4645,120,120
302,4646,120,120
302,4647,120,120
302,4648,120,120
302,4649,120,120
302,4650,120,120
302,4651,120,120
302,4652,120,120
302,4653,120,120
302,4654,120,120
302,4655,120,120
302,4656,120,120
302,4657,120,120
302,4658,120,120
303,4659,120,120
303,4660,120,120
303,4661,120,120
303,4662,120,120
303,4663,120,120
303,4664,120,120
303,4665,120,120
303,4666,120,120
303,4667,120,120
303,4668,120,120
303,4669,120,120
303,4670,120,120
303,4671,120,120
303,4672,120,120
303,4673,120,120
303,4674,120,120
303,4675,120,120
303,4676,120,120
303,4677,120,120
303,4678,120,120
303,4679,120,120
303,4680,120,120
303,4681,120,120
303,4682,120,120
303,4683,120,120
303,4684,120,120
303,4685,120,120
303,4686,120,120
303,4687,120,120
303,4688,120,120
303,4689,120,120
303,4690,120,120
303,4691,120,120
303,4692,120,120
303,4693,120,120
304,4694,120,120
304,4695,120,120
304,4696,120,120
304,4697,120,120
305,4698,120,120
305,4699,120,120
305,4700,120,120
305,4701,120,120
305,4702,120,120
305,4703,120,120
305,4704,120,120
305,4705,120,120
306,4706,120,120
306,4707,120,120
306,4708,120,120
306,4709,120,120
306,4710,120,120
306,4711,120,120
306,4712,120,120
306,4713,120,120
306,4714,120,120
306,4715,120,120
306,4716,120,120
306,4717,120,120
306,4718,120,120
306,4719,120,120
306,4720,120,120
306,4721,120,120
306,4722,120,120
307,4723,120,120
307,4724,120,120
307,4725,120,120
307,4726,120,120
307,4727,120,120
307,4728,120,120
307,4729,120,120
307,4730,120,120
307,4731,120,120
307,4732,120,120
307,4733,120,120
307,4734,120,120
307,4735,120,120
307,4736,120,120
307,4737,120,120
307,4738,120,120
307,4739,120,120
307,4740,120,120
307,4741,120,120
307,4742,120,120
307,4743,120,120
307,4744,120,120
307,4745,120,120
307,4746,120,120
307,4747,120,120
307,4748,120,120
307,4749,120,120
307,4750,120,120
307,4751,120,120
307,4752,120,120
307,4753,120,120
307,4754,120,120
308,4755,120,120
308,4756,120,120
308,4757,120,120
308,4758,120,120
309,4759,120,120
309,4760,120,120
309,4761,120,120
309,4762,120,120
309,4763,120,120
309,4764,120,120
309,4765,120,120
309,4766,120,120
309,4767,120,120
310,4768,120,120
310,4769,120,120
310,4770,120,120
310,4771,120,120
310,4772,120,120
310,4773,120,120
310,4774,120,120
310,4775,120,120
310,4776,120,120
310,4777,120,120
310,4778,120,120
310,4779,120,120
310,4780,120,120
310,4781,120,120
310,4782,120,120
310,4783,120,120
311,4784,120,120
311,4785,120,120
311,4786,120,120
311,4787,120,120
311,4788,120,120
311,4789,120,120
311,4790,120,120
311,4791,120,120
311,4792,120,120
311,4793,120,120
311,4794,120,120
311,4795,120,120
311,4796,120,120
311,4797,120,120
311,4798,120,120
311,4799,120,120
311,4800,120,120
311,4801,120,120
311,4802,120,120
311,4803,120,120
311,4804,120,120
311,4805,120,120
311,4806,120,120
311,4807,120,120
311,4808,120,120
311,4809,120,120
311,4810,120,120
311,4811,120,120
311,4812,120,120
311,4813,120,120
311,4814,120,120
311,4815,120,120
312,4816,120,120
312,4817,120,120
312,4818,120,120
312,4819,120,120
313,4820,120,120
313,4821,120,120
313,4822,120,120
313,4823,120,120
313,4824,120,120
313,4825,120,120
313,4826,120,120
313,4827,120,120
313,4828,120,120
314,4829,120,120
314,4830,120,120
314,4831,120,120
314,4832,120,120
314,4833,120,120
314,4834,120,120
314,4835,120,120
314,4836,120,120
314,4837,120,120
314,4838,120,120
314,4839,120,120
314,4840,120,120
314,4841,120,120
314,4842,120,120
314,4843,120,120
314,4844,120,120
315,4845,120,120
315,4846,120,120
315,4847,120,120
315,4848,120,120
315,4849,120,120
315,4850,120,120
315,4851,120,120
315,4852,120,120
315,4853,120,120
315,4854,120,120
315,4855,120,120
315,4856,120,120
315,4857,120,120
315,4858,120,120
315,4859,120,120
315,4860,120,120
315,4861,120,120
315,4862,120,120
315,4863,120,120
315,4864,120,120
315,4865,120,120
315,4866,120,120
315,4867,120,120
315,4868,120,120
315,4869,120,120
315,4870,120,120
315,4871,120,120
315,4872,120,120
315,4873,120,120
315,4874,120,120
315,4875,120,120
315,4876,120,120
316,4877,120,120
316,4878,120,120
316,4879,120,120
316,4880,120,120
316,4881,120,120
317,4882,120,120
317,4883,120,120
317,4884,120,120
317,4885,120,120
317,4886,120,120
317,4887,120,120
317,4888,120,120
317,4889,120,120
318,4890,120,120
318,4891,120,120
318,4892,120,120
318,4893,120,120
318,4894,120,120
318,4895,120,120
318,4896,120,120
318,4897,120,120
318,4898,120,120
318,4899,120,120
318,4900,120,120
318,4901,120,120
318,4902,120,120
318,4903,120,120
318,4904,120,120
318,4905,120,120
319,4906,120,120
319,4907,120,120
319,4908,120,120
319,4909,120,120
319,4910,120,120
319,4911,120,120
319,4912,120,120
319,4913,120,120
319,4914,120,120
319,4915,120,120
319,4916,120,120
319,4917,120,120
319,4918,120,120
319,4919,120,120
319,4920,120,120
319,4921,120,120
319,4922,120,120
319,4923,120,120
319,4924,120,120
319,4925,120,120
319,4926,120,120
319,4927,120,120
319,4928,120,120
319,4929,120,120
319,4930,120,120
319,4931,120,120
319,4932,120,120
319,4933,120,120
319,4934,120,120
319,4935,120,120
319,4936,120,120
319,4937,120,120
319,4938,120,120
319,4939,120,120
319,4940,120,120
320,4941,120,120
320,4942,120,120
320,4943,120,120
320,4944,120,120
321,4945,120,120
321,4946,120,120
321,4947,120,120
321,4948,120,120
321,4949,120,120
321,4950,120,120
321,4951,120,120
321,4952,120,120
322,4953,120,120
322,4954,120,120
322,4955,120,120
322,4956,120,120
322,4957,120,120
322,4958,120,120
322,4959,120,120
322,4960,120,120
322,4961,120,120
322,4962,120,120
322,4963,120,120
322,4964,120,120
322,4965,120,120
322,4966,120,120
322,4967,120,120
322,4968,120,120
323,4969,120,120
323,4970,120,120
323,4971,120,120
323,4972,120,120
323,4973,120,120
323,4974,120,120
323,4975,120,120
323,4976,120,120
323,4977,120,120
323,4978,120,120
323,4979,120,120
323,4980,120,120
323,4981,120,120
323,4982,120,120
323,4983,120,120
323,4984,120,120
323,4985,120,120
323,4986,120,120
323,4987,120,120
323,4988,120,120
323,4989,120,120
323,4990,120,120
323,4991,120,120
323,4992,120,120
323,4993,120,120
323,4994,120,120
323,4995,120,120
323,4996,120,120
323,4997,120,120
323,4998,120,120
323,4999,120,120
323,5000,120,120
323,5001,120,120
323,5002,120,120
323,5003,120,120
324,5004,120,120
324,5005,120,120
324,5006,120,120
324,5007,120,120
325,5008,120,120
325,5009,120,120
325,5010,120,120
325,5011,120,120
325,5012,120,120
325,5013,120,120
325,5014,120,120
325,5015,120,120
326,5016,120,120
326,5017,120,120
326,5018,120,120
326,5019,120,120
326,5020,120,120
326,5021,120,120
326,5022,120,120
326,5023,120,120
326,5024,120,120
326,5025,120,120
326,5026,120,120
326,5027,120,120
326,5028,120,120
326,5029,120,120
326,5030,120,120
326,5031,120,120
327,5032,120,120
327,5033,120,120
327,5034,120,120
327,5035,120,120
327,5036,120,120
327,5037,120,120
327,5038,120,120
327,5039,120,120
327,5040,120,120
327,5041,120,120
327,5042,120,120
327,5043,120,120
327,5044,120,120
327,5045,120,120
327,5046,120,120
327,5047,120,120
327,5048,120,120
327,5049,120,120
327,5050,120,120
327,5051,120,120
327,5052,120,120
327,5053,120,120
327,5054,120,120
327,5055,120,120
327,5056,120,120
327,5057,120,120
327,5058,120,120
327,5059,120,120
327,5060,120,120
327,5061,120,120
327,5062,120,120
327,5063,120,120
328,5064,120,120
328,5065,120,120
328,5066,120,120
328,5067,120,120
329,5068,120,120
329,5069,120,120
329,5070,120,120
329,5071,120,120
329,5072,120,120
329,5073,120,120
329,5074,120,120
329,5075,120,120
330,5076,120,120
330,5077,120,120
330,5078,120,120
330,5079,120,120
330,5080,120,120
330,5081,120,120
330,5082,120,120
330,5083,120,120
330,5084,120,120
330,5085,120,120
330,5086,120,120
330,5087,120,120
330,5088,120,120
330,5089,120,120
330,5090,120,120
330,5091,120,120
331,5092,120,120
331,5093,120,120
331,5094,120,120
331,5095,120,120
331,5096,120,120
331,5097,120,120
331,5098,120,120
331,5099,120,120
331,5100,120,120
331,5101,120,120
331,5102,120,120
331,5103,120,120
331,5104,120,120
331,5105,120,120
331,5106,120,120
331,5107,120,120
331,5108,120,120
331,5109,120,120
331,5110,120,120
331,5111,120,120
331,5112,120,120
331,5113,120,120
331,5114,120,120
331,5115,120,120
331,5116,120,120
331,5117,120,120
331,5118,120,120
331,5119,120,120
331,5120,120,120
331,5121,120,120
331,5122,120,120
331,5123,120,120
332,5124,120,120
332,5125,120,120
332,5126,120,120
332,5127,120,120
333,5128,120,120
333,5129,120,120
333,5130,120,120
333,5131,120,120
333,5132,120,120
333,5133,120,120
333,5134,120,120
333,5135,120,120
334,5136,120,120
334,5137,120,120
334,5138,120,120
334,5139,120,120
334,5140,120,120
334,5141,120,120
334,5142,120,120
334,5143,120,120
334,5144,120,120
334,5145,120,120
334,5146,120,120
334,5147,120,120
334,5148,120,120
334,5149,120,120
334,5150,120,120
334,5151,120,120
335,5152,120,120
335,5153,120,120
335,5154,120,120
335,5155,120,120
335,5156,120,120
335,5157,120,120
335,5158,120,120
335,5159,120,120
335,5160,120,120
335,5161,120,120
335,5162,120,120
335,5163,120,120
335,5164,120,120
335,5165,120,120
335,5166,120,120
335,5167,120,120
335,5168,120,120
335,5169,120,120
335,5170,120,120
335,5171,120,120
335,5172,120,120
335,5173,120,120
335,5174,120,120
335,5175,120,120
335,5176,120,120
335,5177,120,120
335,5178,120,120
335,5179,120,120
335,5180,120,120
335,5181,120,120
335,5182,120,120
335,5183,120,120
336,5184,120,120
336,5185,120,120
336,5186,120,120
336,5187,120,120
337,5188,120,120
337,5189,120,120
337,5190,120,120
337,5191,120,120
337,5192,120,120
337,5193,120,120
337,5194,120,120
337,5195,120,120
337,5196,120,120
338,5197,120,120
338,5198,120,120
338,5199,120,120
338,5200,120,120
338,5201,120,120
338,5202,120,120
338,5203,120,120
338,5204,120,120
338,5205,120,120
338,5206,120,120
338,5207,120,120
338,5208,120,120
338,5209,120,120
338,5210,120,120
338,5211,120,120
338,5212,120,120
339,5213,120,120
339,5214,120,120
339,5215,120,120
339,5216,120,120
339,5217,120,120
339,5218,120,120
339,5219,120,120
339,5220,120,120
339,5221,120,120
339,5222,120,120
339,5223,120,120
339,5224,120,120
339,5225,120,120
339,5226,120,120
339,5227,120,120
339,5228,120,120
339,5229,120,120
339,5230,120,120
339,5231,120,120
339,5232,120,120
339,5233,120,120
339,5234,120,120
339,5235,120,120
339,5236,120,120
339,5237,120,120
339,5238,120,120
339,5239,120,120
339,5240,120,120
339,5241,120,120
339,5242,120,120
339,5243,120,120
339,5244,120,120
339,5245,120,120
340,5246,120,120
340,5247,120,120
340,5248,120,120
340,5249,120,120
341,5250,120,120
341,5251,120,120
341,5252,120,120
341,5253,120,120
341,5254,120,120
341,5255,120,120
341,5256,120,120
341,5257,120,120
342,5258,120,120
342,5259,120,120
342,5260,120,120
342,5261,120,120
342,5262,120,120
342,5263,120,120
342,5264,120,120
342,5265,120,120
342,5266,120,120
342,5267,120,120
342,5268,120,120
342,5269,120,120
342,5270,120,120
342,5271,120,120
342,5272,120,120
342,5273,120,120
342,5274,120,120
342,5275,120,120
343,5276,120,120
343,5277,120,120
343,5278,120,120
343,5279,120,120
343,5280,120,120
343,5281,120,120
343,5282,120,120
343,5283,120,120
343,5284,120,120
343,5285,120,120
343,5286,120,120
343,5287,120,120
343,5288,120,120
343,5289,120,120
343,5290,120,120
343,5291,120,120
343,5292,120,120
343,5293,120,120
343,5294,120,120
343,5295,120,120
343,5296,120,120
343,5297,120,120
343,5298,120,120
343,5299,120,120
343,5300,120,120
343,5301,120,120
343,5302,120,120
343,5303,120,120
343,5304,120,120
343,5305,120,120
343,5306,120,120
343,5307,120,120
343,5308,120,120
344,5309,120,120
344,5310,120,120
344,5311,120,120
344,5312,120,120
345,5313,120,120
345,5314,120,120
345,5315,120,120
345,5316,120,120
345,5317,120,120
345,5318,120,120
345,5319,120,120
345,5320,120,120
346,5321,120,120
346,5322,120,120
346,5323,120,120
346,5324,120,120
346,5325,120,120
346,5326,120,120
346,5327,120,120
346,5328,120,120
346,5329,120,120
346,5330,120,120
346,5331,120,120
346,5332,120,120
346,5333,120,120
346,5334,120,120
346,5335,120,120
346,5336,120,120
346,5337,120,120
346,5338,120,120
347,5339,120,120
347,5340,120,120
347,5341,120,120
347,5342,120,120
347,5343,120,120
347,5344,120,120
347,5345,120,120
347,5346,120,120
347,5347,120,120
347,5348,120,120
347,5349,120,120
347,5350,120,120
347,5351,120,120
347,5352,120,120
347,5353,120,120
347,5354,120,120
347,5355,120,120
347,5356,120,120
347,5357,120,120
347,5358,120,120
347,5359,120,120
347,5360,120,120
347,5361,120,120
347,5362,120,120
347,5363,120,120
347,5364,120,120
347,5365,120,120
347,5366,120,120
347,5367,120,120
347,5368,120,120
347,5369,120,120
347,5370,120,120
348,5371,120,120
348,5372,120,120
348,5373,120,120
348,5374,120,120
349,5375,120,120
349,5376,120,120
349,5377,120,120
349,5378,120,120
349,5379,120,120
349,5380,120,120
349,5381,120,120
349,5382,120,120
349,5383,120,120
350,5384,120,120
350,5385,120,120
350,5386,120,120
350,5387,120,120
350,5388,120,120
350,5389,120,120
350,5390,120,120
350,5391,120,120
350,5392,120,120
350,5393,120,120
350,5394,120,120
350,5395,120,120
350,5396,120,120
350,5397,120,120
350,5398,120,120
350,5399,120,120
350,5400,120,120
350,5401,120,120
351,5402,120,120
351,5403,120,120
351,5404,120,120
351,5405,120,120
351,5406,120,120
351,5407,120,120
351,5408,120,120
351,5409,120,120
351,5410,120,120
351,5411,120,120
351,5412,120,120
351,5413,120,120
351,5414,120,120
351,5415,120,120
351,5416,120,120
351,5417,120,120
351,5418,120,120
351,5419,120,120
351,5420,120,120
351,5421,120,120
351,5422,120,120
351,5423,120,120
351,5424,120,120
351,5425,120,120
351,5426,120,120
351,5427,120,120
351,5428,120,120
351,5429,120,120
351,5430,120,120
351,5431,120,120
351,5432,120,120
351,5433,120,120
352,5434,120,120
352,5435,120,120
352,5436,120,120
352,5437,120,120
353,5438,120,120
353,5439,120,120
353,5440,120,120
353,5441,120,120
353,5442,120,120
353,5443,120,120
353,5444,120,120
353,5445,120,120
354,5446,120,120
354,5447,120,120
354,5448,120,120
354,5449,120,120
354,5450,120,120
354,5451,120,120
354,5452,120,120
354,5453,120,120
354,5454,120,120
354,5455,120,120
354,5456,120,120
354,5457,120,120
354,5458,120,120
354,5459,120,120
354,5460,120,120
354,5461,120,120
355,5462,120,120
355,5463,120,120
355,5464,120,120
355,5465,120,120
355,5466,120,120
355,5467,120,120
355,5468,120,120
355,5469,120,120
355,5470,120,120
355,5471,120,120
355,5472,120,120
355,5473,120,120
355,5474,120,120
355,5475,120,120
355,5476,120,120
355,5477,120,120
355,5478,120,120
355,5479,120,120
355,5480,120,120
355,5481,120,120
355,5482,120,120
355,5483,120,120
355,5484,120,120
355,5485,120,120
355,5486,120,120
355,5487,120,120
355,5488,120,120
355,5489,120,120
355,5490,120,120
355,5491,120,120
355,5492,120,120
355,5493,120,120
355,5494,120,120
356,5495,120,120
356,5496,120,120
356,5497,120,120
356,5498,120,120
357,5499,120,120
357,5500,120,120
357,5501,120,120
357,5502,120,120
357,5503,120,120
357,5504,120,120
357,5505,120,120
357,5506,120,120
357,5507,120,120
358,5508,120,120
358,5509,120,120
358,5510,120,120
358,5511,120,120
358,5512,120,120
358,5513,120,120
358,5514,120,120
358,5515,120,120
358,5516,120,120
358,5517,120,120
358,5518,120,120
358,5519,120,120
358,5520,120,120
358,5521,120,120
358,5522,120,120
358,5523,120,120
359,5524,120,120
359,5525,120,120
359,5526,120,120
359,5527,120,120
359,5528,120,120
359,5529,120,120
359,5530,120,120
359,5531,120,120
359,5532,120,120
359,5533,120,120
359,5534,120,120
359,5535,120,120
359,5536,120,120
359,5537,120,120
359,5538,120,120
359,5539,120,120
359,5540,120,120
359,5541,120,120
359,5542,120,120
359,5543,120,120
359,5544,120,120
359,5545,120,120
359,5546,120,120
359,5547,120,120
359,5548,120,120
359,5549,120,120
359,5550,120,120
359,5551,120,120
359,5552,120,120
359,5553,120,120
359,5554,120,120
359,5555,120,120
360,5556,120,120
360,5557,120,120
360,5558,120,120
360,5559,120,120
361,5560,120,120
361,5561,120,120
361,5562,120,120
361,5563,120,120
361,5564,120,120
361,5565,120,120
361,5566,120,120
361,5567,120,120
362,5568,120,120
362,5569,120,120
362,5570,120,120
362,5571,120,120
362,5572,120,120
362,5573,120,120
362,5574,120,120
362,5575,120,120
362,5576,120,120
362,5577,120,120
362,5578,120,120
362,5579,120,120
362,5580,120,120
362,5581,120,120
362,5582,120,120
362,5583,120,120
363,5584,120,120
363,5585,120,120
363,5586,120,120
363,5587,120,120
363,5588,120,120
363,5589,120,120
363,5590,120,120
363,5591,120,120
363,5592,120,120
363,5593,120,120
363,5594,120,120
363,5595,120,120
363,5596,120,120
363,5597,120,120
363,5598,120,120
363,5599,120,120
363,5600,120,120
363,5601,120,120
363,5602,120,120
363,5603,120,120
363,5604,120,120
363,5605,120,120
363,5606,120,120
363,5607,120,120
363,5608,120,120
363,5609,120,120
363,5610,120,120
363,5611,120,120
363,5612,120,120
363,5613,120,120
363,5614,120,120
363,5615,120,120
364,5616,120,120
364,5617,120,120
364,5618,120,120
364,5619,120,120
365,5620,120,120
365,5621,120,120
365,5622,120,120
365,5623,120,120
365,5624,120,120
365,5625,120,120
365,5626,120,120
365,5627,120,120
365,5628,120,120
366,5629,120,120
366,5630,120,120
366,5631,120,120
366,5632,120,120
366,5633,120,120
366,5634,120,120
366,5635,120,120
366,5636,120,120
366,5637,120,120
366,5638,120,120
366,5639,120,120
366,5640,120,120
366,5641,120,120
366,5642,120,120
366,5643,120,120
366,5644,120,120
367,5645,120,120
367,5646,120,120
367,5647,120,120
367,5648,120,120
367,5649,120,120
367,5650,120,120
367,5651,120,120
367,5652,120,120
367,5653,120,120
367,5654,120,120
367,5655,120,120
367,5656,120,120
367,5657,120,120
367,5658,120,120
367,5659,120,120
367,5660,120,120
367,5661,120,120
367,5662,120,120
367,5663,120,120
367,5664,120,120
367,5665,120,120
367,5666,120,120
367,5667,120,120
367,5668,120,120
367,5669,120,120
367,5670,120,120
367,5671,120,120
367,5672,120,120
367,5673,120,120
367,5674,120,120
367,5675,120,120
367,5676,120,120
368,5677,120,120
368,5678,120,120
368,5679,120,120
368,5680,120,120
369,5681,120,120
369,5682,120,120
369,5683,120,120
369,5684,120,120
369,5685,120,120
369,5686,120,120
369,5687,120,120
369,5688,120,120
370,5689,120,120
370,5690,120,120
370,5691,120,120
370,5692,120,120
370,5693,120,120
370,5694,120,120
370,5695,120,120
370,5696,120,120
370,5697,120,120
370,5698,120,120
370,5699,120,120
370,5700,120,120
370,5701,120,120
370,5702,120,120
370,5703,120,120
370,5704,120,120
370,5705,120,120
371,5706,120,120
371,5707,120,120
371,5708,120,120
371,5709,120,120
371,5710,120,120
371,5711,120,120
371,5712,120,120
371,5713,120,120
371,5714,120,120
371,5715,120,120
371,5716,120,120
371,5717,120,120
371,5718,120,120
371,5719,120,120
371,5720,120,120
371,5721,120,120
371,5722,120,120
371,5723,120,120
371,5724,120,120
371,5725,120,120
371,5726,120,120
371,5727,120,120
371,5728,120,120
371,5729,120,120
371,5730,120,120
371,5731,120,120
371,5732,120,120
371,5733,120,120
371,5734,120,120
371,5735,120,120
371,5736,120,120
371,5737,120,120
371,5738,120,120
372,5739,120,120
372,5740,120,120
372,5741,120,120
372,5742,120,120
373,5743,120,120
373,5744,120,120
373,5745,120,120
373,5746,120,120
373,5747,120,120
373,5748,120,120
373,5749,120,120
373,5750,120,120
373,5751,120,120
374,5752,120,120
374,5753,120,120
374,5754,120,120
374,5755,120,120
374,5756,120,120
374,5757,120,120
374,5758,120,120
374,5759,120,120
374,5760,120,120
374,5761,120,120
374,5762,120,120
374,5763,120,120
374,5764,120,120
374,5765,120,120
374,5766,120,120
374,5767,120,120
375,5768,120,120
375,5769,120,120
375,5770,120,120
375,5771,120,120
375,5772,120,120
375,5773,120,120
375,5774,120,120
375,5775,120,120
375,5776,120,120
375,5777,120,120
375,5778,120,120
375,5779,120,120
375,5780,120,120
375,5781,120,120
375,5782,120,120
375,5783,120,120
375,5784,120,120
375,5785,120,120
375,5786,120,120
375,5787,120,120
375,5788,120,120
375,5789,120,120
375,5790,120,120
375,5791,120,120
375,5792,120,120
375,5793,120,120
375,5794,120,120
375,5795,120,120
375,5796,120,120
375,5797,120,120
375,5798,120,120
375,5799,120,120
375,5800,120,120
376,5801,120,120
376,5802,120,120
376,5803,120,120
376,5804,120,120
377,5805,120,120
377,5806,120,120
377,5807,120,120
377,5808,120,120
377,5809,120,120
377,5810,120,120
377,5811,120,120
377,5812,120,120
378,5813,120,120
378,5814,120,120
378,5815,120,120
378,5816,120,120
378,5817,120,120
378,5818,120,120
378,5819,120,120
378,5820,120,120
378,5821,120,120
378,5822,120,120
378,5823,120,120
378,5824,120,120
378,5825,120,120
378,5826,120,120
378,5827,120,120
378,5828,120,120
378,5829,120,120
378,5830,120,120
379,5831,120,120
379,5832,120,120
379,5833,120,120
379,5834,120,120
379,5835,120,120
379,5836,120,120
379,5837,120,120
379,5838,120,120
379,5839,120,120
379,5840,120,120
379,5841,120,120
379,5842,120,120
379,5843,120,120
379,5844,120,120
379,5845,120,120
379,5846,120,120
379,5847,120,120
379,5848,120,120
379,5849,120,120
379,5850,120,120
379,5851,120,120
379,5852,120,120
379,5853,120,120
379,5854,120,120
379,5855,120,120
379,5856,120,120
379,5857,120,120
379,5858,120,120
379,5859,120,120
379,5860,120,120
379,5861,120,120
379,5862,120,120
379,5863,120,120
380,5864,120,120
380,5865,120,120
380,5866,120,120
380,5867,120,120
381,5868,120,120
381,5869,120,120
381,5870,120,120
381,5871,120,120
381,5872,120,120
381,5873,120,120
381,5874,120,120
381,5875,120,120
382,5876,120,120
382,5877,120,120
382,5878,120,120
382,5879,120,120
382,5880,120,120
382,5881,120,120
382,5882,120,120
382,5883,120,120
382,5884,120,120
382,5885,120,120
382,5886,120,120
382,5887,120,120
382,5888,120,120
382,5889,120,120
382,5890,120,120
382,5891,120,120
383,5892,120,120
383,5893,120,120
383,5894,120,120
383,5895,120,120
383,5896,120,120
383,5897,120,120
383,5898,120,120
383,5899,120,120
383,5900,120,120
383,5901,120,120
383,5902,120,120
383,5903,120,120
383,5904,120,120
383,5905,120,120
383,5906,120,120
383,5907,120,120
383,5908,120,120
383,5909,120,120
383,5910,120,120
383,5911,120,120
383,5912,120,120
383,5913,120,120
383,5914,120,120
383,5915,120,120
383,5916,120,120
383,5917,120,120
383,5918,120,120
383,5919,120,120
383,5920,120,120
383,5921,120,120
383,5922,120,120
383,5923,120,120
384,5924,120,120
384,5925,120,120
384,5926,120,120
384,5927,120,120
385,5928,120,120
385,5929,120,120
385,5930,120,120
385,5931,120,120
385,5932,120,120
385,5933,120,120
385,5934,120,120
385,5935,120,120
386,5936,120,120
386,5937,120,120
386,5938,120,120
386,5939,120,120
386,5940,120,120
386,5941,120,120
386,5942,120,120
386,5943,120,120
386,5944,120,120
386,5945,120,120
386,5946,120,120
386,5947,120,120
386,5948,120,120
386,5949,120,120
386,5950,120,120
386,5951,120,120
387,5952,120,120
387,5953,120,120
387,5954,120,120
387,5955,120,120
387,5956,120,120
387,5957,120,120
387,5958,120,120
387,5959,120,120
387,5960,120,120
387,5961,120,120
387,5962,120,120
387,5963,120,120
387,5964,120,120
387,5965,120,120
387,5966,120,120
387,5967,120,120
387,5968,120,120
387,5969,120,120
387,5970,120,120
387,5971,120,120
387,5972,120,120
387,5973,120,120
387,5974,120,120
387,5975,120,120
387,5976,120,120
387,5977,120,120
387,5978,120,120
387,5979,120,120
387,5980,120,120
387,5981,120,120
387,5982,120,120
387,5983,120,120
387,5984,120,120
388,5985,120,120
388,5986,120,120
388,5987,120,120
388,5988,120,120
389,5989,120,120
389,5990,120,120
389,5991,120,120
389,5992,120,120
389,5993,120,120
389,5994,120,120
389,5995,120,120
389,5996,120,120
390,5997,120,120
390,5998,120,120
390,5999,120,120
390,6000,120,120
390,6001,120,120
390,6002,120,120
390,6003,120,120
390,6004,120,120
390,6005,120,120
390,6006,120,120
390,6007,120,120
390,6008,120,120
390,6009,120,120
390,6010,120,120
390,6011,120,120
390,6012,120,120
391,6013,120,120
391,6014,120,120
391,6015,120,120
391,6016,120,120
391,6017,120,120
391,6018,120,120
391,6019,120,120
391,6020,120,120
391,6021,120,120
391,6022,120,120
391,6023,120,120
391,6024,120,120
391,6025,120,120
391,6026,120,120
391,6027,120,120
391,6028,120,120
391,6029,120,120
391,6030,120,120
391,6031,120,120
391,6032,120,120
391,6033,120,120
391,6034,120,120
391,6035,120,120
391,6036,120,120
391,6037,120,120
391,6038,120,120
391,6039,120,120
391,6040,120,120
391,6041,120,120
391,6042,120,120
391,6043,120,120
391,6044,120,120
391,6045,120,120
391,6046,120,120
392,6047,120,120
392,6048,120,120
392,6049,120,120
392,6050,120,120
393,6051,120,120
393,6052,120,120
393,6053,120,120
393,6054,120,120
393,6055,120,120
393,6056,120,120
393,6057,120,120
393,6058,120,120
394,6059,120,120
394,6060,120,120
394,6061,120,120
394,6062,120,120
394,6063,120,120
394,6064,120,120
394,6065,120,120
394,6066,120,120
394,6067,120,120
394,6068,120,120
394,6069,120,120
394,6070,120,120
394,6071,120,120
394,6072,120,120
394,6073,120,120
394,6074,120,120
394,6075,120,120
395,6076,120,120
395,6077,120,120
395,6078,120,120
395,6079,120,120
395,6080,120,120
395,6081,120,120
395,6082,120,120
395,6083,120,120
395,6084,120,120
395,6085,120,120
395,6086,120,120
395,6087,120,120
395,6088,120,120
395,6089,120,120
395,6090,120,120
395,6091,120,120
395,6092,120,120
395,6093,120,120
395,6094,120,120
395,6095,120,120
395,6096,120,120
395,6097,120,120
395,6098,120,120
395,6099,120,120
395,6100,120,120
395,6101,120,120
395,6102,120,120
395,6103,120,120
395,6104,120,120
395,6105,120,120
395,6106,120,120
395,6107,120,120
396,6108,120,120
396,6109,120,120
396,6110,120,120
396,6111,120,120
397,6112,120,120
397,6113,120,120
397,6114,120,120
397,6115,120,120
397,6116,120,120
397,6117,120,120
397,6118,120,120
397,6119,120,120
398,6120,120,120
398,6121,120,120
398,6122,120,120
398,6123,120,120
398,6124,120,120
398,6125,120,120
398,6126,120,120
398,6127,120,120
398,6128,120,120
398,6129,120,120
398,6130,120,120
398,6131,120,120
398,6132,120,120
398,6133,120,120
398,6134,120,120
398,6135,120,120
398,6136,120,120
399,6137,120,120
399,6138,120,120
399,6139,120,120
399,6140,120,120
399,6141,120,120
399,6142,120,120
399,6143,120,120
399,6144,120,120
399,6145,120,120
399,6146,120,120
399,6147,120,120
399,6148,120,120
399,6149,120,120
399,6150,120,120
399,6151,120,120
399,6152,120,120
399,6153,120,120
399,6154,120,120
399,6155,120,120
399,6156,120,120
399,6157,120,120
399,6158,120,120
399,6159,120,120
399,6160,120,120
399,6161,120,120
399,6162,120,120
399,6163,120,120
399,6164,120,120
399,6165,120,120
399,6166,120,120
399,6167,120,120
399,6168,120,120
400,6169,120,120
400,6170,120,120
400,6171,120,120
400,6172,120,120
401,6173,120,120
401,6174,120,120
401,6175,120,120
401,6176,120,120
401,6177,120,120
401,6178,120,120
401,6179,120,120
401,6180,120,120
401,6181,120,120
402,6182,120,120
402,6183,120,120
402,6184,120,120
402,6185,120,120
402,6186,120,120
402,6187,120,120
402,6188,120,120
402,6189,120,120
402,6190,120,120
402,6191,120,120
402,6192,120,120
402,6193,120,120
402,6194,120,120
402,6195,120,120
402,6196,120,120
402,6197,120,120
402,6198,120,120
402,6199,120,120
403,6200,120,120
403,6201,120,120
403,6202,120,120
403,6203,120,120
403,6204,120,120
403,6205,120,120
403,6206,120,120
403,6207,120,120
403,6208,120,120
403,6209,120,120
403,6210,120,120
403,6211,120,120
403,6212,120,120
403,6213,120,120
403,6214,120,120
403,6215,120,120
403,6216,120,120
403,6217,120,120
403,6218,120,120
403,6219,120,120
403,6220,120,120
403,6221,120,120
403,6222,120,120
403,6223,120,120
403,6224,120,120
403,6225,120,120
403,6226,120,120
403,6227,120,120
403,6228,120,120
403,6229,120,120
403,6230,120,120
403,6231,120,120
404,6232,120,120
404,6233,120,120
404,6234,120,120
404,6235,120,120
405,6236,120,120
405,6237,120,120
405,6238,120,120
405,6239,120,120
405,6240,120,120
405,6241,120,120
405,6242,120,120
405,6243,120,120
406,6244,120,120
406,6245,120,120
406,6246,120,120
406,6247,120,120
406,6248,120,120
406,6249,120,120
406,6250,120,120
406,6251,120,120
406,6252,120,120
406,6253,120,120
406,6254,120,120
406,6255,120,120
406,6256,120,120
406,6257,120,120
406,6258,120,120
406,6259,120,120
407,6260,120,120
407,6261,120,120
407,6262,120,120
407,6263,120,120
407,6264,120,120
407,6265,120,120
407,6266,120,120
407,6267,120,120
407,6268,120,120
407,6269,120,120
407,6270,120,120
407,6271,120,120
407,6272,120,120
407,6273,120,120
407,6274,120,120
407,6275,120,120
407,6276,120,120
407,6277,120,120
407,6278,120,120
407,6279,120,120
407,6280,120,120
407,6281,120,120
407,6282,120,120
407,6283,120,120
407,6284,120,120
407,6285,120,120
407,6286,120,120
407,6287,120,120
407,6288,120,120
407,6289,120,120
407,6290,120,120
407,6291,120,120
408,6292,120,120
408,6293,120,120
408,6294,120,120
408,6295,120,120
409,6296,120,120
409,6297,120,120
409,6298,120,120
409,6299,120,120
409,6300,120,120
409,6301,120,120
409,6302,120,120
409,6303,120,120
410,6304,120,120
410,6305,120,120
410,6306,120,120
410,6307,120,120
410,6308,120,120
410,6309,120,120
410,6310,120,120
410,6311,120,120
410,6312,120,120
410,6313,120,120
410,6314,120,120
410,6315,120,120
410,6316,120,120
410,6317,120,120
410,6318,120,120
410,6319,120,120
410,6320,120,120
411,6321,120,120
411,6322,120,120
411,6323,120,120
411,6324,120,120
411,6325,120,120
411,6326,120,120
411,6327,120,120
411,6328,120,120
411,6329,120,120
411,6330,120,120
411,6331,120,120
411,6332,120,120
411,6333,120,120
411,6334,120,120
411,6335,120,120
411,6336,120,120
411,6337,120,120
411,6338,120,120
411,6339,120,120
411,6340,120,120
411,6341,120,120
411,6342,120,120
411,6343,120,120
411,6344,120,120
411,6345,120,120
411,6346,120,120
411,6347,120,120
411,6348,120,120
411,6349,120,120
411,6350,120,120
411,6351,120,120
411,6352,120,120
411,6353,120,120
412,6354,120,120
412,6355,120,120
412,6356,120,120
412,6357,120,120
413,6358,120,120
413,6359,120,120
413,6360,120,120
413,6361,120,120
413,6362,120,120
413,6363,120,120
413,6364,120,120
413,6365,120,120
414,6366,120,120
414,6367,120,120
414,6368,120,120
414,6369,120,120
414,6370,120,120
414,6371,120,120
414,6372,120,120
414,6373,120,120
414,6374,120,120
414,6375,120,120
414,6376,120,120
414,6377,120,120
414,6378,120,120
414,6379,120,120
414,6380,120,120
414,6381,120,120
415,6382,120,120
415,6383,120,120
415,6384,120,120
415,6385,120,120
415,6386,120,120
415,6387,120,120
415,6388,120,120
415,6389,120,120
415,6390,120,120
415,6391,120,120
415,6392,120,120
415,6393,120,120
415,6394,120,120
415,6395,120,120
415,6396,120,120
415,6397,120,120
415,6398,120,120
415,6399,120,120
415,6400,120,120
415,6401,120,120
415,6402,120,120
415,6403,120,120
415,6404,120,120
415,6405,120,120
415,6406,120,120
415,6407,120,120
415,6408,120,120
415,6409,120,120
415,6410,120,120
415,6411,120,120
415,6412,120,120
415,6413,120,120
415,6414,120,120
415,6415,120,120
415,6416,120,120
416,6417,120,120
416,6418,120,120
416,6419,120,120
416,6420,120,120
417,6421,120,120
417,6422,120,120
417,6423,120,120
417,6424,120,120
417,6425,120,120
417,6426,120,120
417,6427,120,120
417,6428,120,120
418,6429,120,120
418,6430,120,120
418,6431,120,120
418,6432,120,120
418,6433,120,120
418,6434,120,120
418,6435,120,120
418,6436,120,120
418,6437,120,120
418,6438,120,120
418,6439,120,120
418,6440,120,120
418,6441,120,120
418,6442,120,120
418,6443,120,120
418,6444,120,120
419,6445,120,120
419,6446,120,120
419,6447,120,120
419,6448,120,120
419,6449,120,120
419,6450,120,120
419,6451,120,120
419,6452,120,120
419,6453,120,120
419,6454,120,120
419,6455,120,120
419,6456,120,120
419,6457,120,120
419,6458,120,120
419,6459,120,120
419,6460,120,120
419,6461,120,120
419,6462,120,120
419,6463,120,120
419,6464,120,120
419,6465,120,120
419,6466,120,120
419,6467,120,120
419,6468,120,120
419,6469,120,120
419,6470,120,120
419,6471,120,120
419,6472,120,120
419,6473,120,120
419,6474,120,120
419,6475,120,120
419,6476,120,120
419,6477,120,120
420,6478,120,120
420,6479,120,120
420,6480,120,120
420,6481,120,120
421,6482,120,120
421,6483,120,120
421,6484,120,120
421,6485,120,120
421,6486,120,120
421,6487,120,120
421,6488,120,120
421,6489,120,120
422,6490,120,120
422,6491,120,120
422,6492,120,120
422,6493,120,120
422,6494,120,120
422,6495,120,120
422,6496,120,120
422,6497,120,120
422,6498,120,120
422,6499,120,120
422,6500,120,120
422,6501,120,120
422,6502,120,120
422,6503,120,120
422,6504,120,120
422,6505,120,120
423,6506,120,120
423,6507,120,120
423,6508,120,120
423,6509,120,120
423,6510,120,120
423,6511,120,120
423,6512,120,120
423,6513,120,120
423,6514,120,120
423,6515,120,120
423,6516,120,120
423,6517,120,120
423,6518,120,120
423,6519,120,120
423,6520,120,120
423,6521,120,120
423,6522,120,120
423,6523,120,120
423,6524,120,120
423,6525,120,120
423,6526,120,120
423,6527,120,120
423,6528,120,120
423,6529,120,120
423,6530,120,120
423,6531,120,120
423,6532,120,120
423,6533,120,120
423,6534,120,120
423,6535,120,120
423,6536,120,120
423,6537,120,120
424,6538,120,120
424,6539,120,120
424,6540,120,120
424,6541,120,120
425,6542,120,120
425,6543,120,120
425,6544,120,120
425,6545,120,120
425,6546,120,120
425,6547,120,120
425,6548,120,120
425,6549,120,120
425,6550,120,120
426,6551,120,120
426,6552,120,120
426,6553,120,120
426,6554,120,120
426,6555,120,120
426,6556,120,120
426,6557,120,120
426,6558,120,120
426,6559,120,120
426,6560,120,120
426,6561,120,120
426,6562,120,120
426,6563,120,120
426,6564,120,120
426,6565,120,120
426,6566,120,120
427,6567,120,120
427,6568,120,120
427,6569,120,120
427,6570,120,120
427,6571,120,120
427,6572,120,120
427,6573,120,120
427,6574,120,120
427,6575,120,120
427,6576,120,120
427,6577,120,120
427,6578,120,120
427,6579,120,120
427,6580,120,120
427,6581,120,120
427,6582,120,120
427,6583,120,120
427,6584,120,120
427,6585,120,120
427,6586,120,120
427,6587,120,120
427,6588,120,120
427,6589,120,120
427,6590,120,120
427,6591,120,120
427,6592,120,120
427,6593,120,120
427,6594,120,120
427,6595,120,120
427,6596,120,120
427,6597,120,120
427,6598,120,120
428,6599,120,120
428,6600,120,120
428,6601,120,120
428,6602,120,120
429,6603,120,120
429,6604,120,120
429,6605,120,120
429,6606,120,120
429,6607,120,120
429,6608,120,120
429,6609,120,120
429,6610,120,120
429,6611,120,120
430,6612,120,120
430,6613,120,120
430,6614,120,120
430,6615,120,120
430,6616,120,120
430,6617,120,120
430,6618,120,120
430,6619,120,120
430,6620,120,120
430,6621,120,120
430,6622,120,120
430,6623,120,120
430,6624,120,120
430,6625,120,120
430,6626,120,120
430,6627,120,120
430,6628,120,120
431,6629,120,120
431,6630,120,120
431,6631,120,120
431,6632,120,120
431,6633,120,120
431,6634,120,120
431,6635,120,120
431,6636,120,120
431,6637,120,120
431,6638,120,120
431,6639,120,120
431,6640,120,120
431,6641,120,120
431,6642,120,120
431,6643,120,120
431,6644,120,120
431,6645,120,120
431,6646,120,120
431,6647,120,120
431,6648,120,120
431,6649,120,120
431,6650,120,120
431,6651,120,120
431,6652,120,120
431,6653,120,120
431,6654,120,120
431,6655,120,120
431,6656,120,120
431,6657,120,120
431,6658,120,120
431,6659,120,120
431,6660,120,120
431,6661,120,120
431,6662,120,120
432,6663,120,120
432,6664,120,120
432,6665,120,120
432,6666,120,120
433,6667,120,120
433,6668,120,120
433,6669,120,120
433,6670,120,120
433,6671,120,120
433,6672,120,120
433,6673,120,120
433,6674,120,120
433,6675,120,120
434,6676,120,120
434,6677,120,120
434,6678,120,120
434,6679,120,120
434,6680,120,120
434,6681,120,120
434,6682,120,120
434,6683,120,120
434,6684,120,120
434,6685,120,120
434,6686,120,120
434,6687,120,120
434,6688,120,120
434,6689,120,120
434,6690,120,120
434,6691,120,120
434,6692,120,120
435,6693,120,120
435,6694,120,120
435,6695,120,120
435,6696,120,120
435,6697,120,120
435,6698,120,120
435,6699,120,120
435,6700,120,120
435,6701,120,120
435,6702,120,120
435,6703,120,120
435,6704,120,120
435,6705,120,120
435,6706,120,120
435,6707,120,120
435,6708,120,120
435,6709,120,120
435,6710,120,120
435,6711,120,120
435,6712,120,120
435,6713,120,120
435,6714,120,120
435,6715,120,120
435,6716,120,120
435,6717,120,120
435,6718,120,120
435,6719,120,120
435,6720,120,120
435,6721,120,120
435,6722,120,120
435,6723,120,120
435,6724,120,120
435,6725,120,120
436,6726,120,120
436,6727,120,120
436,6728,120,120
436,6729,120,120
437,6730,120,120
437,6731,120,120
437,6732,120,120
437,6733,120,120
437,6734,120,120
437,6735,120,120
437,6736,120,120
437,6737,120,120
438,6738,120,120
438,6739,120,120
438,6740,120,120
438,6741,120,120
438,6742,120,120
438,6743,120,120
438,6744,120,120
438,6745,120,120
438,6746,120,120
438,6747,120,120
438,6748,120,120
438,6749,120,120
438,6750,120,120
438,6751,120,120
438,6752,120,120
438,6753,120,120
438,6754,120,120
439,6755,120,120
439,6756,120,120
439,6757,120,120
439,6758,120,120
439,6759,120,120
439,6760,120,120
439,6761,120,120
439,6762,120,120
439,6763,120,120
439,6764,120,120
439,6765,120,120
439,6766,120,120
439,6767,120,120
439,6768,120,120
439,6769,120,120
439,6770,120,120
439,6771,120,120
439,6772,120,120
439,6773,120,120
439,6774,120,120
439,6775,120,120
439,6776,120,120
439,6777,120,120
439,6778,120,120
439,6779,120,120
439,6780,120,120
439,6781,120,120
439,6782,120,120
439,6783,120,120
439,6784,120,120
439,6785,120,120
439,6786,120,120
440,6787,120,120
440,6788,120,120
440,6789,120,120
440,6790,120,120
441,6791,120,120
441,6792,120,120
441,6793,120,120
441,6794,120,120
441,6795,120,120
441,6796,120,120
441,6797,120,120
441,6798,120,120
442,6799,120,120
442,6800,120,120
442,6801,120,120
442,6802,120,120
442,6803,120,120
442,6804,120,120
442,6805,120,120
442,6806,120,120
442,6807,120,120
442,6808,120,120
442,6809,120,120
442,6810,120,120
442,6811,120,120
442,6812,120,120
442,6813,120,120
442,6814,120,120
443,6815,120,120
443,6816,120,120
443,6817,120,120
443,6818,120,120
443,6819,120,120
443,6820,120,120
443,6821,120,120
443,6822,120,120
443,6823,120,120
443,6824,120,120
443,6825,120,120
443,6826,120,120
443,6827,120,120
443,6828,120,120
443,6829,120,120
443,6830,120,120
443,6831,120,120
443,6832,120,120
443,6833,120,120
443,6834,120,120
443,6835,120,120
443,6836,120,120
443,6837,120,120
443,6838,120,120
443,6839,120,120
443,6840,120,120
443,6841,120,120
443,6842,120,120
443,6843,120,120
443,6844,120,120
443,6845,120,120
443,6846,120,120
444,6847,120,120
444,6848,120,120
444,6849,120,120
444,6850,120,120
445,6851,120,120
445,6852,120,120
445,6853,120,120
445,6854,120,120
445,6855,120,120
445,6856,120,120
445,6857,120,120
445,6858,120,120
445,6859,120,120
446,6860,120,120
446,6861,120,120
446,6862,120,120
446,6863,120,120
446,6864,120,120
446,6865,120,120
446,6866,120,120
446,6867,120,120
446,6868,120,120
446,6869,120,120
446,6870,120,120
446,6871,120,120
446,6872,120,120
446,6873,120,120
446,6874,120,120
446,6875,120,120
447,6876,120,120
447,6877,120,120
447,6878,120,120
447,6879,120,120
447,6880,120,120
447,6881,120,120
447,6882,120,120
447,6883,120,120
447,6884,120,120
447,6885,120,120
447,6886,120,120
447,6887,120,120
447,6888,120,120
447,6889,120,120
447,6890,120,120
447,6891,120,120
447,6892,120,120
447,6893,120,120
447,6894,120,120
447,6895,120,120
447,6896,120,120
447,6897,120,120
447,6898,120,120
447,6899,120,120
447,6900,120,120
447,6901,120,120
447,6902,120,120
447,6903,120,120
447,6904,120,120
447,6905,120,120
447,6906,120,120
447,6907,120,120
448,6908,120,120
448,6909,120,120
448,6910,120,120
448,6911,120,120
449,6912,120,120
449,6913,120,120
449,6914,120,120
449,6915,120,120
449,6916,120,120
449,6917,120,120
449,6918,120,120
449,6919,120,120
450,6920,120,120
450,6921,120,120
450,6922,120,120
450,6923,120,120
450,6924,120,120
450,6925,120,120
450,6926,120,120
450,6927,120,120
450,6928,120,120
450,6929,120,120
450,6930,120,120
450,6931,120,120
450,6932,120,120
450,6933,120,120
450,6934,120,120
450,6935,120,120
451,6936,120,120
451,6937,120,120
451,6938,120,120
451,6939,120,120
451,6940,120,120
451,6941,120,120
451,6942,120,120
451,6943,120,120
451,6944,120,120
451,6945,120,120
451,6946,120,120
451,6947,120,120
451,6948,120,120
451,6949,120,120
451,6950,120,120
451,6951,120,120
451,6952,120,120
451,6953,120,120
451,6954,120,120
451,6955,120,120
451,6956,120,120
451,6957,120,120
451,6958,120,120
451,6959,120,120
451,6960,120,120
451,6961,120,120
451,6962,120,120
451,6963,120,120
451,6964,120,120
451,6965,120,120
451,6966,120,120
451,6967,120,120
452,6968,120,120
452,6969,120,120
452,6970,120,120
452,6971,120,120
453,6972,120,120
453,6973,120,120
453,6974,120,120
453,6975,120,120
453,6976,120,120
453,6977,120,120
453,6978,120,120
453,6979,120,120
454,6980,120,120
454,6981,120,120
454,6982,120,120
454,6983,120,120
454,6984,120,120
454,6985,120,120
454,6986,120,120
454,6987,120,120
454,6988,120,120
454,6989,120,120
454,6990,120,120
454,6991,120,120
454,6992,120,120
454,6993,120,120
454,6994,120,120
454,6995,120,120
455,6996,120,120
455,6997,120,120
455,6998,120,120
455,6999,120,120
455,7000,120,120
455,7001,120,120
455,7002,120,120
455,7003,120,120
455,7004,120,120
455,7005,120,120
455,7006,120,120
455,7007,120,120
455,7008,120,120
455,7009,120,120
455,7010,120,120
455,7011,120,120
455,7012,120,120
455,7013,120,120
455,7014,120,120
455,7015,120,120
455,7016,120,120
455,7017,120,120
455,7018,120,120
455,7019,120,120
455,7020,120,120
455,7021,120,120
455,7022,120,120
455,7023,120,120
455,7024,120,120
455,7025,120,120
455,7026,120,120
455,7027,120,120
455,7028,120,120
456,7029,120,120
456,7030,120,120
456,7031,120,120
456,7032,120,120
457,7033,120,120
457,7034,120,120
457,7035,120,120
457,7036,120,120
457,7037,120,120
457,7038,120,120
457,7039,120,120
457,7040,120,120
458,7041,120,120
458,7042,120,120
458,7043,120,120
458,7044,120,120
458,7045,120,120
458,7046,120,120
458,7047,120,120
458,7048,120,120
458,7049,120,120
458,7050,120,120
458,7051,120,120
458,7052,120,120
458,7053,120,120
458,7054,120,120
458,7055,120,120
458,7056,120,120
459,7057,120,120
459,7058,120,120
459,7059,120,120
459,7060,120,120
459,7061,120,120
459,7062,120,120
459,7063,120,120
459,7064,120,120
459,7065,120,120
459,7066,120,120
459,7067,120,120
459,7068,120,120
459,7069,120,120
459,7070,120,120
459,7071,120,120
459,7072,120,120
459,7073,120,120
459,7074,120,120
459,7075,120,120
459,7076,120,120
459,7077,120,120
459,7078,120,120
459,7079,120,120
459,7080,120,120
459,7081,120,120
459,7082,120,120
459,7083,120,120
459,7084,120,120
459,7085,120,120
459,7086,120,120
459,7087,120,120
459,7088,120,120
460,7089,120,120
460,7090,120,120
460,7091,120,120
460,7092,120,120
461,7093,120,120
461,7094,120,120
461,7095,120,120
461,7096,120,120
461,7097,120,120
461,7098,120,120
461,7099,120,120
461,7100,120,120
462,7101,120,120
462,7102,120,120
462,7103,120,120
462,7104,120,120
462,7105,120,120
462,7106,120,120
462,7107,120,120
462,7108,120,120
462,7109,120,120
462,7110,120,120
462,7111,120,120
462,7112,120,120
462,7113,120,120
462,7114,120,120
462,7115,120,120
462,7116,120,120
463,7117,120,120
463,7118,120,120
463,7119,120,120
463,7120,120,120
463,7121,120,120
463,7122,120,120
463,7123,120,120
463,7124,120,120
463,7125,120,120
463,7126,120,120
463,7127,120,120
463,7128,120,120
463,7129,120,120
463,7130,120,120
463,7131,120,120
463,7132,120,120
463,7133,120,120
463,7134,120,120
463,7135,120,120
463,7136,120,120
463,7137,120,120
463,7138,120,120
463,7139,120,120
463,7140,120,120
463,7141,120,120
463,7142,120,120
463,7143,120,120
463,7144,120,120
463,7145,120,120
463,7146,120,120
463,7147,120,120
463,7148,120,120
463,7149,120,120
463,7150,120,120
463,7151,120,120
463,7152,120,120
464,7153,120,120
464,7154,120,120
464,7155,120,120
464,7156,120,120
465,7157,120,120
465,7158,120,120
465,7159,120,120
465,7160,120,120
465,7161,120,120
465,7162,120,120
465,7163,120,120
465,7164,120,120
466,7165,120,120
466,7166,120,120
466,7167,120,120
466,7168,120,120
466,7169,120,120
466,7170,120,120
466,7171,120,120
466,7172,120,120
466,7173,120,120
466,7174,120,120
466,7175,120,120
466,7176,120,120
466,7177,120,120
466,7178,120,120
466,7179,120,120
466,7180,120,120
467,7181,120,120
467,7182,120,120
467,7183,120,120
467,7184,120,120
467,7185,120,120
467,7186,120,120
467,7187,120,120
467,7188,120,120
467,7189,120,120
467,7190,120,120
467,7191,120,120
467,7192,120,120
467,7193,120,120
467,7194,120,120
467,7195,120,120
467,7196,120,120
467,7197,120,120
467,7198,120,120
467,7199,120,120
467,7200,120,120
467,7201,120,120
467,7202,120,120
467,7203,120,120
467,7204,120,120
467,7205,120,120
467,7206,120,120
467,7207,120,120
467,7208,120,120
467,7209,120,120
467,7210,120,120
467,7211,120,120
467,7212,120,120
467,7213,120,120
467,7214,120,120
468,7215,120,120
468,7216,120,120
468,7217,120,120
468,7218,120,120
469,7219,120,120
469,7220,120,120
469,7221,120,120
469,7222,120,120
469,7223,120,120
469,7224,120,120
469,7225,120,120
469,7226,120,120
470,7227,120,120
470,7228,120,120
470,7229,120,120
470,7230,120,120
470,7231,120,120
470,7232,120,120
470,7233,120,120
470,7234,120,120
470,7235,120,120
470,7236,120,120
470,7237,120,120
470,7238,120,120
470,7239,120,120
470,7240,120,120
470,7241,120,120
470,7242,120,120
471,7243,120,120
471,7244,120,120
471,7245,120,120
471,7246,120,120
471,7247,120,120
471,7248,120,120
471,7249,120,120
471,7250,120,120
471,7251,120,120
471,7252,120,120
471,7253,120,120
471,7254,120,120
471,7255,120,120
471,7256,120,120
471,7257,120,120
471,7258,120,120
471,7259,120,120
471,7260,120,120
471,7261,120,120
471,7262,120,120
471,7263,120,120
471,7264,120,120
471,7265,120,120
471,7266,120,120
471,7267,120,120
471,7268,120,120
471,7269,120,120
471,7270,120,120
471,7271,120,120
471,7272,120,120
471,7273,120,120
471,7274,120,120
472,7275,120,120
472,7276,120,120
472,7277,120,120
472,7278,120,120
473,7279,120,120
473,7280,120,120
473,7281,120,120
473,7282,120,120
473,7283,120,120
473,7284,120,120
473,7285,120,120
473,7286,120,120
474,7287,120,120
474,7288,120,120
474,7289,120,120
474,7290,120,120
474,7291,120,120
474,7292,120,120
474,7293,120,120
474,7294,120,120
474,7295,120,120
474,7296,120,120
474,7297,120,120
474,7298,120,120
474,7299,120,120
474,7300,120,120
474,7301,120,120
474,7302,120,120
474,7303,120,120
475,7304,120,120
475,7305,120,120
475,7306,120,120
475,7307,120,120
475,7308,120,120
475,7309,120,120
475,7310,120,120
475,7311,120,120
475,7312,120,120
475,7313,120,120
475,7314,120,120
475,7315,120,120
475,7316,120,120
475,7317,120,120
475,7318,120,120
475,7319,120,120
475,7320,120,120
475,7321,120,120
475,7322,120,120
475,7323,120,120
475,7324,120,120
475,7325,120,120
475,7326,120,120
475,7327,120,120
475,7328,120,120
475,7329,120,120
475,7330,120,120
475,7331,120,120
475,7332,120,120
475,7333,120,120
475,7334,120,120
475,7335,120,120
475,7336,120,120
476,7337,120,120
476,7338,120,120
476,7339,120,120
476,7340,120,120
477,7341,120,120
477,7342,120,120
477,7343,120,120
477,7344,120,120
477,7345,120,120
477,7346,120,120
477,7347,120,120
477,7348,120,120
478,7349,120,120
478,7350,120,120
478,7351,120,120
478,7352,120,120
478,7353,120,120
478,7354,120,120
478,7355,120,120
478,7356,120,120
478,7357,120,120
478,7358,120,120
478,7359,120,120
478,7360,120,120
478,7361,120,120
478,7362,120,120
478,7363,120,120
478,7364,120,120
478,7365,120,120
479,7366,120,120
479,7367,120,120
479,7368,120,120
479,7369,120,120
479,7370,120,120
479,7371,120,120
479,7372,120,120
479,7373,120,120
479,7374,120,120
479,7375,120,120
479,7376,120,120
479,7377,120,120
479,7378,120,120
479,7379,120,120
479,7380,120,120
479,7381,120,120
479,7382,120,120
479,7383,120,120
479,7384,120,120
479,7385,120,120
479,7386,120,120
479,7387,120,120
479,7388,120,120
479,7389,120,120
479,7390,120,120
479,7391,120,120
479,7392,120,120
479,7393,120,120
479,7394,120,120
479,7395,120,120
479,7396,120,120
479,7397,120,120
480,7398,120,120
480,7399,120,120
480,7400,120,120
480,7401,120,120
481,7402,120,120
481,7403,120,120
481,7404,120,120
481,7405,120,120
481,7406,120,120
481,7407,120,120
481,7408,120,120
481,7409,120,120
482,7410,120,120
482,7411,120,120
482,7412,120,120
482,7413,120,120
482,7414,120,120
482,7415,120,120
482,7416,120,120
482,7417,120,120
482,7418,120,120
482,7419,120,120
482,7420,120,120
482,7421,120,120
482,7422,120,120
482,7423,120,120
482,7424,120,120
482,7425,120,120
482,7426,120,120
483,7427,120,120
483,7428,120,120
483,7429,120,120
483,7430,120,120
483,7431,120,120
483,7432,120,120
483,7433,120,120
483,7434,120,120
483,7435,120,120
483,7436,120,120
483,7437,120,120
483,7438,120,120
483,7439,120,120
483,7440,120,120
483,7441,120,120
483,7442,120,120
483,7443,120,120
483,7444,120,120
483,7445,120,120
483,7446,120,120
483,7447,120,120
483,7448,120,120
483,7449,120,120
483,7450,120,120
483,7451,120,120
483,7452,120,120
483,7453,120,120
483,7454,120,120
483,7455,120,120
483,7456,120,120
483,7457,120,120
483,7458,120,120
484,7459,120,120
484,7460,120,120
484,7461,120,120
484,7462,120,120
484,7463,120,120
485,7464,120,120
485,7465,120,120
485,7466,120,120
485,7467,120,120
485,7468,120,120
485,7469,120,120
485,7470,120,120
485,7471,120,120
485,7472,120,120
486,7473,120,120
486,7474,120,120
486,7475,120,120
486,7476,120,120
486,7477,120,120
486,7478,120,120
486,7479,120,120
486,7480,120,120
486,7481,120,120
486,7482,120,120
486,7483,120,120
486,7484,120,120
486,7485,120,120
486,7486,120,120
486,7487,120,120
486,7488,120,120
487,7489,120,120
487,7490,120,120
487,7491,120,120
487,7492,120,120
487,7493,120,120
487,7494,120,120
487,7495,120,120
487,7496,120,120
487,7497,120,120
487,7498,120,120
487,7499,120,120
487,7500,120,120
487,7501,120,120
487,7502,120,120
487,7503,120,120
487,7504,120,120
487,7505,120,120
487,7506,120,120
487,7507,120,120
487,7508,120,120
487,7509,120,120
487,7510,120,120
487,7511,120,120
487,7512,120,120
487,7513,120,120
487,7514,120,120
487,7515,120,120
487,7516,120,120
487,7517,120,120
487,7518,120,120
487,7519,120,120
487,7520,120,120
488,7521,120,120
488,7522,120,120
488,7523,120,120
488,7524,120,120
489,7525,120,120
489,7526,120,120
489,7527,120,120
489,7528,120,120
489,7529,120,120
489,7530,120,120
489,7531,120,120
489,7532,120,120
490,7533,120,120
490,7534,120,120
490,7535,120,120
490,7536,120,120
490,7537,120,120
490,7538,120,120
490,7539,120,120
490,7540,120,120
490,7541,120,120
490,7542,120,120
490,7543,120,120
490,7544,120,120
490,7545,120,120
490,7546,120,120
490,7547,120,120
490,7548,120,120
490,7549,120,120
491,7550,120,120
491,7551,120,120
491,7552,120,120
491,7553,120,120
491,7554,120,120
491,7555,120,120
491,7556,120,120
491,7557,120,120
491,7558,120,120
491,7559,120,120
491,7560,120,120
491,7561,120,120
491,7562,120,120
491,7563,120,120
491,7564,120,120
491,7565,120,120
491,7566,120,120
491,7567,120,120
491,7568,120,120
491,7569,120,120
491,7570,120,120
491,7571,120,120
491,7572,120,120
491,7573,120,120
491,7574,120,120
491,7575,120,120
491,7576,120,120
491,7577,120,120
491,7578,120,120
491,7579,120,120
491,7580,120,120
491,7581,120,120
492,7582,120,120
492,7583,120,120
492,7584,120,120
492,7585,120,120
493,7586,120,120
493,7587,120,120
493,7588,120,120
493,7589,120,120
493,7590,120,120
493,7591,120,120
493,7592,120,120
493,7593,120,120
494,7594,120,120
494,7595,120,120
494,7596,120,120
494,7597,120,120
494,7598,120,120
494,7599,120,120
494,7600,120,120
494,7601,120,120
494,7602,120,120
494,7603,120,120
494,7604,120,120
494,7605,120,120
494,7606,120,120
494,7607,120,120
494,7608,120,120
494,7609,120,120
495,7610,120,120
495,7611,120,120
495,7612,120,120
495,7613,120,120
495,7614,120,120
495,7615,120,120
495,7616,120,120
495,7617,120,120
495,7618,120,120
495,7619,120,120
495,7620,120,120
495,7621,120,120
495,7622,120,120
495,7623,120,120
495,7624,120,120
495,7625,120,120
495,7626,120,120
495,7627,120,120
495,7628,120,120
495,7629,120,120
495,7630,120,120
495,7631,120,120
495,7632,120,120
495,7633,120,120
495,7634,120,120
495,7635,120,120
495,7636,120,120
495,7637,120,120
495,7638,120,120
495,7639,120,120
495,7640,120,120
495,7641,120,120
495,7642,120,120
495,7643,120,120
495,7644,120,120
495,7645,120,120
496,7646,120,120
496,7647,120,120
496,7648,120,120
496,7649,120,120
497,7650,120,120
497,7651,120,120
497,7652,120,120
497,7653,120,120
497,7654,120,120
497,7655,120,120
497,7656,120,120
497,7657,120,120
498,7658,120,120
498,7659,120,120
498,7660,120,120
498,7661,120,120
498,7662,120,120
498,7663,120,120
498,7664,120,120
498,7665,120,120
498,7666,120,120
498,7667,120,120
498,7668,120,120
498,7669,120,120
498,7670,120,120
498,7671,120,120
498,7672,120,120
498,7673,120,120
498,7674,120,120
499,7675,120,120
499,7676,120,120
499,7677,120,120
499,7678,120,120
499,7679,120,120
499,7680,120,120
499,7681,120,120
499,7682,120,120
499,7683,120,120
499,7684,120,120
499,7685,120,120
499,7686,120,120
499,7687,120,120
499,7688,120,120
499,7689,120,120
499,7690,120,120
499,7691,120,120
499,7692,120,120
499,7693,120,120
499,7694,120,120
499,7695,120,120
499,7696,120,120
499,7697,120,120
499,7698,120,120
499,7699,120,120
499,7700,120,120
499,7701,120,120
499,7702,120,120
499,7703,120,120
499,7704,120,120
499,7705,120,120
499,7706,120,120
499,7707,120,120
500,7708,120,120
500,7709,120,120
500,7710,120,120
500,7711,120,120
501,7712,120,120
501,7713,120,120
501,7714,120,120
501,7715,120,120
501,7716,120,120
501,7717,120,120
501,7718,120,120
501,7719,120,120
502,7720,120,120
502,7721,120,120
502,7722,120,120
502,7723,120,120
502,7724,120,120
502,7725,120,120
502,7726,120,120
502,7727,120,120
502,7728,120,120
502,7729,120,120
502,7730,120,120
502,7731,120,120
502,7732,120,120
502,7733,120,120
502,7734,120,120
502,7735,120,120
503,7736,120,120
503,7737,120,120
503,7738,120,120
503,7739,120,120
503,7740,120,120
503,7741,120,120
503,7742,120,120
503,7743,120,120
503,7744,120,120
503,7745,120,120
503,7746,120,120
503,7747,120,120
503,7748,120,120
503,7749,120,120
503,7750,120,120
503,7751,120,120
503,7752,120,120
503,7753,120,120
503,7754,120,120
503,7755,120,120
503,7756,120,120
503,7757,120,120
503,7758,120,120
503,7759,120,120
503,7760,120,120
503,7761,120,120
503,7762,120,120
503,7763,120,120
503,7764,120,120
503,7765,120,120
503,7766,120,120
503,7767,120,120
504,7768,120,120
504,7769,120,120
504,7770,120,120
504,7771,120,120
505,7772,120,120
505,7773,120,120
505,7774,120,120
505,7775,120,120
505,7776,120,120
505,7777,120,120
505,7778,120,120
505,7779,120,120
506,7780,120,120
506,7781,120,120
506,7782,120,120
506,7783,120,120
506,7784,120,120
506,7785,120,120
506,7786,120,120
506,7787,120,120
506,7788,120,120
506,7789,120,120
506,7790,120,120
506,7791,120,120
506,7792,120,120
506,7793,120,120
506,7794,120,120
506,7795,120,120
507,7796,120,120
507,7797,120,120
507,7798,120,120
507,7799,120,120
507,7800,120,120
507,7801,120,120
507,7802,120,120
507,7803,120,120
507,7804,120,120
507,7805,120,120
507,7806,120,120
507,7807,120,120
507,7808,120,120
507,7809,120,120
507,7810,120,120
507,7811,120,120
507,7812,120,120
507,7813,120,120
507,7814,120,120
507,7815,120,120
507,7816,120,120
507,7817,120,120
507,7818,120,120
507,7819,120,120
507,7820,120,120
507,7821,120,120
507,7822,120,120
507,7823,120,120
507,7824,120,120
507,7825,120,120
507,7826,120,120
507,7827,120,120
508,7828,120,120
508,7829,120,120
508,7830,120,120
508,7831,120,120
509,7832,120,120
509,7833,120,120
509,7834,120,120
509,7835,120,120
509,7836,120,120
509,7837,120,120
509,7838,120,120
509,7839,120,120
510,7840,120,120
510,7841,120,120
510,7842,120,120
510,7843,120,120
510,7844,120,120
510,7845,120,120
510,7846,120,120
510,7847,120,120
510,7848,120,120
510,7849,120,120
510,7850,120,120
510,7851,120,120
510,7852,120,120
510,7853,120,120
510,7854,120,120
510,7855,120,120
511,7856,120,120
511,7857,120,120
511,7858,120,120
511,7859,120,120
511,7860,120,120
511,7861,120,120
511,7862,120,120
511,7863,120,120
511,7864,120,120
511,7865,120,120
511,7866,120,120
511,7867,120,120
511,7868,120,120
511,7869,120,120
511,7870,120,120
511,7871,120,120
511,7872,120,120
511,7873,120,120
511,7874,120,120
511,7875,120,120
511,7876,120,120
511,7877,120,120
511,7878,120,120
511,7879,120,120
511,7880,120,120
511,7881,120,120
511,7882,120,120
511,7883,120,120
511,7884,120,120
511,7885,120,120
511,7886,120,120
511,7887,120,120
