completed_requests,verification,unique_keys,reusable_keys
0,0,1,0
0,1,2,0
0,2,3,0
0,3,4,0
0,4,5,0
0,5,6,0
0,6,7,0
0,7,8,0
0,8,9,0
0,9,10,0
0,10,11,0
0,11,12,0
0,12,13,0
0,13,14,0
0,14,15,0
0,15,15,0
1,16,16,0
1,17,17,0
1,18,18,0
1,19,19,0
1,20,20,0
1,21,21,0
1,22,22,0
1,23,23,0
1,24,24,0
1,25,25,0
1,26,26,0
1,27,27,0
1,28,28,0
1,29,29,0
1,30,30,0
1,31,30,0
2,32,31,0
2,33,32,0
2,34,33,0
2,35,34,0
2,36,35,0
2,37,36,0
2,38,37,0
2,39,38,0
2,40,39,0
2,41,40,0
2,42,41,0
2,43,42,0
2,44,43,0
2,45,44,0
2,46,45,0
2,47,45,0
3,48,46,0
3,49,47,0
3,50,48,0
3,51,49,0
3,52,50,0
3,53,51,0
3,54,52,0
3,55,53,0
3,56,54,0
3,57,55,0
3,58,56,0
3,59,57,0
3,60,58,0
3,61,59,0
3,62,60,0
3,63,60,0
4,64,60,1
4,65,60,2
4,66,60,3
4,67,60,4
4,68,60,5
4,69,61,5
4,70,62,5
4,71,63,5
4,72,64,5
4,73,65,5
4,74,66,5
4,75,67,5
4,76,68,5
4,77,69,5
4,78,70,5
4,79,71,5
4,80,71,5
5,81,71,6
5,82,71,7
5,83,71,8
5,84,71,9
5,85,71,10
5,86,71,11
5,87,71,12
5,88,71,13
5,89,71,14
5,90,71,15
5,91,71,16
5,92,71,17
5,93,71,18
5,94,71,19
5,95,71,20
5,96,71,20
6,97,71,21
6,98,71,22
6,99,71,23
6,100,71,24
6,101,71,25
6,102,71,26
6,103,71,27
6,104,71,28
6,105,71,29
6,106,71,30
6,107,71,31
6,108,71,32
6,109,71,33
6,110,71,34
6,111,71,35
6,112,71,35
7,113,71,36
7,114,71,37
7,115,71,38
7,116,71,39
7,117,71,40
7,118,71,41
7,119,71,42
7,120,71,43
7,121,71,44
7,122,71,45
7,123,71,46
7,124,71,47
7,125,71,48
7,126,71,49
7,127,71,50
7,128,71,50
8,129,71,50
8,130,71,50
8,131,71,50
8,132,71,50
8,133,71,50
8,134,71,51
8,135,71,52
8,136,71,53
8,137,71,54
8,138,71,55
8,139,71,56
8,140,71,57
8,141,71,58
8,142,71,59
8,143,71,60
8,144,71,61
8,145,71,61
9,146,71,61
9,147,71,61
9,148,71,61
9,149,71,61
9,150,71,61
9,151,71,61
9,152,71,61
9,153,71,61
9,154,71,61
9,155,71,61
9,156,71,61
9,157,71,61
9,158,71,61
9,159,71,61
9,160,71,61
9,161,71,61
10,162,71,61
10,163,71,61
10,164,71,61
10,165,71,61
10,166,71,61
10,167,71,61
10,168,71,61
10,169,71,61
10,170,71,61
10,171,71,61
10,172,71,61
10,173,71,61
10,174,71,61
10,175,71,61
10,176,71,61
10,177,71,61
11,178,71,61
11,179,71,61
11,180,71,61
11,181,71,61
11,182,71,61
11,183,71,61
11,184,71,61
11,185,71,61
11,186,71,61
11,187,71,61
11,188,71,61
11,189,71,61
11,190,71,61
11,191,71,61
11,192,71,61
11,193,71,61
12,194,71,61
12,195,71,61
12,196,71,61
12,197,71,61
12,198,71,61
12,199,71,61
12,200,71,62
12,201,71,63
12,202,71,64
12,203,71,65
12,204,71,66
12,205,71,67
12,206,71,68
12,207,71,69
12,208,71,70
12,209,71,70
13,210,71,70
13,211,71,70
13,212,71,70
13,213,71,70
13,214,71,70
13,215,71,70
13,216,71,70
13,217,71,70
13,218,71,70
13,219,71,70
13,220,71,70
13,221,71,70
13,222,71,70
13,223,71,70
13,224,71,70
13,225,71,70
14,226,71,70
14,227,71,70
14,228,71,70
14,229,71,70
14,230,71,70
14,231,71,70
14,232,71,70
14,233,71,70
14,234,71,70
14,235,71,70
14,236,71,70
14,237,71,70
14,238,71,70
14,239,71,70
14,240,71,70
14,241,71,70
15,242,71,70
15,243,71,70
15,244,71,70
15,245,71,70
15,246,71,70
15,247,71,70
15,248,71,70
15,249,71,70
15,250,71,70
15,251,71,70
15,252,71,70
15,253,71,70
15,254,71,70
15,255,71,70
15,256,71,70
15,257,71,70
16,258,71,70
16,259,71,70
16,260,72,70
16,261,73,70
16,262,74,70
16,263,74,71
16,264,74,71
16,265,74,71
16,266,74,71
16,267,74,71
16,268,74,71
16,269,74,71
16,270,74,71
16,271,74,71
16,272,74,71
16,273,74,71
16,274,74,71
17,275,74,71
17,276,74,71
17,277,74,71
17,278,74,71
17,279,74,71
17,280,74,71
17,281,74,71
17,282,74,71
17,283,74,71
17,284,74,71
17,285,74,71
17,286,74,71
17,287,74,71
17,288,74,71
17,289,74,71
17,290,74,71
18,291,74,71
18,292,74,71
18,293,74,71
18,294,74,71
18,295,74,71
18,296,74,71
18,297,74,71
18,298,74,71
18,299,74,71
18,300,74,71
18,301,74,71
18,302,74,71
18,303,74,71
18,304,74,71
18,305,74,71
18,306,74,71
19,307,74,71
19,308,74,71
19,309,74,71
19,310,74,71
19,311,74,71
19,312,74,71
19,313,74,71
19,314,74,71
19,315,74,71
19,316,74,71
19,317,74,71
19,318,74,71
19,319,74,71
19,320,74,71
19,321,74,71
19,322,74,71
20,323,74,71
20,324,74,71
20,325,74,71
20,326,74,71
20,327,74,71
20,328,74,71
20,329,74,71
20,330,74,71
20,331,74,71
20,332,74,71
20,333,74,71
20,334,74,71
20,335,74,71
20,336,74,71
20,337,74,71
20,338,74,71
20,339,74,71
21,340,74,71
21,341,74,71
21,342,74,71
21,343,74,71
21,344,74,71
21,345,74,71
21,346,74,71
21,347,74,71
21,348,74,71
21,349,74,71
21,350,74,71
21,351,74,71
21,352,74,71
21,353,74,71
21,354,74,71
21,355,74,71
22,356,74,71
22,357,74,71
22,358,74,71
22,359,74,71
22,360,74,71
22,361,74,71
22,362,74,71
22,363,74,71
22,364,74,71
22,365,74,71
22,366,74,71
22,367,74,71
22,368,74,71
22,369,74,71
22,370,74,71
22,371,74,71
23,372,74,71
23,373,74,71
23,374,74,71
23,375,74,71
23,376,74,71
23,377,74,71
23,378,74,71
23,379,74,71
23,380,74,71
23,381,74,71
23,382,74,71
23,383,74,71
23,384,74,71
23,385,74,71
23,386,74,71
23,387,74,71
24,388,74,71
24,389,75,71
24,390,75,72
24,391,75,73
24,392,75,74
24,393,75,74
24,394,75,74
24,395,75,74
24,396,75,74
24,397,75,74
24,398,75,74
24,399,75,74
24,400,75,74
24,401,75,74
24,402,75,74
24,403,75,74
24,404,75,74
25,405,75,74
25,406,75,74
25,407,75,74
25,408,75,74
25,409,75,74
25,410,75,74
25,411,75,74
25,412,75,74
25,413,75,74
25,414,75,74
25,415,75,74
25,416,75,74
25,417,75,74
25,418,75,74
25,419,75,74
25,420,75,74
26,421,75,74
26,422,75,74
26,423,75,74
26,424,75,74
26,425,75,74
26,426,75,74
26,427,75,74
26,428,75,74
26,429,75,74
26,430,75,74
26,431,75,74
26,432,75,74
26,433,75,74
26,434,75,74
26,435,75,74
26,436,75,74
27,437,75,74
27,438,75,74
27,439,75,74
27,440,75,74
27,441,75,74
27,442,75,74
27,443,75,74
27,444,75,74
27,445,75,74
27,446,75,74
27,447,75,74
27,448,75,74
27,449,75,74
27,450,75,74
27,451,75,74
27,452,75,74
28,453,75,74
28,454,75,74
28,455,75,74
28,456,75,74
28,457,75,74
28,458,75,74
28,459,75,74
28,460,75,74
28,461,75,74
28,462,75,74
28,463,75,74
28,464,75,74
28,465,75,74
28,466,75,74
28,467,75,74
28,468,75,74
28,469,75,74
29,470,75,74
29,471,75,74
29,472,75,74
29,473,75,74
29,474,75,74
29,475,75,74
29,476,75,74
29,477,75,74
29,478,75,74
29,479,75,74
29,480,75,74
29,481,75,74
29,482,75,74
29,483,75,74
29,484,75,74
29,485,75,74
30,486,75,74
30,487,75,74
30,488,75,74
30,489,75,74
30,490,75,74
30,491,75,74
30,492,75,74
30,493,75,74
30,494,75,74
30,495,75,74
30,496,75,74
30,497,75,74
30,498,75,74
30,499,75,74
30,500,75,74
30,501,75,74
31,502,75,74
31,503,75,74
31,504,75,74
31,505,75,74
31,506,75,74
31,507,75,74
31,508,75,74
31,509,75,74
31,510,75,74
31,511,75,74
31,512,75,74
31,513,75,74
31,514,75,74
31,515,75,74
31,516,75,74
31,517,75,74
32,518,75,74
32,519,75,74
32,520,75,74
32,521,75,74
32,522,75,74
32,523,75,74
32,524,75,74
32,525,75,74
32,526,75,74
32,527,75,74
32,528,75,74
32,529,75,74
32,530,75,74
32,531,75,74
32,532,75,74
32,533,75,74
32,534,75,74
33,535,75,74
33,536,75,74
33,537,75,74
33,538,75,74
33,539,75,74
33,540,75,74
33,541,75,74
33,542,75,74
33,543,75,74
33,544,76,74
33,545,77,74
33,546,78,74
33,547,79,74
33,548,80,74
33,549,81,74
33,550,82,74
33,551,82,74
34,552,82,74
34,553,82,74
34,554,82,74
34,555,82,74
34,556,82,74
34,557,82,74
34,558,82,74
34,559,82,74
34,560,82,74
34,561,82,74
34,562,82,74
34,563,82,74
34,564,82,74
34,565,82,74
34,566,82,74
34,567,82,74
35,568,82,74
35,569,82,74
35,570,82,74
35,571,82,74
35,572,82,74
35,573,82,74
35,574,82,74
35,575,82,74
35,576,82,74
35,577,82,74
35,578,82,74
35,579,82,74
35,580,82,74
35,581,82,74
35,582,82,74
35,583,82,74
36,584,82,74
36,585,82,74
36,586,82,74
36,587,82,74
36,588,82,74
36,589,82,74
36,590,82,74
36,591,82,74
36,592,82,74
36,593,82,74
36,594,82,74
36,595,82,74
36,596,82,74
36,597,82,74
36,598,82,74
36,599,82,74
37,600,82,74
37,601,82,74
37,602,82,74
37,603,82,74
37,604,82,74
37,605,82,74
37,606,82,74
37,607,82,74
37,608,82,74
37,609,82,74
37,610,82,74
37,611,82,74
37,612,82,74
37,613,82,74
37,614,82,74
37,615,82,74
38,616,82,74
38,617,82,74
38,618,82,74
38,619,82,74
38,620,82,74
38,621,82,74
38,622,82,74
38,623,82,74
38,624,82,74
38,625,82,74
38,626,82,74
38,627,82,74
38,628,82,74
38,629,82,74
38,630,82,74
38,631,82,74
39,632,82,74
39,633,82,74
39,634,82,74
39,635,82,74
39,636,82,74
39,637,82,74
39,638,82,74
39,639,82,74
39,640,82,74
39,641,82,74
39,642,82,74
39,643,82,74
39,644,82,74
39,645,82,74
39,646,82,74
39,647,82,74
40,648,82,74
40,649,82,74
40,650,82,74
40,651,82,74
40,652,82,74
40,653,82,74
40,654,82,74
40,655,82,74
40,656,82,74
40,657,82,74
40,658,82,74
40,659,82,74
40,660,82,74
40,661,82,74
40,662,82,74
40,663,82,74
41,664,82,74
41,665,82,74
41,666,83,74
41,667,84,74
41,668,85,74
41,669,86,74
41,670,87,74
41,671,88,74
41,672,89,74
41,673,89,75
41,674,89,76
41,675,89,77
41,676,89,78
41,677,89,79
41,678,89,80
41,679,89,81
41,680,89,81
42,681,89,81
42,682,89,81
42,683,89,81
42,684,89,81
42,685,89,81
42,686,89,81
42,687,89,81
42,688,89,81
42,689,89,81
42,690,89,81
42,691,89,81
42,692,89,81
42,693,89,81
42,694,89,81
42,695,89,81
42,696,89,81
43,697,89,81
43,698,89,81
43,699,89,81
43,700,89,81
43,701,89,81
43,702,89,81
43,703,89,81
43,704,89,81
43,705,89,81
43,706,89,81
43,707,89,81
43,708,89,81
43,709,89,81
43,710,89,81
43,711,89,81
43,712,89,81
44,713,89,81
44,714,89,81
44,715,89,81
44,716,89,81
44,717,89,81
44,718,89,81
44,719,89,81
44,720,89,81
44,721,89,81
44,722,89,81
44,723,89,81
44,724,89,81
44,725,89,81
44,726,89,81
44,727,89,81
44,728,89,81
45,729,89,81
45,730,89,81
45,731,89,81
45,732,89,82
45,733,89,83
45,734,89,84
45,735,89,85
45,736,89,86
45,737,89,87
45,738,89,87
45,739,89,87
45,740,89,87
45,741,89,87
45,742,89,87
45,743,89,87
45,744,89,87
45,745,89,87
46,746,89,87
46,747,89,87
46,748,89,87
46,749,89,87
46,750,89,87
46,751,89,87
46,752,89,87
46,753,89,87
46,754,89,87
46,755,89,87
46,756,89,87
46,757,89,87
46,758,89,87
46,759,89,87
46,760,89,87
46,761,89,87
47,762,89,87
47,763,89,87
47,764,89,87
47,765,89,87
47,766,89,87
47,767,89,87
47,768,89,87
47,769,89,87
47,770,89,87
47,771,89,87
47,772,89,87
47,773,89,87
47,774,89,87
47,775,89,87
47,776,89,87
47,777,89,87
48,778,89,87
48,779,89,87
48,780,89,87
48,781,89,87
48,782,89,87
48,783,89,87
48,784,89,87
48,785,89,87
48,786,89,87
48,787,89,87
48,788,89,87
48,789,89,87
48,790,89,87
48,791,89,87
48,792,89,87
48,793,89,87
49,794,89,87
49,795,90,87
49,796,90,88
49,797,90,88
49,798,90,88
49,799,90,88
49,800,90,88
49,801,90,88
49,802,90,88
49,803,90,88
49,804,90,88
49,805,90,88
49,806,90,88
49,807,90,88
49,808,90,88
49,809,90,88
49,810,90,88
50,811,90,88
50,812,90,88
50,813,90,88
50,814,90,88
50,815,90,88
50,816,90,88
50,817,90,88
50,818,90,88
50,819,90,88
50,820,90,88
50,821,90,88
50,822,90,88
50,823,90,88
50,824,90,88
50,825,90,88
50,826,90,88
51,827,90,88
51,828,90,88
51,829,90,88
51,830,90,88
51,831,90,88
51,832,90,88
51,833,90,88
51,834,90,88
51,835,90,88
51,836,90,88
51,837,90,88
51,838,90,88
51,839,90,88
51,840,90,88
51,841,90,88
51,842,90,88
52,843,90,88
52,844,90,88
52,845,90,88
52,846,90,88
52,847,90,88
52,848,90,88
52,849,90,88
52,850,90,88
52,851,90,88
52,852,90,88
52,853,90,88
52,854,90,88
52,855,90,88
52,856,90,88
52,857,90,88
52,858,90,88
53,859,90,88
53,860,90,88
53,861,90,88
53,862,90,88
53,863,90,88
53,864,90,88
53,865,90,88
53,866,90,88
53,867,90,88
53,868,90,88
53,869,90,88
53,870,90,88
53,871,90,88
53,872,90,88
53,873,90,88
53,874,90,88
53,875,90,88
54,876,90,88
54,877,90,88
54,878,90,88
54,879,90,88
54,880,90,88
54,881,90,88
54,882,90,88
54,883,90,88
54,884,90,88
54,885,90,88
54,886,90,88
54,887,90,88
54,888,90,88
54,889,90,88
54,890,90,88
54,891,90,88
55,892,90,88
55,893,90,88
55,894,90,88
55,895,90,88
55,896,90,88
55,897,90,88
55,898,90,88
55,899,90,88
55,900,90,88
55,901,90,88
55,902,90,88
55,903,90,88
55,904,90,88
55,905,90,88
55,906,90,88
55,907,90,88
56,908,90,88
56,909,90,88
56,910,90,88
56,911,90,88
56,912,90,88
56,913,90,88
56,914,90,88
56,915,90,88
56,916,90,88
56,917,90,88
56,918,90,88
56,919,90,88
56,920,90,88
56,921,90,88
56,922,90,88
56,923,90,88
57,924,90,88
57,925,90,88
57,926,90,88
57,927,90,88
57,928,90,88
57,929,90,88
57,930,90,88
57,931,90,88
57,932,90,88
57,933,90,88
57,934,90,88
57,935,90,88
57,936,90,88
57,937,90,88
57,938,90,88
57,939,90,88
57,940,90,88
58,941,90,88
58,942,90,88
58,943,90,88
58,944,90,88
58,945,90,88
58,946,90,88
58,947,90,88
58,948,90,88
58,949,90,88
58,950,90,88
58,951,90,88
58,952,90,88
58,953,90,88
58,954,90,88
58,955,90,88
58,956,90,88
59,957,90,88
59,958,90,88
59,959,90,88
59,960,90,88
59,961,90,88
59,962,90,88
59,963,90,88
59,964,90,88
59,965,90,88
59,966,90,88
59,967,90,88
59,968,90,88
59,969,90,88
59,970,90,88
59,971,90,88
59,972,90,88
60,973,90,88
60,974,90,88
60,975,90,88
60,976,90,88
60,977,90,88
60,978,90,88
60,979,90,88
60,980,90,88
60,981,90,88
60,982,90,88
60,983,90,88
60,984,90,88
60,985,90,88
60,986,90,88
60,987,90,88
60,988,90,88
61,989,90,88
61,990,90,89
61,991,90,89
61,992,90,89
61,993,90,89
61,994,90,89
61,995,90,89
61,996,90,89
61,997,90,89
61,998,90,89
61,999,90,89
61,1000,90,89
61,1001,90,89
61,1002,90,89
61,1003,90,89
61,1004,90,89
61,1005,90,89
62,1006,90,89
62,1007,90,89
62,1008,90,89
62,1009,90,89
62,1010,90,89
62,1011,90,89
62,1012,90,89
62,1013,90,89
62,1014,90,89
62,1015,90,89
62,1016,90,89
62,1017,90,89
62,1018,90,89
62,1019,90,89
62,1020,90,89
62,1021,90,89
63,1022,90,89
63,1023,90,89
63,1024,90,89
63,1025,90,89
63,1026,90,89
63,1027,90,89
63,1028,90,89
63,1029,90,89
63,1030,90,89
63,1031,90,89
63,1032,90,89
63,1033,90,89
63,1034,90,89
63,1035,90,89
63,1036,90,89
63,1037,90,89
64,1038,90,89
64,1039,90,89
64,1040,90,89
64,1041,90,89
64,1042,90,89
64,1043,90,89
64,1044,90,89
64,1045,90,89
64,1046,90,89
64,1047,90,89
64,1048,90,89
64,1049,90,89
64,1050,90,89
64,1051,90,89
64,1052,90,89
64,1053,90,89
65,1054,90,89
65,1055,90,89
65,1056,90,89
65,1057,90,89
65,1058,90,89
65,1059,90,89
65,1060,90,89
65,1061,90,89
65,1062,90,89
65,1063,90,89
65,1064,90,89
65,1065,90,89
65,1066,90,89
65,1067,90,89
65,1068,90,89
65,1069,90,89
65,1070,90,89
66,1071,90,89
66,1072,90,89
66,1073,90,89
66,1074,90,89
66,1075,91,89
66,1076,92,89
66,1077,93,89
66,1078,94,89
66,1079,95,89
66,1080,96,89
66,1081,97,89
66,1082,98,89
66,1083,99,89
66,1084,100,89
66,1085,101,89
66,1086,102,89
66,1087,102,89
67,1088,102,89
67,1089,102,89
67,1090,102,89
67,1091,102,89
67,1092,102,89
67,1093,102,89
67,1094,102,89
67,1095,102,89
67,1096,102,89
67,1097,102,89
67,1098,102,89
67,1099,102,89
67,1100,102,89
67,1101,102,89
67,1102,102,89
67,1103,102,89
68,1104,102,89
68,1105,102,89
68,1106,102,89
68,1107,102,89
68,1108,102,89
68,1109,102,89
68,1110,102,89
68,1111,102,89
68,1112,102,89
68,1113,102,89
68,1114,102,89
68,1115,102,89
68,1116,102,89
68,1117,102,89
68,1118,102,89
68,1119,102,89
69,1120,102,89
69,1121,102,89
69,1122,102,89
69,1123,102,89
69,1124,102,89
69,1125,102,89
69,1126,102,89
69,1127,102,89
69,1128,102,89
69,1129,102,89
69,1130,102,89
69,1131,102,89
69,1132,102,89
69,1133,102,89
69,1134,102,89
69,1135,102,89
70,1136,102,89
70,1137,102,89
70,1138,103,89
70,1139,104,89
70,1140,104,90
70,1141,104,91
70,1142,104,92
70,1143,104,93
70,1144,104,94
70,1145,104,95
70,1146,104,96
70,1147,104,97
70,1148,104,98
70,1149,104,99
70,1150,104,100
70,1151,104,101
70,1152,104,101
71,1153,104,101
71,1154,104,101
71,1155,104,101
71,1156,104,101
71,1157,104,101
71,1158,104,101
71,1159,104,101
71,1160,104,101
71,1161,104,101
71,1162,104,101
71,1163,104,101
71,1164,104,101
71,1165,104,101
71,1166,104,101
71,1167,104,101
71,1168,104,101
72,1169,104,101
72,1170,104,101
72,1171,104,101
72,1172,104,101
72,1173,104,101
72,1174,104,101
72,1175,104,101
72,1176,104,101
72,1177,104,101
72,1178,104,101
72,1179,104,101
72,1180,104,101
72,1181,104,101
72,1182,104,101
72,1183,104,101
72,1184,104,101
72,1185,104,101
73,1186,104,101
73,1187,104,101
73,1188,104,101
73,1189,104,101
73,1190,104,101
73,1191,104,101
73,1192,104,101
73,1193,104,101
73,1194,104,101
73,1195,104,101
73,1196,104,101
73,1197,104,101
73,1198,104,101
73,1199,104,101
73,1200,104,101
73,1201,104,101
74,1202,104,101
74,1203,104,101
74,1204,104,101
74,1205,104,102
74,1206,104,102
74,1207,104,102
74,1208,104,102
74,1209,104,102
74,1210,104,102
74,1211,104,102
74,1212,104,102
74,1213,104,102
74,1214,104,102
74,1215,104,102
74,1216,104,102
74,1217,104,102
74,1218,104,102
75,1219,104,102
75,1220,104,102
75,1221,104,102
75,1222,104,102
75,1223,104,102
75,1224,104,102
75,1225,104,102
75,1226,104,102
75,1227,104,102
75,1228,104,102
75,1229,104,102
75,1230,104,102
75,1231,104,102
75,1232,104,102
75,1233,104,102
75,1234,104,102
76,1235,104,102
76,1236,104,102
76,1237,104,102
76,1238,104,102
76,1239,104,102
76,1240,104,102
76,1241,104,102
76,1242,104,102
76,1243,104,102
76,1244,104,102
76,1245,104,102
76,1246,104,102
76,1247,104,102
76,1248,104,102
76,1249,104,102
76,1250,104,102
77,1251,104,102
77,1252,104,102
77,1253,104,102
77,1254,104,102
77,1255,104,102
77,1256,104,102
77,1257,104,102
77,1258,104,102
77,1259,104,102
77,1260,104,102
77,1261,104,102
77,1262,104,102
77,1263,104,102
77,1264,104,102
77,1265,104,102
77,1266,104,102
78,1267,104,102
78,1268,105,102
78,1269,105,103
78,1270,105,103
78,1271,105,103
78,1272,105,103
78,1273,105,103
78,1274,105,103
78,1275,105,103
78,1276,105,103
78,1277,105,103
78,1278,105,103
78,1279,105,103
78,1280,105,103
78,1281,105,103
78,1282,105,103
78,1283,105,103
79,1284,105,103
79,1285,105,103
79,1286,105,103
79,1287,105,103
79,1288,105,103
79,1289,105,103
79,1290,105,103
79,1291,105,103
79,1292,105,103
79,1293,105,103
79,1294,105,103
79,1295,105,103
79,1296,105,103
79,1297,105,103
79,1298,105,103
79,1299,105,103
80,1300,105,103
80,1301,105,103
80,1302,105,103
80,1303,105,103
80,1304,105,103
80,1305,105,103
80,1306,105,103
80,1307,105,103
80,1308,105,103
80,1309,105,103
80,1310,105,103
80,1311,105,103
80,1312,105,103
80,1313,105,103
80,1314,105,103
80,1315,105,103
81,1316,105,103
81,1317,105,103
81,1318,105,103
81,1319,105,103
81,1320,105,103
81,1321,105,103
81,1322,105,103
81,1323,105,103
81,1324,105,103
81,1325,105,103
81,1326,105,103
81,1327,105,103
81,1328,105,103
81,1329,105,103
81,1330,105,103
81,1331,105,103
82,1332,105,103
82,1333,105,103
82,1334,105,103
82,1335,105,103
82,1336,105,103
82,1337,105,103
82,1338,105,103
82,1339,105,103
82,1340,105,103
82,1341,105,103
82,1342,105,103
82,1343,105,103
82,1344,105,103
82,1345,105,103
82,1346,105,103
82,1347,105,103
82,1348,105,103
83,1349,105,103
83,1350,105,103
83,1351,105,103
83,1352,105,103
83,1353,105,103
83,1354,105,103
83,1355,105,103
83,1356,105,103
83,1357,105,103
83,1358,105,103
83,1359,105,103
83,1360,105,103
83,1361,105,103
83,1362,105,103
83,1363,105,103
83,1364,105,103
84,1365,105,103
84,1366,105,103
84,1367,105,103
84,1368,105,103
84,1369,105,103
84,1370,105,103
84,1371,105,103
84,1372,105,103
84,1373,105,103
84,1374,105,103
84,1375,105,103
84,1376,105,103
84,1377,105,103
84,1378,105,103
84,1379,105,103
84,1380,105,103
85,1381,105,103
85,1382,105,103
85,1383,105,103
85,1384,105,103
85,1385,105,103
85,1386,105,103
85,1387,105,103
85,1388,105,103
85,1389,105,103
85,1390,105,103
85,1391,105,103
85,1392,105,103
85,1393,105,103
85,1394,105,103
85,1395,105,103
85,1396,105,103
86,1397,105,103
86,1398,105,103
86,1399,105,103
86,1400,105,103
86,1401,105,103
86,1402,105,103
86,1403,105,103
86,1404,105,103
86,1405,105,103
86,1406,105,103
86,1407,105,103
86,1408,105,103
86,1409,105,103
86,1410,105,103
86,1411,105,103
86,1412,105,103
86,1413,105,103
87,1414,105,103
87,1415,105,103
87,1416,105,103
87,1417,105,103
87,1418,105,103
87,1419,105,103
87,1420,105,103
87,1421,105,103
87,1422,105,103
87,1423,105,103
87,1424,105,103
87,1425,105,103
87,1426,105,103
87,1427,105,103
87,1428,105,103
87,1429,105,103
88,1430,105,103
88,1431,105,103
88,1432,105,103
88,1433,105,103
88,1434,105,103
88,1435,105,103
88,1436,105,103
88,1437,105,103
88,1438,105,103
88,1439,105,103
88,1440,105,103
88,1441,105,103
88,1442,105,103
88,1443,105,103
88,1444,105,103
88,1445,105,103
89,1446,105,103
89,1447,105,103
89,1448,105,103
89,1449,105,103
89,1450,105,103
89,1451,105,103
89,1452,105,103
89,1453,105,103
89,1454,105,103
89,1455,105,103
89,1456,105,103
89,1457,105,103
89,1458,105,103
89,1459,105,103
89,1460,105,103
89,1461,105,103
90,1462,105,103
90,1463,105,104
90,1464,105,104
90,1465,105,104
90,1466,105,104
90,1467,105,104
90,1468,105,104
90,1469,105,104
90,1470,105,104
90,1471,105,104
90,1472,105,104
90,1473,105,104
90,1474,105,104
90,1475,105,104
90,1476,105,104
90,1477,105,104
90,1478,105,104
91,1479,105,104
91,1480,105,104
91,1481,105,104
91,1482,105,104
91,1483,105,104
91,1484,105,104
91,1485,105,104
91,1486,105,104
91,1487,105,104
91,1488,105,104
91,1489,105,104
91,1490,105,104
91,1491,105,104
91,1492,105,104
91,1493,105,104
91,1494,105,104
92,1495,105,104
92,1496,105,104
92,1497,105,104
92,1498,105,104
92,1499,105,104
92,1500,105,104
92,1501,105,104
92,1502,105,104
92,1503,105,104
92,1504,105,104
92,1505,105,104
92,1506,105,104
92,1507,105,104
92,1508,105,104
92,1509,105,104
92,1510,105,104
93,1511,105,104
93,1512,105,104
93,1513,105,104
93,1514,105,104
93,1515,105,104
93,1516,105,104
93,1517,105,104
93,1518,105,104
93,1519,105,104
93,1520,105,104
93,1521,105,104
93,1522,105,104
93,1523,105,104
93,1524,105,104
93,1525,105,104
93,1526,105,104
94,1527,105,104
94,1528,105,104
94,1529,105,104
94,1530,105,104
94,1531,105,104
94,1532,105,104
94,1533,105,104
94,1534,105,104
94,1535,105,104
94,1536,105,104
94,1537,105,104
94,1538,105,104
94,1539,105,104
94,1540,105,104
94,1541,105,104
94,1542,105,104
94,1543,105,104
95,1544,105,104
95,1545,105,104
95,1546,105,104
95,1547,105,104
95,1548,106,104
95,1549,107,104
95,1550,108,104
95,1551,109,104
95,1552,110,104
95,1553,111,104
95,1554,112,104
95,1555,113,104
95,1556,114,104
95,1557,115,104
95,1558,116,104
95,1559,117,104
95,1560,117,104
96,1561,117,104
96,1562,117,104
96,1563,117,104
96,1564,117,104
96,1565,117,104
96,1566,117,104
96,1567,117,104
96,1568,117,104
96,1569,117,104
96,1570,117,104
96,1571,117,104
96,1572,117,104
96,1573,117,104
96,1574,117,104
96,1575,117,104
96,1576,117,104
97,1577,117,104
97,1578,117,104
97,1579,117,104
97,1580,117,104
97,1581,117,104
97,1582,117,104
97,1583,117,104
97,1584,117,104
97,1585,117,104
97,1586,117,104
97,1587,117,104
97,1588,117,104
97,1589,117,104
97,1590,117,104
97,1591,117,104
97,1592,117,104
98,1593,117,104
98,1594,117,104
98,1595,117,104
98,1596,117,104
98,1597,117,104
98,1598,117,104
98,1599,117,104
98,1600,117,104
98,1601,117,104
98,1602,117,104
98,1603,117,104
98,1604,117,104
98,1605,117,104
98,1606,117,104
98,1607,117,104
98,1608,117,104
98,1609,117,104
99,1610,117,104
99,1611,117,104
99,1612,117,104
99,1613,117,104
99,1614,117,104
99,1615,117,104
99,1616,117,104
99,1617,117,104
99,1618,117,104
99,1619,117,104
99,1620,117,104
99,1621,117,104
99,1622,117,104
99,1623,117,104
99,1624,117,104
99,1625,117,104
100,1626,117,104
100,1627,117,104
100,1628,117,104
100,1629,117,104
100,1630,117,104
100,1631,117,104
100,1632,117,104
100,1633,117,104
100,1634,117,104
100,1635,117,104
100,1636,117,104
100,1637,117,104
100,1638,117,104
100,1639,117,104
100,1640,117,104
100,1641,117,104
101,1642,117,104
101,1643,117,104
101,1644,117,104
101,1645,117,104
101,1646,117,104
101,1647,117,104
101,1648,117,104
101,1649,117,104
101,1650,117,104
101,1651,117,104
101,1652,117,104
101,1653,117,104
101,1654,117,104
101,1655,117,104
101,1656,117,104
101,1657,117,104
102,1658,117,104
102,1659,117,104
102,1660,117,104
102,1661,117,104
102,1662,117,104
102,1663,117,104
102,1664,117,104
102,1665,117,104
102,1666,117,104
102,1667,117,104
102,1668,117,104
102,1669,117,104
102,1670,117,104
102,1671,117,104
102,1672,117,104
102,1673,117,104
103,1674,117,104
103,1675,117,104
103,1676,117,104
103,1677,118,104
103,1678,118,105
103,1679,118,106
103,1680,118,107
103,1681,118,108
103,1682,118,109
103,1683,118,110
103,1684,118,111
103,1685,118,112
103,1686,118,113
103,1687,118,114
103,1688,118,115
103,1689,118,116
103,1690,118,116
104,1691,118,116
104,1692,118,116
104,1693,118,116
104,1694,118,116
104,1695,118,116
104,1696,118,116
104,1697,118,116
104,1698,118,116
104,1699,118,116
104,1700,118,116
104,1701,118,116
104,1702,118,116
104,1703,118,116
104,1704,118,116
104,1705,118,116
104,1706,118,116
105,1707,118,116
105,1708,118,116
105,1709,118,116
105,1710,118,116
105,1711,118,116
105,1712,118,116
105,1713,118,116
105,1714,118,116
105,1715,118,116
105,1716,118,116
105,1717,118,116
105,1718,118,116
105,1719,118,116
105,1720,118,116
105,1721,118,116
105,1722,118,116
106,1723,118,116
106,1724,118,116
106,1725,118,116
106,1726,118,116
106,1727,118,116
106,1728,118,116
106,1729,118,116
106,1730,118,116
106,1731,118,116
106,1732,118,116
106,1733,118,116
106,1734,118,116
106,1735,118,116
106,1736,118,116
106,1737,118,116
106,1738,118,116
107,1739,118,116
107,1740,119,116
107,1741,120,116
107,1742,120,117
107,1743,120,117
107,1744,120,117
107,1745,120,117
107,1746,120,117
107,1747,120,117
107,1748,120,117
107,1749,120,117
107,1750,120,117
107,1751,120,117
107,1752,120,117
107,1753,120,117
107,1754,120,117
107,1755,120,117
108,1756,120,117
108,1757,120,117
108,1758,120,117
108,1759,121,117
108,1760,122,117
108,1761,123,117
108,1762,123,117
108,1763,123,117
108,1764,123,117
108,1765,123,117
108,1766,123,117
108,1767,123,117
108,1768,123,117
108,1769,123,117
108,1770,123,117
108,1771,123,117
108,1772,123,117
109,1773,123,117
109,1774,123,117
109,1775,123,117
109,1776,123,117
109,1777,123,117
109,1778,123,117
109,1779,123,117
109,1780,123,117
109,1781,123,117
109,1782,123,117
109,1783,123,117
109,1784,123,117
109,1785,123,117
109,1786,123,117
109,1787,123,117
109,1788,123,117
110,1789,123,117
110,1790,123,117
110,1791,123,117
110,1792,123,117
110,1793,123,117
110,1794,123,117
110,1795,123,117
110,1796,123,117
110,1797,123,117
110,1798,123,117
110,1799,123,117
110,1800,123,117
110,1801,123,117
110,1802,123,117
110,1803,123,117
110,1804,123,117
111,1805,123,117
111,1806,123,117
111,1807,123,117
111,1808,123,117
111,1809,123,117
111,1810,123,117
111,1811,123,117
111,1812,123,117
111,1813,123,117
111,1814,123,117
111,1815,123,117
111,1816,123,117
111,1817,123,117
111,1818,123,117
111,1819,123,117
111,1820,123,117
112,1821,123,117
112,1822,123,117
112,1823,123,117
112,1824,123,117
112,1825,123,117
112,1826,123,117
112,1827,123,117
112,1828,123,117
112,1829,123,117
112,1830,123,117
112,1831,123,117
112,1832,123,117
112,1833,123,117
112,1834,123,117
112,1835,123,117
112,1836,123,117
113,1837,123,117
113,1838,123,117
113,1839,123,117
113,1840,123,117
113,1841,123,117
113,1842,123,117
113,1843,123,117
113,1844,123,117
113,1845,123,117
113,1846,123,117
113,1847,123,117
113,1848,123,117
113,1849,123,117
113,1850,123,117
113,1851,123,117
113,1852,123,117
114,1853,123,117
114,1854,123,117
114,1855,123,117
114,1856,123,117
114,1857,123,117
114,1858,123,117
114,1859,123,117
114,1860,123,117
114,1861,123,117
114,1862,123,117
114,1863,123,117
114,1864,123,117
114,1865,123,117
114,1866,123,117
114,1867,123,117
114,1868,123,117
115,1869,123,117
115,1870,123,117
115,1871,123,117
115,1872,123,117
115,1873,123,117
115,1874,123,117
115,1875,123,117
115,1876,123,117
115,1877,123,117
115,1878,123,117
115,1879,123,117
115,1880,123,117
115,1881,123,117
115,1882,123,117
115,1883,123,117
115,1884,123,117
116,1885,123,117
116,1886,123,117
116,1887,123,117
116,1888,123,117
116,1889,123,117
116,1890,123,117
116,1891,123,117
116,1892,123,117
116,1893,123,117
116,1894,123,117
116,1895,123,117
116,1896,123,117
116,1897,123,117
116,1898,123,117
116,1899,123,117
116,1900,123,117
117,1901,123,117
117,1902,123,117
117,1903,123,117
117,1904,123,117
117,1905,123,117
117,1906,123,117
117,1907,123,117
117,1908,123,117
117,1909,123,117
117,1910,123,117
117,1911,123,117
117,1912,123,117
117,1913,123,117
117,1914,123,117
117,1915,123,117
117,1916,123,117
118,1917,123,117
118,1918,123,117
118,1919,123,117
118,1920,123,117
118,1921,123,117
118,1922,123,117
118,1923,123,117
118,1924,123,117
118,1925,123,117
118,1926,123,117
118,1927,123,117
118,1928,123,117
118,1929,123,117
118,1930,123,117
118,1931,123,117
118,1932,123,117
119,1933,123,117
119,1934,123,118
119,1935,123,119
119,1936,123,119
119,1937,123,119
119,1938,123,119
119,1939,123,119
119,1940,123,119
119,1941,123,119
119,1942,123,119
119,1943,123,119
119,1944,123,119
119,1945,123,119
119,1946,123,119
119,1947,123,119
119,1948,123,119
119,1949,123,119
120,1950,123,119
120,1951,123,119
120,1952,123,119
120,1953,123,119
120,1954,123,119
120,1955,123,119
120,1956,123,119
120,1957,123,119
120,1958,123,119
120,1959,123,119
120,1960,123,119
120,1961,123,119
120,1962,123,119
120,1963,123,119
120,1964,123,119
120,1965,123,119
121,1966,123,119
121,1967,123,119
121,1968,123,119
121,1969,123,119
121,1970,123,119
121,1971,123,119
121,1972,123,119
121,1973,123,119
121,1974,123,119
121,1975,123,119
121,1976,123,119
121,1977,123,119
121,1978,123,119
121,1979,123,119
121,1980,123,119
121,1981,123,119
122,1982,123,119
122,1983,123,119
122,1984,123,119
122,1985,123,119
122,1986,123,119
122,1987,123,119
122,1988,123,119
122,1989,123,119
122,1990,123,119
122,1991,123,119
122,1992,123,119
122,1993,123,119
122,1994,123,119
122,1995,123,119
122,1996,123,119
122,1997,123,119
123,1998,123,119
123,1999,123,119
123,2000,123,119
123,2001,123,119
123,2002,123,119
123,2003,123,119
123,2004,123,119
123,2005,123,119
123,2006,123,119
123,2007,123,119
123,2008,123,119
123,2009,123,119
123,2010,123,119
123,2011,123,119
123,2012,123,119
123,2013,123,119
124,2014,123,119
124,2015,123,119
124,2016,123,119
124,2017,123,119
124,2018,123,119
124,2019,123,119
124,2020,123,119
124,2021,123,119
124,2022,123,119
124,2023,123,119
124,2024,123,119
124,2025,123,119
124,2026,123,119
124,2027,123,119
124,2028,123,119
124,2029,123,119
125,2030,123,119
125,2031,123,119
125,2032,123,119
125,2033,123,119
125,2034,123,119
125,2035,123,119
125,2036,123,119
125,2037,123,119
125,2038,123,119
125,2039,123,119
125,2040,123,119
125,2041,123,119
125,2042,123,119
125,2043,123,119
125,2044,123,119
125,2045,123,119
126,2046,123,119
126,2047,123,119
126,2048,123,119
126,2049,123,119
126,2050,123,119
126,2051,123,119
126,2052,123,119
126,2053,123,119
126,2054,123,119
126,2055,123,119
126,2056,123,119
126,2057,123,119
126,2058,123,119
126,2059,123,119
126,2060,123,119
126,2061,123,119
127,2062,123,119
127,2063,123,119
127,2064,123,119
127,2065,123,119
127,2066,123,119
127,2067,123,119
127,2068,123,119
127,2069,123,119
127,2070,123,119
127,2071,123,119
127,2072,123,119
127,2073,123,119
127,2074,123,119
127,2075,123,119
127,2076,123,119
127,2077,123,119
127,2078,123,119
128,2079,123,119
128,2080,123,119
128,2081,123,119
128,2082,123,119
128,2083,123,119
128,2084,123,119
128,2085,123,119
128,2086,123,119
128,2087,123,119
128,2088,123,119
128,2089,123,119
128,2090,123,119
128,2091,123,119
128,2092,123,119
128,2093,123,119
128,2094,123,119
129,2095,123,119
129,2096,123,119
129,2097,123,119
129,2098,123,119
129,2099,123,119
129,2100,123,119
129,2101,123,119
129,2102,123,119
129,2103,123,119
129,2104,123,119
129,2105,123,119
129,2106,123,119
129,2107,123,119
129,2108,123,119
129,2109,123,119
129,2110,123,119
130,2111,123,119
130,2112,123,119
130,2113,123,119
130,2114,123,119
130,2115,123,119
130,2116,123,119
130,2117,123,119
130,2118,123,119
130,2119,123,119
130,2120,123,119
130,2121,123,119
130,2122,123,119
130,2123,123,119
130,2124,123,119
130,2125,123,119
130,2126,123,119
131,2127,123,119
131,2128,123,119
131,2129,123,119
131,2130,123,119
131,2131,123,119
131,2132,123,119
131,2133,123,119
131,2134,123,119
131,2135,123,119
131,2136,123,119
131,2137,123,119
131,2138,123,119
131,2139,123,119
131,2140,123,119
131,2141,123,119
131,2142,123,119
132,2143,123,119
132,2144,123,119
132,2145,123,119
132,2146,123,119
132,2147,123,119
132,2148,123,119
132,2149,123,119
132,2150,123,119
132,2151,123,119
132,2152,123,119
132,2153,123,119
132,2154,123,119
132,2155,123,119
132,2156,123,119
132,2157,123,119
132,2158,123,119
133,2159,123,119
133,2160,123,119
133,2161,123,119
133,2162,123,119
133,2163,123,119
133,2164,123,119
133,2165,123,119
133,2166,123,119
133,2167,123,119
133,2168,123,119
133,2169,123,119
133,2170,123,119
133,2171,123,119
133,2172,123,119
133,2173,123,119
133,2174,123,119
134,2175,123,119
134,2176,123,119
134,2177,123,119
134,2178,123,119
134,2179,123,119
134,2180,123,119
134,2181,123,119
134,2182,123,119
134,2183,123,119
134,2184,123,119
134,2185,123,119
134,2186,123,119
134,2187,123,119
134,2188,123,119
134,2189,123,119
134,2190,123,119
135,2191,123,119
135,2192,123,119
135,2193,123,119
135,2194,123,119
135,2195,123,119
135,2196,123,119
135,2197,123,119
135,2198,123,119
135,2199,123,119
135,2200,123,119
135,2201,123,119
135,2202,123,119
135,2203,123,119
135,2204,123,119
135,2205,123,119
135,2206,123,119
136,2207,123,119
136,2208,123,119
136,2209,123,119
136,2210,123,119
136,2211,123,119
136,2212,123,119
136,2213,123,119
136,2214,123,119
136,2215,123,119
136,2216,123,119
136,2217,123,119
136,2218,123,119
136,2219,123,119
136,2220,123,119
136,2221,123,119
136,2222,123,119
137,2223,123,119
137,2224,123,119
137,2225,123,119
137,2226,123,119
137,2227,123,119
137,2228,123,119
137,2229,123,119
137,2230,123,119
137,2231,123,119
137,2232,123,119
137,2233,123,119
137,2234,123,119
137,2235,123,119
137,2236,123,119
137,2237,123,119
137,2238,123,119
138,2239,123,119
138,2240,123,119
138,2241,123,119
138,2242,123,119
138,2243,123,119
138,2244,123,119
138,2245,123,119
138,2246,123,119
138,2247,123,119
138,2248,123,119
138,2249,123,119
138,2250,123,119
138,2251,123,119
138,2252,123,119
138,2253,123,119
138,2254,123,119
139,2255,123,119
139,2256,123,119
139,2257,123,119
139,2258,123,119
139,2259,123,119
139,2260,123,119
139,2261,123,119
139,2262,123,119
139,2263,123,119
139,2264,123,119
139,2265,123,119
139,2266,123,119
139,2267,123,119
139,2268,123,119
139,2269,123,119
139,2270,123,119
140,2271,123,119
140,2272,123,119
140,2273,123,119
140,2274,123,119
140,2275,123,119
140,2276,123,119
140,2277,123,119
140,2278,123,119
140,2279,123,119
140,2280,123,119
140,2281,123,119
140,2282,123,119
140,2283,123,119
140,2284,123,119
140,2285,123,119
140,2286,123,119
141,2287,123,119
141,2288,123,119
141,2289,123,119
141,2290,123,119
141,2291,123,119
141,2292,123,119
141,2293,123,119
141,2294,123,119
141,2295,123,119
141,2296,123,119
141,2297,123,119
141,2298,123,119
141,2299,123,119
141,2300,123,119
141,2301,123,119
141,2302,123,119
142,2303,123,119
142,2304,123,119
142,2305,123,119
142,2306,123,119
142,2307,123,119
142,2308,123,119
142,2309,123,119
142,2310,123,119
142,2311,123,119
142,2312,123,119
142,2313,123,119
142,2314,123,119
142,2315,123,119
142,2316,123,119
142,2317,123,119
142,2318,123,119
143,2319,123,119
143,2320,123,119
143,2321,123,119
143,2322,123,119
143,2323,123,119
143,2324,123,119
143,2325,123,119
143,2326,123,119
143,2327,123,119
143,2328,123,119
143,2329,123,119
143,2330,123,119
143,2331,123,119
143,2332,123,119
143,2333,123,119
143,2334,123,119
144,2335,123,119
144,2336,123,119
144,2337,123,119
144,2338,123,119
144,2339,123,119
144,2340,123,119
144,2341,123,119
144,2342,123,119
144,2343,123,119
144,2344,123,119
144,2345,123,119
144,2346,123,119
144,2347,123,119
144,2348,123,119
144,2349,123,119
144,2350,123,119
144,2351,123,119
145,2352,123,119
145,2353,123,119
145,2354,123,119
145,2355,123,119
145,2356,123,119
145,2357,123,119
145,2358,123,119
145,2359,123,119
145,2360,123,119
145,2361,123,119
145,2362,123,119
145,2363,123,119
145,2364,123,119
145,2365,123,119
145,2366,123,119
145,2367,123,119
146,2368,123,119
146,2369,123,119
146,2370,123,119
146,2371,123,119
146,2372,123,119
146,2373,123,119
146,2374,123,119
146,2375,123,119
146,2376,123,119
146,2377,123,119
146,2378,123,119
146,2379,123,119
146,2380,123,119
146,2381,123,119
146,2382,123,119
146,2383,123,119
147,2384,123,119
147,2385,123,119
147,2386,123,119
147,2387,123,119
147,2388,123,119
147,2389,123,119
147,2390,123,119
147,2391,123,119
147,2392,123,119
147,2393,123,119
147,2394,123,119
147,2395,123,119
147,2396,123,119
147,2397,123,119
147,2398,123,119
147,2399,123,119
148,2400,123,119
148,2401,123,119
148,2402,123,119
148,2403,123,119
148,2404,123,119
148,2405,123,119
148,2406,123,119
148,2407,123,119
148,2408,123,119
148,2409,123,119
148,2410,123,119
148,2411,123,119
148,2412,123,119
148,2413,123,119
148,2414,123,119
148,2415,123,119
149,2416,123,119
149,2417,123,119
149,2418,123,119
149,2419,123,119
149,2420,123,119
149,2421,123,119
149,2422,123,119
149,2423,123,119
149,2424,123,119
149,2425,123,119
149,2426,123,119
149,2427,123,119
149,2428,123,119
149,2429,123,119
149,2430,123,119
149,2431,123,119
150,2432,123,119
150,2433,123,119
150,2434,123,119
150,2435,123,119
150,2436,123,119
150,2437,123,119
150,2438,123,119
150,2439,123,119
150,2440,123,119
150,2441,123,119
150,2442,123,119
150,2443,123,119
150,2444,123,119
150,2445,123,119
150,2446,123,119
150,2447,123,119
151,2448,123,119
151,2449,123,119
151,2450,123,119
151,2451,123,119
151,2452,123,119
151,2453,123,119
151,2454,123,119
151,2455,123,119
151,2456,123,119
151,2457,123,119
151,2458,123,119
151,2459,123,119
151,2460,123,119
151,2461,123,119
151,2462,123,119
151,2463,123,119
152,2464,123,119
152,2465,123,119
152,2466,123,119
152,2467,123,119
152,2468,123,119
152,2469,123,119
152,2470,123,119
152,2471,123,119
152,2472,123,119
152,2473,123,119
152,2474,123,119
152,2475,123,119
152,2476,123,119
152,2477,123,119
152,2478,123,119
152,2479,123,119
152,2480,123,119
153,2481,123,119
153,2482,123,119
153,2483,123,119
153,2484,123,119
153,2485,123,119
153,2486,123,119
153,2487,123,119
153,2488,123,119
153,2489,123,119
153,2490,123,119
153,2491,123,119
153,2492,123,119
153,2493,123,119
153,2494,123,119
153,2495,123,119
153,2496,123,119
154,2497,123,119
154,2498,123,119
154,2499,123,119
154,2500,123,119
154,2501,123,119
154,2502,123,119
154,2503,123,119
154,2504,123,119
154,2505,123,119
154,2506,123,119
154,2507,123,119
154,2508,123,119
154,2509,123,119
154,2510,123,119
154,2511,123,119
154,2512,123,119
155,2513,123,119
155,2514,123,119
155,2515,123,119
155,2516,123,119
155,2517,123,119
155,2518,123,119
155,2519,123,119
155,2520,123,119
155,2521,123,119
155,2522,123,119
155,2523,123,119
155,2524,123,119
155,2525,123,119
155,2526,123,119
155,2527,123,119
155,2528,123,119
156,2529,123,119
156,2530,123,119
156,2531,123,119
156,2532,123,119
156,2533,123,119
156,2534,123,119
156,2535,123,119
156,2536,123,119
156,2537,123,119
156,2538,123,119
156,2539,123,119
156,2540,123,119
156,2541,123,119
156,2542,123,119
156,2543,123,119
156,2544,123,119
156,2545,123,119
157,2546,123,119
157,2547,123,119
157,2548,123,119
157,2549,123,119
157,2550,123,119
157,2551,123,119
157,2552,123,119
157,2553,123,119
157,2554,123,119
157,2555,123,119
157,2556,123,119
157,2557,123,119
157,2558,123,119
157,2559,123,119
157,2560,123,119
157,2561,123,119
158,2562,123,119
158,2563,123,119
158,2564,123,119
158,2565,123,119
158,2566,123,119
158,2567,123,119
158,2568,123,119
158,2569,123,119
158,2570,123,119
158,2571,123,119
158,2572,123,119
158,2573,123,119
158,2574,123,119
158,2575,123,119
158,2576,123,119
158,2577,123,119
159,2578,123,119
159,2579,123,119
159,2580,123,119
159,2581,123,119
159,2582,123,119
159,2583,123,119
159,2584,123,119
159,2585,123,119
159,2586,123,119
159,2587,123,119
159,2588,123,119
159,2589,123,119
159,2590,123,119
159,2591,123,119
159,2592,123,119
159,2593,123,119
160,2594,123,119
160,2595,123,119
160,2596,123,119
160,2597,123,119
160,2598,123,119
160,2599,123,119
160,2600,123,119
160,2601,123,119
160,2602,123,119
160,2603,123,119
160,2604,123,119
160,2605,123,119
160,2606,123,119
160,2607,123,119
160,2608,123,119
160,2609,123,119
161,2610,123,119
161,2611,123,119
161,2612,123,119
161,2613,123,119
161,2614,123,119
161,2615,123,119
161,2616,123,119
161,2617,123,119
161,2618,123,119
161,2619,123,119
161,2620,123,119
161,2621,123,119
161,2622,123,119
161,2623,123,119
161,2624,123,119
161,2625,123,119
162,2626,123,119
162,2627,123,119
162,2628,123,119
162,2629,123,119
162,2630,123,119
162,2631,123,119
162,2632,123,119
162,2633,123,119
162,2634,123,119
162,2635,123,119
162,2636,123,119
162,2637,123,119
162,2638,123,119
162,2639,123,119
162,2640,123,119
162,2641,123,119
163,2642,123,119
163,2643,123,119
163,2644,123,119
163,2645,123,119
163,2646,123,119
163,2647,123,119
163,2648,123,119
163,2649,123,119
163,2650,123,119
163,2651,123,119
163,2652,123,119
163,2653,123,119
163,2654,123,119
163,2655,123,119
163,2656,123,119
163,2657,123,119
164,2658,123,119
164,2659,123,119
164,2660,123,119
164,2661,123,119
164,2662,123,119
164,2663,123,119
164,2664,123,119
164,2665,123,119
164,2666,123,119
164,2667,123,119
164,2668,123,119
164,2669,123,119
164,2670,123,119
164,2671,123,119
164,2672,123,119
164,2673,123,119
165,2674,123,119
165,2675,123,119
165,2676,123,119
165,2677,123,119
165,2678,123,119
165,2679,123,119
165,2680,123,119
165,2681,123,119
165,2682,123,119
165,2683,123,119
165,2684,123,119
165,2685,123,119
165,2686,123,119
165,2687,123,119
165,2688,123,119
165,2689,123,119
166,2690,123,119
166,2691,123,119
166,2692,123,119
166,2693,123,119
166,2694,123,119
166,2695,123,119
166,2696,123,119
166,2697,123,119
166,2698,123,119
166,2699,123,119
166,2700,123,119
166,2701,123,119
166,2702,123,119
166,2703,123,119
166,2704,123,119
166,2705,123,119
167,2706,123,119
167,2707,123,119
167,2708,123,119
167,2709,123,119
167,2710,123,119
167,2711,123,119
167,2712,123,119
167,2713,123,119
167,2714,123,119
167,2715,123,119
167,2716,123,119
167,2717,123,119
167,2718,123,119
167,2719,123,119
167,2720,123,119
167,2721,123,119
168,2722,123,119
168,2723,123,119
168,2724,123,119
168,2725,123,119
168,2726,123,119
168,2727,123,119
168,2728,123,119
168,2729,123,119
168,2730,123,119
168,2731,123,119
168,2732,123,119
168,2733,123,119
168,2734,123,119
168,2735,123,119
168,2736,123,119
168,2737,123,119
168,2738,123,119
169,2739,123,119
169,2740,123,119
169,2741,123,119
169,2742,123,119
169,2743,123,119
169,2744,123,119
169,2745,123,119
169,2746,123,119
169,2747,123,119
169,2748,123,119
169,2749,123,119
169,2750,123,119
169,2751,123,119
169,2752,123,119
169,2753,123,119
169,2754,123,119
170,2755,123,119
170,2756,123,119
170,2757,123,119
170,2758,123,119
170,2759,123,119
170,2760,123,119
170,2761,123,119
170,2762,123,119
170,2763,123,119
170,2764,123,119
170,2765,123,119
170,2766,123,119
170,2767,123,119
170,2768,123,119
170,2769,123,119
170,2770,123,119
171,2771,123,119
171,2772,123,119
171,2773,123,119
171,2774,123,119
171,2775,123,119
171,2776,123,119
171,2777,123,119
171,2778,123,119
171,2779,123,119
171,2780,123,119
171,2781,123,119
171,2782,123,119
171,2783,123,119
171,2784,123,119
171,2785,123,119
171,2786,123,119
172,2787,123,119
172,2788,123,119
172,2789,123,119
172,2790,123,119
172,2791,123,119
172,2792,123,119
172,2793,123,119
172,2794,123,119
172,2795,123,119
172,2796,123,119
172,2797,123,119
172,2798,123,119
172,2799,123,119
172,2800,123,119
172,2801,123,119
172,2802,123,119
172,2803,123,119
173,2804,123,119
173,2805,123,119
173,2806,123,119
173,2807,123,119
173,2808,123,119
173,2809,123,119
173,2810,123,119
173,2811,123,119
173,2812,123,119
173,2813,123,119
173,2814,123,119
173,2815,123,119
173,2816,123,119
173,2817,123,119
173,2818,123,119
173,2819,123,119
174,2820,123,119
174,2821,123,119
174,2822,123,119
174,2823,123,119
174,2824,123,119
174,2825,123,119
174,2826,123,119
174,2827,123,119
174,2828,123,119
174,2829,123,119
174,2830,123,119
174,2831,123,119
174,2832,123,119
174,2833,123,119
174,2834,123,119
174,2835,123,119
175,2836,123,119
175,2837,123,119
175,2838,123,119
175,2839,123,119
175,2840,123,119
175,2841,123,119
175,2842,123,119
175,2843,123,119
175,2844,123,119
175,2845,123,119
175,2846,123,119
175,2847,123,119
175,2848,123,119
175,2849,123,119
175,2850,123,119
175,2851,123,119
176,2852,123,119
176,2853,123,119
176,2854,123,119
176,2855,123,119
176,2856,123,119
176,2857,123,119
176,2858,123,119
176,2859,123,119
176,2860,123,119
176,2861,123,119
176,2862,123,119
176,2863,123,119
176,2864,123,119
176,2865,123,119
176,2866,123,119
176,2867,123,119
177,2868,123,119
177,2869,123,119
177,2870,123,119
177,2871,123,119
177,2872,123,119
177,2873,123,119
177,2874,123,119
177,2875,123,119
177,2876,123,119
177,2877,123,119
177,2878,123,119
177,2879,123,119
177,2880,123,119
177,2881,123,119
177,2882,123,119
177,2883,123,119
178,2884,123,119
178,2885,123,119
178,2886,123,119
178,2887,123,119
178,2888,123,119
178,2889,123,119
178,2890,123,119
178,2891,123,119
178,2892,123,119
178,2893,123,119
178,2894,123,119
178,2895,123,119
178,2896,123,119
178,2897,123,119
178,2898,123,119
178,2899,123,119
179,2900,123,119
179,2901,123,119
179,2902,123,119
179,2903,123,119
179,2904,123,119
179,2905,123,119
179,2906,123,119
179,2907,123,119
179,2908,123,119
179,2909,123,119
179,2910,123,119
179,2911,123,119
179,2912,123,119
179,2913,123,119
179,2914,123,119
179,2915,123,119
180,2916,123,119
180,2917,123,119
180,2918,123,119
180,2919,123,119
180,2920,123,119
180,2921,123,119
180,2922,123,119
180,2923,123,119
180,2924,123,119
180,2925,123,119
180,2926,123,119
180,2927,123,119
180,2928,123,119
180,2929,123,119
180,2930,123,119
180,2931,123,119
180,2932,123,119
181,2933,123,119
181,2934,123,119
181,2935,123,119
181,2936,123,119
181,2937,123,119
181,2938,123,119
181,2939,123,119
181,2940,123,119
181,2941,123,119
181,2942,123,119
181,2943,123,119
181,2944,123,119
181,2945,123,119
181,2946,123,119
181,2947,123,119
181,2948,123,119
181,2949,123,119
182,2950,123,119
182,2951,123,119
182,2952,123,119
182,2953,123,119
182,2954,123,119
182,2955,123,119
182,2956,123,119
182,2957,123,119
182,2958,123,119
182,2959,123,119
182,2960,123,119
182,2961,123,119
182,2962,123,119
182,2963,123,119
182,2964,123,119
182,2965,123,119
183,2966,123,119
183,2967,123,119
183,2968,123,119
183,2969,123,119
183,2970,123,119
183,2971,123,119
183,2972,123,119
183,2973,123,119
183,2974,123,119
183,2975,123,119
183,2976,123,119
183,2977,123,119
183,2978,123,119
183,2979,123,119
183,2980,123,119
183,2981,123,119
184,2982,123,119
184,2983,123,119
184,2984,123,119
184,2985,123,119
184,2986,123,119
184,2987,123,119
184,2988,123,119
184,2989,123,119
184,2990,123,119
184,2991,123,119
184,2992,123,119
184,2993,123,119
184,2994,123,119
184,2995,123,119
184,2996,123,119
184,2997,123,119
185,2998,123,119
185,2999,123,119
185,3000,123,119
185,3001,123,119
185,3002,123,119
185,3003,123,119
185,3004,123,119
185,3005,123,119
185,3006,123,119
185,3007,123,119
185,3008,123,119
185,3009,123,119
185,3010,123,119
185,3011,123,119
185,3012,123,119
185,3013,123,119
185,3014,123,119
186,3015,123,119
186,3016,123,119
186,3017,123,119
186,3018,123,119
186,3019,123,119
186,3020,123,119
186,3021,123,119
186,3022,123,119
186,3023,123,119
186,3024,123,119
186,3025,123,119
186,3026,123,119
186,3027,123,119
186,3028,123,119
186,3029,123,119
186,3030,123,119
187,3031,123,119
187,3032,123,119
187,3033,123,119
187,3034,123,119
187,3035,123,119
187,3036,123,119
187,3037,123,119
187,3038,123,119
187,3039,123,119
187,3040,123,119
187,3041,123,119
187,3042,123,119
187,3043,123,119
187,3044,123,119
187,3045,123,119
187,3046,123,119
188,3047,123,119
188,3048,123,119
188,3049,123,119
188,3050,123,119
188,3051,123,119
188,3052,123,119
188,3053,123,119
188,3054,123,119
188,3055,123,119
188,3056,123,119
188,3057,123,119
188,3058,123,119
188,3059,123,119
188,3060,123,119
188,3061,123,119
188,3062,123,119
189,3063,123,119
189,3064,123,119
189,3065,123,119
189,3066,123,119
189,3067,123,119
189,3068,123,119
189,3069,123,119
189,3070,123,119
189,3071,123,119
189,3072,123,119
189,3073,123,119
189,3074,123,119
189,3075,123,119
189,3076,123,119
189,3077,123,119
189,3078,123,119
190,3079,123,119
190,3080,123,119
190,3081,123,119
190,3082,123,119
190,3083,123,119
190,3084,123,119
190,3085,123,119
190,3086,123,119
190,3087,123,119
190,3088,123,119
190,3089,123,119
190,3090,123,119
190,3091,123,119
190,3092,123,119
190,3093,123,119
190,3094,123,119
191,3095,123,119
191,3096,123,119
191,3097,123,119
191,3098,123,119
191,3099,123,119
191,3100,123,119
191,3101,123,119
191,3102,123,119
191,3103,123,119
191,3104,123,119
191,3105,123,119
191,3106,123,119
191,3107,123,119
191,3108,123,119
191,3109,123,119
191,3110,123,119
192,3111,123,119
192,3112,123,119
192,3113,123,119
192,3114,123,119
192,3115,123,119
192,3116,123,119
192,3117,123,119
192,3118,123,119
192,3119,123,119
192,3120,123,119
192,3121,123,119
192,3122,123,119
192,3123,123,119
192,3124,123,119
192,3125,123,119
192,3126,123,119
193,3127,123,119
193,3128,123,119
193,3129,123,119
193,3130,123,119
193,3131,123,119
193,3132,123,119
193,3133,123,119
193,3134,123,119
193,3135,123,119
193,3136,123,119
193,3137,123,119
193,3138,123,119
193,3139,123,119
193,3140,123,119
193,3141,123,119
193,3142,123,119
193,3143,123,119
194,3144,123,119
194,3145,123,119
194,3146,123,119
194,3147,123,119
194,3148,123,119
194,3149,123,119
194,3150,123,119
194,3151,123,119
194,3152,123,119
194,3153,123,119
194,3154,123,119
194,3155,123,119
194,3156,123,119
194,3157,123,119
194,3158,123,119
194,3159,123,119
195,3160,123,119
195,3161,123,119
195,3162,123,119
195,3163,123,119
195,3164,123,119
195,3165,123,119
195,3166,123,119
195,3167,123,119
195,3168,123,119
195,3169,123,119
195,3170,123,119
195,3171,123,119
195,3172,123,119
195,3173,123,119
195,3174,123,119
195,3175,123,119
196,3176,123,119
196,3177,123,119
196,3178,123,119
196,3179,123,119
196,3180,123,119
196,3181,123,119
196,3182,123,119
196,3183,123,119
196,3184,123,119
196,3185,123,119
196,3186,123,119
196,3187,123,119
196,3188,123,119
196,3189,123,119
196,3190,123,119
196,3191,123,119
197,3192,123,119
197,3193,123,119
197,3194,123,119
197,3195,123,119
197,3196,123,119
197,3197,123,119
197,3198,123,119
197,3199,123,119
197,3200,123,119
197,3201,123,119
197,3202,123,119
197,3203,123,119
197,3204,123,119
197,3205,123,119
197,3206,123,119
197,3207,123,119
197,3208,123,119
198,3209,123,119
198,3210,123,119
198,3211,123,119
198,3212,123,119
198,3213,123,119
198,3214,123,119
198,3215,123,119
198,3216,123,119
198,3217,123,119
198,3218,123,119
198,3219,123,119
198,3220,123,119
198,3221,123,119
198,3222,123,119
198,3223,123,119
198,3224,123,119
199,3225,123,119
199,3226,123,119
199,3227,123,119
199,3228,123,119
199,3229,123,119
199,3230,123,119
199,3231,123,119
199,3232,123,119
199,3233,123,119
199,3234,123,119
199,3235,123,119
199,3236,123,119
199,3237,123,119
199,3238,123,119
199,3239,123,119
199,3240,123,119
200,3241,123,119
200,3242,123,119
200,3243,123,119
200,3244,123,119
200,3245,123,119
200,3246,123,119
200,3247,123,119
200,3248,123,119
200,3249,123,119
200,3250,123,119
200,3251,123,119
200,3252,123,119
200,3253,123,119
200,3254,123,119
200,3255,123,119
200,3256,123,119
201,3257,123,119
201,3258,123,119
201,3259,123,119
201,3260,123,119
201,3261,123,119
201,3262,123,119
201,3263,123,119
201,3264,123,119
201,3265,123,119
201,3266,123,119
201,3267,123,119
201,3268,123,119
201,3269,123,119
201,3270,123,119
201,3271,123,119
201,3272,123,119
202,3273,123,119
202,3274,123,119
202,3275,123,119
202,3276,123,119
202,3277,123,119
202,3278,123,119
202,3279,123,119
202,3280,123,119
202,3281,123,119
202,3282,123,119
202,3283,123,119
202,3284,123,119
202,3285,123,119
202,3286,123,119
202,3287,123,119
202,3288,123,119
203,3289,123,119
203,3290,123,119
203,3291,123,119
203,3292,123,119
203,3293,123,119
203,3294,123,119
203,3295,123,119
203,3296,123,119
203,3297,123,119
203,3298,123,119
203,3299,123,119
203,3300,123,119
203,3301,123,119
203,3302,123,119
203,3303,123,119
203,3304,123,119
204,3305,123,119
204,3306,123,119
204,3307,123,119
204,3308,123,119
204,3309,123,119
204,3310,123,119
204,3311,123,119
204,3312,123,119
204,3313,123,119
204,3314,123,119
204,3315,123,119
204,3316,123,119
204,3317,123,119
204,3318,123,119
204,3319,123,119
204,3320,123,119
205,3321,123,119
205,3322,123,119
205,3323,123,119
205,3324,123,119
205,3325,123,119
205,3326,123,119
205,3327,123,119
205,3328,123,119
205,3329,123,119
205,3330,123,119
205,3331,123,119
205,3332,123,119
205,3333,123,119
205,3334,123,119
205,3335,123,119
205,3336,123,119
205,3337,123,119
206,3338,123,119
206,3339,123,119
206,3340,123,119
206,3341,123,119
206,3342,123,119
206,3343,123,119
206,3344,123,119
206,3345,123,119
206,3346,123,119
206,3347,123,119
206,3348,123,119
206,3349,123,119
206,3350,123,119
206,3351,123,119
206,3352,123,119
206,3353,123,119
207,3354,123,119
207,3355,123,119
207,3356,123,119
207,3357,123,119
207,3358,123,119
207,3359,123,119
207,3360,123,119
207,3361,123,119
207,3362,123,119
207,3363,123,119
207,3364,123,119
207,3365,123,119
207,3366,123,119
207,3367,123,119
207,3368,123,119
207,3369,123,119
208,3370,123,119
208,3371,123,119
208,3372,123,119
208,3373,123,119
208,3374,123,119
208,3375,123,119
208,3376,123,119
208,3377,123,119
208,3378,123,119
208,3379,123,119
208,3380,123,119
208,3381,123,119
208,3382,123,119
208,3383,123,119
208,3384,123,119
208,3385,123,119
209,3386,123,119
209,3387,123,119
209,3388,123,119
209,3389,123,119
209,3390,123,119
209,3391,123,119
209,3392,123,119
209,3393,123,119
209,3394,123,119
209,3395,123,119
209,3396,123,119
209,3397,123,119
209,3398,123,119
209,3399,123,119
209,3400,123,119
209,3401,123,119
209,3402,123,119
210,3403,123,119
210,3404,123,119
210,3405,123,119
210,3406,123,119
210,3407,123,119
210,3408,123,119
210,3409,123,119
210,3410,123,119
210,3411,123,119
210,3412,123,119
210,3413,123,119
210,3414,123,119
210,3415,123,119
210,3416,123,119
210,3417,123,119
210,3418,123,119
211,3419,123,119
211,3420,123,119
211,3421,123,119
211,3422,123,119
211,3423,123,119
211,3424,123,119
211,3425,123,119
211,3426,123,119
211,3427,123,119
211,3428,123,119
211,3429,123,119
211,3430,123,119
211,3431,123,119
211,3432,123,119
211,3433,123,119
211,3434,123,119
212,3435,123,119
212,3436,123,119
212,3437,123,119
212,3438,123,119
212,3439,123,119
212,3440,123,119
212,3441,123,119
212,3442,123,119
212,3443,123,119
212,3444,123,119
212,3445,123,119
212,3446,123,119
212,3447,123,119
212,3448,123,119
212,3449,123,119
212,3450,123,119
213,3451,123,119
213,3452,123,119
213,3453,123,119
213,3454,123,119
213,3455,123,119
213,3456,123,119
213,3457,123,119
213,3458,123,119
213,3459,123,119
213,3460,123,119
213,3461,123,119
213,3462,123,119
213,3463,123,119
213,3464,123,119
213,3465,123,119
213,3466,123,119
214,3467,123,119
214,3468,123,119
214,3469,123,119
214,3470,123,119
214,3471,123,119
214,3472,123,119
214,3473,123,119
214,3474,123,119
214,3475,123,119
214,3476,123,119
214,3477,123,119
214,3478,123,119
214,3479,123,119
214,3480,123,119
214,3481,123,119
214,3482,123,119
214,3483,123,119
215,3484,123,119
215,3485,123,119
215,3486,123,119
215,3487,123,119
215,3488,123,119
215,3489,123,119
215,3490,123,119
215,3491,123,119
215,3492,123,119
215,3493,123,119
215,3494,123,119
215,3495,123,119
215,3496,123,119
215,3497,123,119
215,3498,123,119
215,3499,123,119
216,3500,123,119
216,3501,123,119
216,3502,123,119
216,3503,123,119
216,3504,123,119
216,3505,123,119
216,3506,123,119
216,3507,123,119
216,3508,123,119
216,3509,123,119
216,3510,123,119
216,3511,123,119
216,3512,123,119
216,3513,123,119
216,3514,123,119
216,3515,123,119
217,3516,123,119
217,3517,123,119
217,3518,123,119
217,3519,123,119
217,3520,123,119
217,3521,123,119
217,3522,123,119
217,3523,123,119
217,3524,123,119
217,3525,123,119
217,3526,123,119
217,3527,123,119
217,3528,123,119
217,3529,123,119
217,3530,123,119
217,3531,123,119
218,3532,123,119
218,3533,123,119
218,3534,123,119
218,3535,123,119
218,3536,123,119
218,3537,123,119
218,3538,123,119
218,3539,123,119
218,3540,123,119
218,3541,123,119
218,3542,123,119
218,3543,123,119
218,3544,123,119
218,3545,123,119
218,3546,123,119
218,3547,123,119
219,3548,123,119
219,3549,123,119
219,3550,123,119
219,3551,123,119
219,3552,123,119
219,3553,123,119
219,3554,123,119
219,3555,123,119
219,3556,123,119
219,3557,123,119
219,3558,123,119
219,3559,123,119
219,3560,123,119
219,3561,123,119
219,3562,123,119
219,3563,123,119
220,3564,123,119
220,3565,123,119
220,3566,123,119
220,3567,123,119
220,3568,123,119
220,3569,123,119
220,3570,123,119
220,3571,123,119
220,3572,123,119
220,3573,123,119
220,3574,123,119
220,3575,124,119
220,3576,125,119
220,3577,126,119
220,3578,127,119
220,3579,128,119
221,3580,128,119
221,3581,128,119
221,3582,128,119
221,3583,128,119
221,3584,128,119
221,3585,128,119
221,3586,128,119
221,3587,128,119
221,3588,128,119
221,3589,128,119
221,3590,128,119
221,3591,128,119
221,3592,128,119
221,3593,128,119
221,3594,128,119
221,3595,128,119
222,3596,128,119
222,3597,128,119
222,3598,128,119
222,3599,128,119
222,3600,128,119
222,3601,128,119
222,3602,128,119
222,3603,128,119
222,3604,128,119
222,3605,128,119
222,3606,128,119
222,3607,128,119
222,3608,128,119
222,3609,128,119
222,3610,128,119
222,3611,128,119
222,3612,128,119
223,3613,128,119
223,3614,128,119
223,3615,128,119
223,3616,128,119
223,3617,128,119
223,3618,128,119
223,3619,128,119
223,3620,128,119
223,3621,128,119
223,3622,128,119
223,3623,128,119
223,3624,128,119
223,3625,128,119
223,3626,128,119
223,3627,128,119
223,3628,128,119
224,3629,128,119
224,3630,128,119
224,3631,128,119
224,3632,128,119
224,3633,128,119
224,3634,128,119
224,3635,128,119
224,3636,128,119
224,3637,128,119
224,3638,128,119
224,3639,128,119
224,3640,128,119
224,3641,128,119
224,3642,128,119
224,3643,128,119
224,3644,128,119
225,3645,128,119
225,3646,128,119
225,3647,128,119
225,3648,128,119
225,3649,128,119
225,3650,128,119
225,3651,128,119
225,3652,128,119
225,3653,128,119
225,3654,128,119
225,3655,128,119
225,3656,128,119
225,3657,128,119
225,3658,128,119
225,3659,128,119
225,3660,128,119
226,3661,128,119
226,3662,128,119
226,3663,128,119
226,3664,128,119
226,3665,128,119
226,3666,128,119
226,3667,128,119
226,3668,128,119
226,3669,128,119
226,3670,128,119
226,3671,128,119
226,3672,128,119
226,3673,128,119
226,3674,128,119
226,3675,128,119
226,3676,128,119
226,3677,128,119
227,3678,128,119
227,3679,128,119
227,3680,128,119
227,3681,128,119
227,3682,128,119
227,3683,128,119
227,3684,128,119
227,3685,128,119
227,3686,128,119
227,3687,128,119
227,3688,128,119
227,3689,128,119
227,3690,128,119
227,3691,128,119
227,3692,128,119
227,3693,128,119
228,3694,128,119
228,3695,128,119
228,3696,128,119
228,3697,128,119
228,3698,128,119
228,3699,128,119
228,3700,128,119
228,3701,128,119
228,3702,128,119
228,3703,128,119
228,3704,128,119
228,3705,128,119
228,3706,128,119
228,3707,128,119
228,3708,128,119
228,3709,128,119
229,3710,128,119
229,3711,128,119
229,3712,128,119
229,3713,128,119
229,3714,128,119
229,3715,128,119
229,3716,128,119
229,3717,128,119
229,3718,128,119
229,3719,128,119
229,3720,128,119
229,3721,128,119
229,3722,128,119
229,3723,128,119
229,3724,128,119
229,3725,128,119
230,3726,128,119
230,3727,128,119
230,3728,128,119
230,3729,128,119
230,3730,128,119
230,3731,128,119
230,3732,128,119
230,3733,128,119
230,3734,128,119
230,3735,128,119
230,3736,128,119
230,3737,128,119
230,3738,128,119
230,3739,128,119
230,3740,128,119
230,3741,128,119
230,3742,128,119
231,3743,128,119
231,3744,128,119
231,3745,128,119
231,3746,128,119
231,3747,128,119
231,3748,128,119
231,3749,128,119
231,3750,128,119
231,3751,128,119
231,3752,128,119
231,3753,128,119
231,3754,128,119
231,3755,128,119
231,3756,128,119
231,3757,128,119
231,3758,128,119
232,3759,128,119
232,3760,128,119
232,3761,128,119
232,3762,128,119
232,3763,128,119
232,3764,128,119
232,3765,128,119
232,3766,128,119
232,3767,128,119
232,3768,128,119
232,3769,128,119
232,3770,128,119
232,3771,128,119
232,3772,128,119
232,3773,128,119
232,3774,128,119
233,3775,128,119
233,3776,128,119
233,3777,128,119
233,3778,128,119
233,3779,128,119
233,3780,128,119
233,3781,128,119
233,3782,128,119
233,3783,128,119
233,3784,128,119
233,3785,128,119
233,3786,128,119
233,3787,128,119
233,3788,128,119
233,3789,128,119
233,3790,128,119
234,3791,128,119
234,3792,128,119
234,3793,128,119
234,3794,128,119
234,3795,128,119
234,3796,128,119
234,3797,128,119
234,3798,128,119
234,3799,128,119
234,3800,128,119
234,3801,128,119
234,3802,128,119
234,3803,128,119
234,3804,128,119
234,3805,128,119
234,3806,128,119
234,3807,128,119
235,3808,128,119
235,3809,128,119
235,3810,128,119
235,3811,128,119
235,3812,128,119
235,3813,128,119
235,3814,128,119
235,3815,128,119
235,3816,128,119
235,3817,128,119
235,3818,128,119
235,3819,128,119
235,3820,128,119
235,3821,128,119
235,3822,128,119
235,3823,128,119
236,3824,128,119
236,3825,128,119
236,3826,128,119
236,3827,128,119
236,3828,128,119
236,3829,128,119
236,3830,128,119
236,3831,128,119
236,3832,128,119
236,3833,128,119
236,3834,128,119
236,3835,128,119
236,3836,128,119
236,3837,128,119
236,3838,128,119
236,3839,128,119
237,3840,128,119
237,3841,128,119
237,3842,128,119
237,3843,128,119
237,3844,128,119
237,3845,128,119
237,3846,128,119
237,3847,128,119
237,3848,128,119
237,3849,128,119
237,3850,128,119
237,3851,128,119
237,3852,128,119
237,3853,128,119
237,3854,128,119
237,3855,128,119
238,3856,128,119
238,3857,128,119
238,3858,128,119
238,3859,128,119
238,3860,128,119
238,3861,128,119
238,3862,128,119
238,3863,128,119
238,3864,128,119
238,3865,128,119
238,3866,128,119
238,3867,128,119
238,3868,128,119
238,3869,128,119
238,3870,128,119
238,3871,128,119
238,3872,128,119
239,3873,128,119
239,3874,128,119
239,3875,128,119
239,3876,128,119
239,3877,128,119
239,3878,128,119
239,3879,128,119
239,3880,128,119
239,3881,128,119
239,3882,128,119
239,3883,128,119
239,3884,128,119
239,3885,128,119
239,3886,128,119
239,3887,128,119
239,3888,128,119
240,3889,128,119
240,3890,128,119
240,3891,128,119
240,3892,128,119
240,3893,128,119
240,3894,128,119
240,3895,128,119
240,3896,128,119
240,3897,128,119
240,3898,128,119
240,3899,128,119
240,3900,128,119
240,3901,128,119
240,3902,128,119
240,3903,128,119
240,3904,128,119
241,3905,128,119
241,3906,128,119
241,3907,128,119
241,3908,128,119
241,3909,128,119
241,3910,128,119
241,3911,128,119
241,3912,128,119
241,3913,128,119
241,3914,128,119
241,3915,128,119
241,3916,128,119
241,3917,128,119
241,3918,128,119
241,3919,128,119
241,3920,128,119
242,3921,128,119
242,3922,128,119
242,3923,128,119
242,3924,128,119
242,3925,128,119
242,3926,128,119
242,3927,128,119
242,3928,128,119
242,3929,128,119
242,3930,128,119
242,3931,128,119
242,3932,128,119
242,3933,128,119
242,3934,128,119
242,3935,128,119
242,3936,128,119
242,3937,128,119
243,3938,128,119
243,3939,128,119
243,3940,128,119
243,3941,128,119
243,3942,128,119
243,3943,128,119
243,3944,128,119
243,3945,128,119
243,3946,128,119
243,3947,128,119
243,3948,128,119
243,3949,128,119
243,3950,128,119
243,3951,128,119
243,3952,128,119
243,3953,128,119
244,3954,128,119
244,3955,128,119
244,3956,128,119
244,3957,128,119
244,3958,128,119
244,3959,128,119
244,3960,128,119
244,3961,128,119
244,3962,128,119
244,3963,128,119
244,3964,128,119
244,3965,128,119
244,3966,128,119
244,3967,128,119
244,3968,128,119
244,3969,128,119
245,3970,128,119
245,3971,128,119
245,3972,128,119
245,3973,128,119
245,3974,128,119
245,3975,128,119
245,3976,128,119
245,3977,128,119
245,3978,128,119
245,3979,128,119
245,3980,128,119
245,3981,128,119
245,3982,128,119
245,3983,128,119
245,3984,128,119
245,3985,128,119
246,3986,128,119
246,3987,128,119
246,3988,128,119
246,3989,128,119
246,3990,128,119
246,3991,128,119
246,3992,128,119
246,3993,128,119
246,3994,128,119
246,3995,128,119
246,3996,128,119
246,3997,128,119
246,3998,128,119
246,3999,128,119
246,4000,128,119
246,4001,128,119
246,4002,128,119
247,4003,128,119
247,4004,128,119
247,4005,128,119
247,4006,128,119
247,4007,128,119
247,4008,128,119
247,4009,128,119
247,4010,128,119
247,4011,128,119
247,4012,128,119
247,4013,128,119
247,4014,128,119
247,4015,128,119
247,4016,128,119
247,4017,128,119
247,4018,128,119
247,4019,128,119
248,4020,128,119
248,4021,128,119
248,4022,128,119
248,4023,128,119
248,4024,128,119
248,4025,128,119
248,4026,128,119
248,4027,128,119
248,4028,128,119
248,4029,128,119
248,4030,128,119
248,4031,128,119
248,4032,128,119
248,4033,128,119
248,4034,128,119
248,4035,128,119
249,4036,128,119
249,4037,128,119
249,4038,128,119
249,4039,128,119
249,4040,128,119
249,4041,128,119
249,4042,128,119
249,4043,128,119
249,4044,128,119
249,4045,128,119
249,4046,128,119
249,4047,128,119
249,4048,128,119
249,4049,128,119
249,4050,128,119
249,4051,128,119
250,4052,128,119
250,4053,128,119
250,4054,128,119
250,4055,128,119
250,4056,128,119
250,4057,128,119
250,4058,128,119
250,4059,128,119
250,4060,128,119
250,4061,128,119
250,4062,128,119
250,4063,128,119
250,4064,128,119
250,4065,128,119
250,4066,128,119
250,4067,128,119
251,4068,128,119
251,4069,128,119
251,4070,128,119
251,4071,128,119
251,4072,128,119
251,4073,128,119
251,4074,128,119
251,4075,128,119
251,4076,128,119
251,4077,128,119
251,4078,128,119
251,4079,128,119
251,4080,128,119
251,4081,128,119
251,4082,128,119
251,4083,128,119
251,4084,128,119
252,4085,128,119
252,4086,128,119
252,4087,128,119
252,4088,128,119
252,4089,128,119
252,4090,128,119
252,4091,128,119
252,4092,128,119
252,4093,128,119
252,4094,128,119
252,4095,128,119
252,4096,128,119
252,4097,128,119
252,4098,128,119
252,4099,128,119
252,4100,128,119
253,4101,128,119
253,4102,128,119
253,4103,128,119
253,4104,128,119
253,4105,128,119
253,4106,128,119
253,4107,128,119
253,4108,128,119
253,4109,128,119
253,4110,128,119
253,4111,128,119
253,4112,128,119
253,4113,128,119
253,4114,128,119
253,4115,128,119
253,4116,128,119
254,4117,128,119
254,4118,128,119
254,4119,128,119
254,4120,128,119
254,4121,128,119
254,4122,128,119
254,4123,128,119
254,4124,128,119
254,4125,128,119
254,4126,128,119
254,4127,128,119
254,4128,128,119
254,4129,128,119
254,4130,128,119
254,4131,128,119
254,4132,128,119
255,4133,128,119
255,4134,128,119
255,4135,128,119
255,4136,128,119
255,4137,128,119
255,4138,128,119
255,4139,128,119
255,4140,128,119
255,4141,128,119
255,4142,128,119
255,4143,128,119
255,4144,128,119
255,4145,128,119
255,4146,128,119
255,4147,128,119
255,4148,128,119
255,4149,128,119
256,4150,128,119
256,4151,128,119
256,4152,128,119
256,4153,128,119
256,4154,128,119
256,4155,128,119
256,4156,128,119
256,4157,128,119
256,4158,128,119
256,4159,128,119
256,4160,128,119
256,4161,128,119
256,4162,128,119
256,4163,128,119
256,4164,128,119
256,4165,128,119
257,4166,128,119
257,4167,128,119
257,4168,128,119
257,4169,128,119
257,4170,128,119
257,4171,128,119
257,4172,128,119
257,4173,128,119
257,4174,128,119
257,4175,128,119
257,4176,128,119
257,4177,128,119
257,4178,128,119
257,4179,128,119
257,4180,128,119
257,4181,128,119
258,4182,128,119
258,4183,128,119
258,4184,128,119
258,4185,128,119
258,4186,128,119
258,4187,128,119
258,4188,128,119
258,4189,128,119
258,4190,128,119
258,4191,128,119
258,4192,128,119
258,4193,128,119
258,4194,128,119
258,4195,128,119
258,4196,128,119
258,4197,128,119
259,4198,128,119
259,4199,128,119
259,4200,128,119
259,4201,128,119
259,4202,128,119
259,4203,128,119
259,4204,128,119
259,4205,128,119
259,4206,128,119
259,4207,128,119
259,4208,128,119
259,4209,128,119
259,4210,128,119
259,4211,128,119
259,4212,128,119
259,4213,128,119
260,4214,128,119
260,4215,128,119
260,4216,128,119
260,4217,128,119
260,4218,128,119
260,4219,128,119
260,4220,128,119
260,4221,128,119
260,4222,128,119
260,4223,128,119
260,4224,128,119
260,4225,128,119
260,4226,128,119
260,4227,128,119
260,4228,128,119
260,4229,128,119
261,4230,128,119
261,4231,128,119
261,4232,128,119
261,4233,128,119
261,4234,128,119
261,4235,128,119
261,4236,128,119
261,4237,128,119
261,4238,128,119
261,4239,128,119
261,4240,128,119
261,4241,128,119
261,4242,128,119
261,4243,128,119
261,4244,128,119
261,4245,128,119
262,4246,128,119
262,4247,128,119
262,4248,128,119
262,4249,128,119
262,4250,128,119
262,4251,128,119
262,4252,128,119
262,4253,128,119
262,4254,128,119
262,4255,128,119
262,4256,128,119
262,4257,128,119
262,4258,128,119
262,4259,128,119
262,4260,128,119
262,4261,128,119
263,4262,128,119
263,4263,128,119
263,4264,128,119
263,4265,128,119
263,4266,128,119
263,4267,128,119
263,4268,128,119
263,4269,128,119
263,4270,128,119
263,4271,128,119
263,4272,128,119
263,4273,128,119
263,4274,128,119
263,4275,128,119
263,4276,128,119
263,4277,128,119
264,4278,128,119
264,4279,128,119
264,4280,128,119
264,4281,128,119
264,4282,128,119
264,4283,128,119
264,4284,128,119
264,4285,128,119
264,4286,128,119
264,4287,128,119
264,4288,128,119
264,4289,128,119
264,4290,128,119
264,4291,128,119
264,4292,128,119
264,4293,128,119
265,4294,128,119
265,4295,128,119
265,4296,128,119
265,4297,128,119
265,4298,128,119
265,4299,128,119
265,4300,128,119
265,4301,128,119
265,4302,128,119
265,4303,128,119
265,4304,128,119
265,4305,128,119
265,4306,128,119
265,4307,128,119
265,4308,128,119
265,4309,128,119
266,4310,128,119
266,4311,128,119
266,4312,128,119
266,4313,128,119
266,4314,128,119
266,4315,128,119
266,4316,128,119
266,4317,128,119
266,4318,128,119
266,4319,128,119
266,4320,128,119
266,4321,128,119
266,4322,128,119
266,4323,128,119
266,4324,128,119
266,4325,128,119
267,4326,128,119
267,4327,128,119
267,4328,128,119
267,4329,128,119
267,4330,128,119
267,4331,128,119
267,4332,128,119
267,4333,128,119
267,4334,128,119
267,4335,128,119
267,4336,128,119
267,4337,128,119
267,4338,128,119
267,4339,128,119
267,4340,128,119
267,4341,128,119
267,4342,128,119
268,4343,128,119
268,4344,128,119
268,4345,128,119
268,4346,128,119
268,4347,128,119
268,4348,128,119
268,4349,128,119
268,4350,128,119
268,4351,128,119
268,4352,128,119
268,4353,128,119
268,4354,128,119
268,4355,128,119
268,4356,128,119
268,4357,128,119
268,4358,128,119
269,4359,128,119
269,4360,128,119
269,4361,128,119
269,4362,128,119
269,4363,128,119
269,4364,128,119
269,4365,128,119
269,4366,128,119
269,4367,128,119
269,4368,128,119
269,4369,128,119
269,4370,128,119
269,4371,128,119
269,4372,128,119
269,4373,128,119
269,4374,128,119
270,4375,128,119
270,4376,128,119
270,4377,128,119
270,4378,128,119
270,4379,128,119
270,4380,128,119
270,4381,128,119
270,4382,128,119
270,4383,128,119
270,4384,128,119
270,4385,128,119
270,4386,128,119
270,4387,128,119
270,4388,128,119
270,4389,128,119
270,4390,128,119
271,4391,128,119
271,4392,128,119
271,4393,128,119
271,4394,128,119
271,4395,128,119
271,4396,128,119
271,4397,128,119
271,4398,128,119
271,4399,128,119
271,4400,128,119
271,4401,128,119
271,4402,128,119
271,4403,128,119
271,4404,128,119
271,4405,128,119
271,4406,128,119
271,4407,128,119
272,4408,128,119
272,4409,128,119
272,4410,128,119
272,4411,128,119
272,4412,128,119
272,4413,128,119
272,4414,128,119
272,4415,128,119
272,4416,128,119
272,4417,128,119
272,4418,128,119
272,4419,128,119
272,4420,128,119
272,4421,128,119
272,4422,128,119
272,4423,128,119
273,4424,128,119
273,4425,128,119
273,4426,128,119
273,4427,128,119
273,4428,128,119
273,4429,128,119
273,4430,128,119
273,4431,128,119
273,4432,128,119
273,4433,128,119
273,4434,128,119
273,4435,128,119
273,4436,128,119
273,4437,128,119
273,4438,128,119
273,4439,128,119
274,4440,128,119
274,4441,128,119
274,4442,128,119
274,4443,128,119
274,4444,128,119
274,4445,128,119
274,4446,128,119
274,4447,128,119
274,4448,128,119
274,4449,128,119
274,4450,128,119
274,4451,128,119
274,4452,128,119
274,4453,128,119
274,4454,128,119
274,4455,128,119
275,4456,128,119
275,4457,128,119
275,4458,128,119
275,4459,128,119
275,4460,128,119
275,4461,128,119
275,4462,128,119
275,4463,128,119
275,4464,128,119
275,4465,128,119
275,4466,128,119
275,4467,128,119
275,4468,128,119
275,4469,128,119
275,4470,128,119
275,4471,128,119
276,4472,128,119
276,4473,128,119
276,4474,128,119
276,4475,128,119
276,4476,128,119
276,4477,128,119
276,4478,128,119
276,4479,128,119
276,4480,128,119
276,4481,128,119
276,4482,128,119
276,4483,128,119
276,4484,128,119
276,4485,128,119
276,4486,128,119
276,4487,128,119
277,4488,128,119
277,4489,128,119
277,4490,128,119
277,4491,128,119
277,4492,128,119
277,4493,128,119
277,4494,128,119
277,4495,128,119
277,4496,128,119
277,4497,128,119
277,4498,128,119
277,4499,128,119
277,4500,128,119
277,4501,128,119
277,4502,128,119
277,4503,128,119
278,4504,128,119
278,4505,128,119
278,4506,128,119
278,4507,128,119
278,4508,128,119
278,4509,128,119
278,4510,128,119
278,4511,128,119
278,4512,128,119
278,4513,128,119
278,4514,128,119
278,4515,128,119
278,4516,128,119
278,4517,128,119
278,4518,128,119
278,4519,128,119
279,4520,128,119
279,4521,128,119
279,4522,128,119
279,4523,128,119
279,4524,128,119
279,4525,128,119
279,4526,128,119
279,4527,128,119
279,4528,128,119
279,4529,128,119
279,4530,128,119
279,4531,128,119
279,4532,128,119
279,4533,128,119
279,4534,128,119
279,4535,128,119
280,4536,128,119
280,4537,128,119
280,4538,128,119
280,4539,128,119
280,4540,128,119
280,4541,128,119
280,4542,128,119
280,4543,128,119
280,4544,128,119
280,4545,128,119
280,4546,128,119
280,4547,128,119
280,4548,128,119
280,4549,128,119
280,4550,128,119
280,4551,128,119
281,4552,128,119
281,4553,128,119
281,4554,128,119
281,4555,128,119
281,4556,128,119
281,4557,128,119
281,4558,128,119
281,4559,128,119
281,4560,128,119
281,4561,128,119
281,4562,128,119
281,4563,128,119
281,4564,128,119
281,4565,128,119
281,4566,128,119
281,4567,128,119
282,4568,128,119
282,4569,128,119
282,4570,128,119
282,4571,128,119
282,4572,128,119
282,4573,128,119
282,4574,128,119
282,4575,128,119
282,4576,128,119
282,4577,128,119
282,4578,128,119
282,4579,128,119
282,4580,128,119
282,4581,128,119
282,4582,128,119
282,4583,128,119
283,4584,128,119
283,4585,128,119
283,4586,128,119
283,4587,128,119
283,4588,128,119
283,4589,128,119
283,4590,128,119
283,4591,128,119
283,4592,128,119
283,4593,128,119
283,4594,128,119
283,4595,128,119
283,4596,128,119
283,4597,128,119
283,4598,128,119
283,4599,128,119
284,4600,128,119
284,4601,128,119
284,4602,128,119
284,4603,128,119
284,4604,128,119
284,4605,128,119
284,4606,128,119
284,4607,128,119
284,4608,128,119
284,4609,128,119
284,4610,128,119
284,4611,128,119
284,4612,128,119
284,4613,128,119
284,4614,128,119
284,4615,128,119
285,4616,128,119
285,4617,128,119
285,4618,128,119
285,4619,128,119
285,4620,128,119
285,4621,128,119
285,4622,128,119
285,4623,128,119
285,4624,128,119
285,4625,128,119
285,4626,128,119
285,4627,128,119
285,4628,128,119
285,4629,128,119
285,4630,128,119
285,4631,128,119
286,4632,128,119
286,4633,128,119
286,4634,128,119
286,4635,128,119
286,4636,128,119
286,4637,128,119
286,4638,128,119
286,4639,128,119
286,4640,128,119
286,4641,128,119
286,4642,128,119
286,4643,128,119
286,4644,128,119
286,4645,128,119
286,4646,128,119
286,4647,128,119
287,4648,128,119
287,4649,128,119
287,4650,128,119
287,4651,128,119
287,4652,128,119
287,4653,128,119
287,4654,128,119
287,4655,128,119
287,4656,128,119
287,4657,128,119
287,4658,128,119
287,4659,128,119
287,4660,128,119
287,4661,128,119
287,4662,128,119
287,4663,128,119
288,4664,128,119
288,4665,128,119
288,4666,128,119
288,4667,128,119
288,4668,128,119
288,4669,128,119
288,4670,128,119
288,4671,128,119
288,4672,128,119
288,4673,128,119
288,4674,128,119
288,4675,128,119
288,4676,128,119
288,4677,128,119
288,4678,128,119
288,4679,128,119
289,4680,128,119
289,4681,128,119
289,4682,128,119
289,4683,128,119
289,4684,128,119
289,4685,128,119
289,4686,128,119
289,4687,128,119
289,4688,128,119
289,4689,128,119
289,4690,128,119
289,4691,128,119
289,4692,128,119
289,4693,128,119
289,4694,128,119
289,4695,128,119
290,4696,128,119
290,4697,128,119
290,4698,128,119
290,4699,128,119
290,4700,128,119
290,4701,128,119
290,4702,128,119
290,4703,128,119
290,4704,128,119
290,4705,128,119
290,4706,128,119
290,4707,128,119
290,4708,128,119
290,4709,128,119
290,4710,128,119
290,4711,128,119
291,4712,128,119
291,4713,128,119
291,4714,128,119
291,4715,128,119
291,4716,128,119
291,4717,128,119
291,4718,128,119
291,4719,128,119
291,4720,128,119
291,4721,128,119
291,4722,128,119
291,4723,128,119
291,4724,128,119
291,4725,128,119
291,4726,128,119
291,4727,128,119
292,4728,128,119
292,4729,128,120
292,4730,128,120
292,4731,128,120
292,4732,128,120
292,4733,128,120
292,4734,128,120
292,4735,128,120
292,4736,128,120
292,4737,128,120
292,4738,128,120
292,4739,128,120
292,4740,128,120
292,4741,128,120
292,4742,128,120
292,4743,128,120
292,4744,128,120
293,4745,128,120
293,4746,128,120
293,4747,128,120
293,4748,128,120
293,4749,128,120
293,4750,128,120
293,4751,128,120
293,4752,128,120
293,4753,128,120
293,4754,128,120
293,4755,128,120
293,4756,128,120
293,4757,128,120
293,4758,128,120
293,4759,128,120
293,4760,128,120
294,4761,128,120
294,4762,128,120
294,4763,128,120
294,4764,128,120
294,4765,128,120
294,4766,128,120
294,4767,128,120
294,4768,128,120
294,4769,128,120
294,4770,128,120
294,4771,128,120
294,4772,128,120
294,4773,128,120
294,4774,128,120
294,4775,128,120
294,4776,128,120
295,4777,128,120
295,4778,128,120
295,4779,128,120
295,4780,128,120
295,4781,128,120
295,4782,128,120
295,4783,128,120
295,4784,128,120
295,4785,128,120
295,4786,128,120
295,4787,128,120
295,4788,128,120
295,4789,128,120
295,4790,128,120
295,4791,128,120
295,4792,128,120
296,4793,128,120
296,4794,128,120
296,4795,128,120
296,4796,128,120
296,4797,128,120
296,4798,128,120
296,4799,128,120
296,4800,128,120
296,4801,128,120
296,4802,128,120
296,4803,128,120
296,4804,128,120
296,4805,128,120
296,4806,128,120
296,4807,128,120
296,4808,128,120
296,4809,128,120
297,4810,128,120
297,4811,128,120
297,4812,128,120
297,4813,128,120
297,4814,128,120
297,4815,128,120
297,4816,128,120
297,4817,128,120
297,4818,128,120
297,4819,128,120
297,4820,128,120
297,4821,128,120
297,4822,128,120
297,4823,128,120
297,4824,128,120
297,4825,128,120
298,4826,128,120
298,4827,128,120
298,4828,128,120
298,4829,128,120
298,4830,128,120
298,4831,128,120
298,4832,128,120
298,4833,128,120
298,4834,128,120
298,4835,128,120
298,4836,128,120
298,4837,128,120
298,4838,128,120
298,4839,128,120
298,4840,128,120
298,4841,128,120
299,4842,128,120
299,4843,128,120
299,4844,128,120
299,4845,128,120
299,4846,128,120
299,4847,128,120
299,4848,128,120
299,4849,128,120
299,4850,128,120
299,4851,128,120
299,4852,128,120
299,4853,128,120
299,4854,128,120
299,4855,128,120
299,4856,128,120
299,4857,128,120
300,4858,128,120
300,4859,128,120
300,4860,128,120
300,4861,128,120
300,4862,128,120
300,4863,128,120
300,4864,128,120
300,4865,128,120
300,4866,128,120
300,4867,128,120
300,4868,128,120
300,4869,128,120
300,4870,128,120
300,4871,128,120
300,4872,128,120
300,4873,128,120
300,4874,128,120
301,4875,128,120
301,4876,128,120
301,4877,128,120
301,4878,128,120
301,4879,128,120
301,4880,128,120
301,4881,128,120
301,4882,128,120
301,4883,128,120
301,4884,128,120
301,4885,128,120
301,4886,128,120
301,4887,128,120
301,4888,128,120
301,4889,128,120
301,4890,128,120
302,4891,128,120
302,4892,128,120
302,4893,128,120
302,4894,128,120
302,4895,128,120
302,4896,128,120
302,4897,128,120
302,4898,128,120
302,4899,128,120
302,4900,128,120
302,4901,128,120
302,4902,128,120
302,4903,128,120
302,4904,128,120
302,4905,128,120
302,4906,128,120
303,4907,128,120
303,4908,128,120
303,4909,128,120
303,4910,128,120
303,4911,128,120
303,4912,128,120
303,4913,128,120
303,4914,128,120
303,4915,128,120
303,4916,128,120
303,4917,128,120
303,4918,128,120
303,4919,128,120
303,4920,128,120
303,4921,128,120
303,4922,128,120
304,4923,128,120
304,4924,128,120
304,4925,128,120
304,4926,129,120
304,4927,130,120
304,4928,130,121
304,4929,131,121
304,4930,132,121
304,4931,133,121
304,4932,134,121
304,4933,135,121
304,4934,136,121
304,4935,137,121
304,4936,138,121
304,4937,139,121
304,4938,140,121
304,4939,140,121
305,4940,140,121
305,4941,140,121
305,4942,140,121
305,4943,140,121
305,4944,140,121
305,4945,140,121
305,4946,140,121
305,4947,140,121
305,4948,140,121
305,4949,140,121
305,4950,140,121
305,4951,140,121
305,4952,140,121
305,4953,140,121
305,4954,140,121
305,4955,140,121
306,4956,140,121
306,4957,140,121
306,4958,140,121
306,4959,140,121
306,4960,140,121
306,4961,140,121
306,4962,140,121
306,4963,140,121
306,4964,140,121
306,4965,140,121
306,4966,140,121
306,4967,140,121
306,4968,140,121
306,4969,140,121
306,4970,140,121
306,4971,140,121
307,4972,140,121
307,4973,140,121
307,4974,140,121
307,4975,140,121
307,4976,140,121
307,4977,140,121
307,4978,140,121
307,4979,140,121
307,4980,140,121
307,4981,140,121
307,4982,140,121
307,4983,140,121
307,4984,140,121
307,4985,140,121
307,4986,140,121
307,4987,140,121
308,4988,140,121
308,4989,140,121
308,4990,140,121
308,4991,140,121
308,4992,140,121
308,4993,140,121
308,4994,140,121
308,4995,140,121
308,4996,140,121
308,4997,140,121
308,4998,140,121
308,4999,140,121
308,5000,140,121
308,5001,140,121
308,5002,140,121
308,5003,140,121
308,5004,140,121
309,5005,140,121
309,5006,140,121
309,5007,140,121
309,5008,140,121
309,5009,140,121
309,5010,140,121
309,5011,140,121
309,5012,140,121
309,5013,140,121
309,5014,140,121
309,5015,140,121
309,5016,140,121
309,5017,140,121
309,5018,140,121
309,5019,140,121
309,5020,140,121
310,5021,140,121
310,5022,140,121
310,5023,140,121
310,5024,140,121
310,5025,140,121
310,5026,140,121
310,5027,140,121
310,5028,140,121
310,5029,140,121
310,5030,140,121
310,5031,140,121
310,5032,140,121
310,5033,140,121
310,5034,140,121
310,5035,140,121
310,5036,140,121
311,5037,140,121
311,5038,140,121
311,5039,140,121
311,5040,140,121
311,5041,140,121
311,5042,140,121
311,5043,140,121
311,5044,140,121
311,5045,140,121
311,5046,140,121
311,5047,140,121
311,5048,140,121
311,5049,140,121
311,5050,140,121
311,5051,140,121
311,5052,140,121
312,5053,140,121
312,5054,140,121
312,5055,140,121
312,5056,140,121
312,5057,140,121
312,5058,140,121
312,5059,140,121
312,5060,140,121
312,5061,140,121
312,5062,140,121
312,5063,140,121
312,5064,140,121
312,5065,140,121
312,5066,140,121
312,5067,140,121
312,5068,140,121
312,5069,140,121
313,5070,140,121
313,5071,140,121
313,5072,140,121
313,5073,140,121
313,5074,140,121
313,5075,140,121
313,5076,140,121
313,5077,140,121
313,5078,140,121
313,5079,140,121
313,5080,140,121
313,5081,140,121
313,5082,140,121
313,5083,140,121
313,5084,140,121
313,5085,140,121
314,5086,140,121
314,5087,140,121
314,5088,140,121
314,5089,140,121
314,5090,140,121
314,5091,140,121
314,5092,140,121
314,5093,140,121
314,5094,140,121
314,5095,140,121
314,5096,140,121
314,5097,140,121
314,5098,140,121
314,5099,140,121
314,5100,140,121
314,5101,140,121
315,5102,140,121
315,5103,140,121
315,5104,140,121
315,5105,140,121
315,5106,140,121
315,5107,140,121
315,5108,140,121
315,5109,140,121
315,5110,140,121
315,5111,140,121
315,5112,140,121
315,5113,140,121
315,5114,140,121
315,5115,140,121
315,5116,140,121
315,5117,140,121
316,5118,140,121
316,5119,140,121
316,5120,140,121
316,5121,140,121
316,5122,140,121
316,5123,140,121
316,5124,140,121
316,5125,140,121
316,5126,140,121
316,5127,140,121
316,5128,140,121
316,5129,140,121
316,5130,140,121
316,5131,140,121
316,5132,140,121
316,5133,140,121
317,5134,140,121
317,5135,140,121
317,5136,140,121
317,5137,140,121
317,5138,140,121
317,5139,140,121
317,5140,140,121
317,5141,140,121
317,5142,140,121
317,5143,140,121
317,5144,140,121
317,5145,140,121
317,5146,140,121
317,5147,140,121
317,5148,140,121
317,5149,140,121
318,5150,140,121
318,5151,140,121
318,5152,140,121
318,5153,140,121
318,5154,140,121
318,5155,140,121
318,5156,140,121
318,5157,140,121
318,5158,140,121
318,5159,140,121
318,5160,140,121
318,5161,140,121
318,5162,140,121
318,5163,140,121
318,5164,140,121
318,5165,140,121
319,5166,140,121
319,5167,140,121
319,5168,140,121
319,5169,140,121
319,5170,140,121
319,5171,140,121
319,5172,140,121
319,5173,140,121
319,5174,140,121
319,5175,140,121
319,5176,140,121
319,5177,140,121
319,5178,140,121
319,5179,140,121
319,5180,140,121
319,5181,140,121
320,5182,140,121
320,5183,140,121
320,5184,140,121
320,5185,140,121
320,5186,140,121
320,5187,140,121
320,5188,140,121
320,5189,140,121
320,5190,140,121
320,5191,140,121
320,5192,140,121
320,5193,140,121
320,5194,140,121
320,5195,140,121
320,5196,140,121
320,5197,140,121
320,5198,140,121
321,5199,140,121
321,5200,140,121
321,5201,140,121
321,5202,140,121
321,5203,140,121
321,5204,140,121
321,5205,140,121
321,5206,140,121
321,5207,140,121
321,5208,140,121
321,5209,140,121
321,5210,140,121
321,5211,140,121
321,5212,140,121
321,5213,140,121
321,5214,140,121
322,5215,140,121
322,5216,140,121
322,5217,140,121
322,5218,140,121
322,5219,140,121
322,5220,140,121
322,5221,140,121
322,5222,140,121
322,5223,140,121
322,5224,140,121
322,5225,140,121
322,5226,140,121
322,5227,140,121
322,5228,140,121
322,5229,140,121
322,5230,140,121
323,5231,140,121
323,5232,140,121
323,5233,140,121
323,5234,140,121
323,5235,140,121
323,5236,140,121
323,5237,140,121
323,5238,140,121
323,5239,140,121
323,5240,140,121
323,5241,140,121
323,5242,140,121
323,5243,140,121
323,5244,140,121
323,5245,140,121
323,5246,140,121
324,5247,140,121
324,5248,140,121
324,5249,140,121
324,5250,140,121
324,5251,140,121
324,5252,140,121
324,5253,140,121
324,5254,140,121
324,5255,140,121
324,5256,140,121
324,5257,140,121
324,5258,140,121
324,5259,140,121
324,5260,140,121
324,5261,140,121
324,5262,140,121
324,5263,140,121
325,5264,140,121
325,5265,140,121
325,5266,140,121
325,5267,140,121
325,5268,140,121
325,5269,140,121
325,5270,140,121
325,5271,140,121
325,5272,140,121
325,5273,140,121
325,5274,140,121
325,5275,140,121
325,5276,140,121
325,5277,140,121
325,5278,140,121
325,5279,140,121
325,5280,140,121
326,5281,140,121
326,5282,140,121
326,5283,140,121
326,5284,140,121
326,5285,140,121
326,5286,140,121
326,5287,140,121
326,5288,140,121
326,5289,140,121
326,5290,140,121
326,5291,140,121
326,5292,140,121
326,5293,140,121
326,5294,140,121
326,5295,140,121
326,5296,140,121
327,5297,140,121
327,5298,140,121
327,5299,140,121
327,5300,140,121
327,5301,140,121
327,5302,140,121
327,5303,140,121
327,5304,140,121
327,5305,140,121
327,5306,140,121
327,5307,140,121
327,5308,140,121
327,5309,140,121
327,5310,140,121
327,5311,140,121
327,5312,140,121
328,5313,140,121
328,5314,140,121
328,5315,140,121
328,5316,140,121
328,5317,140,121
328,5318,140,121
328,5319,140,121
328,5320,140,121
328,5321,140,121
328,5322,140,121
328,5323,140,121
328,5324,140,121
328,5325,140,121
328,5326,140,121
328,5327,140,121
328,5328,140,121
329,5329,140,121
329,5330,140,121
329,5331,140,121
329,5332,140,121
329,5333,140,121
329,5334,140,121
329,5335,140,121
329,5336,140,121
329,5337,140,121
329,5338,140,121
329,5339,140,121
329,5340,140,121
329,5341,140,121
329,5342,140,121
329,5343,140,121
329,5344,140,121
330,5345,140,121
330,5346,140,121
330,5347,140,121
330,5348,140,121
330,5349,140,121
330,5350,140,121
330,5351,140,121
330,5352,140,121
330,5353,140,121
330,5354,140,121
330,5355,140,121
330,5356,140,121
330,5357,140,121
330,5358,140,121
330,5359,140,121
330,5360,140,121
331,5361,140,121
331,5362,140,121
331,5363,140,121
331,5364,140,121
331,5365,140,121
331,5366,140,121
331,5367,140,121
331,5368,140,121
331,5369,140,121
331,5370,140,121
331,5371,140,121
331,5372,140,121
331,5373,140,121
331,5374,140,121
331,5375,140,121
331,5376,140,121
332,5377,140,121
332,5378,140,121
332,5379,140,121
332,5380,140,121
332,5381,140,121
332,5382,140,121
332,5383,140,121
332,5384,140,121
332,5385,140,121
332,5386,140,121
332,5387,140,121
332,5388,140,121
332,5389,140,121
332,5390,140,121
332,5391,140,121
332,5392,140,121
333,5393,140,121
333,5394,140,121
333,5395,140,121
333,5396,140,121
333,5397,140,121
333,5398,140,121
333,5399,140,121
333,5400,140,121
333,5401,140,121
333,5402,140,121
333,5403,140,121
333,5404,140,121
333,5405,140,121
333,5406,140,121
333,5407,140,121
333,5408,140,121
333,5409,140,121
334,5410,140,121
334,5411,140,121
334,5412,140,121
334,5413,140,121
334,5414,140,121
334,5415,140,121
334,5416,140,121
334,5417,140,121
334,5418,140,121
334,5419,140,121
334,5420,140,121
334,5421,140,121
334,5422,140,121
334,5423,140,121
334,5424,140,121
334,5425,140,121
335,5426,140,121
335,5427,140,121
335,5428,140,121
335,5429,140,121
335,5430,140,121
335,5431,140,121
335,5432,140,121
335,5433,140,121
335,5434,140,121
335,5435,140,121
335,5436,140,121
335,5437,140,121
335,5438,140,121
335,5439,140,121
335,5440,140,121
335,5441,140,121
336,5442,140,121
336,5443,140,121
336,5444,140,121
336,5445,140,121
336,5446,140,121
336,5447,140,121
336,5448,140,121
336,5449,140,121
336,5450,140,121
336,5451,140,121
336,5452,140,121
336,5453,140,121
336,5454,140,121
336,5455,140,121
336,5456,140,121
336,5457,140,121
337,5458,140,121
337,5459,140,121
337,5460,140,121
337,5461,140,121
337,5462,140,121
337,5463,140,121
337,5464,140,121
337,5465,140,121
337,5466,140,121
337,5467,140,121
337,5468,140,121
337,5469,140,121
337,5470,140,121
337,5471,140,121
337,5472,140,121
337,5473,140,121
337,5474,140,121
338,5475,140,121
338,5476,140,121
338,5477,140,121
338,5478,140,121
338,5479,140,121
338,5480,140,121
338,5481,140,121
338,5482,140,121
338,5483,140,121
338,5484,140,121
338,5485,140,121
338,5486,140,121
338,5487,140,121
338,5488,140,121
338,5489,140,121
338,5490,140,121
339,5491,140,121
339,5492,140,121
339,5493,140,121
339,5494,140,121
339,5495,140,121
339,5496,140,121
339,5497,140,121
339,5498,140,121
339,5499,140,121
339,5500,140,121
339,5501,140,121
339,5502,140,121
339,5503,140,121
339,5504,140,121
339,5505,140,121
339,5506,140,121
340,5507,140,121
340,5508,140,121
340,5509,140,121
340,5510,140,121
340,5511,140,121
340,5512,140,121
340,5513,140,121
340,5514,140,121
340,5515,140,121
340,5516,140,121
340,5517,140,121
340,5518,140,121
340,5519,140,121
340,5520,140,121
340,5521,140,121
340,5522,140,121
341,5523,140,121
341,5524,140,121
341,5525,140,121
341,5526,140,121
341,5527,140,121
341,5528,140,121
341,5529,140,121
341,5530,140,121
341,5531,140,121
341,5532,140,121
341,5533,140,121
341,5534,140,121
341,5535,140,121
341,5536,140,121
341,5537,140,121
341,5538,140,121
342,5539,140,121
342,5540,140,121
342,5541,140,121
342,5542,140,121
342,5543,140,121
342,5544,140,121
342,5545,140,121
342,5546,140,121
342,5547,140,121
342,5548,140,121
342,5549,140,121
342,5550,140,121
342,5551,140,121
342,5552,140,121
342,5553,140,121
342,5554,140,121
343,5555,140,121
343,5556,140,121
343,5557,140,121
343,5558,140,121
343,5559,140,121
343,5560,140,121
343,5561,140,121
343,5562,140,121
343,5563,140,121
343,5564,140,121
343,5565,140,121
343,5566,140,121
343,5567,140,121
343,5568,140,121
343,5569,140,121
343,5570,140,121
344,5571,140,121
344,5572,140,121
344,5573,140,121
344,5574,140,121
344,5575,140,121
344,5576,140,121
344,5577,140,121
344,5578,140,121
344,5579,140,121
344,5580,140,121
344,5581,140,121
344,5582,140,121
344,5583,140,121
344,5584,140,121
344,5585,140,121
344,5586,140,121
345,5587,140,121
345,5588,140,121
345,5589,140,121
345,5590,140,121
345,5591,140,121
345,5592,140,121
345,5593,140,121
345,5594,140,121
345,5595,140,121
345,5596,140,121
345,5597,140,121
345,5598,140,121
345,5599,140,121
345,5600,140,121
345,5601,140,121
345,5602,140,121
345,5603,140,121
346,5604,140,121
346,5605,140,121
346,5606,140,121
346,5607,140,121
346,5608,140,121
346,5609,140,121
346,5610,140,121
346,5611,140,121
346,5612,140,121
346,5613,140,121
346,5614,140,121
346,5615,140,121
346,5616,140,121
346,5617,140,121
346,5618,140,121
346,5619,140,121
347,5620,140,121
347,5621,140,121
347,5622,140,121
347,5623,140,121
347,5624,140,121
347,5625,140,121
347,5626,140,121
347,5627,140,121
347,5628,140,121
347,5629,140,121
347,5630,140,121
347,5631,140,121
347,5632,140,121
347,5633,140,121
347,5634,140,121
347,5635,140,121
348,5636,140,121
348,5637,140,121
348,5638,140,121
348,5639,140,121
348,5640,140,121
348,5641,140,121
348,5642,140,121
348,5643,140,121
348,5644,140,121
348,5645,140,121
348,5646,140,121
348,5647,140,121
348,5648,140,121
348,5649,140,121
348,5650,140,121
348,5651,140,121
349,5652,140,121
349,5653,140,121
349,5654,140,121
349,5655,140,121
349,5656,140,121
349,5657,140,121
349,5658,140,121
349,5659,140,121
349,5660,140,121
349,5661,140,121
349,5662,140,121
349,5663,140,121
349,5664,140,121
349,5665,140,121
349,5666,140,121
349,5667,140,121
349,5668,140,121
350,5669,140,121
350,5670,140,121
350,5671,140,121
350,5672,140,121
350,5673,140,121
350,5674,140,121
350,5675,140,121
350,5676,140,121
350,5677,140,121
350,5678,140,121
350,5679,140,121
350,5680,140,121
350,5681,140,121
350,5682,140,121
350,5683,140,121
350,5684,140,121
351,5685,140,121
351,5686,140,121
351,5687,140,121
351,5688,140,121
351,5689,140,121
351,5690,140,121
351,5691,140,121
351,5692,140,121
351,5693,140,121
351,5694,140,121
351,5695,140,121
351,5696,140,121
351,5697,140,121
351,5698,140,121
351,5699,140,121
351,5700,140,121
352,5701,140,121
352,5702,140,121
352,5703,140,121
352,5704,140,121
352,5705,140,121
352,5706,140,121
352,5707,140,121
352,5708,140,121
352,5709,140,121
352,5710,140,121
352,5711,140,121
352,5712,140,121
352,5713,140,121
352,5714,140,121
352,5715,140,121
352,5716,140,121
353,5717,140,121
353,5718,140,121
353,5719,140,121
353,5720,140,121
353,5721,140,121
353,5722,140,121
353,5723,140,121
353,5724,140,121
353,5725,140,121
353,5726,140,121
353,5727,140,121
353,5728,140,121
353,5729,140,121
353,5730,140,121
353,5731,140,121
353,5732,140,121
353,5733,140,121
354,5734,140,121
354,5735,140,121
354,5736,140,121
354,5737,140,121
354,5738,140,121
354,5739,140,121
354,5740,140,121
354,5741,140,121
354,5742,140,121
354,5743,140,121
354,5744,140,121
354,5745,140,121
354,5746,140,121
354,5747,140,121
354,5748,140,121
354,5749,140,121
355,5750,140,121
355,5751,140,121
355,5752,140,121
355,5753,140,121
355,5754,140,121
355,5755,140,121
355,5756,140,121
355,5757,140,121
355,5758,140,121
355,5759,140,121
355,5760,140,121
355,5761,140,121
355,5762,140,121
355,5763,140,121
355,5764,140,121
355,5765,140,121
356,5766,140,121
356,5767,140,121
356,5768,140,121
356,5769,140,121
356,5770,140,121
356,5771,140,121
356,5772,140,121
356,5773,140,121
356,5774,140,121
356,5775,140,121
356,5776,140,121
356,5777,140,121
356,5778,140,121
356,5779,140,121
356,5780,140,121
356,5781,140,121
357,5782,140,121
357,5783,140,121
357,5784,140,121
357,5785,140,121
357,5786,140,121
357,5787,140,121
357,5788,140,121
357,5789,140,121
357,5790,140,121
357,5791,140,121
357,5792,140,121
357,5793,140,121
357,5794,140,121
357,5795,140,121
357,5796,140,121
357,5797,140,121
358,5798,140,121
358,5799,140,121
358,5800,140,121
358,5801,140,121
358,5802,140,121
358,5803,140,121
358,5804,140,121
358,5805,140,121
358,5806,140,121
358,5807,140,121
358,5808,140,121
358,5809,140,121
358,5810,140,121
358,5811,140,121
358,5812,140,121
358,5813,140,121
358,5814,140,121
359,5815,140,121
359,5816,140,121
359,5817,140,121
359,5818,140,121
359,5819,140,121
359,5820,140,121
359,5821,140,121
359,5822,140,121
359,5823,140,121
359,5824,140,121
359,5825,140,121
359,5826,140,121
359,5827,140,121
359,5828,140,121
359,5829,140,121
359,5830,140,121
360,5831,140,121
360,5832,140,121
360,5833,140,121
360,5834,140,121
360,5835,140,121
360,5836,140,121
360,5837,140,121
360,5838,140,121
360,5839,140,121
360,5840,140,121
360,5841,140,121
360,5842,140,121
360,5843,140,121
360,5844,140,121
360,5845,140,121
360,5846,140,121
361,5847,140,121
361,5848,140,121
361,5849,140,121
361,5850,140,121
361,5851,140,121
361,5852,140,121
361,5853,140,121
361,5854,140,121
361,5855,140,121
361,5856,140,121
361,5857,140,121
361,5858,140,121
361,5859,140,121
361,5860,140,121
361,5861,140,121
361,5862,140,121
362,5863,140,121
362,5864,140,121
362,5865,140,121
362,5866,140,121
362,5867,140,121
362,5868,140,121
362,5869,140,121
362,5870,140,121
362,5871,140,121
362,5872,140,121
362,5873,140,121
362,5874,140,121
362,5875,140,121
362,5876,140,121
362,5877,140,121
362,5878,140,121
362,5879,140,121
363,5880,140,121
363,5881,140,121
363,5882,140,121
363,5883,140,121
363,5884,140,121
363,5885,140,121
363,5886,140,121
363,5887,140,121
363,5888,140,121
363,5889,140,121
363,5890,140,121
363,5891,140,121
363,5892,140,121
363,5893,140,121
363,5894,140,121
363,5895,140,121
364,5896,140,121
364,5897,140,121
364,5898,140,121
364,5899,140,121
364,5900,140,121
364,5901,140,121
364,5902,140,121
364,5903,140,121
364,5904,140,121
364,5905,140,121
364,5906,140,121
364,5907,140,121
364,5908,140,121
364,5909,140,121
364,5910,140,121
364,5911,140,121
365,5912,140,121
365,5913,140,121
365,5914,140,121
365,5915,140,121
365,5916,140,121
365,5917,140,121
365,5918,140,121
365,5919,140,121
365,5920,140,121
365,5921,140,121
365,5922,140,121
365,5923,140,121
365,5924,140,121
365,5925,140,121
365,5926,140,121
365,5927,140,121
366,5928,140,121
366,5929,140,121
366,5930,140,121
366,5931,140,121
366,5932,140,121
366,5933,140,121
366,5934,140,121
366,5935,140,121
366,5936,140,121
366,5937,140,121
366,5938,140,121
366,5939,140,121
366,5940,140,121
366,5941,140,121
366,5942,140,121
366,5943,140,121
366,5944,140,121
367,5945,140,121
367,5946,140,121
367,5947,140,121
367,5948,140,121
367,5949,140,121
367,5950,140,121
367,5951,140,121
367,5952,140,121
367,5953,140,121
367,5954,140,121
367,5955,140,121
367,5956,140,121
367,5957,140,121
367,5958,140,121
367,5959,140,121
367,5960,140,121
368,5961,140,121
368,5962,140,121
368,5963,140,121
368,5964,140,121
368,5965,140,121
368,5966,140,121
368,5967,140,121
368,5968,140,121
368,5969,140,121
368,5970,140,121
368,5971,140,121
368,5972,140,121
368,5973,140,121
368,5974,140,121
368,5975,140,121
368,5976,140,121
369,5977,140,121
369,5978,140,121
369,5979,140,121
369,5980,140,121
369,5981,140,121
369,5982,140,121
369,5983,140,121
369,5984,140,121
369,5985,140,121
369,5986,140,121
369,5987,140,121
369,5988,140,121
369,5989,140,121
369,5990,140,121
369,5991,140,121
369,5992,140,121
370,5993,140,121
370,5994,140,121
370,5995,140,121
370,5996,140,121
370,5997,140,121
370,5998,140,121
370,5999,140,121
370,6000,140,121
370,6001,140,121
370,6002,140,121
370,6003,140,121
370,6004,140,121
370,6005,140,121
370,6006,140,121
370,6007,140,121
370,6008,140,121
370,6009,140,121
371,6010,140,121
371,6011,140,121
371,6012,140,121
371,6013,140,121
371,6014,140,121
371,6015,140,121
371,6016,140,121
371,6017,140,121
371,6018,140,121
371,6019,140,121
371,6020,140,121
371,6021,140,121
371,6022,140,121
371,6023,140,121
371,6024,140,121
371,6025,140,121
372,6026,140,121
372,6027,140,121
372,6028,140,121
372,6029,140,121
372,6030,140,121
372,6031,140,121
372,6032,140,121
372,6033,140,121
372,6034,140,121
372,6035,140,121
372,6036,140,121
372,6037,140,121
372,6038,140,121
372,6039,140,121
372,6040,140,121
372,6041,140,121
373,6042,140,121
373,6043,140,121
373,6044,140,121
373,6045,140,121
373,6046,140,121
373,6047,140,121
373,6048,140,121
373,6049,140,121
373,6050,140,121
373,6051,140,121
373,6052,140,121
373,6053,140,121
373,6054,140,121
373,6055,140,121
373,6056,140,121
373,6057,140,121
374,6058,140,121
374,6059,140,121
374,6060,140,121
374,6061,140,121
374,6062,140,121
374,6063,140,121
374,6064,140,121
374,6065,140,121
374,6066,140,121
374,6067,140,121
374,6068,140,121
374,6069,140,121
374,6070,140,121
374,6071,140,121
374,6072,140,121
374,6073,140,121
374,6074,140,121
375,6075,140,121
375,6076,140,121
375,6077,140,121
375,6078,140,121
375,6079,140,121
375,6080,140,121
375,6081,140,121
375,6082,140,121
375,6083,140,121
375,6084,140,121
375,6085,140,121
375,6086,140,121
375,6087,140,121
375,6088,140,121
375,6089,140,121
375,6090,140,121
376,6091,140,121
376,6092,140,121
376,6093,140,121
376,6094,140,121
376,6095,140,121
376,6096,140,121
376,6097,140,121
376,6098,140,121
376,6099,140,121
376,6100,140,121
376,6101,140,121
376,6102,140,121
376,6103,140,121
376,6104,140,121
376,6105,140,121
376,6106,140,121
377,6107,140,121
377,6108,140,121
377,6109,140,121
377,6110,140,121
377,6111,140,121
377,6112,140,121
377,6113,140,121
377,6114,140,121
377,6115,140,121
377,6116,140,121
377,6117,140,121
377,6118,140,121
377,6119,140,121
377,6120,140,121
377,6121,140,121
377,6122,140,121
378,6123,140,121
378,6124,140,121
378,6125,140,121
378,6126,140,121
378,6127,140,121
378,6128,140,121
378,6129,140,121
378,6130,140,121
378,6131,140,121
378,6132,140,121
378,6133,140,121
378,6134,140,121
378,6135,140,121
378,6136,140,121
378,6137,140,121
378,6138,140,121
378,6139,140,121
379,6140,140,121
379,6141,140,121
379,6142,140,121
379,6143,140,121
379,6144,140,121
379,6145,140,121
379,6146,140,121
379,6147,140,121
379,6148,140,121
379,6149,140,121
379,6150,140,121
379,6151,140,121
379,6152,140,121
379,6153,140,121
379,6154,140,121
379,6155,140,121
380,6156,140,121
380,6157,140,121
380,6158,140,121
380,6159,140,121
380,6160,140,121
380,6161,140,121
380,6162,140,121
380,6163,140,121
380,6164,140,121
380,6165,140,121
380,6166,140,121
380,6167,140,121
380,6168,140,121
380,6169,140,121
380,6170,140,121
380,6171,140,121
381,6172,140,121
381,6173,140,121
381,6174,140,121
381,6175,140,121
381,6176,140,121
381,6177,140,121
381,6178,140,121
381,6179,140,121
381,6180,140,121
381,6181,140,121
381,6182,140,121
381,6183,140,121
381,6184,140,121
381,6185,140,121
381,6186,140,121
381,6187,140,121
382,6188,140,121
382,6189,140,121
382,6190,140,121
382,6191,140,121
382,6192,140,121
382,6193,140,121
382,6194,140,121
382,6195,140,121
382,6196,140,121
382,6197,140,121
382,6198,140,121
382,6199,140,121
382,6200,140,121
382,6201,140,121
382,6202,140,121
382,6203,140,121
382,6204,140,121
383,6205,140,121
383,6206,140,121
383,6207,140,121
383,6208,140,121
383,6209,140,121
383,6210,140,121
383,6211,140,121
383,6212,140,121
383,6213,140,121
383,6214,140,121
383,6215,140,121
383,6216,140,121
383,6217,140,121
383,6218,140,121
383,6219,140,121
383,6220,140,121
384,6221,140,121
384,6222,140,121
384,6223,140,121
384,6224,140,121
384,6225,140,121
384,6226,140,121
384,6227,140,121
384,6228,140,121
384,6229,140,121
384,6230,140,121
384,6231,140,121
384,6232,140,121
384,6233,140,121
384,6234,140,121
384,6235,140,121
384,6236,140,121
385,6237,140,121
385,6238,140,121
385,6239,140,121
385,6240,140,121
385,6241,140,121
385,6242,140,121
385,6243,140,121
385,6244,140,121
385,6245,140,121
385,6246,140,121
385,6247,140,121
385,6248,140,121
385,6249,140,121
385,6250,140,121
385,6251,140,121
385,6252,140,121
386,6253,140,121
386,6254,140,121
386,6255,140,121
386,6256,140,121
386,6257,140,121
386,6258,140,121
386,6259,140,121
386,6260,140,121
386,6261,140,121
386,6262,140,121
386,6263,140,121
386,6264,140,121
386,6265,140,121
386,6266,140,121
386,6267,140,121
386,6268,140,121
386,6269,140,121
387,6270,140,121
387,6271,140,121
387,6272,140,121
387,6273,140,121
387,6274,140,121
387,6275,140,121
387,6276,140,121
387,6277,140,121
387,6278,140,121
387,6279,140,121
387,6280,140,121
387,6281,140,121
387,6282,140,121
387,6283,140,121
387,6284,140,121
387,6285,140,121
387,6286,140,121
388,6287,140,121
388,6288,140,121
388,6289,140,121
388,6290,140,121
388,6291,140,121
388,6292,141,121
388,6293,142,121
388,6294,143,121
388,6295,144,121
388,6296,145,121
388,6297,146,121
388,6298,146,122
388,6299,146,123
388,6300,146,124
388,6301,146,125
388,6302,146,126
389,6303,146,126
389,6304,146,126
389,6305,146,126
389,6306,146,126
389,6307,146,126
389,6308,146,126
389,6309,146,126
389,6310,146,126
389,6311,146,126
389,6312,146,126
389,6313,146,126
389,6314,146,126
389,6315,146,126
389,6316,146,126
389,6317,146,126
389,6318,146,126
390,6319,146,126
390,6320,146,126
390,6321,146,126
390,6322,146,126
390,6323,146,126
390,6324,146,126
390,6325,146,126
390,6326,146,126
390,6327,146,126
390,6328,146,126
390,6329,146,126
390,6330,146,126
390,6331,146,126
390,6332,146,126
390,6333,146,126
390,6334,146,126
390,6335,146,126
391,6336,146,126
391,6337,146,126
391,6338,146,126
391,6339,146,126
391,6340,146,126
391,6341,146,126
391,6342,146,126
391,6343,146,126
391,6344,146,126
391,6345,146,126
391,6346,146,126
391,6347,146,126
391,6348,146,126
391,6349,146,126
391,6350,146,126
391,6351,146,126
392,6352,146,126
392,6353,146,126
392,6354,146,126
392,6355,146,126
392,6356,146,126
392,6357,146,126
392,6358,146,126
392,6359,146,126
392,6360,146,126
392,6361,146,126
392,6362,146,126
392,6363,146,126
392,6364,146,126
392,6365,146,126
392,6366,146,126
392,6367,146,126
393,6368,146,126
393,6369,146,126
393,6370,146,126
393,6371,146,126
393,6372,146,126
393,6373,146,126
393,6374,146,126
393,6375,146,126
393,6376,146,126
393,6377,146,126
393,6378,146,126
393,6379,146,126
393,6380,146,126
393,6381,146,126
393,6382,146,126
393,6383,146,126
394,6384,146,126
394,6385,146,126
394,6386,146,126
394,6387,146,126
394,6388,146,126
394,6389,146,126
394,6390,146,126
394,6391,146,126
394,6392,146,126
394,6393,146,126
394,6394,146,126
394,6395,146,126
394,6396,146,126
394,6397,146,126
394,6398,146,126
394,6399,146,126
395,6400,146,126
395,6401,146,126
395,6402,146,126
395,6403,146,126
395,6404,146,126
395,6405,146,126
395,6406,146,126
395,6407,146,126
395,6408,146,126
395,6409,146,126
395,6410,146,126
395,6411,146,126
395,6412,146,126
395,6413,146,126
395,6414,146,126
395,6415,146,126
395,6416,146,126
396,6417,146,126
396,6418,146,126
396,6419,146,126
396,6420,146,126
396,6421,146,126
396,6422,146,126
396,6423,146,126
396,6424,146,126
396,6425,146,126
396,6426,146,126
396,6427,146,126
396,6428,146,126
396,6429,146,126
396,6430,146,126
396,6431,146,126
396,6432,146,126
397,6433,146,126
397,6434,146,126
397,6435,146,126
397,6436,146,126
397,6437,146,126
397,6438,146,126
397,6439,146,126
397,6440,146,126
397,6441,146,126
397,6442,146,126
397,6443,146,126
397,6444,146,126
397,6445,146,126
397,6446,146,126
397,6447,146,126
397,6448,146,126
398,6449,146,126
398,6450,146,126
398,6451,146,126
398,6452,146,126
398,6453,146,126
398,6454,146,126
398,6455,146,126
398,6456,146,126
398,6457,146,126
398,6458,146,126
398,6459,146,126
398,6460,146,126
398,6461,146,126
398,6462,146,126
398,6463,146,126
398,6464,146,126
399,6465,146,126
399,6466,146,126
399,6467,146,126
399,6468,146,126
399,6469,146,126
399,6470,146,126
399,6471,146,126
399,6472,146,126
399,6473,146,126
399,6474,146,126
399,6475,146,126
399,6476,146,126
399,6477,146,126
399,6478,146,126
399,6479,146,126
399,6480,146,126
400,6481,146,126
400,6482,146,126
400,6483,146,126
400,6484,146,126
400,6485,146,126
400,6486,146,126
400,6487,146,126
400,6488,146,126
400,6489,146,126
400,6490,146,126
400,6491,146,126
400,6492,146,126
400,6493,146,126
400,6494,146,126
400,6495,146,126
400,6496,146,126
401,6497,146,126
401,6498,146,126
401,6499,146,126
401,6500,146,126
401,6501,146,126
401,6502,146,126
401,6503,146,126
401,6504,146,126
401,6505,146,126
401,6506,146,126
401,6507,146,126
401,6508,146,126
401,6509,146,126
401,6510,146,126
401,6511,146,126
401,6512,146,126
402,6513,146,126
402,6514,146,126
402,6515,146,126
402,6516,146,126
402,6517,146,126
402,6518,146,126
402,6519,146,126
402,6520,146,126
402,6521,146,126
402,6522,146,126
402,6523,146,126
402,6524,146,126
402,6525,146,126
402,6526,146,126
402,6527,146,126
402,6528,146,126
403,6529,146,126
403,6530,146,126
403,6531,146,126
403,6532,146,126
403,6533,146,126
403,6534,146,126
403,6535,146,126
403,6536,146,126
403,6537,146,126
403,6538,146,126
403,6539,146,126
403,6540,146,126
403,6541,146,126
403,6542,146,126
403,6543,146,126
403,6544,146,126
403,6545,146,126
404,6546,146,126
404,6547,146,126
404,6548,146,126
404,6549,146,126
404,6550,146,126
404,6551,146,126
404,6552,146,126
404,6553,146,126
404,6554,146,126
404,6555,146,126
404,6556,146,126
404,6557,146,126
404,6558,146,126
404,6559,146,126
404,6560,146,126
404,6561,146,126
405,6562,146,126
405,6563,146,126
405,6564,146,126
405,6565,146,126
405,6566,146,126
405,6567,146,126
405,6568,146,126
405,6569,146,126
405,6570,146,126
405,6571,146,126
405,6572,146,126
405,6573,146,126
405,6574,146,126
405,6575,146,126
405,6576,146,126
405,6577,146,126
406,6578,146,126
406,6579,146,126
406,6580,146,126
406,6581,146,126
406,6582,146,126
406,6583,146,126
406,6584,146,126
406,6585,146,126
406,6586,146,126
406,6587,146,126
406,6588,146,126
406,6589,146,126
406,6590,146,126
406,6591,146,126
406,6592,146,126
406,6593,146,126
407,6594,146,126
407,6595,146,126
407,6596,146,126
407,6597,146,126
407,6598,146,126
407,6599,146,126
407,6600,146,126
407,6601,146,126
407,6602,146,126
407,6603,146,126
407,6604,146,126
407,6605,146,126
407,6606,146,126
407,6607,146,126
407,6608,146,126
407,6609,146,126
407,6610,146,126
408,6611,146,126
408,6612,146,126
408,6613,146,126
408,6614,146,126
408,6615,146,126
408,6616,146,126
408,6617,146,126
408,6618,146,126
408,6619,146,126
408,6620,146,126
408,6621,146,126
408,6622,146,126
408,6623,146,126
408,6624,146,126
408,6625,146,126
408,6626,146,126
409,6627,146,126
409,6628,146,126
409,6629,146,126
409,6630,146,126
409,6631,146,126
409,6632,146,126
409,6633,146,126
409,6634,146,126
409,6635,146,126
409,6636,146,126
409,6637,146,126
409,6638,146,126
409,6639,146,126
409,6640,146,126
409,6641,146,126
409,6642,146,126
410,6643,146,126
410,6644,146,126
410,6645,146,126
410,6646,146,126
410,6647,146,126
410,6648,146,126
410,6649,146,126
410,6650,146,126
410,6651,146,126
410,6652,146,126
410,6653,146,126
410,6654,146,126
410,6655,146,126
410,6656,146,126
410,6657,146,126
410,6658,146,126
411,6659,146,126
411,6660,146,126
411,6661,146,126
411,6662,146,126
411,6663,146,126
411,6664,146,126
411,6665,146,126
411,6666,146,126
411,6667,146,126
411,6668,146,126
411,6669,146,126
411,6670,146,126
411,6671,146,126
411,6672,146,126
411,6673,146,126
411,6674,146,126
411,6675,146,126
412,6676,146,126
412,6677,146,126
412,6678,146,126
412,6679,146,126
412,6680,146,126
412,6681,146,126
412,6682,146,126
412,6683,146,126
412,6684,146,126
412,6685,146,126
412,6686,146,126
412,6687,146,126
412,6688,146,126
412,6689,146,126
412,6690,146,126
412,6691,146,126
413,6692,146,126
413,6693,146,126
413,6694,146,126
413,6695,146,126
413,6696,146,126
413,6697,146,126
413,6698,146,126
413,6699,146,126
413,6700,146,126
413,6701,146,126
413,6702,146,126
413,6703,146,126
413,6704,146,126
413,6705,146,126
413,6706,146,126
413,6707,146,126
414,6708,146,126
414,6709,146,126
414,6710,146,126
414,6711,146,126
414,6712,146,126
414,6713,146,126
414,6714,146,126
414,6715,146,126
414,6716,146,126
414,6717,146,126
414,6718,146,126
414,6719,146,126
414,6720,146,126
414,6721,146,126
414,6722,146,126
414,6723,146,126
415,6724,146,126
415,6725,146,126
415,6726,146,126
415,6727,146,126
415,6728,146,126
415,6729,146,126
415,6730,146,126
415,6731,146,126
415,6732,146,126
415,6733,146,126
415,6734,146,126
415,6735,146,126
415,6736,146,126
415,6737,146,126
415,6738,146,126
415,6739,146,126
416,6740,146,126
416,6741,146,126
416,6742,146,126
416,6743,146,126
416,6744,146,126
416,6745,146,126
416,6746,146,126
416,6747,146,126
416,6748,146,126
416,6749,146,126
416,6750,146,126
416,6751,146,126
416,6752,146,126
416,6753,146,126
416,6754,146,126
416,6755,146,126
417,6756,146,126
417,6757,146,126
417,6758,146,126
417,6759,146,126
417,6760,146,126
417,6761,146,126
417,6762,146,126
417,6763,146,126
417,6764,146,126
417,6765,146,126
417,6766,146,126
417,6767,146,126
417,6768,146,126
417,6769,146,126
417,6770,146,126
417,6771,146,126
418,6772,146,126
418,6773,146,126
418,6774,146,126
418,6775,146,126
418,6776,146,126
418,6777,146,126
418,6778,146,126
418,6779,146,126
418,6780,146,126
418,6781,146,126
418,6782,146,126
418,6783,146,126
418,6784,146,126
418,6785,146,126
418,6786,146,126
418,6787,146,126
419,6788,146,126
419,6789,146,126
419,6790,146,126
419,6791,146,126
419,6792,146,126
419,6793,146,126
419,6794,146,126
419,6795,146,126
419,6796,146,126
419,6797,146,126
419,6798,146,126
419,6799,146,126
419,6800,146,126
419,6801,146,126
419,6802,146,126
419,6803,146,126
419,6804,146,126
420,6805,146,126
420,6806,146,126
420,6807,146,126
420,6808,146,126
420,6809,146,126
420,6810,146,126
420,6811,146,126
420,6812,146,126
420,6813,146,126
420,6814,146,126
420,6815,146,126
420,6816,146,126
420,6817,146,126
420,6818,146,126
420,6819,146,126
420,6820,146,126
421,6821,146,126
421,6822,146,126
421,6823,146,126
421,6824,146,126
421,6825,146,126
421,6826,146,126
421,6827,146,126
421,6828,146,126
421,6829,146,126
421,6830,146,126
421,6831,146,126
421,6832,146,126
421,6833,146,126
421,6834,146,126
421,6835,146,126
421,6836,146,126
422,6837,146,126
422,6838,146,126
422,6839,146,126
422,6840,146,126
422,6841,146,126
422,6842,146,126
422,6843,146,126
422,6844,146,126
422,6845,146,126
422,6846,146,126
422,6847,146,126
422,6848,146,126
422,6849,146,126
422,6850,146,126
422,6851,146,126
422,6852,146,126
423,6853,146,126
423,6854,146,126
423,6855,146,126
423,6856,146,126
423,6857,146,126
423,6858,146,126
423,6859,146,126
423,6860,146,126
423,6861,146,126
423,6862,146,126
423,6863,146,126
423,6864,146,126
423,6865,146,126
423,6866,146,126
423,6867,146,126
423,6868,146,126
424,6869,146,126
424,6870,146,126
424,6871,146,126
424,6872,146,126
424,6873,146,126
424,6874,146,126
424,6875,146,126
424,6876,146,126
424,6877,146,126
424,6878,146,126
424,6879,146,126
424,6880,146,126
424,6881,146,126
424,6882,146,126
424,6883,146,126
424,6884,146,126
425,6885,146,126
425,6886,146,126
425,6887,146,126
425,6888,146,126
425,6889,146,126
425,6890,146,126
425,6891,146,126
425,6892,146,126
425,6893,146,126
425,6894,146,126
425,6895,146,126
425,6896,146,126
425,6897,146,126
425,6898,146,126
425,6899,146,126
425,6900,146,126
426,6901,146,126
426,6902,146,126
426,6903,146,126
426,6904,146,126
426,6905,146,126
426,6906,146,126
426,6907,146,126
426,6908,146,126
426,6909,146,126
426,6910,146,126
426,6911,146,126
426,6912,146,126
426,6913,146,126
426,6914,146,126
426,6915,146,126
426,6916,146,126
427,6917,146,126
427,6918,146,126
427,6919,146,126
427,6920,146,126
427,6921,146,126
427,6922,146,126
427,6923,146,126
427,6924,146,126
427,6925,146,126
427,6926,146,126
427,6927,146,126
427,6928,146,126
427,6929,146,126
427,6930,146,126
427,6931,146,126
427,6932,146,126
428,6933,146,126
428,6934,146,126
428,6935,146,126
428,6936,146,126
428,6937,146,126
428,6938,146,126
428,6939,146,126
428,6940,146,126
428,6941,146,126
428,6942,146,126
428,6943,146,126
428,6944,146,126
428,6945,146,126
428,6946,146,126
428,6947,146,126
428,6948,146,126
429,6949,146,126
429,6950,146,126
429,6951,146,126
429,6952,146,126
429,6953,146,126
429,6954,146,126
429,6955,146,126
429,6956,146,126
429,6957,146,126
429,6958,146,126
429,6959,146,126
429,6960,146,126
429,6961,146,126
429,6962,146,126
429,6963,146,126
429,6964,146,126
430,6965,146,126
430,6966,146,126
430,6967,146,126
430,6968,146,126
430,6969,146,126
430,6970,146,126
430,6971,146,126
430,6972,146,126
430,6973,146,126
430,6974,146,126
430,6975,146,126
430,6976,146,126
430,6977,146,126
430,6978,146,126
430,6979,146,126
430,6980,146,126
431,6981,146,126
431,6982,146,126
431,6983,146,126
431,6984,146,126
431,6985,146,126
431,6986,146,126
431,6987,146,126
431,6988,146,126
431,6989,146,126
431,6990,146,126
431,6991,146,126
431,6992,146,126
431,6993,146,126
431,6994,146,126
431,6995,146,126
431,6996,146,126
432,6997,146,126
432,6998,146,126
432,6999,146,126
432,7000,146,126
432,7001,146,126
432,7002,146,126
432,7003,146,126
432,7004,146,126
432,7005,146,126
432,7006,146,126
432,7007,146,126
432,7008,146,126
432,7009,146,126
432,7010,146,126
432,7011,146,126
432,7012,146,126
433,7013,146,126
433,7014,146,126
433,7015,146,126
433,7016,146,126
433,7017,146,126
433,7018,146,126
433,7019,146,126
433,7020,146,126
433,7021,146,126
433,7022,146,126
433,7023,146,126
433,7024,146,126
433,7025,146,126
433,7026,146,126
433,7027,146,126
433,7028,146,126
434,7029,146,126
434,7030,146,126
434,7031,146,126
434,7032,146,126
434,7033,146,126
434,7034,146,126
434,7035,146,126
434,7036,146,126
434,7037,146,126
434,7038,146,126
434,7039,146,126
434,7040,146,126
434,7041,146,126
434,7042,146,126
434,7043,146,126
434,7044,146,126
435,7045,146,126
435,7046,146,126
435,7047,146,126
435,7048,146,126
435,7049,146,126
435,7050,146,126
435,7051,146,126
435,7052,146,126
435,7053,146,126
435,7054,146,126
435,7055,146,126
435,7056,146,126
435,7057,146,126
435,7058,146,126
435,7059,146,126
435,7060,146,126
436,7061,146,126
436,7062,146,126
436,7063,146,126
436,7064,146,126
436,7065,146,126
436,7066,146,126
436,7067,146,126
436,7068,146,126
436,7069,146,126
436,7070,146,126
436,7071,146,126
436,7072,146,126
436,7073,146,126
436,7074,146,126
436,7075,146,126
436,7076,146,126
436,7077,146,126
437,7078,146,126
437,7079,146,126
437,7080,146,126
437,7081,146,126
437,7082,146,126
437,7083,146,126
437,7084,146,126
437,7085,146,126
437,7086,146,126
437,7087,146,126
437,7088,146,126
437,7089,146,126
437,7090,146,126
437,7091,146,126
437,7092,146,126
437,7093,146,126
438,7094,146,126
438,7095,146,126
438,7096,146,126
438,7097,146,126
438,7098,146,126
438,7099,146,126
438,7100,146,126
438,7101,146,126
438,7102,146,126
438,7103,146,126
438,7104,146,126
438,7105,146,126
438,7106,146,126
438,7107,146,126
438,7108,146,126
438,7109,146,126
439,7110,146,126
439,7111,146,126
439,7112,146,126
439,7113,146,126
439,7114,146,126
439,7115,146,126
439,7116,146,126
439,7117,146,126
439,7118,146,126
439,7119,146,126
439,7120,146,126
439,7121,146,126
439,7122,146,126
439,7123,146,126
439,7124,146,126
439,7125,146,126
440,7126,146,126
440,7127,146,126
440,7128,146,126
440,7129,146,126
440,7130,146,126
440,7131,146,126
440,7132,146,126
440,7133,146,126
440,7134,146,126
440,7135,146,126
440,7136,146,126
440,7137,146,126
440,7138,146,126
440,7139,146,126
440,7140,146,126
440,7141,146,126
440,7142,146,126
441,7143,146,126
441,7144,146,126
441,7145,146,126
441,7146,146,126
441,7147,146,126
441,7148,146,126
441,7149,146,126
441,7150,146,126
441,7151,146,126
441,7152,146,126
441,7153,146,126
441,7154,146,126
441,7155,146,126
441,7156,146,126
441,7157,146,126
441,7158,146,126
442,7159,146,126
442,7160,146,126
442,7161,146,126
442,7162,146,126
442,7163,146,126
442,7164,146,126
442,7165,146,126
442,7166,146,126
442,7167,146,126
442,7168,146,126
442,7169,146,126
442,7170,146,126
442,7171,146,126
442,7172,146,126
442,7173,146,126
442,7174,146,126
443,7175,146,126
443,7176,146,126
443,7177,146,126
443,7178,146,126
443,7179,146,126
443,7180,146,126
443,7181,146,126
443,7182,146,126
443,7183,146,126
443,7184,146,126
443,7185,146,126
443,7186,146,126
443,7187,146,126
443,7188,146,126
443,7189,146,126
443,7190,146,126
444,7191,146,126
444,7192,146,126
444,7193,146,126
444,7194,146,126
444,7195,146,126
444,7196,146,126
444,7197,146,126
444,7198,146,126
444,7199,146,126
444,7200,146,126
444,7201,146,126
444,7202,146,126
444,7203,146,126
444,7204,146,126
444,7205,146,126
444,7206,146,126
444,7207,146,126
445,7208,146,126
445,7209,146,126
445,7210,146,126
445,7211,146,126
445,7212,146,126
445,7213,146,126
445,7214,146,126
445,7215,146,126
445,7216,146,126
445,7217,146,126
445,7218,146,126
445,7219,146,126
445,7220,146,126
445,7221,146,126
445,7222,146,126
445,7223,146,126
446,7224,146,126
446,7225,146,126
446,7226,146,126
446,7227,146,126
446,7228,146,126
446,7229,146,126
446,7230,146,126
446,7231,146,126
446,7232,146,126
446,7233,146,126
446,7234,146,126
446,7235,146,126
446,7236,146,126
446,7237,146,126
446,7238,146,126
446,7239,146,126
447,7240,146,126
447,7241,146,126
447,7242,146,126
447,7243,146,126
447,7244,146,126
447,7245,146,126
447,7246,146,126
447,7247,146,126
447,7248,146,126
447,7249,146,126
447,7250,146,126
447,7251,146,126
447,7252,146,126
447,7253,146,126
447,7254,146,126
447,7255,146,126
448,7256,146,126
448,7257,146,126
448,7258,146,126
448,7259,146,126
448,7260,146,126
448,7261,146,126
448,7262,146,126
448,7263,146,126
448,7264,146,126
448,7265,146,126
448,7266,146,126
448,7267,146,126
448,7268,146,126
448,7269,146,126
448,7270,146,126
448,7271,146,126
448,7272,146,126
449,7273,146,126
449,7274,146,126
449,7275,146,126
449,7276,146,126
449,7277,146,126
449,7278,146,126
449,7279,146,126
449,7280,146,126
449,7281,146,126
449,7282,146,126
449,7283,146,126
449,7284,146,126
449,7285,146,126
449,7286,146,126
449,7287,146,126
449,7288,146,126
450,7289,146,126
450,7290,146,126
450,7291,146,126
450,7292,146,126
450,7293,146,126
450,7294,146,126
450,7295,146,126
450,7296,146,126
450,7297,146,126
450,7298,146,126
450,7299,146,126
450,7300,146,126
450,7301,146,126
450,7302,146,126
450,7303,146,126
450,7304,146,126
451,7305,146,126
451,7306,146,126
451,7307,146,126
451,7308,146,126
451,7309,146,126
451,7310,146,126
451,7311,146,126
451,7312,146,126
451,7313,146,126
451,7314,146,126
451,7315,146,126
451,7316,146,126
451,7317,146,126
451,7318,146,126
451,7319,146,126
451,7320,146,126
452,7321,146,126
452,7322,146,126
452,7323,146,126
452,7324,146,126
452,7325,146,126
452,7326,146,126
452,7327,146,126
452,7328,146,126
452,7329,146,126
452,7330,146,126
452,7331,146,126
452,7332,146,126
452,7333,146,126
452,7334,146,126
452,7335,146,126
452,7336,146,126
452,7337,146,126
453,7338,146,126
453,7339,146,126
453,7340,146,126
453,7341,146,126
453,7342,146,126
453,7343,146,126
453,7344,146,126
453,7345,146,126
453,7346,146,126
453,7347,146,126
453,7348,146,126
453,7349,146,126
453,7350,146,126
453,7351,146,126
453,7352,146,126
453,7353,146,126
454,7354,146,126
454,7355,146,126
454,7356,146,126
454,7357,146,126
454,7358,146,126
454,7359,146,126
454,7360,146,126
454,7361,146,126
454,7362,146,126
454,7363,146,126
454,7364,146,126
454,7365,146,126
454,7366,146,126
454,7367,146,126
454,7368,146,126
454,7369,146,126
455,7370,146,126
455,7371,146,126
455,7372,146,126
455,7373,146,126
455,7374,146,126
455,7375,146,126
455,7376,146,126
455,7377,146,126
455,7378,146,126
455,7379,146,126
455,7380,146,126
455,7381,146,126
455,7382,146,126
455,7383,146,126
455,7384,146,126
455,7385,146,126
456,7386,146,126
456,7387,146,126
456,7388,146,126
456,7389,146,126
456,7390,146,126
456,7391,146,126
456,7392,146,126
456,7393,146,126
456,7394,146,126
456,7395,146,126
456,7396,146,126
456,7397,146,126
456,7398,146,126
456,7399,146,126
456,7400,146,126
456,7401,146,126
456,7402,146,126
457,7403,146,126
457,7404,146,126
457,7405,146,126
457,7406,146,126
457,7407,146,126
457,7408,146,126
457,7409,146,126
457,7410,146,126
457,7411,146,126
457,7412,146,126
457,7413,146,126
457,7414,146,126
457,7415,146,126
457,7416,146,126
457,7417,146,126
457,7418,146,126
458,7419,146,126
458,7420,146,126
458,7421,146,126
458,7422,146,126
458,7423,146,126
458,7424,146,126
458,7425,146,126
458,7426,146,126
458,7427,146,126
458,7428,146,126
458,7429,146,126
458,7430,146,126
458,7431,146,126
458,7432,146,126
458,7433,146,126
458,7434,146,126
459,7435,146,126
459,7436,146,126
459,7437,146,126
459,7438,146,126
459,7439,146,126
459,7440,146,126
459,7441,146,126
459,7442,146,126
459,7443,146,126
459,7444,146,126
459,7445,146,126
459,7446,146,126
459,7447,146,126
459,7448,146,126
459,7449,146,126
459,7450,146,126
460,7451,146,126
460,7452,146,126
460,7453,146,126
460,7454,146,126
460,7455,146,126
460,7456,146,126
460,7457,146,126
460,7458,146,126
460,7459,146,126
460,7460,146,126
460,7461,146,126
460,7462,146,126
460,7463,146,126
460,7464,146,126
460,7465,146,126
460,7466,146,126
460,7467,146,126
461,7468,146,126
461,7469,146,126
461,7470,146,126
461,7471,146,126
461,7472,146,126
461,7473,146,126
461,7474,146,126
461,7475,146,126
461,7476,146,126
461,7477,146,126
461,7478,146,126
461,7479,146,126
461,7480,146,126
461,7481,146,126
461,7482,146,126
461,7483,146,126
462,7484,146,126
462,7485,146,126
462,7486,146,126
462,7487,146,126
462,7488,146,126
462,7489,146,126
462,7490,146,126
462,7491,146,126
462,7492,146,126
462,7493,146,126
462,7494,146,126
462,7495,146,126
462,7496,146,126
462,7497,146,126
462,7498,146,126
462,7499,146,126
463,7500,146,126
463,7501,146,126
463,7502,146,126
463,7503,146,126
463,7504,146,126
463,7505,146,126
463,7506,146,126
463,7507,146,126
463,7508,146,126
463,7509,146,126
463,7510,146,126
463,7511,146,126
463,7512,146,126
463,7513,146,126
463,7514,146,126
463,7515,146,126
464,7516,146,126
464,7517,146,126
464,7518,146,126
464,7519,146,126
464,7520,146,126
464,7521,146,126
464,7522,146,126
464,7523,146,126
464,7524,146,126
464,7525,146,126
464,7526,146,126
464,7527,146,126
464,7528,146,126
464,7529,146,126
464,7530,146,126
464,7531,146,126
464,7532,146,126
465,7533,146,126
465,7534,146,126
465,7535,146,126
465,7536,146,126
465,7537,146,126
465,7538,146,126
465,7539,146,126
465,7540,146,126
465,7541,146,126
465,7542,146,126
465,7543,146,126
465,7544,146,126
465,7545,146,126
465,7546,146,126
465,7547,146,126
465,7548,146,126
466,7549,146,126
466,7550,146,126
466,7551,146,126
466,7552,146,126
466,7553,146,126
466,7554,146,126
466,7555,146,126
466,7556,146,126
466,7557,146,126
466,7558,146,126
466,7559,146,126
466,7560,146,126
466,7561,146,126
466,7562,146,126
466,7563,146,126
466,7564,146,126
467,7565,146,126
467,7566,146,126
467,7567,146,126
467,7568,146,126
467,7569,146,126
467,7570,146,126
467,7571,146,126
467,7572,146,126
467,7573,146,126
467,7574,146,126
467,7575,146,126
467,7576,146,126
467,7577,146,126
467,7578,146,126
467,7579,146,126
467,7580,146,126
468,7581,146,126
468,7582,146,126
468,7583,146,126
468,7584,146,126
468,7585,146,126
468,7586,146,126
468,7587,146,126
468,7588,146,126
468,7589,146,126
468,7590,146,126
468,7591,146,126
468,7592,146,126
468,7593,146,126
468,7594,146,126
468,7595,146,126
468,7596,146,126
469,7597,146,126
469,7598,146,126
469,7599,146,126
469,7600,146,126
469,7601,146,126
469,7602,146,126
469,7603,146,126
469,7604,146,126
469,7605,146,126
469,7606,146,126
469,7607,146,126
469,7608,146,126
469,7609,146,126
469,7610,146,126
469,7611,146,126
469,7612,146,126
469,7613,146,126
470,7614,146,126
470,7615,146,126
470,7616,146,126
470,7617,146,126
470,7618,146,126
470,7619,146,126
470,7620,146,126
470,7621,146,126
470,7622,146,126
470,7623,146,126
470,7624,146,126
470,7625,146,126
470,7626,146,126
470,7627,146,126
470,7628,146,126
470,7629,146,126
471,7630,146,126
471,7631,146,126
471,7632,146,126
471,7633,146,126
471,7634,146,126
471,7635,146,126
471,7636,146,126
471,7637,146,126
471,7638,146,126
471,7639,146,126
471,7640,146,126
471,7641,146,126
471,7642,146,126
471,7643,146,126
471,7644,146,126
471,7645,146,126
472,7646,146,126
472,7647,146,126
472,7648,146,126
472,7649,146,126
472,7650,146,126
472,7651,146,126
472,7652,146,126
472,7653,146,126
472,7654,146,126
472,7655,146,126
472,7656,146,126
472,7657,146,126
472,7658,146,126
472,7659,146,126
472,7660,146,126
472,7661,146,126
473,7662,146,126
473,7663,146,126
473,7664,146,126
473,7665,146,126
473,7666,146,126
473,7667,146,126
473,7668,146,126
473,7669,146,126
473,7670,146,126
473,7671,146,126
473,7672,146,126
473,7673,146,126
473,7674,146,126
473,7675,146,126
473,7676,146,126
473,7677,146,126
473,7678,146,126
474,7679,146,126
474,7680,146,126
474,7681,146,126
474,7682,146,126
474,7683,146,126
474,7684,146,126
474,7685,146,126
474,7686,146,126
474,7687,146,126
474,7688,146,126
474,7689,146,126
474,7690,146,126
474,7691,146,126
474,7692,146,126
474,7693,146,126
474,7694,146,126
475,7695,146,126
475,7696,146,126
475,7697,146,126
475,7698,146,126
475,7699,146,126
475,7700,146,126
475,7701,146,126
475,7702,146,126
475,7703,146,126
475,7704,146,126
475,7705,146,126
475,7706,146,126
475,7707,146,126
475,7708,146,126
475,7709,146,126
475,7710,146,126
476,7711,146,126
476,7712,146,126
476,7713,146,126
476,7714,146,126
476,7715,146,126
476,7716,146,126
476,7717,146,126
476,7718,146,126
476,7719,146,126
476,7720,146,126
476,7721,146,126
476,7722,146,126
476,7723,146,126
476,7724,146,126
476,7725,146,126
476,7726,146,126
477,7727,146,126
477,7728,146,126
477,7729,146,126
477,7730,146,126
477,7731,146,126
477,7732,146,126
477,7733,146,126
477,7734,146,126
477,7735,146,126
477,7736,146,126
477,7737,146,126
477,7738,146,126
477,7739,146,126
477,7740,146,126
477,7741,146,126
477,7742,146,126
477,7743,146,126
478,7744,146,126
478,7745,146,126
478,7746,146,126
478,7747,146,126
478,7748,146,126
478,7749,146,126
478,7750,146,126
478,7751,146,126
478,7752,146,126
478,7753,146,126
478,7754,146,126
478,7755,146,126
478,7756,146,126
478,7757,146,126
478,7758,146,126
478,7759,146,126
479,7760,146,126
479,7761,146,126
479,7762,146,126
479,7763,146,126
479,7764,146,126
479,7765,146,126
479,7766,146,126
479,7767,146,126
479,7768,146,126
479,7769,146,126
479,7770,146,126
479,7771,146,126
479,7772,146,126
479,7773,146,126
479,7774,146,126
479,7775,146,126
480,7776,146,126
480,7777,146,126
480,7778,146,126
480,7779,146,126
480,7780,146,126
480,7781,146,126
480,7782,146,126
480,7783,146,126
480,7784,146,126
480,7785,146,126
480,7786,146,126
480,7787,146,126
480,7788,146,126
480,7789,146,126
480,7790,146,126
480,7791,146,126
481,7792,146,126
481,7793,146,126
481,7794,146,126
481,7795,146,126
481,7796,146,126
481,7797,146,126
481,7798,146,126
481,7799,146,126
481,7800,146,126
481,7801,146,126
481,7802,146,126
481,7803,146,126
481,7804,146,126
481,7805,146,126
481,7806,146,126
481,7807,146,126
481,7808,146,126
482,7809,146,126
482,7810,146,126
482,7811,146,126
482,7812,146,126
482,7813,146,126
482,7814,146,126
482,7815,146,126
482,7816,146,126
482,7817,146,126
482,7818,146,126
482,7819,146,126
482,7820,146,126
482,7821,146,126
482,7822,146,126
482,7823,146,126
482,7824,146,126
483,7825,146,126
483,7826,146,126
483,7827,146,126
483,7828,146,126
483,7829,146,126
483,7830,146,126
483,7831,146,126
483,7832,146,126
483,7833,146,126
483,7834,146,126
483,7835,146,126
483,7836,146,126
483,7837,146,126
483,7838,146,126
483,7839,146,126
483,7840,146,126
484,7841,146,126
484,7842,146,126
484,7843,146,126
484,7844,146,126
484,7845,146,126
484,7846,146,126
484,7847,146,126
484,7848,146,126
484,7849,146,126
484,7850,146,126
484,7851,146,126
484,7852,146,126
484,7853,146,126
484,7854,146,126
484,7855,146,126
484,7856,146,126
485,7857,146,126
485,7858,146,126
485,7859,146,126
485,7860,146,126
485,7861,146,126
485,7862,146,126
485,7863,146,126
485,7864,146,126
485,7865,146,126
485,7866,146,126
485,7867,146,126
485,7868,146,126
485,7869,146,126
485,7870,146,126
485,7871,146,126
485,7872,146,126
485,7873,146,126
486,7874,146,126
486,7875,146,126
486,7876,146,126
486,7877,146,126
486,7878,146,126
486,7879,146,126
486,7880,146,126
486,7881,146,126
486,7882,146,126
486,7883,146,126
486,7884,146,126
486,7885,146,126
486,7886,146,126
486,7887,146,126
486,7888,146,126
486,7889,146,126
487,7890,146,126
487,7891,146,126
487,7892,146,126
487,7893,146,126
487,7894,146,126
487,7895,146,126
487,7896,146,126
487,7897,146,126
487,7898,146,126
487,7899,146,126
487,7900,146,126
487,7901,146,126
487,7902,146,126
487,7903,146,126
487,7904,146,126
487,7905,146,126
488,7906,146,126
488,7907,146,126
488,7908,146,126
488,7909,146,126
488,7910,146,126
488,7911,146,126
488,7912,146,126
488,7913,146,126
488,7914,146,126
488,7915,146,126
488,7916,146,126
488,7917,146,126
488,7918,146,126
488,7919,146,126
488,7920,146,126
488,7921,146,126
489,7922,146,126
489,7923,146,126
489,7924,146,126
489,7925,146,126
489,7926,146,126
489,7927,146,126
489,7928,146,126
489,7929,146,126
489,7930,146,126
489,7931,146,126
489,7932,146,126
489,7933,146,126
489,7934,146,126
489,7935,146,126
489,7936,146,126
489,7937,146,126
489,7938,146,126
490,7939,146,126
490,7940,146,126
490,7941,146,126
490,7942,146,126
490,7943,146,126
490,7944,146,126
490,7945,146,126
490,7946,146,126
490,7947,146,126
490,7948,146,126
490,7949,146,126
490,7950,146,126
490,7951,146,126
490,7952,146,126
490,7953,146,126
490,7954,146,126
491,7955,146,126
491,7956,146,126
491,7957,146,126
491,7958,146,126
491,7959,146,126
491,7960,146,126
491,7961,146,126
491,7962,146,126
491,7963,146,126
491,7964,146,126
491,7965,146,126
491,7966,146,126
491,7967,146,126
491,7968,146,126
491,7969,146,126
491,7970,146,126
492,7971,146,126
492,7972,146,126
492,7973,146,126
492,7974,146,126
492,7975,146,126
492,7976,146,126
492,7977,146,126
492,7978,146,126
492,7979,146,126
492,7980,146,126
492,7981,146,126
492,7982,146,126
492,7983,146,126
492,7984,146,126
492,7985,146,126
492,7986,146,126
493,7987,146,126
493,7988,146,126
493,7989,146,126
493,7990,146,126
493,7991,146,126
493,7992,146,126
493,7993,146,126
493,7994,146,126
493,7995,146,126
493,7996,146,126
493,7997,146,126
493,7998,146,126
493,7999,146,126
493,8000,146,126
493,8001,146,126
493,8002,146,126
494,8003,146,126
494,8004,146,126
494,8005,146,126
494,8006,146,126
494,8007,146,126
494,8008,146,126
494,8009,146,126
494,8010,146,126
494,8011,146,126
494,8012,146,126
494,8013,146,126
494,8014,146,126
494,8015,146,126
494,8016,146,126
494,8017,146,126
494,8018,146,126
495,8019,146,126
495,8020,146,126
495,8021,146,126
495,8022,146,126
495,8023,146,126
495,8024,146,126
495,8025,146,126
495,8026,146,126
495,8027,146,126
495,8028,146,126
495,8029,146,126
495,8030,146,126
495,8031,146,126
495,8032,146,126
495,8033,146,126
495,8034,146,126
496,8035,146,126
496,8036,146,126
496,8037,146,126
496,8038,146,126
496,8039,146,126
496,8040,146,126
496,8041,146,126
496,8042,146,126
496,8043,146,126
496,8044,146,126
496,8045,146,126
496,8046,146,126
496,8047,146,126
496,8048,146,126
496,8049,146,126
496,8050,146,126
497,8051,146,126
497,8052,146,126
497,8053,146,126
497,8054,146,126
497,8055,146,126
497,8056,146,126
497,8057,146,126
497,8058,146,126
497,8059,146,126
497,8060,146,126
497,8061,146,126
497,8062,146,126
497,8063,146,126
497,8064,146,126
497,8065,146,126
497,8066,146,126
497,8067,146,126
498,8068,146,126
498,8069,146,126
498,8070,146,126
498,8071,146,126
498,8072,146,126
498,8073,146,126
498,8074,146,126
498,8075,146,126
498,8076,146,126
498,8077,146,126
498,8078,146,126
498,8079,146,126
498,8080,146,126
498,8081,146,126
498,8082,146,126
498,8083,146,126
499,8084,146,126
499,8085,146,126
499,8086,146,126
499,8087,146,126
499,8088,146,126
499,8089,146,126
499,8090,146,126
499,8091,146,126
499,8092,146,126
499,8093,146,126
499,8094,146,126
499,8095,146,126
499,8096,146,126
499,8097,146,126
499,8098,146,126
499,8099,146,126
500,8100,146,126
500,8101,146,126
500,8102,146,126
500,8103,146,126
500,8104,146,126
500,8105,146,126
500,8106,146,126
500,8107,146,126
500,8108,146,126
500,8109,146,126
500,8110,146,126
500,8111,146,126
500,8112,146,126
500,8113,146,126
500,8114,146,126
500,8115,146,126
501,8116,146,126
501,8117,146,126
501,8118,146,126
501,8119,146,126
501,8120,146,126
501,8121,146,126
501,8122,146,126
501,8123,146,126
501,8124,146,126
501,8125,146,126
501,8126,146,126
501,8127,146,126
501,8128,146,126
501,8129,146,126
501,8130,146,126
501,8131,146,126
501,8132,146,126
502,8133,146,126
502,8134,146,126
502,8135,146,126
502,8136,146,126
502,8137,146,126
502,8138,146,126
502,8139,146,126
502,8140,146,126
502,8141,146,126
502,8142,146,126
502,8143,146,126
502,8144,146,126
502,8145,146,126
502,8146,146,126
502,8147,146,126
502,8148,146,126
502,8149,146,126
503,8150,146,126
503,8151,146,126
503,8152,146,126
503,8153,146,126
503,8154,146,126
503,8155,146,126
503,8156,146,126
503,8157,146,126
503,8158,146,126
503,8159,146,126
503,8160,146,126
503,8161,146,126
503,8162,146,126
503,8163,146,126
503,8164,146,126
503,8165,146,126
504,8166,146,126
504,8167,146,126
504,8168,146,126
504,8169,146,126
504,8170,146,126
504,8171,146,126
504,8172,146,126
504,8173,146,126
504,8174,146,126
504,8175,146,126
504,8176,146,126
504,8177,146,126
504,8178,146,126
504,8179,146,126
504,8180,146,126
504,8181,146,126
505,8182,146,126
505,8183,146,126
505,8184,146,126
505,8185,146,126
505,8186,146,126
505,8187,146,126
505,8188,146,126
505,8189,146,126
505,8190,146,126
505,8191,146,126
505,8192,146,126
505,8193,146,126
505,8194,146,126
505,8195,146,126
505,8196,146,126
505,8197,146,126
506,8198,146,126
506,8199,146,126
506,8200,146,126
506,8201,146,126
506,8202,146,126
506,8203,146,126
506,8204,146,126
506,8205,146,126
506,8206,146,126
506,8207,146,126
506,8208,146,126
506,8209,146,126
506,8210,146,126
506,8211,146,126
506,8212,146,126
506,8213,146,126
506,8214,146,126
507,8215,146,126
507,8216,146,126
507,8217,146,126
507,8218,146,126
507,8219,146,126
507,8220,146,126
507,8221,146,126
507,8222,146,126
507,8223,146,126
507,8224,146,126
507,8225,146,126
507,8226,146,126
507,8227,146,126
507,8228,146,126
507,8229,146,126
507,8230,146,126
508,8231,146,126
508,8232,146,126
508,8233,146,126
508,8234,146,126
508,8235,146,126
508,8236,146,126
508,8237,146,126
508,8238,146,126
508,8239,146,126
508,8240,146,126
508,8241,146,126
508,8242,146,126
508,8243,146,126
508,8244,146,126
508,8245,146,126
508,8246,146,126
509,8247,146,126
509,8248,146,126
509,8249,146,126
509,8250,146,126
509,8251,146,126
509,8252,146,126
509,8253,146,126
509,8254,146,126
509,8255,146,126
509,8256,146,126
509,8257,146,126
509,8258,146,126
509,8259,146,126
509,8260,146,126
509,8261,146,126
509,8262,146,126
510,8263,146,126
510,8264,146,126
510,8265,146,126
510,8266,146,126
510,8267,146,126
510,8268,146,126
510,8269,146,126
510,8270,146,126
510,8271,146,126
510,8272,146,126
510,8273,146,126
510,8274,146,126
510,8275,146,126
510,8276,146,126
510,8277,146,126
510,8278,146,126
510,8279,146,126
511,8280,146,126
511,8281,146,126
511,8282,146,126
511,8283,146,126
511,8284,146,126
511,8285,146,126
511,8286,146,126
511,8287,146,126
511,8288,146,126
511,8289,146,126
511,8290,146,126
511,8291,146,126
511,8292,146,126
511,8293,146,126
511,8294,146,126
511,8295,146,126
