completed_requests,verification,unique_keys,reusable_keys
0,0,1,0
0,1,2,0
0,2,3,0
0,3,4,0
0,4,5,0
0,5,6,0
0,6,7,0
0,7,8,0
0,8,9,0
0,9,10,0
0,10,11,0
0,11,12,0
0,12,13,0
0,13,14,0
0,14,15,0
0,15,16,0
0,16,17,0
0,17,18,0
0,18,19,0
0,19,20,0
0,20,21,0
0,21,22,0
0,22,23,0
0,23,24,0
0,24,25,0
0,25,26,0
0,26,27,0
0,27,28,0
0,28,29,0
0,29,30,0
0,30,31,0
0,31,32,0
0,32,33,0
0,33,34,0
0,34,34,0
1,35,34,1
1,36,35,1
1,37,36,1
1,38,37,1
1,39,38,1
1,40,39,1
1,41,40,1
1,42,41,1
1,43,42,1
1,44,43,1
1,45,44,1
1,46,45,1
1,47,45,2
1,48,46,2
1,49,47,2
1,50,47,3
1,51,48,3
1,52,49,3
1,53,50,3
1,54,51,3
1,55,52,3
1,56,53,3
1,57,54,3
1,58,55,3
1,59,56,3
1,60,57,3
1,61,58,3
1,62,59,3
1,63,60,3
1,64,61,3
1,65,62,3
1,66,63,3
1,67,64,3
1,68,65,3
1,69,66,3
1,70,66,3
1,71,66,3
2,72,66,3
2,73,66,4
2,74,67,4
2,75,68,4
2,76,69,4
2,77,70,4
2,78,71,4
2,79,72,4
2,80,73,4
2,81,74,4
2,82,75,4
2,83,76,4
2,84,77,4
2,85,78,4
2,86,79,4
2,87,80,4
2,88,81,4
2,89,82,4
2,90,83,4
2,91,83,5
2,92,84,5
2,93,85,5
2,94,86,5
2,95,86,6
2,96,87,6
2,97,88,6
2,98,88,7
2,99,89,7
2,100,90,7
2,101,91,7
2,102,92,7
2,103,93,7
2,104,94,7
2,105,95,7
2,106,96,7
2,107,97,7
2,108,98,7
2,109,98,7
3,110,98,7
3,111,98,7
3,112,98,8
3,113,98,9
3,114,99,9
3,115,100,9
3,116,101,9
3,117,102,9
3,118,103,9
3,119,104,9
3,120,105,9
3,121,106,9
3,122,106,10
3,123,107,10
3,124,108,10
3,125,108,11
3,126,109,11
3,127,109,12
3,128,110,12
3,129,110,13
3,130,111,13
3,131,111,14
3,132,112,14
3,133,113,14
3,134,114,14
3,135,115,14
3,136,115,15
3,137,116,15
3,138,117,15
3,139,117,16
3,140,118,16
3,141,119,16
3,142,120,16
3,143,121,16
4,144,121,16
4,145,122,16
4,146,123,16
4,147,123,17
4,148,123,18
4,149,123,19
4,150,123,20
4,151,123,21
4,152,123,22
4,153,123,23
4,154,123,24
4,155,123,25
4,156,123,26
4,157,123,27
4,158,123,28
4,159,123,29
4,160,123,30
4,161,123,31
4,162,123,32
4,163,123,33
4,164,123,34
4,165,123,34
4,166,123,35
4,167,123,36
4,168,123,37
4,169,123,37
4,170,123,38
4,171,123,39
4,172,123,40
4,173,123,41
4,174,123,42
4,175,123,43
4,176,123,44
4,177,123,45
4,178,123,46
4,179,123,47
4,180,123,48
4,181,123,49
4,182,123,50
4,183,123,50
5,184,123,50
5,185,123,50
5,186,123,51
5,187,123,52
5,188,123,53
5,189,123,54
5,190,123,55
5,191,123,55
5,192,123,56
5,193,123,57
5,194,123,57
5,195,123,58
5,196,123,59
5,197,123,59
5,198,123,59
5,199,123,60
5,200,123,61
5,201,123,61
5,202,123,61
5,203,123,62
5,204,123,63
5,205,123,63
5,206,123,64
5,207,123,65
5,208,123,65
5,209,123,66
5,210,123,67
5,211,123,68
5,212,123,68
5,213,123,69
5,214,123,70
5,215,123,71
5,216,123,72
5,217,123,73
5,218,123,74
5,219,123,74
6,220,123,74
6,221,123,74
6,222,123,74
6,223,123,75
6,224,123,76
6,225,123,77
6,226,123,78
6,227,123,79
6,228,123,80
6,229,123,81
6,230,123,82
6,231,123,83
6,232,123,84
6,233,123,84
6,234,123,85
6,235,123,86
6,236,123,87
6,237,123,87
6,238,123,88
6,239,123,89
6,240,123,89
6,241,123,90
6,242,123,91
6,243,123,91
6,244,123,92
6,245,123,93
6,246,123,93
6,247,123,93
6,248,123,94
6,249,123,95
6,250,123,96
6,251,123,97
6,252,123,98
6,253,123,99
6,254,123,100
6,255,123,101
6,256,123,101
7,257,123,101
7,258,123,101
7,259,123,101
7,260,123,101
7,261,123,101
7,262,123,102
7,263,123,103
7,264,123,103
7,265,123,104
7,266,123,104
7,267,123,105
7,268,123,105
7,269,123,106
7,270,123,106
7,271,123,107
7,272,123,107
7,273,123,107
7,274,123,107
7,275,123,108
7,276,123,108
7,277,123,108
7,278,123,108
7,279,123,109
7,280,123,109
7,281,123,109
7,282,123,110
7,283,123,111
7,284,123,111
7,285,123,112
7,286,123,113
7,287,123,114
7,288,123,114
7,289,123,114
7,290,123,114
7,291,123,115
7,292,123,115
7,293,123,115
7,294,123,116
7,295,123,117
7,296,123,118
7,297,123,119
8,298,123,119
8,299,123,119
8,300,123,120
8,301,123,120
8,302,123,120
8,303,123,120
8,304,123,120
8,305,123,120
8,306,123,120
8,307,123,120
8,308,123,120
8,309,123,120
8,310,123,120
8,311,123,120
8,312,123,120
8,313,123,120
8,314,123,120
8,315,123,120
8,316,123,120
8,317,123,120
8,318,123,120
8,319,123,120
8,320,123,120
8,321,123,120
8,322,123,120
8,323,123,120
8,324,123,120
8,325,123,120
8,326,123,120
8,327,123,120
8,328,123,120
8,329,123,120
8,330,123,120
8,331,123,120
8,332,123,120
9,333,123,120
9,334,124,120
9,335,124,121
9,336,124,121
9,337,124,121
9,338,124,121
9,339,124,121
9,340,124,121
9,341,124,121
9,342,124,121
9,343,124,121
9,344,124,121
9,345,124,121
9,346,124,121
9,347,124,121
9,348,124,121
9,349,124,121
9,350,124,121
9,351,124,121
9,352,124,121
9,353,124,121
9,354,124,121
9,355,124,121
9,356,124,121
9,357,124,121
9,358,124,121
9,359,124,121
9,360,124,121
9,361,124,121
9,362,124,121
9,363,124,121
9,364,124,121
9,365,124,121
9,366,124,121
9,367,124,121
9,368,124,121
10,369,124,121
10,370,124,121
10,371,124,121
10,372,124,121
10,373,124,121
10,374,124,121
10,375,124,121
10,376,124,121
10,377,124,121
10,378,124,121
10,379,124,121
10,380,124,121
10,381,124,121
10,382,124,121
10,383,124,121
10,384,124,121
10,385,124,121
10,386,124,121
10,387,124,121
10,388,124,121
10,389,124,121
10,390,124,121
10,391,124,121
10,392,124,121
10,393,124,121
10,394,124,121
10,395,124,121
10,396,124,121
10,397,124,121
10,398,124,121
10,399,124,121
10,400,124,121
10,401,124,121
10,402,124,121
10,403,124,121
10,404,124,121
11,405,124,121
11,406,124,122
11,407,124,122
11,408,124,122
11,409,124,122
11,410,124,122
11,411,124,122
11,412,124,122
11,413,124,122
11,414,124,122
11,415,124,122
11,416,124,122
11,417,124,122
11,418,124,122
11,419,124,122
11,420,124,122
11,421,124,122
11,422,124,122
11,423,124,122
11,424,124,122
11,425,124,122
11,426,124,122
11,427,124,122
11,428,124,122
11,429,124,122
11,430,124,122
11,431,124,122
11,432,124,122
11,433,124,122
11,434,124,122
11,435,124,122
11,436,124,122
11,437,124,122
11,438,124,122
11,439,124,122
11,440,124,122
11,441,124,122
11,442,124,122
11,443,124,122
12,444,124,122
12,445,124,122
12,446,124,122
12,447,124,122
12,448,124,122
12,449,124,122
12,450,124,122
12,451,124,122
12,452,124,122
12,453,124,122
12,454,124,122
12,455,124,122
12,456,124,122
12,457,124,122
12,458,124,122
12,459,124,122
12,460,124,122
12,461,124,122
12,462,124,122
12,463,124,122
12,464,124,122
12,465,124,122
12,466,124,122
12,467,124,122
12,468,124,122
12,469,124,122
12,470,124,122
12,471,124,122
12,472,124,122
12,473,124,122
12,474,124,122
12,475,124,122
12,476,124,122
12,477,124,122
13,478,124,122
13,479,124,122
13,480,124,122
13,481,124,122
13,482,124,122
13,483,124,122
13,484,124,122
13,485,124,122
13,486,124,122
13,487,124,122
13,488,124,122
13,489,124,122
13,490,124,122
13,491,124,122
13,492,124,122
13,493,124,122
13,494,124,122
13,495,124,122
13,496,124,122
13,497,124,122
13,498,124,122
13,499,124,122
13,500,124,122
13,501,124,122
13,502,124,122
13,503,124,122
13,504,124,122
13,505,124,122
13,506,124,122
13,507,124,122
13,508,124,122
13,509,124,122
13,510,124,122
13,511,124,122
13,512,124,122
13,513,124,122
13,514,124,122
13,515,124,122
13,516,124,122
13,517,124,122
14,518,124,122
14,519,124,122
14,520,124,122
14,521,124,122
14,522,124,122
14,523,124,122
14,524,124,122
14,525,124,122
14,526,124,122
14,527,124,122
14,528,124,122
14,529,124,122
14,530,124,122
14,531,124,122
14,532,124,122
14,533,124,122
14,534,124,122
14,535,124,122
14,536,124,122
14,537,124,122
14,538,124,122
14,539,124,122
14,540,124,122
14,541,124,122
14,542,124,122
14,543,124,122
14,544,124,122
14,545,124,122
14,546,124,122
14,547,124,122
14,548,124,122
14,549,124,122
14,550,124,122
14,551,124,122
14,552,124,122
14,553,124,122
14,554,124,122
14,555,124,122
14,556,124,122
14,557,124,122
15,558,124,122
15,559,124,122
15,560,124,122
15,561,124,122
15,562,124,122
15,563,124,122
15,564,124,122
15,565,124,122
15,566,124,122
15,567,124,122
15,568,124,122
15,569,124,122
15,570,124,122
15,571,124,122
15,572,124,122
15,573,124,122
15,574,124,122
15,575,124,122
15,576,124,122
15,577,124,122
15,578,124,122
15,579,124,122
15,580,124,122
15,581,124,122
15,582,124,122
15,583,124,122
15,584,124,122
15,585,124,122
15,586,124,122
15,587,124,122
15,588,124,122
15,589,124,122
15,590,124,122
15,591,124,122
15,592,124,122
15,593,124,122
15,594,124,122
16,595,124,122
16,596,124,123
16,597,124,123
16,598,124,123
16,599,124,123
16,600,124,123
16,601,124,123
16,602,124,123
16,603,124,123
16,604,124,123
16,605,124,123
16,606,124,123
16,607,124,123
16,608,124,123
16,609,124,123
16,610,124,123
16,611,124,123
16,612,124,123
16,613,124,123
16,614,124,123
16,615,124,123
16,616,124,123
16,617,124,123
16,618,124,123
16,619,124,123
16,620,124,123
16,621,124,123
16,622,124,123
16,623,124,123
16,624,124,123
16,625,124,123
16,626,124,123
16,627,124,123
16,628,124,123
16,629,124,123
16,630,124,123
16,631,124,123
16,632,124,123
16,633,124,123
16,634,124,123
16,635,124,123
17,636,124,123
17,637,124,123
17,638,124,123
17,639,124,123
17,640,124,123
17,641,124,123
17,642,124,123
17,643,124,123
17,644,124,123
17,645,124,123
17,646,124,123
17,647,124,123
17,648,124,123
17,649,124,123
17,650,124,123
17,651,124,123
17,652,124,123
17,653,124,123
17,654,124,123
17,655,124,123
17,656,124,123
17,657,124,123
17,658,124,123
17,659,124,123
17,660,124,123
17,661,124,123
17,662,124,123
17,663,124,123
17,664,124,123
17,665,124,123
17,666,124,123
17,667,124,123
17,668,124,123
17,669,124,123
17,670,124,123
17,671,124,123
17,672,124,123
17,673,124,123
18,674,124,123
18,675,124,123
18,676,124,123
18,677,124,123
18,678,124,123
18,679,124,123
18,680,124,123
18,681,124,123
18,682,124,123
18,683,124,123
18,684,124,123
18,685,124,123
18,686,124,123
18,687,124,123
18,688,124,123
18,689,124,123
18,690,124,123
18,691,124,123
18,692,124,123
18,693,124,123
18,694,124,123
18,695,124,123
18,696,124,123
18,697,124,123
18,698,124,123
18,699,124,123
18,700,124,123
18,701,124,123
18,702,124,123
18,703,124,123
18,704,124,123
18,705,124,123
18,706,124,123
18,707,124,123
18,708,124,123
18,709,124,123
18,710,124,123
18,711,124,123
19,712,124,123
19,713,124,123
19,714,124,123
19,715,124,123
19,716,124,123
19,717,124,123
19,718,124,123
19,719,124,123
19,720,124,123
19,721,124,123
19,722,124,123
19,723,124,123
19,724,124,123
19,725,124,123
19,726,124,123
19,727,124,123
19,728,124,123
19,729,124,123
19,730,124,123
19,731,124,123
19,732,124,123
19,733,124,123
19,734,124,123
19,735,124,123
19,736,124,123
19,737,124,123
19,738,124,123
19,739,124,123
19,740,124,123
19,741,124,123
19,742,124,123
19,743,124,123
19,744,124,123
19,745,124,123
19,746,124,123
19,747,124,123
19,748,124,123
19,749,124,123
19,750,124,123
19,751,124,123
20,752,124,123
20,753,124,123
20,754,124,123
20,755,124,123
20,756,124,123
20,757,124,123
20,758,124,123
20,759,124,123
20,760,124,123
20,761,124,123
20,762,124,123
20,763,124,123
20,764,124,123
20,765,124,123
20,766,124,123
20,767,124,123
20,768,124,123
20,769,124,123
20,770,124,123
20,771,124,123
20,772,124,123
20,773,124,123
20,774,124,123
20,775,124,123
20,776,124,123
20,777,124,123
20,778,124,123
20,779,124,123
20,780,124,123
20,781,124,123
20,782,124,123
20,783,124,123
20,784,124,123
20,785,124,123
20,786,124,123
20,787,124,123
21,788,124,123
21,789,124,124
21,790,124,124
21,791,124,124
21,792,124,124
21,793,124,124
21,794,124,124
21,795,124,124
21,796,124,124
21,797,124,124
21,798,124,124
21,799,124,124
21,800,124,124
21,801,124,124
21,802,124,124
21,803,124,124
21,804,124,124
21,805,124,124
21,806,124,124
21,807,124,124
21,808,124,124
21,809,124,124
21,810,124,124
21,811,124,124
21,812,124,124
21,813,124,124
21,814,124,124
21,815,124,124
21,816,124,124
21,817,124,124
21,818,124,124
21,819,124,124
21,820,124,124
21,821,124,124
21,822,124,124
21,823,124,124
22,824,124,124
22,825,124,124
22,826,124,124
22,827,124,124
22,828,124,124
22,829,124,124
22,830,124,124
22,831,124,124
22,832,124,124
22,833,124,124
22,834,124,124
22,835,124,124
22,836,124,124
22,837,124,124
22,838,124,124
22,839,124,124
22,840,124,124
22,841,124,124
22,842,124,124
22,843,124,124
22,844,124,124
22,845,124,124
22,846,124,124
22,847,124,124
22,848,124,124
22,849,124,124
22,850,124,124
22,851,124,124
22,852,124,124
22,853,124,124
22,854,124,124
22,855,124,124
22,856,124,124
22,857,124,124
22,858,124,124
22,859,124,124
22,860,124,124
22,861,124,124
22,862,124,124
22,863,124,124
22,864,124,124
22,865,124,124
23,866,124,124
23,867,124,124
23,868,124,124
23,869,124,124
23,870,124,124
23,871,124,124
23,872,124,124
23,873,124,124
23,874,124,124
23,875,124,124
23,876,124,124
23,877,124,124
23,878,124,124
23,879,124,124
23,880,124,124
23,881,124,124
23,882,124,124
23,883,124,124
23,884,124,124
23,885,124,124
23,886,124,124
23,887,124,124
23,888,124,124
23,889,124,124
23,890,124,124
23,891,124,124
23,892,124,124
23,893,124,124
23,894,124,124
23,895,124,124
23,896,124,124
23,897,124,124
23,898,124,124
23,899,124,124
23,900,124,124
23,901,124,124
24,902,124,124
24,903,124,124
24,904,124,124
24,905,124,124
24,906,124,124
24,907,124,124
24,908,124,124
24,909,124,124
24,910,124,124
24,911,124,124
24,912,124,124
24,913,124,124
24,914,124,124
24,915,124,124
24,916,124,124
24,917,124,124
24,918,124,124
24,919,124,124
24,920,124,124
24,921,124,124
24,922,124,124
24,923,124,124
24,924,124,124
24,925,124,124
24,926,124,124
24,927,124,124
24,928,124,124
24,929,124,124
24,930,124,124
24,931,124,124
24,932,124,124
24,933,124,124
24,934,124,124
24,935,124,124
24,936,124,124
24,937,124,124
25,938,124,124
25,939,124,124
25,940,124,124
25,941,124,124
25,942,124,124
25,943,124,124
25,944,124,124
25,945,124,124
25,946,124,124
25,947,124,124
25,948,124,124
25,949,124,124
25,950,124,124
25,951,124,124
25,952,124,124
25,953,124,124
25,954,124,124
25,955,124,124
25,956,124,124
25,957,124,124
25,958,124,124
25,959,124,124
25,960,124,124
25,961,124,124
25,962,124,124
25,963,124,124
25,964,124,124
25,965,124,124
25,966,124,124
25,967,124,124
25,968,124,124
25,969,124,124
25,970,124,124
25,971,124,124
25,972,124,124
25,973,124,124
25,974,124,124
26,975,124,124
26,976,124,124
26,977,124,124
26,978,124,124
26,979,124,124
26,980,124,124
26,981,124,124
26,982,124,124
26,983,124,124
26,984,124,124
26,985,124,124
26,986,124,124
26,987,124,124
26,988,124,124
26,989,124,124
26,990,124,124
26,991,124,124
26,992,124,124
26,993,124,124
26,994,124,124
26,995,124,124
26,996,124,124
26,997,124,124
26,998,124,124
26,999,124,124
26,1000,124,124
26,1001,124,124
26,1002,124,124
26,1003,124,124
26,1004,124,124
26,1005,124,124
26,1006,124,124
26,1007,124,124
26,1008,124,124
26,1009,124,124
26,1010,124,124
26,1011,124,124
26,1012,124,124
26,1013,124,124
26,1014,124,124
26,1015,124,124
27,1016,124,124
27,1017,124,124
27,1018,124,124
27,1019,124,124
27,1020,124,124
27,1021,124,124
27,1022,124,124
27,1023,124,124
27,1024,124,124
27,1025,124,124
27,1026,124,124
27,1027,124,124
27,1028,124,124
27,1029,124,124
27,1030,124,124
27,1031,124,124
27,1032,124,124
27,1033,124,124
27,1034,124,124
27,1035,124,124
27,1036,124,124
27,1037,124,124
27,1038,124,124
27,1039,124,124
27,1040,124,124
27,1041,124,124
27,1042,124,124
27,1043,124,124
27,1044,124,124
27,1045,124,124
27,1046,124,124
27,1047,124,124
27,1048,124,124
27,1049,124,124
27,1050,124,124
27,1051,124,124
27,1052,124,124
27,1053,124,124
28,1054,124,124
28,1055,124,124
28,1056,124,124
28,1057,124,124
28,1058,124,124
28,1059,124,124
28,1060,124,124
28,1061,124,124
28,1062,124,124
28,1063,124,124
28,1064,124,124
28,1065,124,124
28,1066,124,124
28,1067,124,124
28,1068,124,124
28,1069,124,124
28,1070,124,124
28,1071,124,124
28,1072,124,124
28,1073,124,124
28,1074,124,124
28,1075,124,124
28,1076,124,124
28,1077,124,124
28,1078,124,124
28,1079,124,124
28,1080,124,124
28,1081,124,124
28,1082,124,124
28,1083,124,124
28,1084,124,124
28,1085,124,124
28,1086,124,124
28,1087,124,124
28,1088,124,124
28,1089,124,124
28,1090,124,124
28,1091,124,124
28,1092,124,124
28,1093,124,124
28,1094,124,124
28,1095,124,124
29,1096,124,124
29,1097,124,124
29,1098,124,124
29,1099,124,124
29,1100,124,124
29,1101,124,124
29,1102,124,124
29,1103,124,124
29,1104,124,124
29,1105,124,124
29,1106,124,124
29,1107,124,124
29,1108,124,124
29,1109,124,124
29,1110,124,124
29,1111,124,124
29,1112,124,124
29,1113,124,124
29,1114,124,124
29,1115,124,124
29,1116,124,124
29,1117,124,124
29,1118,124,124
29,1119,124,124
29,1120,124,124
29,1121,124,124
29,1122,124,124
29,1123,124,124
29,1124,124,124
29,1125,124,124
29,1126,124,124
29,1127,124,124
29,1128,124,124
29,1129,124,124
29,1130,124,124
29,1131,124,124
30,1132,124,124
30,1133,124,124
30,1134,124,124
30,1135,124,124
30,1136,124,124
30,1137,124,124
30,1138,124,124
30,1139,124,124
30,1140,124,124
30,1141,124,124
30,1142,124,124
30,1143,124,124
30,1144,124,124
30,1145,124,124
30,1146,124,124
30,1147,124,124
30,1148,124,124
30,1149,124,124
30,1150,124,124
30,1151,124,124
30,1152,124,124
30,1153,124,124
30,1154,124,124
30,1155,124,124
30,1156,124,124
30,1157,124,124
30,1158,124,124
30,1159,124,124
30,1160,124,124
30,1161,124,124
30,1162,124,124
30,1163,124,124
30,1164,124,124
30,1165,124,124
30,1166,124,124
30,1167,124,124
31,1168,124,124
31,1169,124,124
31,1170,124,124
31,1171,124,124
31,1172,124,124
31,1173,124,124
31,1174,124,124
31,1175,124,124
31,1176,124,124
31,1177,124,124
31,1178,124,124
31,1179,124,124
31,1180,124,124
31,1181,124,124
31,1182,124,124
31,1183,124,124
31,1184,124,124
31,1185,124,124
31,1186,124,124
31,1187,124,124
31,1188,124,124
31,1189,124,124
31,1190,124,124
31,1191,124,124
31,1192,124,124
31,1193,124,124
31,1194,124,124
31,1195,124,124
31,1196,124,124
31,1197,124,124
31,1198,124,124
31,1199,124,124
31,1200,124,124
31,1201,124,124
32,1202,124,124
32,1203,124,124
32,1204,124,124
32,1205,124,124
32,1206,124,124
32,1207,124,124
32,1208,124,124
32,1209,124,124
32,1210,124,124
32,1211,124,124
32,1212,124,124
32,1213,124,124
32,1214,124,124
32,1215,124,124
32,1216,124,124
32,1217,124,124
32,1218,124,124
32,1219,124,124
32,1220,124,124
32,1221,124,124
32,1222,124,124
32,1223,124,124
32,1224,124,124
32,1225,124,124
32,1226,124,124
32,1227,124,124
32,1228,124,124
32,1229,124,124
32,1230,124,124
32,1231,124,124
32,1232,124,124
32,1233,124,124
32,1234,124,124
32,1235,124,124
32,1236,124,124
32,1237,124,124
33,1238,124,124
33,1239,124,124
33,1240,124,124
33,1241,124,124
33,1242,124,124
33,1243,124,124
33,1244,124,124
33,1245,124,124
33,1246,124,124
33,1247,124,124
33,1248,124,124
33,1249,124,124
33,1250,124,124
33,1251,124,124
33,1252,124,124
33,1253,124,124
33,1254,124,124
33,1255,124,124
33,1256,124,124
33,1257,124,124
33,1258,124,124
33,1259,124,124
33,1260,124,124
33,1261,124,124
33,1262,124,124
33,1263,124,124
33,1264,124,124
33,1265,124,124
33,1266,124,124
33,1267,124,124
33,1268,124,124
33,1269,124,124
33,1270,124,124
33,1271,124,124
33,1272,124,124
33,1273,124,124
33,1274,124,124
33,1275,124,124
33,1276,124,124
33,1277,124,124
34,1278,124,124
34,1279,124,124
34,1280,124,124
34,1281,124,124
34,1282,124,124
34,1283,124,124
34,1284,124,124
34,1285,124,124
34,1286,124,124
34,1287,124,124
34,1288,124,124
34,1289,124,124
34,1290,124,124
34,1291,124,124
34,1292,124,124
34,1293,124,124
34,1294,124,124
34,1295,124,124
34,1296,124,124
34,1297,124,124
34,1298,124,124
34,1299,124,124
34,1300,124,124
34,1301,124,124
34,1302,124,124
34,1303,124,124
34,1304,124,124
34,1305,124,124
34,1306,124,124
34,1307,124,124
34,1308,124,124
34,1309,124,124
34,1310,124,124
34,1311,124,124
34,1312,124,124
34,1313,124,124
34,1314,124,124
34,1315,124,124
34,1316,124,124
34,1317,124,124
34,1318,124,124
35,1319,124,124
35,1320,124,124
35,1321,124,124
35,1322,124,124
35,1323,124,124
35,1324,124,124
35,1325,124,124
35,1326,124,124
35,1327,124,124
35,1328,124,124
35,1329,124,124
35,1330,124,124
35,1331,124,124
35,1332,124,124
35,1333,124,124
35,1334,124,124
35,1335,124,124
35,1336,124,124
35,1337,124,124
35,1338,124,124
35,1339,124,124
35,1340,124,124
35,1341,124,124
35,1342,124,124
35,1343,124,124
35,1344,124,124
35,1345,124,124
35,1346,124,124
35,1347,124,124
35,1348,124,124
35,1349,124,124
35,1350,124,124
35,1351,124,124
35,1352,124,124
35,1353,124,124
35,1354,124,124
35,1355,124,124
35,1356,124,124
35,1357,124,124
36,1358,124,124
36,1359,124,124
36,1360,124,124
36,1361,124,124
36,1362,124,124
36,1363,124,124
36,1364,124,124
36,1365,124,124
36,1366,124,124
36,1367,124,124
36,1368,124,124
36,1369,124,124
36,1370,124,124
36,1371,124,124
36,1372,124,124
36,1373,124,124
36,1374,124,124
36,1375,124,124
36,1376,124,124
36,1377,124,124
36,1378,124,124
36,1379,124,124
36,1380,124,124
36,1381,124,124
36,1382,124,124
36,1383,124,124
36,1384,124,124
36,1385,124,124
36,1386,124,124
36,1387,124,124
36,1388,124,124
36,1389,124,124
36,1390,124,124
36,1391,124,124
36,1392,124,124
36,1393,124,124
36,1394,124,124
37,1395,124,124
37,1396,124,124
37,1397,124,124
37,1398,124,124
37,1399,124,124
37,1400,124,124
37,1401,124,124
37,1402,124,124
37,1403,124,124
37,1404,124,124
37,1405,124,124
37,1406,124,124
37,1407,124,124
37,1408,124,124
37,1409,124,124
37,1410,124,124
37,1411,124,124
37,1412,124,124
37,1413,124,124
37,1414,124,124
37,1415,124,124
37,1416,124,124
37,1417,124,124
37,1418,124,124
37,1419,124,124
37,1420,124,124
37,1421,124,124
37,1422,124,124
37,1423,124,124
37,1424,124,124
37,1425,124,124
37,1426,124,124
37,1427,124,124
37,1428,124,124
37,1429,124,124
38,1430,124,124
38,1431,124,124
38,1432,124,124
38,1433,124,124
38,1434,124,124
38,1435,124,124
38,1436,124,124
38,1437,124,124
38,1438,124,124
38,1439,124,124
38,1440,124,124
38,1441,124,124
38,1442,124,124
38,1443,124,124
38,1444,124,124
38,1445,124,124
38,1446,124,124
38,1447,124,124
38,1448,124,124
38,1449,124,124
38,1450,124,124
38,1451,124,124
38,1452,124,124
38,1453,124,124
38,1454,124,124
38,1455,124,124
38,1456,124,124
38,1457,124,124
38,1458,124,124
38,1459,124,124
38,1460,124,124
38,1461,124,124
38,1462,124,124
38,1463,124,124
38,1464,124,124
38,1465,124,124
38,1466,124,124
39,1467,124,124
39,1468,124,124
39,1469,124,124
39,1470,124,124
39,1471,124,124
39,1472,124,124
39,1473,124,124
39,1474,124,124
39,1475,124,124
39,1476,124,124
39,1477,124,124
39,1478,124,124
39,1479,124,124
39,1480,124,124
39,1481,124,124
39,1482,124,124
39,1483,124,124
39,1484,124,124
39,1485,124,124
39,1486,124,124
39,1487,124,124
39,1488,124,124
39,1489,124,124
39,1490,124,124
39,1491,124,124
39,1492,124,124
39,1493,124,124
39,1494,124,124
39,1495,124,124
39,1496,124,124
39,1497,124,124
39,1498,124,124
39,1499,124,124
39,1500,124,124
39,1501,124,124
39,1502,124,124
39,1503,124,124
40,1504,124,124
40,1505,124,124
40,1506,124,124
40,1507,124,124
40,1508,124,124
40,1509,124,124
40,1510,124,124
40,1511,124,124
40,1512,124,124
40,1513,124,124
40,1514,124,124
40,1515,124,124
40,1516,124,124
40,1517,124,124
40,1518,124,124
40,1519,124,124
40,1520,124,124
40,1521,124,124
40,1522,124,124
40,1523,124,124
40,1524,124,124
40,1525,124,124
40,1526,124,124
40,1527,124,124
40,1528,124,124
40,1529,124,124
40,1530,124,124
40,1531,124,124
40,1532,124,124
40,1533,124,124
40,1534,124,124
40,1535,124,124
40,1536,124,124
40,1537,124,124
40,1538,124,124
40,1539,124,124
40,1540,124,124
40,1541,124,124
41,1542,124,124
41,1543,124,124
41,1544,124,124
41,1545,124,124
41,1546,124,124
41,1547,124,124
41,1548,124,124
41,1549,124,124
41,1550,124,124
41,1551,124,124
41,1552,124,124
41,1553,124,124
41,1554,124,124
41,1555,124,124
41,1556,124,124
41,1557,124,124
41,1558,124,124
41,1559,124,124
41,1560,124,124
41,1561,124,124
41,1562,124,124
41,1563,124,124
41,1564,124,124
41,1565,124,124
41,1566,124,124
41,1567,124,124
41,1568,124,124
41,1569,124,124
41,1570,124,124
41,1571,124,124
41,1572,124,124
41,1573,124,124
41,1574,124,124
41,1575,124,124
41,1576,124,124
41,1577,124,124
42,1578,124,124
42,1579,124,124
42,1580,124,124
42,1581,124,124
42,1582,124,124
42,1583,124,124
42,1584,124,124
42,1585,124,124
42,1586,124,124
42,1587,124,124
42,1588,124,124
42,1589,124,124
42,1590,124,124
42,1591,124,124
42,1592,124,124
42,1593,124,124
42,1594,124,124
42,1595,124,124
42,1596,124,124
42,1597,124,124
42,1598,124,124
42,1599,124,124
42,1600,124,124
42,1601,124,124
42,1602,124,124
42,1603,124,124
42,1604,124,124
42,1605,124,124
42,1606,124,124
42,1607,124,124
42,1608,124,124
42,1609,124,124
42,1610,124,124
42,1611,124,124
42,1612,124,124
42,1613,124,124
42,1614,124,124
43,1615,124,124
43,1616,124,124
43,1617,124,124
43,1618,124,124
43,1619,124,124
43,1620,124,124
43,1621,124,124
43,1622,124,124
43,1623,124,124
43,1624,124,124
43,1625,124,124
43,1626,124,124
43,1627,124,124
43,1628,124,124
43,1629,124,124
43,1630,124,124
43,1631,124,124
43,1632,124,124
43,1633,124,124
43,1634,124,124
43,1635,124,124
43,1636,124,124
43,1637,124,124
43,1638,124,124
43,1639,124,124
43,1640,124,124
43,1641,124,124
43,1642,124,124
43,1643,124,124
43,1644,124,124
43,1645,124,124
43,1646,124,124
43,1647,124,124
43,1648,124,124
43,1649,124,124
43,1650,124,124
43,1651,124,124
44,1652,124,124
44,1653,124,124
44,1654,124,124
44,1655,124,124
44,1656,124,124
44,1657,124,124
44,1658,124,124
44,1659,124,124
44,1660,124,124
44,1661,124,124
44,1662,124,124
44,1663,124,124
44,1664,124,124
44,1665,124,124
44,1666,124,124
44,1667,124,124
44,1668,124,124
44,1669,124,124
44,1670,124,124
44,1671,124,124
44,1672,124,124
44,1673,124,124
44,1674,124,124
44,1675,124,124
44,1676,124,124
44,1677,124,124
44,1678,124,124
44,1679,124,124
44,1680,124,124
44,1681,124,124
44,1682,124,124
44,1683,124,124
44,1684,124,124
44,1685,124,124
44,1686,124,124
44,1687,124,124
44,1688,124,124
44,1689,124,124
45,1690,124,124
45,1691,124,124
45,1692,124,124
45,1693,124,124
45,1694,124,124
45,1695,124,124
45,1696,124,124
45,1697,124,124
45,1698,124,124
45,1699,124,124
45,1700,124,124
45,1701,124,124
45,1702,124,124
45,1703,124,124
45,1704,124,124
45,1705,124,124
45,1706,124,124
45,1707,124,124
45,1708,124,124
45,1709,124,124
45,1710,124,124
45,1711,124,124
45,1712,124,124
45,1713,124,124
45,1714,124,124
45,1715,124,124
45,1716,124,124
45,1717,124,124
45,1718,124,124
45,1719,124,124
45,1720,124,124
45,1721,124,124
45,1722,124,124
45,1723,124,124
45,1724,124,124
45,1725,124,124
45,1726,124,124
45,1727,124,124
45,1728,124,124
46,1729,124,124
46,1730,124,124
46,1731,124,124
46,1732,124,124
46,1733,124,124
46,1734,124,124
46,1735,124,124
46,1736,124,124
46,1737,124,124
46,1738,124,124
46,1739,124,124
46,1740,124,124
46,1741,124,124
46,1742,124,124
46,1743,124,124
46,1744,124,124
46,1745,124,124
46,1746,124,124
46,1747,124,124
46,1748,124,124
46,1749,124,124
46,1750,124,124
46,1751,124,124
46,1752,124,124
46,1753,124,124
46,1754,124,124
46,1755,124,124
46,1756,124,124
46,1757,124,124
46,1758,124,124
46,1759,124,124
46,1760,124,124
46,1761,124,124
46,1762,124,124
46,1763,124,124
46,1764,124,124
47,1765,124,124
47,1766,124,124
47,1767,124,124
47,1768,124,124
47,1769,124,124
47,1770,124,124
47,1771,124,124
47,1772,124,124
47,1773,124,124
47,1774,124,124
47,1775,124,124
47,1776,124,124
47,1777,124,124
47,1778,124,124
47,1779,124,124
47,1780,124,124
47,1781,124,124
47,1782,124,124
47,1783,124,124
47,1784,124,124
47,1785,124,124
47,1786,124,124
47,1787,124,124
47,1788,124,124
47,1789,124,124
47,1790,124,124
47,1791,124,124
47,1792,124,124
47,1793,124,124
47,1794,124,124
47,1795,124,124
47,1796,124,124
47,1797,124,124
47,1798,124,124
47,1799,124,124
48,1800,124,124
48,1801,124,124
48,1802,124,124
48,1803,124,124
48,1804,124,124
48,1805,124,124
48,1806,124,124
48,1807,124,124
48,1808,124,124
48,1809,124,124
48,1810,124,124
48,1811,124,124
48,1812,124,124
48,1813,124,124
48,1814,124,124
48,1815,124,124
48,1816,124,124
48,1817,124,124
48,1818,124,124
48,1819,124,124
48,1820,124,124
48,1821,124,124
48,1822,124,124
48,1823,124,124
48,1824,124,124
48,1825,124,124
48,1826,124,124
48,1827,124,124
48,1828,124,124
48,1829,124,124
48,1830,124,124
48,1831,124,124
48,1832,124,124
49,1833,124,124
49,1834,124,124
49,1835,124,124
49,1836,124,124
49,1837,124,124
49,1838,124,124
49,1839,124,124
49,1840,124,124
49,1841,124,124
49,1842,124,124
49,1843,124,124
49,1844,124,124
49,1845,124,124
49,1846,124,124
49,1847,124,124
49,1848,124,124
49,1849,124,124
49,1850,124,124
49,1851,124,124
49,1852,124,124
49,1853,124,124
49,1854,124,124
49,1855,124,124
49,1856,124,124
49,1857,124,124
49,1858,124,124
49,1859,124,124
49,1860,124,124
49,1861,124,124
49,1862,124,124
49,1863,124,124
49,1864,124,124
49,1865,124,124
49,1866,124,124
50,1867,124,124
50,1868,124,124
50,1869,124,124
50,1870,124,124
50,1871,124,124
50,1872,124,124
50,1873,124,124
50,1874,124,124
50,1875,124,124
50,1876,124,124
50,1877,124,124
50,1878,124,124
50,1879,124,124
50,1880,124,124
50,1881,124,124
50,1882,124,124
50,1883,124,124
50,1884,124,124
50,1885,124,124
50,1886,124,124
50,1887,124,124
50,1888,124,124
50,1889,124,124
50,1890,124,124
50,1891,124,124
50,1892,124,124
50,1893,124,124
50,1894,124,124
50,1895,124,124
50,1896,124,124
50,1897,124,124
50,1898,124,124
50,1899,124,124
50,1900,124,124
50,1901,124,124
50,1902,124,124
50,1903,124,124
50,1904,124,124
50,1905,124,124
51,1906,124,124
51,1907,124,124
51,1908,124,124
51,1909,124,124
51,1910,124,124
51,1911,124,124
51,1912,124,124
51,1913,124,124
51,1914,124,124
51,1915,124,124
51,1916,124,124
51,1917,124,124
51,1918,124,124
51,1919,124,124
51,1920,124,124
51,1921,124,124
51,1922,124,124
51,1923,124,124
51,1924,124,124
51,1925,124,124
51,1926,124,124
51,1927,124,124
51,1928,124,124
51,1929,124,124
51,1930,124,124
51,1931,124,124
51,1932,124,124
51,1933,124,124
51,1934,124,124
51,1935,124,124
51,1936,124,124
51,1937,124,124
51,1938,124,124
51,1939,124,124
51,1940,124,124
51,1941,124,124
51,1942,124,124
51,1943,124,124
51,1944,124,124
51,1945,124,124
52,1946,124,124
52,1947,124,124
52,1948,124,124
52,1949,124,124
52,1950,124,124
52,1951,124,124
52,1952,124,124
52,1953,124,124
52,1954,124,124
52,1955,124,124
52,1956,124,124
52,1957,124,124
52,1958,124,124
52,1959,124,124
52,1960,124,124
52,1961,124,124
52,1962,124,124
52,1963,124,124
52,1964,124,124
52,1965,124,124
52,1966,124,124
52,1967,124,124
52,1968,124,124
52,1969,124,124
52,1970,124,124
52,1971,124,124
52,1972,124,124
52,1973,124,124
52,1974,124,124
52,1975,124,124
52,1976,124,124
52,1977,124,124
52,1978,124,124
52,1979,124,124
52,1980,124,124
52,1981,124,124
52,1982,124,124
52,1983,124,124
52,1984,124,124
53,1985,124,124
53,1986,124,124
53,1987,124,124
53,1988,124,124
53,1989,124,124
53,1990,124,124
53,1991,124,124
53,1992,124,124
53,1993,124,124
53,1994,124,124
53,1995,124,124
53,1996,124,124
53,1997,124,124
53,1998,124,124
53,1999,124,124
53,2000,124,124
53,2001,124,124
53,2002,124,124
53,2003,124,124
53,2004,124,124
53,2005,124,124
53,2006,124,124
53,2007,124,124
53,2008,124,124
53,2009,124,124
53,2010,124,124
53,2011,124,124
53,2012,124,124
53,2013,124,124
53,2014,124,124
53,2015,124,124
53,2016,124,124
53,2017,124,124
53,2018,124,124
53,2019,124,124
53,2020,124,124
53,2021,124,124
53,2022,124,124
53,2023,124,124
53,2024,124,124
54,2025,124,124
54,2026,124,124
54,2027,124,124
54,2028,124,124
54,2029,124,124
54,2030,124,124
54,2031,124,124
54,2032,124,124
54,2033,124,124
54,2034,124,124
54,2035,124,124
54,2036,124,124
54,2037,124,124
54,2038,124,124
54,2039,124,124
54,2040,124,124
54,2041,124,124
54,2042,124,124
54,2043,124,124
54,2044,124,124
54,2045,124,124
54,2046,124,124
54,2047,124,124
54,2048,124,124
54,2049,124,124
54,2050,124,124
54,2051,124,124
54,2052,124,124
54,2053,124,124
54,2054,124,124
54,2055,124,124
54,2056,124,124
54,2057,124,124
54,2058,124,124
54,2059,124,124
55,2060,124,124
55,2061,124,124
55,2062,124,124
55,2063,124,124
55,2064,124,124
55,2065,124,124
55,2066,124,124
55,2067,124,124
55,2068,124,124
55,2069,124,124
55,2070,124,124
55,2071,124,124
55,2072,124,124
55,2073,124,124
55,2074,124,124
55,2075,124,124
55,2076,124,124
55,2077,124,124
55,2078,124,124
55,2079,124,124
55,2080,124,124
55,2081,124,124
55,2082,124,124
55,2083,124,124
55,2084,124,124
55,2085,124,124
55,2086,124,124
55,2087,124,124
55,2088,124,124
55,2089,124,124
55,2090,124,124
55,2091,124,124
55,2092,124,124
55,2093,124,124
55,2094,124,124
55,2095,124,124
55,2096,124,124
55,2097,124,124
55,2098,124,124
55,2099,124,124
55,2100,124,124
55,2101,124,124
56,2102,124,124
56,2103,124,124
56,2104,124,124
56,2105,124,124
56,2106,124,124
56,2107,124,124
56,2108,124,124
56,2109,124,124
56,2110,124,124
56,2111,124,124
56,2112,124,124
56,2113,124,124
56,2114,124,124
56,2115,124,124
56,2116,124,124
56,2117,124,124
56,2118,124,124
56,2119,124,124
56,2120,124,124
56,2121,124,124
56,2122,124,124
56,2123,124,124
56,2124,124,124
56,2125,124,124
56,2126,124,124
56,2127,124,124
56,2128,124,124
56,2129,124,124
56,2130,124,124
56,2131,124,124
56,2132,124,124
56,2133,124,124
56,2134,124,124
56,2135,124,124
56,2136,124,124
56,2137,124,124
57,2138,124,124
57,2139,124,124
57,2140,124,124
57,2141,124,124
57,2142,124,124
57,2143,124,124
57,2144,124,124
57,2145,124,124
57,2146,124,124
57,2147,124,124
57,2148,124,124
57,2149,124,124
57,2150,124,124
57,2151,124,124
57,2152,124,124
57,2153,124,124
57,2154,124,124
57,2155,124,124
57,2156,124,124
57,2157,124,124
57,2158,124,124
57,2159,124,124
57,2160,124,124
57,2161,124,124
57,2162,124,124
57,2163,124,124
57,2164,124,124
57,2165,124,124
57,2166,124,124
57,2167,124,124
57,2168,124,124
57,2169,124,124
57,2170,124,124
57,2171,124,124
57,2172,124,124
57,2173,124,124
57,2174,124,124
57,2175,124,124
57,2176,124,124
57,2177,124,124
57,2178,124,124
57,2179,124,124
58,2180,124,124
58,2181,124,124
58,2182,124,124
58,2183,124,124
58,2184,124,124
58,2185,124,124
58,2186,124,124
58,2187,124,124
58,2188,124,124
58,2189,124,124
58,2190,124,124
58,2191,124,124
58,2192,124,124
58,2193,124,124
58,2194,124,124
58,2195,124,124
58,2196,124,124
58,2197,124,124
58,2198,124,124
58,2199,124,124
58,2200,124,124
58,2201,124,124
58,2202,124,124
58,2203,124,124
58,2204,124,124
58,2205,124,124
58,2206,124,124
58,2207,124,124
58,2208,124,124
58,2209,124,124
58,2210,124,124
58,2211,124,124
58,2212,124,124
58,2213,124,124
58,2214,124,124
58,2215,124,124
59,2216,124,124
59,2217,124,124
59,2218,124,124
59,2219,124,124
59,2220,124,124
59,2221,124,124
59,2222,124,124
59,2223,124,124
59,2224,124,124
59,2225,124,124
59,2226,124,124
59,2227,124,124
59,2228,124,124
59,2229,124,124
59,2230,124,124
59,2231,124,124
59,2232,124,124
59,2233,124,124
59,2234,124,124
59,2235,124,124
59,2236,124,124
59,2237,124,124
59,2238,124,124
59,2239,124,124
59,2240,124,124
59,2241,124,124
59,2242,124,124
59,2243,124,124
59,2244,124,124
59,2245,124,124
59,2246,124,124
59,2247,124,124
59,2248,124,124
59,2249,124,124
59,2250,124,124
60,2251,124,124
60,2252,124,124
60,2253,124,124
60,2254,124,124
60,2255,124,124
60,2256,124,124
60,2257,124,124
60,2258,124,124
60,2259,124,124
60,2260,124,124
60,2261,124,124
60,2262,124,124
60,2263,124,124
60,2264,124,124
60,2265,124,124
60,2266,124,124
60,2267,124,124
60,2268,124,124
60,2269,124,124
60,2270,124,124
60,2271,124,124
60,2272,124,124
60,2273,124,124
60,2274,124,124
60,2275,124,124
60,2276,124,124
60,2277,124,124
60,2278,124,124
60,2279,124,124
60,2280,124,124
60,2281,124,124
60,2282,124,124
60,2283,124,124
60,2284,124,124
60,2285,124,124
60,2286,124,124
61,2287,124,124
61,2288,124,124
61,2289,124,124
61,2290,124,124
61,2291,124,124
61,2292,124,124
61,2293,124,124
61,2294,124,124
61,2295,124,124
61,2296,124,124
61,2297,124,124
61,2298,124,124
61,2299,124,124
61,2300,124,124
61,2301,124,124
61,2302,124,124
61,2303,124,124
61,2304,124,124
61,2305,124,124
61,2306,124,124
61,2307,124,124
61,2308,124,124
61,2309,124,124
61,2310,124,124
61,2311,124,124
61,2312,124,124
61,2313,124,124
61,2314,124,124
61,2315,124,124
61,2316,124,124
61,2317,124,124
61,2318,124,124
61,2319,124,124
61,2320,124,124
61,2321,124,124
61,2322,124,124
61,2323,124,124
61,2324,124,124
61,2325,124,124
61,2326,124,124
62,2327,124,124
62,2328,124,124
62,2329,124,124
62,2330,124,124
62,2331,124,124
62,2332,124,124
62,2333,124,124
62,2334,124,124
62,2335,124,124
62,2336,124,124
62,2337,124,124
62,2338,124,124
62,2339,124,124
62,2340,124,124
62,2341,124,124
62,2342,124,124
62,2343,124,124
62,2344,124,124
62,2345,124,124
62,2346,124,124
62,2347,124,124
62,2348,124,124
62,2349,124,124
62,2350,124,124
62,2351,124,124
62,2352,124,124
62,2353,124,124
62,2354,124,124
62,2355,124,124
62,2356,124,124
62,2357,124,124
62,2358,124,124
62,2359,124,124
62,2360,124,124
62,2361,124,124
62,2362,124,124
62,2363,124,124
62,2364,124,124
63,2365,124,124
63,2366,124,124
63,2367,124,124
63,2368,124,124
63,2369,124,124
63,2370,124,124
63,2371,124,124
63,2372,124,124
63,2373,124,124
63,2374,124,124
63,2375,124,124
63,2376,124,124
63,2377,124,124
63,2378,124,124
63,2379,124,124
63,2380,124,124
63,2381,124,124
63,2382,124,124
63,2383,124,124
63,2384,124,124
63,2385,124,124
63,2386,124,124
63,2387,124,124
63,2388,124,124
63,2389,124,124
63,2390,124,124
63,2391,124,124
63,2392,124,124
63,2393,124,124
63,2394,124,124
63,2395,124,124
63,2396,124,124
63,2397,124,124
63,2398,124,124
63,2399,124,124
63,2400,124,124
63,2401,124,124
63,2402,124,124
63,2403,124,124
63,2404,124,124
63,2405,124,124
64,2406,124,124
64,2407,124,124
64,2408,124,124
64,2409,124,124
64,2410,124,124
64,2411,124,124
64,2412,124,124
64,2413,124,124
64,2414,124,124
64,2415,124,124
64,2416,124,124
64,2417,124,124
64,2418,124,124
64,2419,124,124
64,2420,124,124
64,2421,124,124
64,2422,124,124
64,2423,124,124
64,2424,124,124
64,2425,124,124
64,2426,124,124
64,2427,124,124
64,2428,124,124
64,2429,124,124
64,2430,124,124
64,2431,124,124
64,2432,124,124
64,2433,124,124
64,2434,124,124
64,2435,124,124
64,2436,124,124
64,2437,124,124
64,2438,124,124
64,2439,124,124
64,2440,124,124
64,2441,124,124
64,2442,124,124
64,2443,124,124
64,2444,124,124
65,2445,124,124
65,2446,124,124
65,2447,124,124
65,2448,124,124
65,2449,124,124
65,2450,124,124
65,2451,124,124
65,2452,124,124
65,2453,124,124
65,2454,124,124
65,2455,124,124
65,2456,124,124
65,2457,124,124
65,2458,124,124
65,2459,124,124
65,2460,124,124
65,2461,124,124
65,2462,124,124
65,2463,124,124
65,2464,124,124
65,2465,124,124
65,2466,124,124
65,2467,124,124
65,2468,124,124
65,2469,124,124
65,2470,124,124
65,2471,124,124
65,2472,124,124
65,2473,124,124
65,2474,124,124
65,2475,124,124
65,2476,124,124
65,2477,124,124
65,2478,124,124
65,2479,124,124
65,2480,124,124
66,2481,124,124
66,2482,124,124
66,2483,124,124
66,2484,124,124
66,2485,124,124
66,2486,124,124
66,2487,124,124
66,2488,124,124
66,2489,124,124
66,2490,124,124
66,2491,124,124
66,2492,124,124
66,2493,124,124
66,2494,124,124
66,2495,124,124
66,2496,124,124
66,2497,124,124
66,2498,124,124
66,2499,124,124
66,2500,124,124
66,2501,124,124
66,2502,124,124
66,2503,124,124
66,2504,124,124
66,2505,124,124
66,2506,124,124
66,2507,124,124
66,2508,124,124
66,2509,124,124
66,2510,124,124
66,2511,124,124
66,2512,124,124
66,2513,124,124
66,2514,124,124
66,2515,124,124
66,2516,124,124
67,2517,124,124
67,2518,124,124
67,2519,124,124
67,2520,124,124
67,2521,124,124
67,2522,124,124
67,2523,124,124
67,2524,124,124
67,2525,124,124
67,2526,124,124
67,2527,124,124
67,2528,124,124
67,2529,124,124
67,2530,124,124
67,2531,124,124
67,2532,124,124
67,2533,124,124
67,2534,124,124
67,2535,124,124
67,2536,124,124
67,2537,124,124
67,2538,124,124
67,2539,124,124
67,2540,124,124
67,2541,124,124
67,2542,124,124
67,2543,124,124
67,2544,124,124
67,2545,124,124
67,2546,124,124
67,2547,124,124
67,2548,124,124
67,2549,124,124
67,2550,124,124
67,2551,124,124
67,2552,124,124
67,2553,124,124
67,2554,124,124
67,2555,124,124
67,2556,124,124
67,2557,124,124
67,2558,124,124
68,2559,124,124
68,2560,124,124
68,2561,124,124
68,2562,124,124
68,2563,124,124
68,2564,124,124
68,2565,124,124
68,2566,124,124
68,2567,124,124
68,2568,124,124
68,2569,124,124
68,2570,124,124
68,2571,124,124
68,2572,124,124
68,2573,124,124
68,2574,124,124
68,2575,124,124
68,2576,124,124
68,2577,124,124
68,2578,124,124
68,2579,124,124
68,2580,124,124
68,2581,124,124
68,2582,124,124
68,2583,124,124
68,2584,124,124
68,2585,124,124
68,2586,124,124
68,2587,124,124
68,2588,124,124
68,2589,124,124
68,2590,124,124
68,2591,124,124
68,2592,124,124
68,2593,124,124
68,2594,124,124
68,2595,124,124
68,2596,124,124
68,2597,124,124
68,2598,124,124
69,2599,124,124
69,2600,124,124
69,2601,124,124
69,2602,124,124
69,2603,124,124
69,2604,124,124
69,2605,124,124
69,2606,124,124
69,2607,124,124
69,2608,124,124
69,2609,124,124
69,2610,124,124
69,2611,124,124
69,2612,124,124
69,2613,124,124
69,2614,124,124
69,2615,124,124
69,2616,124,124
69,2617,124,124
69,2618,124,124
69,2619,124,124
69,2620,124,124
69,2621,124,124
69,2622,124,124
69,2623,124,124
69,2624,124,124
69,2625,124,124
69,2626,124,124
69,2627,124,124
69,2628,124,124
69,2629,124,124
69,2630,124,124
69,2631,124,124
69,2632,124,124
69,2633,124,124
69,2634,124,124
69,2635,124,124
69,2636,124,124
69,2637,124,124
69,2638,124,124
69,2639,124,124
69,2640,124,124
69,2641,124,124
70,2642,124,124
70,2643,124,124
70,2644,124,124
70,2645,124,124
70,2646,124,124
70,2647,124,124
70,2648,124,124
70,2649,124,124
70,2650,124,124
70,2651,124,124
70,2652,124,124
70,2653,124,124
70,2654,124,124
70,2655,124,124
70,2656,124,124
70,2657,124,124
70,2658,124,124
70,2659,124,124
70,2660,124,124
70,2661,124,124
70,2662,124,124
70,2663,124,124
70,2664,124,124
70,2665,124,124
70,2666,124,124
70,2667,124,124
70,2668,124,124
70,2669,124,124
70,2670,124,124
70,2671,124,124
70,2672,124,124
70,2673,124,124
70,2674,124,124
70,2675,124,124
70,2676,124,124
70,2677,124,124
71,2678,124,124
71,2679,124,124
71,2680,124,124
71,2681,124,124
71,2682,124,124
71,2683,124,124
71,2684,124,124
71,2685,124,124
71,2686,124,124
71,2687,124,124
71,2688,124,124
71,2689,124,124
71,2690,124,124
71,2691,124,124
71,2692,124,124
71,2693,124,124
71,2694,124,124
71,2695,124,124
71,2696,124,124
71,2697,124,124
71,2698,124,124
71,2699,124,124
71,2700,124,124
71,2701,124,124
71,2702,124,124
71,2703,124,124
71,2704,124,124
71,2705,124,124
71,2706,124,124
71,2707,124,124
71,2708,124,124
71,2709,124,124
71,2710,124,124
71,2711,124,124
71,2712,124,124
71,2713,124,124
71,2714,124,124
72,2715,124,124
72,2716,124,124
72,2717,124,124
72,2718,124,124
72,2719,124,124
72,2720,124,124
72,2721,124,124
72,2722,124,124
72,2723,124,124
72,2724,124,124
72,2725,124,124
72,2726,124,124
72,2727,124,124
72,2728,124,124
72,2729,124,124
72,2730,124,124
72,2731,124,124
72,2732,124,124
72,2733,124,124
72,2734,124,124
72,2735,124,124
72,2736,124,124
72,2737,124,124
72,2738,124,124
72,2739,124,124
72,2740,124,124
72,2741,124,124
72,2742,124,124
72,2743,124,124
72,2744,124,124
72,2745,124,124
72,2746,124,124
72,2747,124,124
72,2748,124,124
72,2749,124,124
73,2750,124,124
73,2751,124,124
73,2752,124,124
73,2753,124,124
73,2754,124,124
73,2755,124,124
73,2756,124,124
73,2757,124,124
73,2758,124,124
73,2759,124,124
73,2760,124,124
73,2761,124,124
73,2762,124,124
73,2763,124,124
73,2764,124,124
73,2765,124,124
73,2766,124,124
73,2767,124,124
73,2768,124,124
73,2769,124,124
73,2770,124,124
73,2771,124,124
73,2772,124,124
73,2773,124,124
73,2774,124,124
73,2775,124,124
73,2776,124,124
73,2777,124,124
73,2778,124,124
73,2779,124,124
73,2780,124,124
73,2781,124,124
73,2782,124,124
73,2783,124,124
73,2784,124,124
74,2785,124,124
74,2786,124,124
74,2787,124,124
74,2788,124,124
74,2789,124,124
74,2790,124,124
74,2791,124,124
74,2792,124,124
74,2793,124,124
74,2794,124,124
74,2795,124,124
74,2796,124,124
74,2797,124,124
74,2798,124,124
74,2799,124,124
74,2800,124,124
74,2801,124,124
74,2802,124,124
74,2803,124,124
74,2804,124,124
74,2805,124,124
74,2806,124,124
74,2807,124,124
74,2808,124,124
74,2809,124,124
74,2810,124,124
74,2811,124,124
74,2812,124,124
74,2813,124,124
74,2814,124,124
74,2815,124,124
74,2816,124,124
74,2817,124,124
74,2818,124,124
74,2819,124,124
74,2820,124,124
74,2821,124,124
74,2822,124,124
74,2823,124,124
74,2824,124,124
75,2825,124,124
75,2826,124,124
75,2827,124,124
75,2828,124,124
75,2829,124,124
75,2830,124,124
75,2831,124,124
75,2832,124,124
75,2833,124,124
75,2834,124,124
75,2835,124,124
75,2836,124,124
75,2837,124,124
75,2838,124,124
75,2839,124,124
75,2840,124,124
75,2841,124,124
75,2842,124,124
75,2843,124,124
75,2844,124,124
75,2845,124,124
75,2846,124,124
75,2847,124,124
75,2848,124,124
75,2849,124,124
75,2850,124,124
75,2851,124,124
75,2852,124,124
75,2853,124,124
75,2854,124,124
75,2855,124,124
75,2856,124,124
75,2857,124,124
75,2858,124,124
75,2859,124,124
75,2860,124,124
75,2861,124,124
75,2862,124,124
75,2863,124,124
75,2864,124,124
75,2865,124,124
76,2866,124,124
76,2867,124,124
76,2868,124,124
76,2869,124,124
76,2870,124,124
76,2871,124,124
76,2872,124,124
76,2873,124,124
76,2874,124,124
76,2875,124,124
76,2876,124,124
76,2877,124,124
76,2878,124,124
76,2879,124,124
76,2880,124,124
76,2881,124,124
76,2882,124,124
76,2883,124,124
76,2884,124,124
76,2885,124,124
76,2886,124,124
76,2887,124,124
76,2888,124,124
76,2889,124,124
76,2890,124,124
76,2891,124,124
76,2892,124,124
76,2893,124,124
76,2894,124,124
76,2895,124,124
76,2896,124,124
76,2897,124,124
76,2898,124,124
76,2899,124,124
77,2900,124,124
77,2901,124,124
77,2902,124,124
77,2903,124,124
77,2904,124,124
77,2905,124,124
77,2906,124,124
77,2907,124,124
77,2908,124,124
77,2909,124,124
77,2910,124,124
77,2911,124,124
77,2912,124,124
77,2913,124,124
77,2914,124,124
77,2915,124,124
77,2916,124,124
77,2917,124,124
77,2918,124,124
77,2919,124,124
77,2920,124,124
77,2921,124,124
77,2922,124,124
77,2923,124,124
77,2924,124,124
77,2925,124,124
77,2926,124,124
77,2927,124,124
77,2928,124,124
77,2929,124,124
77,2930,124,124
77,2931,124,124
77,2932,124,124
77,2933,124,124
77,2934,124,124
77,2935,124,124
77,2936,124,124
78,2937,124,124
78,2938,124,124
78,2939,124,124
78,2940,124,124
78,2941,124,124
78,2942,124,124
78,2943,124,124
78,2944,124,124
78,2945,124,124
78,2946,124,124
78,2947,124,124
78,2948,124,124
78,2949,124,124
78,2950,124,124
78,2951,124,124
78,2952,124,124
78,2953,124,124
78,2954,124,124
78,2955,124,124
78,2956,124,124
78,2957,124,124
78,2958,124,124
78,2959,124,124
78,2960,124,124
78,2961,124,124
78,2962,124,124
78,2963,124,124
78,2964,124,124
78,2965,124,124
78,2966,124,124
78,2967,124,124
78,2968,124,124
78,2969,124,124
78,2970,124,124
78,2971,124,124
78,2972,124,124
79,2973,124,124
79,2974,124,124
79,2975,124,124
79,2976,124,124
79,2977,124,124
79,2978,124,124
79,2979,124,124
79,2980,124,124
79,2981,124,124
79,2982,124,124
79,2983,124,124
79,2984,124,124
79,2985,124,124
79,2986,124,124
79,2987,124,124
79,2988,124,124
79,2989,124,124
79,2990,124,124
79,2991,124,124
79,2992,124,124
79,2993,124,124
79,2994,124,124
79,2995,124,124
79,2996,124,124
79,2997,124,124
79,2998,124,124
79,2999,124,124
79,3000,124,124
79,3001,124,124
79,3002,124,124
79,3003,124,124
79,3004,124,124
79,3005,124,124
79,3006,124,124
79,3007,124,124
79,3008,124,124
80,3009,124,124
80,3010,124,124
80,3011,124,124
80,3012,124,124
80,3013,124,124
80,3014,124,124
80,3015,124,124
80,3016,124,124
80,3017,124,124
80,3018,124,124
80,3019,124,124
80,3020,124,124
80,3021,124,124
80,3022,124,124
80,3023,124,124
80,3024,124,124
80,3025,124,124
80,3026,124,124
80,3027,124,124
80,3028,124,124
80,3029,124,124
80,3030,124,124
80,3031,124,124
80,3032,124,124
80,3033,124,124
80,3034,124,124
80,3035,124,124
80,3036,124,124
80,3037,124,124
80,3038,124,124
80,3039,124,124
80,3040,124,124
80,3041,124,124
80,3042,124,124
80,3043,124,124
81,3044,124,124
81,3045,124,124
81,3046,124,124
81,3047,124,124
81,3048,124,124
81,3049,124,124
81,3050,124,124
81,3051,124,124
81,3052,124,124
81,3053,124,124
81,3054,124,124
81,3055,124,124
81,3056,124,124
81,3057,124,124
81,3058,124,124
81,3059,124,124
81,3060,124,124
81,3061,124,124
81,3062,124,124
81,3063,124,124
81,3064,124,124
81,3065,124,124
81,3066,124,124
81,3067,124,124
81,3068,124,124
81,3069,124,124
81,3070,124,124
81,3071,124,124
81,3072,124,124
81,3073,124,124
81,3074,124,124
81,3075,124,124
81,3076,124,124
81,3077,124,124
81,3078,124,124
82,3079,124,124
82,3080,124,124
82,3081,124,124
82,3082,124,124
82,3083,124,124
82,3084,124,124
82,3085,124,124
82,3086,124,124
82,3087,124,124
82,3088,124,124
82,3089,124,124
82,3090,124,124
82,3091,124,124
82,3092,124,124
82,3093,124,124
82,3094,124,124
82,3095,124,124
82,3096,124,124
82,3097,124,124
82,3098,124,124
82,3099,124,124
82,3100,124,124
82,3101,124,124
82,3102,124,124
82,3103,124,124
82,3104,124,124
82,3105,124,124
82,3106,124,124
82,3107,124,124
82,3108,124,124
82,3109,124,124
82,3110,124,124
82,3111,124,124
82,3112,124,124
82,3113,124,124
82,3114,124,124
82,3115,124,124
83,3116,124,124
83,3117,124,124
83,3118,124,124
83,3119,124,124
83,3120,124,124
83,3121,124,124
83,3122,124,124
83,3123,124,124
83,3124,124,124
83,3125,124,124
83,3126,124,124
83,3127,124,124
83,3128,124,124
83,3129,124,124
83,3130,124,124
83,3131,124,124
83,3132,124,124
83,3133,124,124
83,3134,124,124
83,3135,124,124
83,3136,124,124
83,3137,124,124
83,3138,124,124
83,3139,124,124
83,3140,124,124
83,3141,124,124
83,3142,124,124
83,3143,124,124
83,3144,124,124
83,3145,124,124
83,3146,124,124
83,3147,124,124
83,3148,124,124
83,3149,124,124
83,3150,124,124
83,3151,124,124
84,3152,124,124
84,3153,124,124
84,3154,124,124
84,3155,124,124
84,3156,124,124
84,3157,124,124
84,3158,124,124
84,3159,124,124
84,3160,124,124
84,3161,124,124
84,3162,124,124
84,3163,124,124
84,3164,124,124
84,3165,124,124
84,3166,124,124
84,3167,124,124
84,3168,124,124
84,3169,124,124
84,3170,124,124
84,3171,124,124
84,3172,124,124
84,3173,124,124
84,3174,124,124
84,3175,124,124
84,3176,124,124
84,3177,124,124
84,3178,124,124
84,3179,124,124
84,3180,124,124
84,3181,124,124
84,3182,124,124
84,3183,124,124
84,3184,124,124
84,3185,124,124
84,3186,124,124
84,3187,124,124
84,3188,124,124
85,3189,124,124
85,3190,124,124
85,3191,124,124
85,3192,124,124
85,3193,124,124
85,3194,124,124
85,3195,124,124
85,3196,124,124
85,3197,124,124
85,3198,124,124
85,3199,124,124
85,3200,124,124
85,3201,124,124
85,3202,124,124
85,3203,124,124
85,3204,124,124
85,3205,124,124
85,3206,124,124
85,3207,124,124
85,3208,124,124
85,3209,124,124
85,3210,124,124
85,3211,124,124
85,3212,124,124
85,3213,124,124
85,3214,124,124
85,3215,124,124
85,3216,124,124
85,3217,124,124
85,3218,124,124
85,3219,124,124
85,3220,124,124
85,3221,124,124
85,3222,124,124
85,3223,124,124
85,3224,124,124
85,3225,124,124
85,3226,124,124
86,3227,124,124
86,3228,124,124
86,3229,124,124
86,3230,124,124
86,3231,124,124
86,3232,124,124
86,3233,124,124
86,3234,124,124
86,3235,124,124
86,3236,124,124
86,3237,124,124
86,3238,124,124
86,3239,124,124
86,3240,124,124
86,3241,124,124
86,3242,124,124
86,3243,124,124
86,3244,124,124
86,3245,124,124
86,3246,124,124
86,3247,124,124
86,3248,124,124
86,3249,124,124
86,3250,124,124
86,3251,124,124
86,3252,124,124
86,3253,124,124
86,3254,124,124
86,3255,124,124
86,3256,124,124
86,3257,124,124
86,3258,124,124
86,3259,124,124
86,3260,124,124
86,3261,124,124
86,3262,124,124
86,3263,124,124
86,3264,124,124
86,3265,124,124
86,3266,124,124
87,3267,124,124
87,3268,124,124
87,3269,124,124
87,3270,124,124
87,3271,124,124
87,3272,124,124
87,3273,124,124
87,3274,124,124
87,3275,124,124
87,3276,124,124
87,3277,124,124
87,3278,124,124
87,3279,124,124
87,3280,124,124
87,3281,124,124
87,3282,124,124
87,3283,124,124
87,3284,124,124
87,3285,124,124
87,3286,124,124
87,3287,124,124
87,3288,124,124
87,3289,124,124
87,3290,124,124
87,3291,124,124
87,3292,124,124
87,3293,124,124
87,3294,124,124
87,3295,124,124
87,3296,124,124
87,3297,124,124
87,3298,124,124
87,3299,124,124
87,3300,124,124
87,3301,124,124
87,3302,124,124
87,3303,124,124
88,3304,124,124
88,3305,124,124
88,3306,124,124
88,3307,124,124
88,3308,124,124
88,3309,124,124
88,3310,124,124
88,3311,124,124
88,3312,124,124
88,3313,124,124
88,3314,124,124
88,3315,124,124
88,3316,124,124
88,3317,124,124
88,3318,124,124
88,3319,124,124
88,3320,124,124
88,3321,124,124
88,3322,124,124
88,3323,124,124
88,3324,124,124
88,3325,124,124
88,3326,124,124
88,3327,124,124
88,3328,124,124
88,3329,124,124
88,3330,124,124
88,3331,124,124
88,3332,124,124
88,3333,124,124
88,3334,124,124
88,3335,124,124
88,3336,124,124
89,3337,124,124
89,3338,124,124
89,3339,124,124
89,3340,124,124
89,3341,124,124
89,3342,124,124
89,3343,124,124
89,3344,124,124
89,3345,124,124
89,3346,124,124
89,3347,124,124
89,3348,124,124
89,3349,124,124
89,3350,124,124
89,3351,124,124
89,3352,124,124
89,3353,124,124
89,3354,124,124
89,3355,124,124
89,3356,124,124
89,3357,124,124
89,3358,124,124
89,3359,124,124
89,3360,124,124
89,3361,124,124
89,3362,124,124
89,3363,124,124
89,3364,124,124
89,3365,124,124
89,3366,124,124
89,3367,124,124
89,3368,124,124
89,3369,124,124
89,3370,124,124
89,3371,124,124
89,3372,124,124
90,3373,124,124
90,3374,124,124
90,3375,124,124
90,3376,124,124
90,3377,124,124
90,3378,124,124
90,3379,124,124
90,3380,124,124
90,3381,124,124
90,3382,124,124
90,3383,124,124
90,3384,124,124
90,3385,124,124
90,3386,124,124
90,3387,124,124
90,3388,124,124
90,3389,124,124
90,3390,124,124
90,3391,124,124
90,3392,124,124
90,3393,124,124
90,3394,124,124
90,3395,124,124
90,3396,124,124
90,3397,124,124
90,3398,124,124
90,3399,124,124
90,3400,124,124
90,3401,124,124
90,3402,124,124
90,3403,124,124
90,3404,124,124
90,3405,124,124
90,3406,124,124
90,3407,124,124
90,3408,124,124
91,3409,124,124
91,3410,124,124
91,3411,124,124
91,3412,124,124
91,3413,124,124
91,3414,124,124
91,3415,124,124
91,3416,124,124
91,3417,124,124
91,3418,124,124
91,3419,124,124
91,3420,124,124
91,3421,124,124
91,3422,124,124
91,3423,124,124
91,3424,124,124
91,3425,124,124
91,3426,124,124
91,3427,124,124
91,3428,124,124
91,3429,124,124
91,3430,124,124
91,3431,124,124
91,3432,124,124
91,3433,124,124
91,3434,124,124
91,3435,124,124
91,3436,124,124
91,3437,124,124
91,3438,124,124
91,3439,124,124
91,3440,124,124
91,3441,124,124
91,3442,124,124
91,3443,124,124
92,3444,124,124
92,3445,124,124
92,3446,124,124
92,3447,124,124
92,3448,124,124
92,3449,124,124
92,3450,124,124
92,3451,124,124
92,3452,124,124
92,3453,124,124
92,3454,124,124
92,3455,124,124
92,3456,124,124
92,3457,124,124
92,3458,124,124
92,3459,124,124
92,3460,124,124
92,3461,124,124
92,3462,124,124
92,3463,124,124
92,3464,124,124
92,3465,124,124
92,3466,124,124
92,3467,124,124
92,3468,124,124
92,3469,124,124
92,3470,124,124
92,3471,124,124
92,3472,124,124
92,3473,124,124
92,3474,124,124
92,3475,124,124
92,3476,124,124
92,3477,124,124
92,3478,124,124
93,3479,124,124
93,3480,124,124
93,3481,124,124
93,3482,124,124
93,3483,124,124
93,3484,124,124
93,3485,124,124
93,3486,124,124
93,3487,124,124
93,3488,124,124
93,3489,124,124
93,3490,124,124
93,3491,124,124
93,3492,124,124
93,3493,124,124
93,3494,124,124
93,3495,124,124
93,3496,124,124
93,3497,124,124
93,3498,124,124
93,3499,124,124
93,3500,124,124
93,3501,124,124
93,3502,124,124
93,3503,124,124
93,3504,124,124
93,3505,124,124
93,3506,124,124
93,3507,124,124
93,3508,124,124
93,3509,124,124
93,3510,124,124
93,3511,124,124
93,3512,124,124
93,3513,124,124
93,3514,124,124
93,3515,124,124
93,3516,124,124
94,3517,124,124
94,3518,124,124
94,3519,124,124
94,3520,124,124
94,3521,124,124
94,3522,124,124
94,3523,124,124
94,3524,124,124
94,3525,124,124
94,3526,124,124
94,3527,124,124
94,3528,124,124
94,3529,124,124
94,3530,124,124
94,3531,124,124
94,3532,124,124
94,3533,124,124
94,3534,124,124
94,3535,124,124
94,3536,124,124
94,3537,124,124
94,3538,124,124
94,3539,124,124
94,3540,124,124
94,3541,124,124
94,3542,124,124
94,3543,124,124
94,3544,124,124
94,3545,124,124
94,3546,124,124
94,3547,124,124
94,3548,124,124
94,3549,124,124
94,3550,124,124
95,3551,124,124
95,3552,124,124
95,3553,124,124
95,3554,124,124
95,3555,124,124
95,3556,124,124
95,3557,124,124
95,3558,124,124
95,3559,124,124
95,3560,124,124
95,3561,124,124
95,3562,124,124
95,3563,124,124
95,3564,124,124
95,3565,124,124
95,3566,124,124
95,3567,124,124
95,3568,124,124
95,3569,124,124
95,3570,124,124
95,3571,124,124
95,3572,124,124
95,3573,124,124
95,3574,124,124
95,3575,124,124
95,3576,124,124
95,3577,124,124
95,3578,124,124
95,3579,124,124
95,3580,124,124
95,3581,124,124
95,3582,124,124
95,3583,124,124
95,3584,124,124
95,3585,124,124
95,3586,124,124
95,3587,124,124
96,3588,124,124
96,3589,124,124
96,3590,124,124
96,3591,124,124
96,3592,124,124
96,3593,124,124
96,3594,124,124
96,3595,124,124
96,3596,124,124
96,3597,124,124
96,3598,124,124
96,3599,124,124
96,3600,124,124
96,3601,124,124
96,3602,124,124
96,3603,124,124
96,3604,124,124
96,3605,124,124
96,3606,124,124
96,3607,124,124
96,3608,124,124
96,3609,124,124
96,3610,124,124
96,3611,124,124
96,3612,124,124
96,3613,124,124
96,3614,124,124
96,3615,124,124
96,3616,124,124
96,3617,124,124
96,3618,124,124
96,3619,124,124
96,3620,124,124
96,3621,124,124
96,3622,124,124
96,3623,124,124
96,3624,124,124
96,3625,124,124
96,3626,124,124
96,3627,124,124
96,3628,124,124
96,3629,124,124
97,3630,124,124
97,3631,124,124
97,3632,124,124
97,3633,124,124
97,3634,124,124
97,3635,124,124
97,3636,124,124
97,3637,124,124
97,3638,124,124
97,3639,124,124
97,3640,124,124
97,3641,124,124
97,3642,124,124
97,3643,124,124
97,3644,124,124
97,3645,124,124
97,3646,124,124
97,3647,124,124
97,3648,124,124
97,3649,124,124
97,3650,124,124
97,3651,124,124
97,3652,124,124
97,3653,124,124
97,3654,124,124
97,3655,124,124
97,3656,124,124
97,3657,124,124
97,3658,124,124
97,3659,124,124
97,3660,124,124
97,3661,124,124
97,3662,124,124
97,3663,124,124
97,3664,124,124
97,3665,124,124
98,3666,124,124
98,3667,124,124
98,3668,124,124
98,3669,124,124
98,3670,124,124
98,3671,124,124
98,3672,124,124
98,3673,124,124
98,3674,124,124
98,3675,124,124
98,3676,124,124
98,3677,124,124
98,3678,124,124
98,3679,124,124
98,3680,124,124
98,3681,124,124
98,3682,124,124
98,3683,124,124
98,3684,124,124
98,3685,124,124
98,3686,124,124
98,3687,124,124
98,3688,124,124
98,3689,124,124
98,3690,124,124
98,3691,124,124
98,3692,124,124
98,3693,124,124
98,3694,124,124
98,3695,124,124
98,3696,124,124
98,3697,124,124
98,3698,124,124
98,3699,124,124
98,3700,124,124
98,3701,124,124
98,3702,124,124
98,3703,124,124
98,3704,124,124
98,3705,124,124
98,3706,124,124
98,3707,124,124
99,3708,124,124
99,3709,124,124
99,3710,124,124
99,3711,124,124
99,3712,124,124
99,3713,124,124
99,3714,124,124
99,3715,124,124
99,3716,124,124
99,3717,124,124
99,3718,124,124
99,3719,124,124
99,3720,124,124
99,3721,124,124
99,3722,124,124
99,3723,124,124
99,3724,124,124
99,3725,124,124
99,3726,124,124
99,3727,124,124
99,3728,124,124
99,3729,124,124
99,3730,124,124
99,3731,124,124
99,3732,124,124
99,3733,124,124
99,3734,124,124
99,3735,124,124
99,3736,124,124
99,3737,124,124
99,3738,124,124
99,3739,124,124
99,3740,124,124
99,3741,124,124
99,3742,124,124
99,3743,124,124
99,3744,124,124
99,3745,124,124
99,3746,124,124
100,3747,124,124
100,3748,124,124
100,3749,124,124
100,3750,124,124
100,3751,124,124
100,3752,124,124
100,3753,124,124
100,3754,124,124
100,3755,124,124
100,3756,124,124
100,3757,124,124
100,3758,124,124
100,3759,124,124
100,3760,124,124
100,3761,124,124
100,3762,124,124
100,3763,124,124
100,3764,124,124
100,3765,124,124
100,3766,124,124
100,3767,124,124
100,3768,124,124
100,3769,124,124
100,3770,124,124
100,3771,124,124
100,3772,124,124
100,3773,124,124
100,3774,124,124
100,3775,124,124
100,3776,124,124
100,3777,124,124
100,3778,124,124
100,3779,124,124
101,3780,124,124
101,3781,124,124
101,3782,124,124
101,3783,124,124
101,3784,124,124
101,3785,124,124
101,3786,124,124
101,3787,124,124
101,3788,124,124
101,3789,124,124
101,3790,124,124
101,3791,124,124
101,3792,124,124
101,3793,124,124
101,3794,124,124
101,3795,124,124
101,3796,124,124
101,3797,124,124
101,3798,124,124
101,3799,124,124
101,3800,124,124
101,3801,124,124
101,3802,124,124
101,3803,124,124
101,3804,124,124
101,3805,124,124
101,3806,124,124
101,3807,124,124
101,3808,124,124
101,3809,124,124
101,3810,124,124
101,3811,124,124
101,3812,124,124
101,3813,124,124
101,3814,124,124
102,3815,124,124
102,3816,124,124
102,3817,124,124
102,3818,124,124
102,3819,124,124
102,3820,124,124
102,3821,124,124
102,3822,124,124
102,3823,124,124
102,3824,124,124
102,3825,124,124
102,3826,124,124
102,3827,124,124
102,3828,124,124
102,3829,124,124
102,3830,124,124
102,3831,124,124
102,3832,124,124
102,3833,124,124
102,3834,124,124
102,3835,124,124
102,3836,124,124
102,3837,124,124
102,3838,124,124
102,3839,124,124
102,3840,124,124
102,3841,124,124
102,3842,124,124
102,3843,124,124
102,3844,124,124
102,3845,124,124
102,3846,124,124
102,3847,124,124
102,3848,124,124
102,3849,124,124
102,3850,124,124
102,3851,124,124
102,3852,124,124
102,3853,124,124
102,3854,124,124
103,3855,124,124
103,3856,124,124
103,3857,124,124
103,3858,124,124
103,3859,124,124
103,3860,124,124
103,3861,124,124
103,3862,124,124
103,3863,124,124
103,3864,124,124
103,3865,124,124
103,3866,124,124
103,3867,124,124
103,3868,124,124
103,3869,124,124
103,3870,124,124
103,3871,124,124
103,3872,124,124
103,3873,124,124
103,3874,124,124
103,3875,124,124
103,3876,124,124
103,3877,124,124
103,3878,124,124
103,3879,124,124
103,3880,124,124
103,3881,124,124
103,3882,124,124
103,3883,124,124
103,3884,124,124
103,3885,124,124
103,3886,124,124
103,3887,124,124
103,3888,124,124
103,3889,124,124
103,3890,124,124
103,3891,124,124
103,3892,124,124
103,3893,124,124
104,3894,124,124
104,3895,124,124
104,3896,124,124
104,3897,124,124
104,3898,124,124
104,3899,124,124
104,3900,124,124
104,3901,124,124
104,3902,124,124
104,3903,124,124
104,3904,124,124
104,3905,124,124
104,3906,124,124
104,3907,124,124
104,3908,124,124
104,3909,124,124
104,3910,124,124
104,3911,124,124
104,3912,124,124
104,3913,124,124
104,3914,124,124
104,3915,124,124
104,3916,124,124
104,3917,124,124
104,3918,124,124
104,3919,124,124
104,3920,124,124
104,3921,124,124
104,3922,124,124
104,3923,124,124
104,3924,124,124
104,3925,124,124
104,3926,124,124
104,3927,124,124
104,3928,124,124
105,3929,124,124
105,3930,124,124
105,3931,124,124
105,3932,124,124
105,3933,124,124
105,3934,124,124
105,3935,124,124
105,3936,124,124
105,3937,124,124
105,3938,124,124
105,3939,124,124
105,3940,124,124
105,3941,124,124
105,3942,124,124
105,3943,124,124
105,3944,124,124
105,3945,124,124
105,3946,124,124
105,3947,124,124
105,3948,124,124
105,3949,124,124
105,3950,124,124
105,3951,124,124
105,3952,124,124
105,3953,124,124
105,3954,124,124
105,3955,124,124
105,3956,124,124
105,3957,124,124
105,3958,124,124
105,3959,124,124
105,3960,124,124
105,3961,124,124
105,3962,124,124
105,3963,124,124
105,3964,124,124
105,3965,124,124
106,3966,124,124
106,3967,124,124
106,3968,124,124
106,3969,124,124
106,3970,124,124
106,3971,124,124
106,3972,124,124
106,3973,124,124
106,3974,124,124
106,3975,124,124
106,3976,124,124
106,3977,124,124
106,3978,124,124
106,3979,124,124
106,3980,124,124
106,3981,124,124
106,3982,124,124
106,3983,124,124
106,3984,124,124
106,3985,124,124
106,3986,124,124
106,3987,124,124
106,3988,124,124
106,3989,124,124
106,3990,124,124
106,3991,124,124
106,3992,124,124
106,3993,124,124
106,3994,124,124
106,3995,124,124
106,3996,124,124
106,3997,124,124
106,3998,124,124
106,3999,124,124
106,4000,124,124
106,4001,124,124
106,4002,124,124
107,4003,124,124
107,4004,124,124
107,4005,124,124
107,4006,124,124
107,4007,124,124
107,4008,124,124
107,4009,124,124
107,4010,124,124
107,4011,124,124
107,4012,124,124
107,4013,124,124
107,4014,124,124
107,4015,124,124
107,4016,124,124
107,4017,124,124
107,4018,124,124
107,4019,124,124
107,4020,124,124
107,4021,124,124
107,4022,124,124
107,4023,124,124
107,4024,124,124
107,4025,124,124
107,4026,124,124
107,4027,124,124
107,4028,124,124
107,4029,124,124
107,4030,124,124
107,4031,124,124
107,4032,124,124
107,4033,124,124
107,4034,124,124
107,4035,124,124
107,4036,124,124
107,4037,124,124
107,4038,124,124
107,4039,124,124
108,4040,124,124
108,4041,124,124
108,4042,124,124
108,4043,124,124
108,4044,124,124
108,4045,124,124
108,4046,124,124
108,4047,124,124
108,4048,124,124
108,4049,124,124
108,4050,124,124
108,4051,124,124
108,4052,124,124
108,4053,124,124
108,4054,124,124
108,4055,124,124
108,4056,124,124
108,4057,124,124
108,4058,124,124
108,4059,124,124
108,4060,124,124
108,4061,124,124
108,4062,124,124
108,4063,124,124
108,4064,124,124
108,4065,124,124
108,4066,124,124
108,4067,124,124
108,4068,124,124
108,4069,124,124
108,4070,124,124
108,4071,124,124
108,4072,124,124
108,4073,124,124
108,4074,124,124
108,4075,124,124
108,4076,124,124
108,4077,124,124
108,4078,124,124
108,4079,124,124
109,4080,124,124
109,4081,124,124
109,4082,124,124
109,4083,124,124
109,4084,124,124
109,4085,124,124
109,4086,124,124
109,4087,124,124
109,4088,124,124
109,4089,124,124
109,4090,124,124
109,4091,124,124
109,4092,124,124
109,4093,124,124
109,4094,124,124
109,4095,124,124
109,4096,124,124
109,4097,124,124
109,4098,124,124
109,4099,124,124
109,4100,124,124
109,4101,124,124
109,4102,124,124
109,4103,124,124
109,4104,124,124
109,4105,124,124
109,4106,124,124
109,4107,124,124
109,4108,124,124
109,4109,124,124
109,4110,124,124
109,4111,124,124
109,4112,124,124
109,4113,124,124
109,4114,124,124
109,4115,124,124
110,4116,124,124
110,4117,124,124
110,4118,124,124
110,4119,124,124
110,4120,124,124
110,4121,124,124
110,4122,124,124
110,4123,124,124
110,4124,124,124
110,4125,124,124
110,4126,124,124
110,4127,124,124
110,4128,124,124
110,4129,124,124
110,4130,124,124
110,4131,124,124
110,4132,124,124
110,4133,124,124
110,4134,124,124
110,4135,124,124
110,4136,124,124
110,4137,124,124
110,4138,124,124
110,4139,124,124
110,4140,124,124
110,4141,124,124
110,4142,124,124
110,4143,124,124
110,4144,124,124
110,4145,124,124
110,4146,124,124
110,4147,124,124
110,4148,124,124
110,4149,124,124
110,4150,124,124
111,4151,124,124
111,4152,124,124
111,4153,124,124
111,4154,124,124
111,4155,124,124
111,4156,124,124
111,4157,124,124
111,4158,124,124
111,4159,124,124
111,4160,124,124
111,4161,124,124
111,4162,124,124
111,4163,124,124
111,4164,124,124
111,4165,124,124
111,4166,124,124
111,4167,124,124
111,4168,124,124
111,4169,124,124
111,4170,124,124
111,4171,124,124
111,4172,124,124
111,4173,124,124
111,4174,124,124
111,4175,124,124
111,4176,124,124
111,4177,124,124
111,4178,124,124
111,4179,124,124
111,4180,124,124
111,4181,124,124
111,4182,124,124
111,4183,124,124
111,4184,124,124
111,4185,124,124
111,4186,124,124
111,4187,124,124
111,4188,124,124
111,4189,124,124
111,4190,124,124
112,4191,124,124
112,4192,124,124
112,4193,124,124
112,4194,124,124
112,4195,124,124
112,4196,124,124
112,4197,124,124
112,4198,124,124
112,4199,124,124
112,4200,124,124
112,4201,124,124
112,4202,124,124
112,4203,124,124
112,4204,124,124
112,4205,124,124
112,4206,124,124
112,4207,124,124
112,4208,124,124
112,4209,124,124
112,4210,124,124
112,4211,124,124
112,4212,124,124
112,4213,124,124
112,4214,124,124
112,4215,124,124
112,4216,124,124
112,4217,124,124
112,4218,124,124
112,4219,124,124
112,4220,124,124
112,4221,124,124
112,4222,124,124
112,4223,124,124
112,4224,124,124
112,4225,124,124
112,4226,124,124
112,4227,124,124
112,4228,124,124
112,4229,124,124
112,4230,124,124
113,4231,124,124
113,4232,124,124
113,4233,124,124
113,4234,124,124
113,4235,124,124
113,4236,124,124
113,4237,124,124
113,4238,124,124
113,4239,124,124
113,4240,124,124
113,4241,124,124
113,4242,124,124
113,4243,124,124
113,4244,124,124
113,4245,124,124
113,4246,124,124
113,4247,124,124
113,4248,124,124
113,4249,124,124
113,4250,124,124
113,4251,124,124
113,4252,124,124
113,4253,124,124
113,4254,124,124
113,4255,124,124
113,4256,124,124
113,4257,124,124
113,4258,124,124
113,4259,124,124
113,4260,124,124
113,4261,124,124
113,4262,124,124
113,4263,124,124
113,4264,124,124
113,4265,124,124
113,4266,124,124
113,4267,124,124
113,4268,124,124
113,4269,124,124
114,4270,124,124
114,4271,124,124
114,4272,124,124
114,4273,124,124
114,4274,124,124
114,4275,124,124
114,4276,124,124
114,4277,124,124
114,4278,124,124
114,4279,124,124
114,4280,124,124
114,4281,124,124
114,4282,124,124
114,4283,124,124
114,4284,124,124
114,4285,124,124
114,4286,124,124
114,4287,124,124
114,4288,124,124
114,4289,124,124
114,4290,124,124
114,4291,124,124
114,4292,124,124
114,4293,124,124
114,4294,124,124
114,4295,124,124
114,4296,124,124
114,4297,124,124
114,4298,124,124
114,4299,124,124
114,4300,124,124
114,4301,124,124
114,4302,124,124
114,4303,124,124
114,4304,124,124
114,4305,124,124
114,4306,124,124
114,4307,124,124
114,4308,124,124
115,4309,124,124
115,4310,124,124
115,4311,124,124
115,4312,124,124
115,4313,124,124
115,4314,124,124
115,4315,124,124
115,4316,124,124
115,4317,124,124
115,4318,124,124
115,4319,124,124
115,4320,124,124
115,4321,124,124
115,4322,124,124
115,4323,124,124
115,4324,124,124
115,4325,124,124
115,4326,124,124
115,4327,124,124
115,4328,124,124
115,4329,124,124
115,4330,124,124
115,4331,124,124
115,4332,124,124
115,4333,124,124
115,4334,124,124
115,4335,124,124
115,4336,124,124
115,4337,124,124
115,4338,124,124
115,4339,124,124
115,4340,124,124
115,4341,124,124
115,4342,124,124
115,4343,124,124
115,4344,124,124
115,4345,124,124
115,4346,124,124
115,4347,124,124
116,4348,124,124
116,4349,124,124
116,4350,124,124
116,4351,124,124
116,4352,124,124
116,4353,124,124
116,4354,124,124
116,4355,124,124
116,4356,124,124
116,4357,124,124
116,4358,124,124
116,4359,124,124
116,4360,124,124
116,4361,124,124
116,4362,124,124
116,4363,124,124
116,4364,124,124
116,4365,124,124
116,4366,124,124
116,4367,124,124
116,4368,124,124
116,4369,124,124
116,4370,124,124
116,4371,124,124
116,4372,124,124
116,4373,124,124
116,4374,124,124
116,4375,124,124
116,4376,124,124
116,4377,124,124
116,4378,124,124
116,4379,124,124
116,4380,124,124
116,4381,124,124
116,4382,124,124
116,4383,124,124
116,4384,124,124
116,4385,124,124
117,4386,124,124
117,4387,124,124
117,4388,124,124
117,4389,124,124
117,4390,124,124
117,4391,124,124
117,4392,124,124
117,4393,124,124
117,4394,124,124
117,4395,124,124
117,4396,124,124
117,4397,124,124
117,4398,124,124
117,4399,124,124
117,4400,124,124
117,4401,124,124
117,4402,124,124
117,4403,124,124
117,4404,124,124
117,4405,124,124
117,4406,124,124
117,4407,124,124
117,4408,124,124
117,4409,124,124
117,4410,124,124
117,4411,124,124
117,4412,124,124
117,4413,124,124
117,4414,124,124
117,4415,124,124
117,4416,124,124
117,4417,124,124
117,4418,124,124
117,4419,124,124
117,4420,124,124
118,4421,124,124
118,4422,124,124
118,4423,124,124
118,4424,124,124
118,4425,124,124
118,4426,124,124
118,4427,124,124
118,4428,124,124
118,4429,124,124
118,4430,124,124
118,4431,124,124
118,4432,124,124
118,4433,124,124
118,4434,124,124
118,4435,124,124
118,4436,124,124
118,4437,124,124
118,4438,124,124
118,4439,124,124
118,4440,124,124
118,4441,124,124
118,4442,124,124
118,4443,124,124
118,4444,124,124
118,4445,124,124
118,4446,124,124
118,4447,124,124
118,4448,124,124
118,4449,124,124
118,4450,124,124
118,4451,124,124
118,4452,124,124
118,4453,124,124
118,4454,124,124
118,4455,124,124
119,4456,124,124
119,4457,124,124
119,4458,124,124
119,4459,124,124
119,4460,124,124
119,4461,124,124
119,4462,124,124
119,4463,124,124
119,4464,124,124
119,4465,124,124
119,4466,124,124
119,4467,124,124
119,4468,124,124
119,4469,124,124
119,4470,124,124
119,4471,124,124
119,4472,124,124
119,4473,124,124
119,4474,124,124
119,4475,124,124
119,4476,124,124
119,4477,124,124
119,4478,124,124
119,4479,124,124
119,4480,124,124
119,4481,124,124
119,4482,124,124
119,4483,124,124
119,4484,124,124
119,4485,124,124
119,4486,124,124
119,4487,124,124
119,4488,124,124
119,4489,124,124
119,4490,124,124
119,4491,124,124
119,4492,124,124
119,4493,124,124
119,4494,124,124
119,4495,124,124
120,4496,124,124
120,4497,124,124
120,4498,124,124
120,4499,124,124
120,4500,124,124
120,4501,124,124
120,4502,124,124
120,4503,124,124
120,4504,124,124
120,4505,124,124
120,4506,124,124
120,4507,124,124
120,4508,124,124
120,4509,124,124
120,4510,124,124
120,4511,124,124
120,4512,124,124
120,4513,124,124
120,4514,124,124
120,4515,124,124
120,4516,124,124
120,4517,124,124
120,4518,124,124
120,4519,124,124
120,4520,124,124
120,4521,124,124
120,4522,124,124
120,4523,124,124
120,4524,124,124
120,4525,124,124
120,4526,124,124
120,4527,124,124
120,4528,124,124
120,4529,124,124
120,4530,124,124
120,4531,124,124
121,4532,124,124
121,4533,124,124
121,4534,124,124
121,4535,124,124
121,4536,124,124
121,4537,124,124
121,4538,124,124
121,4539,124,124
121,4540,124,124
121,4541,124,124
121,4542,124,124
121,4543,124,124
121,4544,124,124
121,4545,124,124
121,4546,124,124
121,4547,124,124
121,4548,124,124
121,4549,124,124
121,4550,124,124
121,4551,124,124
121,4552,124,124
121,4553,124,124
121,4554,124,124
121,4555,124,124
121,4556,124,124
121,4557,124,124
121,4558,124,124
121,4559,124,124
121,4560,124,124
121,4561,124,124
121,4562,124,124
121,4563,124,124
121,4564,124,124
121,4565,124,124
121,4566,124,124
121,4567,124,124
121,4568,124,124
121,4569,124,124
121,4570,124,124
121,4571,124,124
121,4572,124,124
121,4573,124,124
122,4574,124,124
122,4575,124,124
122,4576,124,124
122,4577,124,124
122,4578,124,124
122,4579,124,124
122,4580,124,124
122,4581,124,124
122,4582,124,124
122,4583,124,124
122,4584,124,124
122,4585,124,124
122,4586,124,124
122,4587,124,124
122,4588,124,124
122,4589,124,124
122,4590,124,124
122,4591,124,124
122,4592,124,124
122,4593,124,124
122,4594,124,124
122,4595,124,124
122,4596,124,124
122,4597,124,124
122,4598,124,124
122,4599,124,124
122,4600,124,124
122,4601,124,124
122,4602,124,124
122,4603,124,124
122,4604,124,124
122,4605,124,124
122,4606,124,124
122,4607,124,124
122,4608,124,124
123,4609,124,124
123,4610,124,124
123,4611,124,124
123,4612,124,124
123,4613,124,124
123,4614,124,124
123,4615,124,124
123,4616,124,124
123,4617,124,124
123,4618,124,124
123,4619,124,124
123,4620,124,124
123,4621,124,124
123,4622,124,124
123,4623,124,124
123,4624,124,124
123,4625,124,124
123,4626,124,124
123,4627,124,124
123,4628,124,124
123,4629,124,124
123,4630,124,124
123,4631,124,124
123,4632,124,124
123,4633,124,124
123,4634,124,124
123,4635,124,124
123,4636,124,124
123,4637,124,124
123,4638,124,124
123,4639,124,124
123,4640,124,124
123,4641,124,124
123,4642,124,124
123,4643,124,124
123,4644,124,124
124,4645,124,124
124,4646,124,124
124,4647,124,124
124,4648,124,124
124,4649,124,124
124,4650,124,124
124,4651,124,124
124,4652,124,124
124,4653,124,124
124,4654,124,124
124,4655,124,124
124,4656,124,124
124,4657,124,124
124,4658,124,124
124,4659,124,124
124,4660,124,124
124,4661,124,124
124,4662,124,124
124,4663,124,124
124,4664,124,124
124,4665,124,124
124,4666,124,124
124,4667,124,124
124,4668,124,124
124,4669,124,124
124,4670,124,124
124,4671,124,124
124,4672,124,124
124,4673,124,124
124,4674,124,124
124,4675,124,124
124,4676,124,124
124,4677,124,124
124,4678,124,124
124,4679,124,124
124,4680,124,124
124,4681,124,124
124,4682,124,124
125,4683,124,124
125,4684,124,124
125,4685,124,124
125,4686,124,124
125,4687,124,124
125,4688,124,124
125,4689,124,124
125,4690,124,124
125,4691,124,124
125,4692,124,124
125,4693,124,124
125,4694,124,124
125,4695,124,124
125,4696,124,124
125,4697,124,124
125,4698,124,124
125,4699,124,124
125,4700,124,124
125,4701,124,124
125,4702,124,124
125,4703,124,124
125,4704,124,124
125,4705,124,124
125,4706,124,124
125,4707,124,124
125,4708,124,124
125,4709,124,124
125,4710,124,124
125,4711,124,124
125,4712,124,124
125,4713,124,124
125,4714,124,124
125,4715,124,124
125,4716,124,124
125,4717,124,124
125,4718,124,124
125,4719,124,124
125,4720,124,124
125,4721,124,124
125,4722,124,124
125,4723,124,124
125,4724,124,124
126,4725,124,124
126,4726,124,124
126,4727,124,124
126,4728,124,124
126,4729,124,124
126,4730,124,124
126,4731,124,124
126,4732,124,124
126,4733,124,124
126,4734,124,124
126,4735,124,124
126,4736,124,124
126,4737,124,124
126,4738,124,124
126,4739,124,124
126,4740,124,124
126,4741,124,124
126,4742,124,124
126,4743,124,124
126,4744,124,124
126,4745,124,124
126,4746,124,124
126,4747,124,124
126,4748,124,124
126,4749,124,124
126,4750,124,124
126,4751,124,124
126,4752,124,124
126,4753,124,124
126,4754,124,124
126,4755,124,124
126,4756,124,124
126,4757,124,124
126,4758,124,124
127,4759,124,124
127,4760,124,124
127,4761,124,124
127,4762,124,124
127,4763,124,124
127,4764,124,124
127,4765,124,124
127,4766,124,124
127,4767,124,124
127,4768,124,124
127,4769,124,124
127,4770,124,124
127,4771,124,124
127,4772,124,124
127,4773,124,124
127,4774,124,124
127,4775,124,124
127,4776,124,124
127,4777,124,124
127,4778,124,124
127,4779,124,124
127,4780,124,124
127,4781,124,124
127,4782,124,124
127,4783,124,124
127,4784,124,124
127,4785,124,124
127,4786,124,124
127,4787,124,124
127,4788,124,124
127,4789,124,124
127,4790,124,124
127,4791,124,124
127,4792,124,124
127,4793,124,124
127,4794,124,124
128,4795,124,124
128,4796,124,124
128,4797,124,124
128,4798,124,124
128,4799,124,124
128,4800,124,124
128,4801,124,124
128,4802,124,124
128,4803,124,124
128,4804,124,124
128,4805,124,124
128,4806,124,124
128,4807,124,124
128,4808,124,124
128,4809,124,124
128,4810,124,124
128,4811,124,124
128,4812,124,124
128,4813,124,124
128,4814,124,124
128,4815,124,124
128,4816,124,124
128,4817,124,124
128,4818,124,124
128,4819,124,124
128,4820,124,124
128,4821,124,124
128,4822,124,124
128,4823,124,124
128,4824,124,124
128,4825,124,124
128,4826,124,124
128,4827,124,124
128,4828,124,124
128,4829,124,124
128,4830,124,124
128,4831,124,124
129,4832,124,124
129,4833,124,124
129,4834,124,124
129,4835,124,124
129,4836,124,124
129,4837,124,124
129,4838,124,124
129,4839,124,124
129,4840,124,124
129,4841,124,124
129,4842,124,124
129,4843,124,124
129,4844,124,124
129,4845,124,124
129,4846,124,124
129,4847,124,124
129,4848,124,124
129,4849,124,124
129,4850,124,124
129,4851,124,124
129,4852,124,124
129,4853,124,124
129,4854,124,124
129,4855,124,124
129,4856,124,124
129,4857,124,124
129,4858,124,124
129,4859,124,124
129,4860,124,124
129,4861,124,124
129,4862,124,124
129,4863,124,124
129,4864,124,124
129,4865,124,124
129,4866,124,124
130,4867,124,124
130,4868,124,124
130,4869,124,124
130,4870,124,124
130,4871,124,124
130,4872,124,124
130,4873,124,124
130,4874,124,124
130,4875,124,124
130,4876,124,124
130,4877,124,124
130,4878,124,124
130,4879,124,124
130,4880,124,124
130,4881,124,124
130,4882,124,124
130,4883,124,124
130,4884,124,124
130,4885,124,124
130,4886,124,124
130,4887,124,124
130,4888,124,124
130,4889,124,124
130,4890,124,124
130,4891,124,124
130,4892,124,124
130,4893,124,124
130,4894,124,124
130,4895,124,124
130,4896,124,124
130,4897,124,124
130,4898,124,124
130,4899,124,124
131,4900,124,124
131,4901,124,124
131,4902,124,124
131,4903,124,124
131,4904,124,124
131,4905,124,124
131,4906,124,124
131,4907,124,124
131,4908,124,124
131,4909,124,124
131,4910,124,124
131,4911,124,124
131,4912,124,124
131,4913,124,124
131,4914,124,124
131,4915,124,124
131,4916,124,124
131,4917,124,124
131,4918,124,124
131,4919,124,124
131,4920,124,124
131,4921,124,124
131,4922,124,124
131,4923,124,124
131,4924,124,124
131,4925,124,124
131,4926,124,124
131,4927,124,124
131,4928,124,124
131,4929,124,124
131,4930,124,124
131,4931,124,124
131,4932,124,124
131,4933,124,124
131,4934,124,124
131,4935,124,124
131,4936,124,124
131,4937,124,124
131,4938,124,124
131,4939,124,124
132,4940,124,124
132,4941,124,124
132,4942,124,124
132,4943,124,124
132,4944,124,124
132,4945,124,124
132,4946,124,124
132,4947,124,124
132,4948,124,124
132,4949,124,124
132,4950,124,124
132,4951,124,124
132,4952,124,124
132,4953,124,124
132,4954,124,124
132,4955,124,124
132,4956,124,124
132,4957,124,124
132,4958,124,124
132,4959,124,124
132,4960,124,124
132,4961,124,124
132,4962,124,124
132,4963,124,124
132,4964,124,124
132,4965,124,124
132,4966,124,124
132,4967,124,124
132,4968,124,124
132,4969,124,124
132,4970,124,124
132,4971,124,124
132,4972,124,124
132,4973,124,124
132,4974,124,124
132,4975,124,124
132,4976,124,124
132,4977,124,124
133,4978,124,124
133,4979,124,124
133,4980,124,124
133,4981,124,124
133,4982,124,124
133,4983,124,124
133,4984,124,124
133,4985,124,124
133,4986,124,124
133,4987,124,124
133,4988,124,124
133,4989,124,124
133,4990,124,124
133,4991,124,124
133,4992,124,124
133,4993,124,124
133,4994,124,124
133,4995,124,124
133,4996,124,124
133,4997,124,124
133,4998,124,124
133,4999,124,124
133,5000,124,124
133,5001,124,124
133,5002,124,124
133,5003,124,124
133,5004,124,124
133,5005,124,124
133,5006,124,124
133,5007,124,124
133,5008,124,124
133,5009,124,124
133,5010,124,124
133,5011,124,124
133,5012,124,124
133,5013,124,124
133,5014,124,124
133,5015,124,124
133,5016,124,124
134,5017,124,124
134,5018,124,124
134,5019,124,124
134,5020,124,124
134,5021,124,124
134,5022,124,124
134,5023,124,124
134,5024,124,124
134,5025,124,124
134,5026,124,124
134,5027,124,124
134,5028,124,124
134,5029,124,124
134,5030,124,124
134,5031,124,124
134,5032,124,124
134,5033,124,124
134,5034,124,124
134,5035,124,124
134,5036,124,124
134,5037,124,124
134,5038,124,124
134,5039,124,124
134,5040,124,124
134,5041,124,124
134,5042,124,124
134,5043,124,124
134,5044,124,124
134,5045,124,124
134,5046,124,124
134,5047,124,124
134,5048,124,124
134,5049,124,124
134,5050,124,124
134,5051,124,124
134,5052,124,124
135,5053,124,124
135,5054,124,124
135,5055,124,124
135,5056,124,124
135,5057,124,124
135,5058,124,124
135,5059,124,124
135,5060,124,124
135,5061,124,124
135,5062,124,124
135,5063,124,124
135,5064,124,124
135,5065,124,124
135,5066,124,124
135,5067,124,124
135,5068,124,124
135,5069,124,124
135,5070,124,124
135,5071,124,124
135,5072,124,124
135,5073,124,124
135,5074,124,124
135,5075,124,124
135,5076,124,124
135,5077,124,124
135,5078,124,124
135,5079,124,124
135,5080,124,124
135,5081,124,124
135,5082,124,124
135,5083,124,124
135,5084,124,124
135,5085,124,124
135,5086,124,124
135,5087,124,124
135,5088,124,124
135,5089,124,124
136,5090,124,124
136,5091,124,124
136,5092,124,124
136,5093,124,124
136,5094,124,124
136,5095,124,124
136,5096,124,124
136,5097,124,124
136,5098,124,124
136,5099,124,124
136,5100,124,124
136,5101,124,124
136,5102,124,124
136,5103,124,124
136,5104,124,124
136,5105,124,124
136,5106,124,124
136,5107,124,124
136,5108,124,124
136,5109,124,124
136,5110,124,124
136,5111,124,124
136,5112,124,124
136,5113,124,124
136,5114,124,124
136,5115,124,124
136,5116,124,124
136,5117,124,124
136,5118,124,124
136,5119,124,124
136,5120,124,124
136,5121,124,124
136,5122,124,124
136,5123,124,124
136,5124,124,124
136,5125,124,124
137,5126,124,124
137,5127,124,124
137,5128,124,124
137,5129,124,124
137,5130,124,124
137,5131,124,124
137,5132,124,124
137,5133,124,124
137,5134,124,124
137,5135,124,124
137,5136,124,124
137,5137,124,124
137,5138,124,124
137,5139,124,124
137,5140,124,124
137,5141,124,124
137,5142,124,124
137,5143,124,124
137,5144,124,124
137,5145,124,124
137,5146,124,124
137,5147,124,124
137,5148,124,124
137,5149,124,124
137,5150,124,124
137,5151,124,124
137,5152,124,124
137,5153,124,124
137,5154,124,124
137,5155,124,124
137,5156,124,124
137,5157,124,124
137,5158,124,124
137,5159,124,124
137,5160,124,124
137,5161,124,124
137,5162,124,124
137,5163,124,124
138,5164,124,124
138,5165,124,124
138,5166,124,124
138,5167,124,124
138,5168,124,124
138,5169,124,124
138,5170,124,124
138,5171,124,124
138,5172,124,124
138,5173,124,124
138,5174,124,124
138,5175,124,124
138,5176,124,124
138,5177,124,124
138,5178,124,124
138,5179,124,124
138,5180,124,124
138,5181,124,124
138,5182,124,124
138,5183,124,124
138,5184,124,124
138,5185,124,124
138,5186,124,124
138,5187,124,124
138,5188,124,124
138,5189,124,124
138,5190,124,124
138,5191,124,124
138,5192,124,124
138,5193,124,124
138,5194,124,124
138,5195,124,124
138,5196,124,124
138,5197,124,124
138,5198,124,124
138,5199,124,124
138,5200,124,124
138,5201,124,124
138,5202,124,124
139,5203,124,124
139,5204,124,124
139,5205,124,124
139,5206,124,124
139,5207,124,124
139,5208,124,124
139,5209,124,124
139,5210,124,124
139,5211,124,124
139,5212,124,124
139,5213,124,124
139,5214,124,124
139,5215,124,124
139,5216,124,124
139,5217,124,124
139,5218,124,124
139,5219,124,124
139,5220,124,124
139,5221,124,124
139,5222,124,124
139,5223,124,124
139,5224,124,124
139,5225,124,124
139,5226,124,124
139,5227,124,124
139,5228,124,124
139,5229,124,124
139,5230,124,124
139,5231,124,124
139,5232,124,124
139,5233,124,124
139,5234,124,124
139,5235,124,124
139,5236,124,124
139,5237,124,124
139,5238,124,124
139,5239,124,124
139,5240,124,124
139,5241,124,124
139,5242,124,124
139,5243,124,124
140,5244,124,124
140,5245,124,124
140,5246,124,124
140,5247,124,124
140,5248,124,124
140,5249,124,124
140,5250,124,124
140,5251,124,124
140,5252,124,124
140,5253,124,124
140,5254,124,124
140,5255,124,124
140,5256,124,124
140,5257,124,124
140,5258,124,124
140,5259,124,124
140,5260,124,124
140,5261,124,124
140,5262,124,124
140,5263,124,124
140,5264,124,124
140,5265,124,124
140,5266,124,124
140,5267,124,124
140,5268,124,124
140,5269,124,124
140,5270,124,124
140,5271,124,124
140,5272,124,124
140,5273,124,124
140,5274,124,124
140,5275,124,124
140,5276,124,124
140,5277,124,124
140,5278,124,124
140,5279,124,124
140,5280,124,124
140,5281,124,124
140,5282,124,124
140,5283,124,124
141,5284,124,124
141,5285,124,124
141,5286,124,124
141,5287,124,124
141,5288,124,124
141,5289,124,124
141,5290,124,124
141,5291,124,124
141,5292,124,124
141,5293,124,124
141,5294,124,124
141,5295,124,124
141,5296,124,124
141,5297,124,124
141,5298,124,124
141,5299,124,124
141,5300,124,124
141,5301,124,124
141,5302,124,124
141,5303,124,124
141,5304,124,124
141,5305,124,124
141,5306,124,124
141,5307,124,124
141,5308,124,124
141,5309,124,124
141,5310,124,124
141,5311,124,124
141,5312,124,124
141,5313,124,124
141,5314,124,124
141,5315,124,124
141,5316,124,124
141,5317,124,124
141,5318,124,124
141,5319,124,124
141,5320,124,124
142,5321,124,124
142,5322,124,124
142,5323,124,124
142,5324,124,124
142,5325,124,124
142,5326,124,124
142,5327,124,124
142,5328,124,124
142,5329,124,124
142,5330,124,124
142,5331,124,124
142,5332,124,124
142,5333,124,124
142,5334,124,124
142,5335,124,124
142,5336,124,124
142,5337,124,124
142,5338,124,124
142,5339,124,124
142,5340,124,124
142,5341,124,124
142,5342,124,124
142,5343,124,124
142,5344,124,124
142,5345,124,124
142,5346,124,124
142,5347,124,124
142,5348,124,124
142,5349,124,124
142,5350,124,124
142,5351,124,124
142,5352,124,124
142,5353,124,124
142,5354,124,124
142,5355,124,124
142,5356,124,124
142,5357,124,124
142,5358,124,124
143,5359,124,124
143,5360,124,124
143,5361,124,124
143,5362,124,124
143,5363,124,124
143,5364,124,124
143,5365,124,124
143,5366,124,124
143,5367,124,124
143,5368,124,124
143,5369,124,124
143,5370,124,124
143,5371,124,124
143,5372,124,124
143,5373,124,124
143,5374,124,124
143,5375,124,124
143,5376,124,124
143,5377,124,124
143,5378,124,124
143,5379,124,124
143,5380,124,124
143,5381,124,124
143,5382,124,124
143,5383,124,124
143,5384,124,124
143,5385,124,124
143,5386,124,124
143,5387,124,124
143,5388,124,124
143,5389,124,124
143,5390,124,124
143,5391,124,124
143,5392,124,124
143,5393,124,124
143,5394,124,124
143,5395,124,124
143,5396,124,124
143,5397,124,124
144,5398,124,124
144,5399,124,124
144,5400,124,124
144,5401,124,124
144,5402,124,124
144,5403,124,124
144,5404,124,124
144,5405,124,124
144,5406,124,124
144,5407,124,124
144,5408,124,124
144,5409,124,124
144,5410,124,124
144,5411,124,124
144,5412,124,124
144,5413,124,124
144,5414,124,124
144,5415,124,124
144,5416,124,124
144,5417,124,124
144,5418,124,124
144,5419,124,124
144,5420,124,124
144,5421,124,124
144,5422,124,124
144,5423,124,124
144,5424,124,124
144,5425,124,124
144,5426,124,124
144,5427,124,124
144,5428,124,124
144,5429,124,124
144,5430,124,124
144,5431,124,124
144,5432,124,124
144,5433,124,124
145,5434,124,124
145,5435,124,124
145,5436,124,124
145,5437,124,124
145,5438,124,124
145,5439,124,124
145,5440,124,124
145,5441,124,124
145,5442,124,124
145,5443,124,124
145,5444,124,124
145,5445,124,124
145,5446,124,124
145,5447,124,124
145,5448,124,124
145,5449,124,124
145,5450,124,124
145,5451,124,124
145,5452,124,124
145,5453,124,124
145,5454,124,124
145,5455,124,124
145,5456,124,124
145,5457,124,124
145,5458,124,124
145,5459,124,124
145,5460,124,124
145,5461,124,124
145,5462,124,124
145,5463,124,124
145,5464,124,124
145,5465,124,124
145,5466,124,124
145,5467,124,124
145,5468,124,124
145,5469,124,124
145,5470,124,124
146,5471,124,124
146,5472,124,124
146,5473,124,124
146,5474,124,124
146,5475,124,124
146,5476,124,124
146,5477,124,124
146,5478,124,124
146,5479,124,124
146,5480,124,124
146,5481,124,124
146,5482,124,124
146,5483,124,124
146,5484,124,124
146,5485,124,124
146,5486,124,124
146,5487,124,124
146,5488,124,124
146,5489,124,124
146,5490,124,124
146,5491,124,124
146,5492,124,124
146,5493,124,124
146,5494,124,124
146,5495,124,124
146,5496,124,124
146,5497,124,124
146,5498,124,124
146,5499,124,124
146,5500,124,124
146,5501,124,124
146,5502,124,124
146,5503,124,124
146,5504,124,124
146,5505,124,124
146,5506,124,124
147,5507,124,124
147,5508,124,124
147,5509,124,124
147,5510,124,124
147,5511,124,124
147,5512,124,124
147,5513,124,124
147,5514,124,124
147,5515,124,124
147,5516,124,124
147,5517,124,124
147,5518,124,124
147,5519,124,124
147,5520,124,124
147,5521,124,124
147,5522,124,124
147,5523,124,124
147,5524,124,124
147,5525,124,124
147,5526,124,124
147,5527,124,124
147,5528,124,124
147,5529,124,124
147,5530,124,124
147,5531,124,124
147,5532,124,124
147,5533,124,124
147,5534,124,124
147,5535,124,124
147,5536,124,124
147,5537,124,124
147,5538,124,124
147,5539,124,124
147,5540,124,124
147,5541,124,124
147,5542,124,124
147,5543,124,124
147,5544,124,124
147,5545,124,124
147,5546,124,124
147,5547,124,124
148,5548,124,124
148,5549,124,124
148,5550,124,124
148,5551,124,124
148,5552,124,124
148,5553,124,124
148,5554,124,124
148,5555,124,124
148,5556,124,124
148,5557,124,124
148,5558,124,124
148,5559,124,124
148,5560,124,124
148,5561,124,124
148,5562,124,124
148,5563,124,124
148,5564,124,124
148,5565,124,124
148,5566,124,124
148,5567,124,124
148,5568,124,124
148,5569,124,124
148,5570,124,124
148,5571,124,124
148,5572,124,124
148,5573,124,124
148,5574,124,124
148,5575,124,124
148,5576,124,124
148,5577,124,124
148,5578,124,124
148,5579,124,124
148,5580,124,124
148,5581,124,124
148,5582,124,124
148,5583,124,124
149,5584,124,124
149,5585,124,124
149,5586,124,124
149,5587,124,124
149,5588,124,124
149,5589,124,124
149,5590,124,124
149,5591,124,124
149,5592,124,124
149,5593,124,124
149,5594,124,124
149,5595,124,124
149,5596,124,124
149,5597,124,124
149,5598,124,124
149,5599,124,124
149,5600,124,124
149,5601,124,124
149,5602,124,124
149,5603,124,124
149,5604,124,124
149,5605,124,124
149,5606,124,124
149,5607,124,124
149,5608,124,124
149,5609,124,124
149,5610,124,124
149,5611,124,124
149,5612,124,124
149,5613,124,124
149,5614,124,124
149,5615,124,124
149,5616,124,124
149,5617,124,124
149,5618,124,124
149,5619,124,124
149,5620,124,124
149,5621,124,124
150,5622,124,124
150,5623,124,124
150,5624,124,124
150,5625,124,124
150,5626,124,124
150,5627,124,124
150,5628,124,124
150,5629,124,124
150,5630,124,124
150,5631,124,124
150,5632,124,124
150,5633,124,124
150,5634,124,124
150,5635,124,124
150,5636,124,124
150,5637,124,124
150,5638,124,124
150,5639,124,124
150,5640,124,124
150,5641,124,124
150,5642,124,124
150,5643,124,124
150,5644,124,124
150,5645,124,124
150,5646,124,124
150,5647,124,124
150,5648,124,124
150,5649,124,124
150,5650,124,124
150,5651,124,124
150,5652,124,124
150,5653,124,124
150,5654,124,124
150,5655,124,124
150,5656,124,124
150,5657,124,124
150,5658,124,124
150,5659,124,124
150,5660,124,124
150,5661,124,124
150,5662,124,124
150,5663,124,124
151,5664,124,124
151,5665,124,124
151,5666,124,124
151,5667,124,124
151,5668,124,124
151,5669,124,124
151,5670,124,124
151,5671,124,124
151,5672,124,124
151,5673,124,124
151,5674,124,124
151,5675,124,124
151,5676,124,124
151,5677,124,124
151,5678,124,124
151,5679,124,124
151,5680,124,124
151,5681,124,124
151,5682,124,124
151,5683,124,124
151,5684,124,124
151,5685,124,124
151,5686,124,124
151,5687,124,124
151,5688,124,124
151,5689,124,124
151,5690,124,124
151,5691,124,124
151,5692,124,124
151,5693,124,124
151,5694,124,124
151,5695,124,124
151,5696,124,124
151,5697,124,124
151,5698,124,124
151,5699,124,124
151,5700,124,124
151,5701,124,124
151,5702,124,124
152,5703,124,124
152,5704,124,124
152,5705,124,124
152,5706,124,124
152,5707,124,124
152,5708,124,124
152,5709,124,124
152,5710,124,124
152,5711,124,124
152,5712,124,124
152,5713,124,124
152,5714,124,124
152,5715,124,124
152,5716,124,124
152,5717,124,124
152,5718,124,124
152,5719,124,124
152,5720,124,124
152,5721,124,124
152,5722,124,124
152,5723,124,124
152,5724,124,124
152,5725,124,124
152,5726,124,124
152,5727,124,124
152,5728,124,124
152,5729,124,124
152,5730,124,124
152,5731,124,124
152,5732,124,124
152,5733,124,124
152,5734,124,124
152,5735,124,124
152,5736,124,124
152,5737,124,124
153,5738,124,124
153,5739,124,124
153,5740,124,124
153,5741,124,124
153,5742,124,124
153,5743,124,124
153,5744,124,124
153,5745,124,124
153,5746,124,124
153,5747,124,124
153,5748,124,124
153,5749,124,124
153,5750,124,124
153,5751,124,124
153,5752,124,124
153,5753,124,124
153,5754,124,124
153,5755,124,124
153,5756,124,124
153,5757,124,124
153,5758,124,124
153,5759,124,124
153,5760,124,124
153,5761,124,124
153,5762,124,124
153,5763,124,124
153,5764,124,124
153,5765,124,124
153,5766,124,124
153,5767,124,124
153,5768,124,124
153,5769,124,124
153,5770,124,124
153,5771,124,124
153,5772,124,124
153,5773,124,124
153,5774,124,124
153,5775,124,124
153,5776,124,124
154,5777,124,124
154,5778,124,124
154,5779,124,124
154,5780,124,124
154,5781,124,124
154,5782,124,124
154,5783,124,124
154,5784,124,124
154,5785,124,124
154,5786,124,124
154,5787,124,124
154,5788,124,124
154,5789,124,124
154,5790,124,124
154,5791,124,124
154,5792,124,124
154,5793,124,124
154,5794,124,124
154,5795,124,124
154,5796,124,124
154,5797,124,124
154,5798,124,124
154,5799,124,124
154,5800,124,124
154,5801,124,124
154,5802,124,124
154,5803,124,124
154,5804,124,124
154,5805,124,124
154,5806,124,124
154,5807,124,124
154,5808,124,124
154,5809,124,124
154,5810,124,124
154,5811,124,124
154,5812,124,124
154,5813,124,124
154,5814,124,124
154,5815,124,124
154,5816,124,124
154,5817,124,124
154,5818,124,124
155,5819,124,124
155,5820,124,124
155,5821,124,124
155,5822,124,124
155,5823,124,124
155,5824,124,124
155,5825,124,124
155,5826,124,124
155,5827,124,124
155,5828,124,124
155,5829,124,124
155,5830,124,124
155,5831,124,124
155,5832,124,124
155,5833,124,124
155,5834,124,124
155,5835,124,124
155,5836,124,124
155,5837,124,124
155,5838,124,124
155,5839,124,124
155,5840,124,124
155,5841,124,124
155,5842,124,124
155,5843,124,124
155,5844,124,124
155,5845,124,124
155,5846,124,124
155,5847,124,124
155,5848,124,124
155,5849,124,124
155,5850,124,124
155,5851,124,124
155,5852,124,124
155,5853,124,124
155,5854,124,124
155,5855,124,124
155,5856,124,124
155,5857,124,124
155,5858,124,124
155,5859,124,124
156,5860,124,124
156,5861,124,124
156,5862,124,124
156,5863,124,124
156,5864,124,124
156,5865,124,124
156,5866,124,124
156,5867,124,124
156,5868,124,124
156,5869,124,124
156,5870,124,124
156,5871,124,124
156,5872,124,124
156,5873,124,124
156,5874,124,124
156,5875,124,124
156,5876,124,124
156,5877,124,124
156,5878,124,124
156,5879,124,124
156,5880,124,124
156,5881,124,124
156,5882,124,124
156,5883,124,124
156,5884,124,124
156,5885,124,124
156,5886,124,124
156,5887,124,124
156,5888,124,124
156,5889,124,124
156,5890,124,124
156,5891,124,124
156,5892,124,124
156,5893,124,124
156,5894,124,124
156,5895,124,124
156,5896,124,124
156,5897,124,124
156,5898,124,124
157,5899,124,124
157,5900,124,124
157,5901,124,124
157,5902,124,124
157,5903,124,124
157,5904,124,124
157,5905,124,124
157,5906,124,124
157,5907,124,124
157,5908,124,124
157,5909,124,124
157,5910,124,124
157,5911,124,124
157,5912,124,124
157,5913,124,124
157,5914,124,124
157,5915,124,124
157,5916,124,124
157,5917,124,124
157,5918,124,124
157,5919,124,124
157,5920,124,124
157,5921,124,124
157,5922,124,124
157,5923,124,124
157,5924,124,124
157,5925,124,124
157,5926,124,124
157,5927,124,124
157,5928,124,124
157,5929,124,124
157,5930,124,124
157,5931,124,124
157,5932,124,124
157,5933,124,124
157,5934,124,124
157,5935,124,124
157,5936,124,124
158,5937,124,124
158,5938,124,124
158,5939,124,124
158,5940,124,124
158,5941,124,124
158,5942,124,124
158,5943,124,124
158,5944,124,124
158,5945,124,124
158,5946,124,124
158,5947,124,124
158,5948,124,124
158,5949,124,124
158,5950,124,124
158,5951,124,124
158,5952,124,124
158,5953,124,124
158,5954,124,124
158,5955,124,124
158,5956,124,124
158,5957,124,124
158,5958,124,124
158,5959,124,124
158,5960,124,124
158,5961,124,124
158,5962,124,124
158,5963,124,124
158,5964,124,124
158,5965,124,124
158,5966,124,124
158,5967,124,124
158,5968,124,124
159,5969,124,124
159,5970,124,124
159,5971,124,124
159,5972,124,124
159,5973,124,124
159,5974,124,124
159,5975,124,124
159,5976,124,124
159,5977,124,124
159,5978,124,124
159,5979,124,124
159,5980,124,124
159,5981,124,124
159,5982,124,124
159,5983,124,124
159,5984,124,124
159,5985,124,124
159,5986,124,124
159,5987,124,124
159,5988,124,124
159,5989,124,124
159,5990,124,124
159,5991,124,124
159,5992,124,124
159,5993,124,124
159,5994,124,124
159,5995,124,124
159,5996,124,124
159,5997,124,124
159,5998,124,124
159,5999,124,124
159,6000,124,124
159,6001,124,124
159,6002,124,124
160,6003,124,124
160,6004,124,124
160,6005,124,124
160,6006,124,124
160,6007,124,124
160,6008,124,124
160,6009,124,124
160,6010,124,124
160,6011,124,124
160,6012,124,124
160,6013,124,124
160,6014,124,124
160,6015,124,124
160,6016,124,124
160,6017,124,124
160,6018,124,124
160,6019,124,124
160,6020,124,124
160,6021,124,124
160,6022,124,124
160,6023,124,124
160,6024,124,124
160,6025,124,124
160,6026,124,124
160,6027,124,124
160,6028,124,124
160,6029,124,124
160,6030,124,124
160,6031,124,124
160,6032,124,124
160,6033,124,124
160,6034,124,124
160,6035,124,124
160,6036,124,124
160,6037,124,124
160,6038,124,124
160,6039,124,124
160,6040,124,124
161,6041,124,124
161,6042,124,124
161,6043,124,124
161,6044,124,124
161,6045,124,124
161,6046,124,124
161,6047,124,124
161,6048,124,124
161,6049,124,124
161,6050,124,124
161,6051,124,124
161,6052,124,124
161,6053,124,124
161,6054,124,124
161,6055,124,124
161,6056,124,124
161,6057,124,124
161,6058,124,124
161,6059,124,124
161,6060,124,124
161,6061,124,124
161,6062,124,124
161,6063,124,124
161,6064,124,124
161,6065,124,124
161,6066,124,124
161,6067,124,124
161,6068,124,124
161,6069,124,124
161,6070,124,124
161,6071,124,124
161,6072,124,124
161,6073,124,124
161,6074,124,124
161,6075,124,124
162,6076,124,124
162,6077,124,124
162,6078,124,124
162,6079,124,124
162,6080,124,124
162,6081,124,124
162,6082,124,124
162,6083,124,124
162,6084,124,124
162,6085,124,124
162,6086,124,124
162,6087,124,124
162,6088,124,124
162,6089,124,124
162,6090,124,124
162,6091,124,124
162,6092,124,124
162,6093,124,124
162,6094,124,124
162,6095,124,124
162,6096,124,124
162,6097,124,124
162,6098,124,124
162,6099,124,124
162,6100,124,124
162,6101,124,124
162,6102,124,124
162,6103,124,124
162,6104,124,124
162,6105,124,124
162,6106,124,124
162,6107,124,124
162,6108,124,124
162,6109,124,124
162,6110,124,124
162,6111,124,124
162,6112,124,124
163,6113,124,124
163,6114,124,124
163,6115,124,124
163,6116,124,124
163,6117,124,124
163,6118,124,124
163,6119,124,124
163,6120,124,124
163,6121,124,124
163,6122,124,124
163,6123,124,124
163,6124,124,124
163,6125,124,124
163,6126,124,124
163,6127,124,124
163,6128,124,124
163,6129,124,124
163,6130,124,124
163,6131,124,124
163,6132,124,124
163,6133,124,124
163,6134,124,124
163,6135,124,124
163,6136,124,124
163,6137,124,124
163,6138,124,124
163,6139,124,124
163,6140,124,124
163,6141,124,124
163,6142,124,124
163,6143,124,124
163,6144,124,124
163,6145,124,124
163,6146,124,124
163,6147,124,124
163,6148,124,124
163,6149,124,124
164,6150,124,124
164,6151,124,124
164,6152,124,124
164,6153,124,124
164,6154,124,124
164,6155,124,124
164,6156,124,124
164,6157,124,124
164,6158,124,124
164,6159,124,124
164,6160,124,124
164,6161,124,124
164,6162,124,124
164,6163,124,124
164,6164,124,124
164,6165,124,124
164,6166,124,124
164,6167,124,124
164,6168,124,124
164,6169,124,124
164,6170,124,124
164,6171,124,124
164,6172,124,124
164,6173,124,124
164,6174,124,124
164,6175,124,124
164,6176,124,124
164,6177,124,124
164,6178,124,124
164,6179,124,124
164,6180,124,124
164,6181,124,124
164,6182,124,124
164,6183,124,124
164,6184,124,124
164,6185,124,124
165,6186,124,124
165,6187,124,124
165,6188,124,124
165,6189,124,124
165,6190,124,124
165,6191,124,124
165,6192,124,124
165,6193,124,124
165,6194,124,124
165,6195,124,124
165,6196,124,124
165,6197,124,124
165,6198,124,124
165,6199,124,124
165,6200,124,124
165,6201,124,124
165,6202,124,124
165,6203,124,124
165,6204,124,124
165,6205,124,124
165,6206,124,124
165,6207,124,124
165,6208,124,124
165,6209,124,124
165,6210,124,124
165,6211,124,124
165,6212,124,124
165,6213,124,124
165,6214,124,124
165,6215,124,124
165,6216,124,124
165,6217,124,124
165,6218,124,124
165,6219,124,124
165,6220,124,124
165,6221,124,124
165,6222,124,124
165,6223,124,124
165,6224,124,124
166,6225,124,124
166,6226,124,124
166,6227,124,124
166,6228,124,124
166,6229,124,124
166,6230,124,124
166,6231,124,124
166,6232,124,124
166,6233,124,124
166,6234,124,124
166,6235,124,124
166,6236,124,124
166,6237,124,124
166,6238,124,124
166,6239,124,124
166,6240,124,124
166,6241,124,124
166,6242,124,124
166,6243,124,124
166,6244,124,124
166,6245,124,124
166,6246,124,124
166,6247,124,124
166,6248,124,124
166,6249,124,124
166,6250,124,124
166,6251,124,124
166,6252,124,124
166,6253,124,124
166,6254,124,124
166,6255,124,124
166,6256,124,124
166,6257,124,124
166,6258,124,124
166,6259,124,124
166,6260,124,124
166,6261,124,124
166,6262,124,124
166,6263,124,124
166,6264,124,124
166,6265,124,124
166,6266,124,124
167,6267,124,124
167,6268,124,124
167,6269,124,124
167,6270,124,124
167,6271,124,124
167,6272,124,124
167,6273,124,124
167,6274,124,124
167,6275,124,124
167,6276,124,124
167,6277,124,124
167,6278,124,124
167,6279,124,124
167,6280,124,124
167,6281,124,124
167,6282,124,124
167,6283,124,124
167,6284,124,124
167,6285,124,124
167,6286,124,124
167,6287,124,124
167,6288,124,124
167,6289,124,124
167,6290,124,124
167,6291,124,124
167,6292,124,124
167,6293,124,124
167,6294,124,124
167,6295,124,124
167,6296,124,124
167,6297,124,124
167,6298,124,124
167,6299,124,124
167,6300,124,124
167,6301,124,124
167,6302,124,124
167,6303,124,124
167,6304,124,124
168,6305,124,124
168,6306,124,124
168,6307,124,124
168,6308,124,124
168,6309,124,124
168,6310,124,124
168,6311,124,124
168,6312,124,124
168,6313,124,124
168,6314,124,124
168,6315,124,124
168,6316,124,124
168,6317,124,124
168,6318,124,124
168,6319,124,124
168,6320,124,124
168,6321,124,124
168,6322,124,124
168,6323,124,124
168,6324,124,124
168,6325,124,124
168,6326,124,124
168,6327,124,124
168,6328,124,124
168,6329,124,124
168,6330,124,124
168,6331,124,124
168,6332,124,124
168,6333,124,124
168,6334,124,124
168,6335,124,124
168,6336,124,124
168,6337,124,124
168,6338,124,124
168,6339,124,124
168,6340,124,124
168,6341,124,124
168,6342,124,124
168,6343,124,124
168,6344,124,124
168,6345,124,124
168,6346,124,124
168,6347,124,124
169,6348,124,124
169,6349,124,124
169,6350,124,124
169,6351,124,124
169,6352,124,124
169,6353,124,124
169,6354,124,124
169,6355,124,124
169,6356,124,124
169,6357,124,124
169,6358,124,124
169,6359,124,124
169,6360,124,124
169,6361,124,124
169,6362,124,124
169,6363,124,124
169,6364,124,124
169,6365,124,124
169,6366,124,124
169,6367,124,124
169,6368,124,124
169,6369,124,124
169,6370,124,124
169,6371,124,124
169,6372,124,124
169,6373,124,124
169,6374,124,124
169,6375,124,124
169,6376,124,124
169,6377,124,124
169,6378,124,124
169,6379,124,124
169,6380,124,124
169,6381,124,124
169,6382,124,124
169,6383,124,124
169,6384,124,124
170,6385,124,124
170,6386,124,124
170,6387,124,124
170,6388,124,124
170,6389,124,124
170,6390,124,124
170,6391,124,124
170,6392,124,124
170,6393,124,124
170,6394,124,124
170,6395,124,124
170,6396,124,124
170,6397,124,124
170,6398,124,124
170,6399,124,124
170,6400,124,124
170,6401,124,124
170,6402,124,124
170,6403,124,124
170,6404,124,124
170,6405,124,124
170,6406,124,124
170,6407,124,124
170,6408,124,124
170,6409,124,124
170,6410,124,124
170,6411,124,124
170,6412,124,124
170,6413,124,124
170,6414,124,124
170,6415,124,124
170,6416,124,124
170,6417,124,124
170,6418,124,124
171,6419,124,124
171,6420,124,124
171,6421,124,124
171,6422,124,124
171,6423,124,124
171,6424,124,124
171,6425,124,124
171,6426,124,124
171,6427,124,124
171,6428,124,124
171,6429,124,124
171,6430,124,124
171,6431,124,124
171,6432,124,124
171,6433,124,124
171,6434,124,124
171,6435,124,124
171,6436,124,124
171,6437,124,124
171,6438,124,124
171,6439,124,124
171,6440,124,124
171,6441,124,124
171,6442,124,124
171,6443,124,124
171,6444,124,124
171,6445,124,124
171,6446,124,124
171,6447,124,124
171,6448,124,124
171,6449,124,124
171,6450,124,124
171,6451,124,124
171,6452,124,124
171,6453,124,124
172,6454,124,124
172,6455,124,124
172,6456,124,124
172,6457,124,124
172,6458,124,124
172,6459,124,124
172,6460,124,124
172,6461,124,124
172,6462,124,124
172,6463,124,124
172,6464,124,124
172,6465,124,124
172,6466,124,124
172,6467,124,124
172,6468,124,124
172,6469,124,124
172,6470,124,124
172,6471,124,124
172,6472,124,124
172,6473,124,124
172,6474,124,124
172,6475,124,124
172,6476,124,124
172,6477,124,124
172,6478,124,124
172,6479,124,124
172,6480,124,124
172,6481,124,124
172,6482,124,124
172,6483,124,124
172,6484,124,124
172,6485,124,124
172,6486,124,124
172,6487,124,124
173,6488,124,124
173,6489,124,124
173,6490,124,124
173,6491,124,124
173,6492,124,124
173,6493,124,124
173,6494,124,124
173,6495,124,124
173,6496,124,124
173,6497,124,124
173,6498,124,124
173,6499,124,124
173,6500,124,124
173,6501,124,124
173,6502,124,124
173,6503,124,124
173,6504,124,124
173,6505,124,124
173,6506,124,124
173,6507,124,124
173,6508,124,124
173,6509,124,124
173,6510,124,124
173,6511,124,124
173,6512,124,124
173,6513,124,124
173,6514,124,124
173,6515,124,124
173,6516,124,124
173,6517,124,124
173,6518,124,124
173,6519,124,124
173,6520,124,124
173,6521,124,124
173,6522,124,124
173,6523,124,124
173,6524,124,124
173,6525,124,124
173,6526,124,124
173,6527,124,124
173,6528,124,124
173,6529,124,124
173,6530,124,124
174,6531,124,124
174,6532,124,124
174,6533,124,124
174,6534,124,124
174,6535,124,124
174,6536,124,124
174,6537,124,124
174,6538,124,124
174,6539,124,124
174,6540,124,124
174,6541,124,124
174,6542,124,124
174,6543,124,124
174,6544,124,124
174,6545,124,124
174,6546,124,124
174,6547,124,124
174,6548,124,124
174,6549,124,124
174,6550,124,124
174,6551,124,124
174,6552,124,124
174,6553,124,124
174,6554,124,124
174,6555,124,124
174,6556,124,124
174,6557,124,124
174,6558,124,124
174,6559,124,124
174,6560,124,124
174,6561,124,124
174,6562,124,124
174,6563,124,124
174,6564,124,124
174,6565,124,124
174,6566,124,124
174,6567,124,124
174,6568,124,124
174,6569,124,124
175,6570,124,124
175,6571,124,124
175,6572,124,124
175,6573,124,124
175,6574,124,124
175,6575,124,124
175,6576,124,124
175,6577,124,124
175,6578,124,124
175,6579,124,124
175,6580,124,124
175,6581,124,124
175,6582,124,124
175,6583,124,124
175,6584,124,124
175,6585,124,124
175,6586,124,124
175,6587,124,124
175,6588,124,124
175,6589,124,124
175,6590,124,124
175,6591,124,124
175,6592,124,124
175,6593,124,124
175,6594,124,124
175,6595,124,124
175,6596,124,124
175,6597,124,124
175,6598,124,124
175,6599,124,124
175,6600,124,124
175,6601,124,124
175,6602,124,124
175,6603,124,124
175,6604,124,124
175,6605,124,124
176,6606,124,124
176,6607,124,124
176,6608,124,124
176,6609,124,124
176,6610,124,124
176,6611,124,124
176,6612,124,124
176,6613,124,124
176,6614,124,124
176,6615,124,124
176,6616,124,124
176,6617,124,124
176,6618,124,124
176,6619,124,124
176,6620,124,124
176,6621,124,124
176,6622,124,124
176,6623,124,124
176,6624,124,124
176,6625,124,124
176,6626,124,124
176,6627,124,124
176,6628,124,124
176,6629,124,124
176,6630,124,124
176,6631,124,124
176,6632,124,124
176,6633,124,124
176,6634,124,124
176,6635,124,124
176,6636,124,124
176,6637,124,124
176,6638,124,124
176,6639,124,124
176,6640,124,124
176,6641,124,124
176,6642,124,124
176,6643,124,124
176,6644,124,124
176,6645,124,124
177,6646,124,124
177,6647,124,124
177,6648,124,124
177,6649,124,124
177,6650,124,124
177,6651,124,124
177,6652,124,124
177,6653,124,124
177,6654,124,124
177,6655,124,124
177,6656,124,124
177,6657,124,124
177,6658,124,124
177,6659,124,124
177,6660,124,124
177,6661,124,124
177,6662,124,124
177,6663,124,124
177,6664,124,124
177,6665,124,124
177,6666,124,124
177,6667,124,124
177,6668,124,124
177,6669,124,124
177,6670,124,124
177,6671,124,124
177,6672,124,124
177,6673,124,124
177,6674,124,124
177,6675,124,124
177,6676,124,124
177,6677,124,124
177,6678,124,124
177,6679,124,124
177,6680,124,124
177,6681,124,124
177,6682,124,124
177,6683,124,124
177,6684,124,124
177,6685,124,124
177,6686,124,124
177,6687,124,124
178,6688,124,124
178,6689,124,124
178,6690,124,124
178,6691,124,124
178,6692,124,124
178,6693,124,124
178,6694,124,124
178,6695,124,124
178,6696,124,124
178,6697,124,124
178,6698,124,124
178,6699,124,124
178,6700,124,124
178,6701,124,124
178,6702,124,124
178,6703,124,124
178,6704,124,124
178,6705,124,124
178,6706,124,124
178,6707,124,124
178,6708,124,124
178,6709,124,124
178,6710,124,124
178,6711,124,124
178,6712,124,124
178,6713,124,124
178,6714,124,124
178,6715,124,124
178,6716,124,124
178,6717,124,124
178,6718,124,124
178,6719,124,124
178,6720,124,124
178,6721,124,124
178,6722,124,124
178,6723,124,124
178,6724,124,124
178,6725,124,124
178,6726,124,124
179,6727,124,124
179,6728,124,124
179,6729,124,124
179,6730,124,124
179,6731,124,124
179,6732,124,124
179,6733,124,124
179,6734,124,124
179,6735,124,124
179,6736,124,124
179,6737,124,124
179,6738,124,124
179,6739,124,124
179,6740,124,124
179,6741,124,124
179,6742,124,124
179,6743,124,124
179,6744,124,124
179,6745,124,124
179,6746,124,124
179,6747,124,124
179,6748,124,124
179,6749,124,124
179,6750,124,124
179,6751,124,124
179,6752,124,124
179,6753,124,124
179,6754,124,124
179,6755,124,124
179,6756,124,124
179,6757,124,124
179,6758,124,124
179,6759,124,124
179,6760,124,124
179,6761,124,124
180,6762,124,124
180,6763,124,124
180,6764,124,124
180,6765,124,124
180,6766,124,124
180,6767,124,124
180,6768,124,124
180,6769,124,124
180,6770,124,124
180,6771,124,124
180,6772,124,124
180,6773,124,124
180,6774,124,124
180,6775,124,124
180,6776,124,124
180,6777,124,124
180,6778,124,124
180,6779,124,124
180,6780,124,124
180,6781,124,124
180,6782,124,124
180,6783,124,124
180,6784,124,124
180,6785,124,124
180,6786,124,124
180,6787,124,124
180,6788,124,124
180,6789,124,124
180,6790,124,124
180,6791,124,124
180,6792,124,124
180,6793,124,124
180,6794,124,124
180,6795,124,124
180,6796,124,124
181,6797,124,124
181,6798,124,124
181,6799,124,124
181,6800,124,124
181,6801,124,124
181,6802,124,124
181,6803,124,124
181,6804,124,124
181,6805,124,124
181,6806,124,124
181,6807,124,124
181,6808,124,124
181,6809,124,124
181,6810,124,124
181,6811,124,124
181,6812,124,124
181,6813,124,124
181,6814,124,124
181,6815,124,124
181,6816,124,124
181,6817,124,124
181,6818,124,124
181,6819,124,124
181,6820,124,124
181,6821,124,124
181,6822,124,124
181,6823,124,124
181,6824,124,124
181,6825,124,124
181,6826,124,124
181,6827,124,124
181,6828,124,124
181,6829,124,124
181,6830,124,124
181,6831,124,124
181,6832,124,124
181,6833,124,124
182,6834,124,124
182,6835,124,124
182,6836,124,124
182,6837,124,124
182,6838,124,124
182,6839,124,124
182,6840,124,124
182,6841,124,124
182,6842,124,124
182,6843,124,124
182,6844,124,124
182,6845,124,124
182,6846,124,124
182,6847,124,124
182,6848,124,124
182,6849,124,124
182,6850,124,124
182,6851,124,124
182,6852,124,124
182,6853,124,124
182,6854,124,124
182,6855,124,124
182,6856,124,124
182,6857,124,124
182,6858,124,124
182,6859,124,124
182,6860,124,124
182,6861,124,124
182,6862,124,124
182,6863,124,124
182,6864,124,124
182,6865,124,124
182,6866,124,124
182,6867,124,124
182,6868,124,124
182,6869,124,124
182,6870,124,124
182,6871,124,124
182,6872,124,124
183,6873,124,124
183,6874,124,124
183,6875,124,124
183,6876,124,124
183,6877,124,124
183,6878,124,124
183,6879,124,124
183,6880,124,124
183,6881,124,124
183,6882,124,124
183,6883,124,124
183,6884,124,124
183,6885,124,124
183,6886,124,124
183,6887,124,124
183,6888,124,124
183,6889,124,124
183,6890,124,124
183,6891,124,124
183,6892,124,124
183,6893,124,124
183,6894,124,124
183,6895,124,124
183,6896,124,124
183,6897,124,124
183,6898,124,124
183,6899,124,124
183,6900,124,124
183,6901,124,124
183,6902,124,124
183,6903,124,124
183,6904,124,124
183,6905,124,124
183,6906,124,124
183,6907,124,124
183,6908,124,124
183,6909,124,124
183,6910,124,124
183,6911,124,124
183,6912,124,124
184,6913,124,124
184,6914,124,124
184,6915,124,124
184,6916,124,124
184,6917,124,124
184,6918,124,124
184,6919,124,124
184,6920,124,124
184,6921,124,124
184,6922,124,124
184,6923,124,124
184,6924,124,124
184,6925,124,124
184,6926,124,124
184,6927,124,124
184,6928,124,124
184,6929,124,124
184,6930,124,124
184,6931,124,124
184,6932,124,124
184,6933,124,124
184,6934,124,124
184,6935,124,124
184,6936,124,124
184,6937,124,124
184,6938,124,124
184,6939,124,124
184,6940,124,124
184,6941,124,124
184,6942,124,124
184,6943,124,124
184,6944,124,124
184,6945,124,124
184,6946,124,124
184,6947,124,124
184,6948,124,124
184,6949,124,124
184,6950,124,124
184,6951,124,124
185,6952,124,124
185,6953,124,124
185,6954,124,124
185,6955,124,124
185,6956,124,124
185,6957,124,124
185,6958,124,124
185,6959,124,124
185,6960,124,124
185,6961,124,124
185,6962,124,124
185,6963,124,124
185,6964,124,124
185,6965,124,124
185,6966,124,124
185,6967,124,124
185,6968,124,124
185,6969,124,124
185,6970,124,124
185,6971,124,124
185,6972,124,124
185,6973,124,124
185,6974,124,124
185,6975,124,124
185,6976,124,124
185,6977,124,124
185,6978,124,124
185,6979,124,124
185,6980,124,124
185,6981,124,124
185,6982,124,124
185,6983,124,124
185,6984,124,124
185,6985,124,124
185,6986,124,124
185,6987,124,124
185,6988,124,124
185,6989,124,124
185,6990,124,124
185,6991,124,124
185,6992,124,124
186,6993,124,124
186,6994,124,124
186,6995,124,124
186,6996,124,124
186,6997,124,124
186,6998,124,124
186,6999,124,124
186,7000,124,124
186,7001,124,124
186,7002,124,124
186,7003,124,124
186,7004,124,124
186,7005,124,124
186,7006,124,124
186,7007,124,124
186,7008,124,124
186,7009,124,124
186,7010,124,124
186,7011,124,124
186,7012,124,124
186,7013,124,124
186,7014,124,124
186,7015,124,124
186,7016,124,124
186,7017,124,124
186,7018,124,124
186,7019,124,124
186,7020,124,124
186,7021,124,124
186,7022,124,124
186,7023,124,124
186,7024,124,124
186,7025,124,124
186,7026,124,124
186,7027,124,124
186,7028,124,124
186,7029,124,124
187,7030,124,124
187,7031,124,124
187,7032,124,124
187,7033,124,124
187,7034,124,124
187,7035,124,124
187,7036,124,124
187,7037,124,124
187,7038,124,124
187,7039,124,124
187,7040,124,124
187,7041,124,124
187,7042,124,124
187,7043,124,124
187,7044,124,124
187,7045,124,124
187,7046,124,124
187,7047,124,124
187,7048,124,124
187,7049,124,124
187,7050,124,124
187,7051,124,124
187,7052,124,124
187,7053,124,124
187,7054,124,124
187,7055,124,124
187,7056,124,124
187,7057,124,124
187,7058,124,124
187,7059,124,124
187,7060,124,124
187,7061,124,124
187,7062,124,124
188,7063,124,124
188,7064,124,124
188,7065,124,124
188,7066,124,124
188,7067,124,124
188,7068,124,124
188,7069,124,124
188,7070,124,124
188,7071,124,124
188,7072,124,124
188,7073,124,124
188,7074,124,124
188,7075,124,124
188,7076,124,124
188,7077,124,124
188,7078,124,124
188,7079,124,124
188,7080,124,124
188,7081,124,124
188,7082,124,124
188,7083,124,124
188,7084,124,124
188,7085,124,124
188,7086,124,124
188,7087,124,124
188,7088,124,124
188,7089,124,124
188,7090,124,124
188,7091,124,124
188,7092,124,124
188,7093,124,124
188,7094,124,124
188,7095,124,124
188,7096,124,124
188,7097,124,124
189,7098,124,124
189,7099,124,124
189,7100,124,124
189,7101,124,124
189,7102,124,124
189,7103,124,124
189,7104,124,124
189,7105,124,124
189,7106,124,124
189,7107,124,124
189,7108,124,124
189,7109,124,124
189,7110,124,124
189,7111,124,124
189,7112,124,124
189,7113,124,124
189,7114,124,124
189,7115,124,124
189,7116,124,124
189,7117,124,124
189,7118,124,124
189,7119,124,124
189,7120,124,124
189,7121,124,124
189,7122,124,124
189,7123,124,124
189,7124,124,124
189,7125,124,124
189,7126,124,124
189,7127,124,124
189,7128,124,124
189,7129,124,124
189,7130,124,124
189,7131,124,124
189,7132,124,124
189,7133,124,124
189,7134,124,124
190,7135,124,124
190,7136,124,124
190,7137,124,124
190,7138,124,124
190,7139,124,124
190,7140,124,124
190,7141,124,124
190,7142,124,124
190,7143,124,124
190,7144,124,124
190,7145,124,124
190,7146,124,124
190,7147,124,124
190,7148,124,124
190,7149,124,124
190,7150,124,124
190,7151,124,124
190,7152,124,124
190,7153,124,124
190,7154,124,124
190,7155,124,124
190,7156,124,124
190,7157,124,124
190,7158,124,124
190,7159,124,124
190,7160,124,124
190,7161,124,124
190,7162,124,124
190,7163,124,124
190,7164,124,124
190,7165,124,124
190,7166,124,124
190,7167,124,124
190,7168,124,124
190,7169,124,124
190,7170,124,124
191,7171,124,124
191,7172,124,124
191,7173,124,124
191,7174,124,124
191,7175,124,124
191,7176,124,124
191,7177,124,124
191,7178,124,124
191,7179,124,124
191,7180,124,124
191,7181,124,124
191,7182,124,124
191,7183,124,124
191,7184,124,124
191,7185,124,124
191,7186,124,124
191,7187,124,124
191,7188,124,124
191,7189,124,124
191,7190,124,124
191,7191,124,124
191,7192,124,124
191,7193,124,124
191,7194,124,124
191,7195,124,124
191,7196,124,124
191,7197,124,124
191,7198,124,124
191,7199,124,124
191,7200,124,124
191,7201,124,124
191,7202,124,124
191,7203,124,124
191,7204,124,124
191,7205,124,124
191,7206,124,124
192,7207,124,124
192,7208,124,124
192,7209,124,124
192,7210,124,124
192,7211,124,124
192,7212,124,124
192,7213,124,124
192,7214,124,124
192,7215,124,124
192,7216,124,124
192,7217,124,124
192,7218,124,124
192,7219,124,124
192,7220,124,124
192,7221,124,124
192,7222,124,124
192,7223,124,124
192,7224,124,124
192,7225,124,124
192,7226,124,124
192,7227,124,124
192,7228,124,124
192,7229,124,124
192,7230,124,124
192,7231,124,124
192,7232,124,124
192,7233,124,124
192,7234,124,124
192,7235,124,124
192,7236,124,124
192,7237,124,124
192,7238,124,124
192,7239,124,124
192,7240,124,124
192,7241,124,124
192,7242,124,124
192,7243,124,124
192,7244,124,124
192,7245,124,124
192,7246,124,124
193,7247,124,124
193,7248,124,124
193,7249,124,124
193,7250,124,124
193,7251,124,124
193,7252,124,124
193,7253,124,124
193,7254,124,124
193,7255,124,124
193,7256,124,124
193,7257,124,124
193,7258,124,124
193,7259,124,124
193,7260,124,124
193,7261,124,124
193,7262,124,124
193,7263,124,124
193,7264,124,124
193,7265,124,124
193,7266,124,124
193,7267,124,124
193,7268,124,124
193,7269,124,124
193,7270,124,124
193,7271,124,124
193,7272,124,124
193,7273,124,124
193,7274,124,124
193,7275,124,124
193,7276,124,124
193,7277,124,124
193,7278,124,124
193,7279,124,124
193,7280,124,124
193,7281,124,124
194,7282,124,124
194,7283,124,124
194,7284,124,124
194,7285,124,124
194,7286,124,124
194,7287,124,124
194,7288,124,124
194,7289,124,124
194,7290,124,124
194,7291,124,124
194,7292,124,124
194,7293,124,124
194,7294,124,124
194,7295,124,124
194,7296,124,124
194,7297,124,124
194,7298,124,124
194,7299,124,124
194,7300,124,124
194,7301,124,124
194,7302,124,124
194,7303,124,124
194,7304,124,124
194,7305,124,124
194,7306,124,124
194,7307,124,124
194,7308,124,124
194,7309,124,124
194,7310,124,124
194,7311,124,124
194,7312,124,124
194,7313,124,124
194,7314,124,124
194,7315,124,124
194,7316,124,124
194,7317,124,124
194,7318,124,124
194,7319,124,124
194,7320,124,124
195,7321,124,124
195,7322,124,124
195,7323,124,124
195,7324,124,124
195,7325,124,124
195,7326,124,124
195,7327,124,124
195,7328,124,124
195,7329,124,124
195,7330,124,124
195,7331,124,124
195,7332,124,124
195,7333,124,124
195,7334,124,124
195,7335,124,124
195,7336,124,124
195,7337,124,124
195,7338,124,124
195,7339,124,124
195,7340,124,124
195,7341,124,124
195,7342,124,124
195,7343,124,124
195,7344,124,124
195,7345,124,124
195,7346,124,124
195,7347,124,124
195,7348,124,124
195,7349,124,124
195,7350,124,124
195,7351,124,124
195,7352,124,124
195,7353,124,124
195,7354,124,124
195,7355,124,124
195,7356,124,124
195,7357,124,124
195,7358,124,124
195,7359,124,124
195,7360,124,124
195,7361,124,124
196,7362,124,124
196,7363,124,124
196,7364,124,124
196,7365,124,124
196,7366,124,124
196,7367,124,124
196,7368,124,124
196,7369,124,124
196,7370,124,124
196,7371,124,124
196,7372,124,124
196,7373,124,124
196,7374,124,124
196,7375,124,124
196,7376,124,124
196,7377,124,124
196,7378,124,124
196,7379,124,124
196,7380,124,124
196,7381,124,124
196,7382,124,124
196,7383,124,124
196,7384,124,124
196,7385,124,124
196,7386,124,124
196,7387,124,124
196,7388,124,124
196,7389,124,124
196,7390,124,124
196,7391,124,124
196,7392,124,124
196,7393,124,124
196,7394,124,124
196,7395,124,124
196,7396,124,124
196,7397,124,124
196,7398,124,124
196,7399,124,124
196,7400,124,124
197,7401,124,124
197,7402,124,124
197,7403,124,124
197,7404,124,124
197,7405,124,124
197,7406,124,124
197,7407,124,124
197,7408,124,124
197,7409,124,124
197,7410,124,124
197,7411,124,124
197,7412,124,124
197,7413,124,124
197,7414,124,124
197,7415,124,124
197,7416,124,124
197,7417,124,124
197,7418,124,124
197,7419,124,124
197,7420,124,124
197,7421,124,124
197,7422,124,124
197,7423,124,124
197,7424,124,124
197,7425,124,124
197,7426,124,124
197,7427,124,124
197,7428,124,124
197,7429,124,124
197,7430,124,124
197,7431,124,124
197,7432,124,124
197,7433,124,124
197,7434,124,124
197,7435,124,124
197,7436,124,124
197,7437,124,124
197,7438,124,124
197,7439,124,124
197,7440,124,124
197,7441,124,124
197,7442,124,124
198,7443,124,124
198,7444,124,124
198,7445,124,124
198,7446,124,124
198,7447,124,124
198,7448,124,124
198,7449,124,124
198,7450,124,124
198,7451,124,124
198,7452,124,124
198,7453,124,124
198,7454,124,124
198,7455,124,124
198,7456,124,124
198,7457,124,124
198,7458,124,124
198,7459,124,124
198,7460,124,124
198,7461,124,124
198,7462,124,124
198,7463,124,124
198,7464,124,124
198,7465,124,124
198,7466,124,124
198,7467,124,124
198,7468,124,124
198,7469,124,124
198,7470,124,124
198,7471,124,124
198,7472,124,124
198,7473,124,124
198,7474,124,124
198,7475,124,124
198,7476,124,124
198,7477,124,124
198,7478,124,124
198,7479,124,124
198,7480,124,124
199,7481,124,124
199,7482,124,124
199,7483,124,124
199,7484,124,124
199,7485,124,124
199,7486,124,124
199,7487,124,124
199,7488,124,124
199,7489,124,124
199,7490,124,124
199,7491,124,124
199,7492,124,124
199,7493,124,124
199,7494,124,124
199,7495,124,124
199,7496,124,124
199,7497,124,124
199,7498,124,124
199,7499,124,124
199,7500,124,124
199,7501,124,124
199,7502,124,124
199,7503,124,124
199,7504,124,124
199,7505,124,124
199,7506,124,124
199,7507,124,124
199,7508,124,124
199,7509,124,124
199,7510,124,124
199,7511,124,124
199,7512,124,124
199,7513,124,124
199,7514,124,124
199,7515,124,124
200,7516,124,124
200,7517,124,124
200,7518,124,124
200,7519,124,124
200,7520,124,124
200,7521,124,124
200,7522,124,124
200,7523,124,124
200,7524,124,124
200,7525,124,124
200,7526,124,124
200,7527,124,124
200,7528,124,124
200,7529,124,124
200,7530,124,124
200,7531,124,124
200,7532,124,124
200,7533,124,124
200,7534,124,124
200,7535,124,124
200,7536,124,124
200,7537,124,124
200,7538,124,124
200,7539,124,124
200,7540,124,124
200,7541,124,124
200,7542,124,124
200,7543,124,124
200,7544,124,124
200,7545,124,124
200,7546,124,124
200,7547,124,124
200,7548,124,124
200,7549,124,124
200,7550,124,124
200,7551,124,124
200,7552,124,124
200,7553,124,124
201,7554,124,124
201,7555,124,124
201,7556,124,124
201,7557,124,124
201,7558,124,124
201,7559,124,124
201,7560,124,124
201,7561,124,124
201,7562,124,124
201,7563,124,124
201,7564,124,124
201,7565,124,124
201,7566,124,124
201,7567,124,124
201,7568,124,124
201,7569,124,124
201,7570,124,124
201,7571,124,124
201,7572,124,124
201,7573,124,124
201,7574,124,124
201,7575,124,124
201,7576,124,124
201,7577,124,124
201,7578,124,124
201,7579,124,124
201,7580,124,124
201,7581,124,124
201,7582,124,124
201,7583,124,124
201,7584,124,124
201,7585,124,124
201,7586,124,124
201,7587,124,124
201,7588,124,124
201,7589,124,124
201,7590,124,124
201,7591,124,124
202,7592,124,124
202,7593,124,124
202,7594,124,124
202,7595,124,124
202,7596,124,124
202,7597,124,124
202,7598,124,124
202,7599,124,124
202,7600,124,124
202,7601,124,124
202,7602,124,124
202,7603,124,124
202,7604,124,124
202,7605,124,124
202,7606,124,124
202,7607,124,124
202,7608,124,124
202,7609,124,124
202,7610,124,124
202,7611,124,124
202,7612,124,124
202,7613,124,124
202,7614,124,124
202,7615,124,124
202,7616,124,124
202,7617,124,124
202,7618,124,124
202,7619,124,124
202,7620,124,124
202,7621,124,124
202,7622,124,124
202,7623,124,124
202,7624,124,124
202,7625,124,124
202,7626,124,124
202,7627,124,124
202,7628,124,124
203,7629,124,124
203,7630,124,124
203,7631,124,124
203,7632,124,124
203,7633,124,124
203,7634,124,124
203,7635,124,124
203,7636,124,124
203,7637,124,124
203,7638,124,124
203,7639,124,124
203,7640,124,124
203,7641,124,124
203,7642,124,124
203,7643,124,124
203,7644,124,124
203,7645,124,124
203,7646,124,124
203,7647,124,124
203,7648,124,124
203,7649,124,124
203,7650,124,124
203,7651,124,124
203,7652,124,124
203,7653,124,124
203,7654,124,124
203,7655,124,124
203,7656,124,124
203,7657,124,124
203,7658,124,124
203,7659,124,124
203,7660,124,124
203,7661,124,124
203,7662,124,124
203,7663,124,124
203,7664,124,124
204,7665,124,124
204,7666,124,124
204,7667,124,124
204,7668,124,124
204,7669,124,124
204,7670,124,124
204,7671,124,124
204,7672,124,124
204,7673,124,124
204,7674,124,124
204,7675,124,124
204,7676,124,124
204,7677,124,124
204,7678,124,124
204,7679,124,124
204,7680,124,124
204,7681,124,124
204,7682,124,124
204,7683,124,124
204,7684,124,124
204,7685,124,124
204,7686,124,124
204,7687,124,124
204,7688,124,124
204,7689,124,124
204,7690,124,124
204,7691,124,124
204,7692,124,124
204,7693,124,124
204,7694,124,124
204,7695,124,124
204,7696,124,124
204,7697,124,124
204,7698,124,124
204,7699,124,124
204,7700,124,124
204,7701,124,124
204,7702,124,124
204,7703,124,124
205,7704,124,124
205,7705,124,124
205,7706,124,124
205,7707,124,124
205,7708,124,124
205,7709,124,124
205,7710,124,124
205,7711,124,124
205,7712,124,124
205,7713,124,124
205,7714,124,124
205,7715,124,124
205,7716,124,124
205,7717,124,124
205,7718,124,124
205,7719,124,124
205,7720,124,124
205,7721,124,124
205,7722,124,124
205,7723,124,124
205,7724,124,124
205,7725,124,124
205,7726,124,124
205,7727,124,124
205,7728,124,124
205,7729,124,124
205,7730,124,124
205,7731,124,124
205,7732,124,124
205,7733,124,124
205,7734,124,124
205,7735,124,124
205,7736,124,124
205,7737,124,124
205,7738,124,124
206,7739,124,124
206,7740,124,124
206,7741,124,124
206,7742,124,124
206,7743,124,124
206,7744,124,124
206,7745,124,124
206,7746,124,124
206,7747,124,124
206,7748,124,124
206,7749,124,124
206,7750,124,124
206,7751,124,124
206,7752,124,124
206,7753,124,124
206,7754,124,124
206,7755,124,124
206,7756,124,124
206,7757,124,124
206,7758,124,124
206,7759,124,124
206,7760,124,124
206,7761,124,124
206,7762,124,124
206,7763,124,124
206,7764,124,124
206,7765,124,124
206,7766,124,124
206,7767,124,124
206,7768,124,124
206,7769,124,124
206,7770,124,124
206,7771,124,124
206,7772,124,124
206,7773,124,124
206,7774,124,124
206,7775,124,124
207,7776,124,124
207,7777,124,124
207,7778,124,124
207,7779,124,124
207,7780,124,124
207,7781,124,124
207,7782,124,124
207,7783,124,124
207,7784,124,124
207,7785,124,124
207,7786,124,124
207,7787,124,124
207,7788,124,124
207,7789,124,124
207,7790,124,124
207,7791,124,124
207,7792,124,124
207,7793,124,124
207,7794,124,124
207,7795,124,124
207,7796,124,124
207,7797,124,124
207,7798,124,124
207,7799,124,124
207,7800,124,124
207,7801,124,124
207,7802,124,124
207,7803,124,124
207,7804,124,124
207,7805,124,124
207,7806,124,124
207,7807,124,124
207,7808,124,124
207,7809,124,124
207,7810,124,124
207,7811,124,124
207,7812,124,124
207,7813,124,124
207,7814,124,124
207,7815,124,124
208,7816,124,124
208,7817,124,124
208,7818,124,124
208,7819,124,124
208,7820,124,124
208,7821,124,124
208,7822,124,124
208,7823,124,124
208,7824,124,124
208,7825,124,124
208,7826,124,124
208,7827,124,124
208,7828,124,124
208,7829,124,124
208,7830,124,124
208,7831,124,124
208,7832,124,124
208,7833,124,124
208,7834,124,124
208,7835,124,124
208,7836,124,124
208,7837,124,124
208,7838,124,124
208,7839,124,124
208,7840,124,124
208,7841,124,124
208,7842,124,124
208,7843,124,124
208,7844,124,124
208,7845,124,124
208,7846,124,124
208,7847,124,124
208,7848,124,124
208,7849,124,124
208,7850,124,124
208,7851,124,124
208,7852,124,124
209,7853,124,124
209,7854,124,124
209,7855,124,124
209,7856,124,124
209,7857,124,124
209,7858,124,124
209,7859,124,124
209,7860,124,124
209,7861,124,124
209,7862,124,124
209,7863,124,124
209,7864,124,124
209,7865,124,124
209,7866,124,124
209,7867,124,124
209,7868,124,124
209,7869,124,124
209,7870,124,124
209,7871,124,124
209,7872,124,124
209,7873,124,124
209,7874,124,124
209,7875,124,124
209,7876,124,124
209,7877,124,124
209,7878,124,124
209,7879,124,124
209,7880,124,124
209,7881,124,124
209,7882,124,124
209,7883,124,124
209,7884,124,124
209,7885,124,124
209,7886,124,124
209,7887,124,124
209,7888,124,124
209,7889,124,124
209,7890,124,124
209,7891,124,124
209,7892,124,124
209,7893,124,124
209,7894,124,124
210,7895,124,124
210,7896,124,124
210,7897,124,124
210,7898,124,124
210,7899,124,124
210,7900,124,124
210,7901,124,124
210,7902,124,124
210,7903,124,124
210,7904,124,124
210,7905,124,124
210,7906,124,124
210,7907,124,124
210,7908,124,124
210,7909,124,124
210,7910,124,124
210,7911,124,124
210,7912,124,124
210,7913,124,124
210,7914,124,124
210,7915,124,124
210,7916,124,124
210,7917,124,124
210,7918,124,124
210,7919,124,124
210,7920,124,124
210,7921,124,124
210,7922,124,124
210,7923,124,124
210,7924,124,124
210,7925,124,124
210,7926,124,124
210,7927,124,124
210,7928,124,124
210,7929,124,124
210,7930,124,124
210,7931,124,124
210,7932,124,124
210,7933,124,124
211,7934,124,124
211,7935,124,124
211,7936,124,124
211,7937,124,124
211,7938,124,124
211,7939,124,124
211,7940,124,124
211,7941,124,124
211,7942,124,124
211,7943,124,124
211,7944,124,124
211,7945,124,124
211,7946,124,124
211,7947,124,124
211,7948,124,124
211,7949,124,124
211,7950,124,124
211,7951,124,124
211,7952,124,124
211,7953,124,124
211,7954,124,124
211,7955,124,124
211,7956,124,124
211,7957,124,124
211,7958,124,124
211,7959,124,124
211,7960,124,124
211,7961,124,124
211,7962,124,124
211,7963,124,124
211,7964,124,124
211,7965,124,124
211,7966,124,124
212,7967,124,124
212,7968,124,124
212,7969,124,124
212,7970,124,124
212,7971,124,124
212,7972,124,124
212,7973,124,124
212,7974,124,124
212,7975,124,124
212,7976,124,124
212,7977,124,124
212,7978,124,124
212,7979,124,124
212,7980,124,124
212,7981,124,124
212,7982,124,124
212,7983,124,124
212,7984,124,124
212,7985,124,124
212,7986,124,124
212,7987,124,124
212,7988,124,124
212,7989,124,124
212,7990,124,124
212,7991,124,124
212,7992,124,124
212,7993,124,124
212,7994,124,124
212,7995,124,124
212,7996,124,124
212,7997,124,124
212,7998,124,124
212,7999,124,124
212,8000,124,124
212,8001,124,124
212,8002,124,124
212,8003,124,124
213,8004,124,124
213,8005,124,124
213,8006,124,124
213,8007,124,124
213,8008,124,124
213,8009,124,124
213,8010,124,124
213,8011,124,124
213,8012,124,124
213,8013,124,124
213,8014,124,124
213,8015,124,124
213,8016,124,124
213,8017,124,124
213,8018,124,124
213,8019,124,124
213,8020,124,124
213,8021,124,124
213,8022,124,124
213,8023,124,124
213,8024,124,124
213,8025,124,124
213,8026,124,124
213,8027,124,124
213,8028,124,124
213,8029,124,124
213,8030,124,124
213,8031,124,124
213,8032,124,124
213,8033,124,124
213,8034,124,124
213,8035,124,124
213,8036,124,124
213,8037,124,124
213,8038,124,124
213,8039,124,124
213,8040,124,124
213,8041,124,124
213,8042,124,124
213,8043,124,124
213,8044,124,124
213,8045,124,124
214,8046,124,124
214,8047,124,124
214,8048,124,124
214,8049,124,124
214,8050,124,124
214,8051,124,124
214,8052,124,124
214,8053,124,124
214,8054,124,124
214,8055,124,124
214,8056,124,124
214,8057,124,124
214,8058,124,124
214,8059,124,124
214,8060,124,124
214,8061,124,124
214,8062,124,124
214,8063,124,124
214,8064,124,124
214,8065,124,124
214,8066,124,124
214,8067,124,124
214,8068,124,124
214,8069,124,124
214,8070,124,124
214,8071,124,124
214,8072,124,124
214,8073,124,124
214,8074,124,124
214,8075,124,124
214,8076,124,124
214,8077,124,124
214,8078,124,124
214,8079,124,124
214,8080,124,124
214,8081,124,124
214,8082,124,124
214,8083,124,124
215,8084,124,124
215,8085,124,124
215,8086,124,124
215,8087,124,124
215,8088,124,124
215,8089,124,124
215,8090,124,124
215,8091,124,124
215,8092,124,124
215,8093,124,124
215,8094,124,124
215,8095,124,124
215,8096,124,124
215,8097,124,124
215,8098,124,124
215,8099,124,124
215,8100,124,124
215,8101,124,124
215,8102,124,124
215,8103,124,124
215,8104,124,124
215,8105,124,124
215,8106,124,124
215,8107,124,124
215,8108,124,124
215,8109,124,124
215,8110,124,124
215,8111,124,124
215,8112,124,124
215,8113,124,124
215,8114,124,124
215,8115,124,124
215,8116,124,124
215,8117,124,124
215,8118,124,124
215,8119,124,124
215,8120,124,124
215,8121,124,124
215,8122,124,124
215,8123,124,124
215,8124,124,124
216,8125,124,124
216,8126,124,124
216,8127,124,124
216,8128,124,124
216,8129,124,124
216,8130,124,124
216,8131,124,124
216,8132,124,124
216,8133,124,124
216,8134,124,124
216,8135,124,124
216,8136,124,124
216,8137,124,124
216,8138,124,124
216,8139,124,124
216,8140,124,124
216,8141,124,124
216,8142,124,124
216,8143,124,124
216,8144,124,124
216,8145,124,124
216,8146,124,124
216,8147,124,124
216,8148,124,124
216,8149,124,124
216,8150,124,124
216,8151,124,124
216,8152,124,124
216,8153,124,124
216,8154,124,124
216,8155,124,124
216,8156,124,124
216,8157,124,124
216,8158,124,124
216,8159,124,124
216,8160,124,124
217,8161,124,124
217,8162,124,124
217,8163,124,124
217,8164,124,124
217,8165,124,124
217,8166,124,124
217,8167,124,124
217,8168,124,124
217,8169,124,124
217,8170,124,124
217,8171,124,124
217,8172,124,124
217,8173,124,124
217,8174,124,124
217,8175,124,124
217,8176,124,124
217,8177,124,124
217,8178,124,124
217,8179,124,124
217,8180,124,124
217,8181,124,124
217,8182,124,124
217,8183,124,124
217,8184,124,124
217,8185,124,124
217,8186,124,124
217,8187,124,124
217,8188,124,124
217,8189,124,124
217,8190,124,124
217,8191,124,124
217,8192,124,124
217,8193,124,124
217,8194,124,124
217,8195,124,124
217,8196,124,124
217,8197,124,124
217,8198,124,124
218,8199,124,124
218,8200,124,124
218,8201,124,124
218,8202,124,124
218,8203,124,124
218,8204,124,124
218,8205,124,124
218,8206,124,124
218,8207,124,124
218,8208,124,124
218,8209,124,124
218,8210,124,124
218,8211,124,124
218,8212,124,124
218,8213,124,124
218,8214,124,124
218,8215,124,124
218,8216,124,124
218,8217,124,124
218,8218,124,124
218,8219,124,124
218,8220,124,124
218,8221,124,124
218,8222,124,124
218,8223,124,124
218,8224,124,124
218,8225,124,124
218,8226,124,124
218,8227,124,124
218,8228,124,124
218,8229,124,124
218,8230,124,124
218,8231,124,124
218,8232,124,124
218,8233,124,124
218,8234,124,124
218,8235,124,124
219,8236,124,124
219,8237,124,124
219,8238,124,124
219,8239,124,124
219,8240,124,124
219,8241,124,124
219,8242,124,124
219,8243,124,124
219,8244,124,124
219,8245,124,124
219,8246,124,124
219,8247,124,124
219,8248,124,124
219,8249,124,124
219,8250,124,124
219,8251,124,124
219,8252,124,124
219,8253,124,124
219,8254,124,124
219,8255,124,124
219,8256,124,124
219,8257,124,124
219,8258,124,124
219,8259,124,124
219,8260,124,124
219,8261,124,124
219,8262,124,124
219,8263,124,124
219,8264,124,124
219,8265,124,124
219,8266,124,124
219,8267,124,124
219,8268,124,124
219,8269,124,124
219,8270,124,124
219,8271,124,124
219,8272,124,124
220,8273,124,124
220,8274,124,124
220,8275,124,124
220,8276,124,124
220,8277,124,124
220,8278,124,124
220,8279,124,124
220,8280,124,124
220,8281,124,124
220,8282,124,124
220,8283,124,124
220,8284,124,124
220,8285,124,124
220,8286,124,124
220,8287,124,124
220,8288,124,124
220,8289,124,124
220,8290,124,124
220,8291,124,124
220,8292,124,124
220,8293,124,124
220,8294,124,124
220,8295,124,124
220,8296,124,124
220,8297,124,124
220,8298,124,124
220,8299,124,124
220,8300,124,124
220,8301,124,124
220,8302,124,124
220,8303,124,124
220,8304,124,124
220,8305,124,124
220,8306,124,124
220,8307,124,124
220,8308,124,124
220,8309,124,124
220,8310,124,124
220,8311,124,124
220,8312,124,124
220,8313,124,124
220,8314,124,124
221,8315,124,124
221,8316,124,124
221,8317,124,124
221,8318,124,124
221,8319,124,124
221,8320,124,124
221,8321,124,124
221,8322,124,124
221,8323,124,124
221,8324,124,124
221,8325,124,124
221,8326,124,124
221,8327,124,124
221,8328,124,124
221,8329,124,124
221,8330,124,124
221,8331,124,124
221,8332,124,124
221,8333,124,124
221,8334,124,124
221,8335,124,124
221,8336,124,124
221,8337,124,124
221,8338,124,124
221,8339,124,124
221,8340,124,124
221,8341,124,124
221,8342,124,124
221,8343,124,124
221,8344,124,124
221,8345,124,124
221,8346,124,124
221,8347,124,124
221,8348,124,124
221,8349,124,124
221,8350,124,124
221,8351,124,124
222,8352,124,124
222,8353,124,124
222,8354,124,124
222,8355,124,124
222,8356,124,124
222,8357,124,124
222,8358,124,124
222,8359,124,124
222,8360,124,124
222,8361,124,124
222,8362,124,124
222,8363,124,124
222,8364,124,124
222,8365,124,124
222,8366,124,124
222,8367,124,124
222,8368,124,124
222,8369,124,124
222,8370,124,124
222,8371,124,124
222,8372,124,124
222,8373,124,124
222,8374,124,124
222,8375,124,124
222,8376,124,124
222,8377,124,124
222,8378,124,124
222,8379,124,124
222,8380,124,124
222,8381,124,124
222,8382,124,124
222,8383,124,124
222,8384,124,124
222,8385,124,124
222,8386,124,124
222,8387,124,124
222,8388,124,124
223,8389,124,124
223,8390,124,124
223,8391,124,124
223,8392,124,124
223,8393,124,124
223,8394,124,124
223,8395,124,124
223,8396,124,124
223,8397,124,124
223,8398,124,124
223,8399,124,124
223,8400,124,124
223,8401,124,124
223,8402,124,124
223,8403,124,124
223,8404,124,124
223,8405,124,124
223,8406,124,124
223,8407,124,124
223,8408,124,124
223,8409,124,124
223,8410,124,124
223,8411,124,124
223,8412,124,124
223,8413,124,124
223,8414,124,124
223,8415,124,124
223,8416,124,124
223,8417,124,124
223,8418,124,124
223,8419,124,124
223,8420,124,124
223,8421,124,124
223,8422,124,124
223,8423,124,124
224,8424,124,124
224,8425,124,124
224,8426,124,124
224,8427,124,124
224,8428,124,124
224,8429,124,124
224,8430,124,124
224,8431,124,124
224,8432,124,124
224,8433,124,124
224,8434,124,124
224,8435,124,124
224,8436,124,124
224,8437,124,124
224,8438,124,124
224,8439,124,124
224,8440,124,124
224,8441,124,124
224,8442,124,124
224,8443,124,124
224,8444,124,124
224,8445,124,124
224,8446,124,124
224,8447,124,124
224,8448,124,124
224,8449,124,124
224,8450,124,124
224,8451,124,124
224,8452,124,124
224,8453,124,124
224,8454,124,124
224,8455,124,124
224,8456,124,124
224,8457,124,124
224,8458,124,124
224,8459,124,124
224,8460,124,124
224,8461,124,124
224,8462,124,124
224,8463,124,124
224,8464,124,124
225,8465,124,124
225,8466,124,124
225,8467,124,124
225,8468,124,124
225,8469,124,124
225,8470,124,124
225,8471,124,124
225,8472,124,124
225,8473,124,124
225,8474,124,124
225,8475,124,124
225,8476,124,124
225,8477,124,124
225,8478,124,124
225,8479,124,124
225,8480,124,124
225,8481,124,124
225,8482,124,124
225,8483,124,124
225,8484,124,124
225,8485,124,124
225,8486,124,124
225,8487,124,124
225,8488,124,124
225,8489,124,124
225,8490,124,124
225,8491,124,124
225,8492,124,124
225,8493,124,124
225,8494,124,124
225,8495,124,124
225,8496,124,124
225,8497,124,124
225,8498,124,124
225,8499,124,124
225,8500,124,124
225,8501,124,124
225,8502,124,124
226,8503,124,124
226,8504,124,124
226,8505,124,124
226,8506,124,124
226,8507,124,124
226,8508,124,124
226,8509,124,124
226,8510,124,124
226,8511,124,124
226,8512,124,124
226,8513,124,124
226,8514,124,124
226,8515,124,124
226,8516,124,124
226,8517,124,124
226,8518,124,124
226,8519,124,124
226,8520,124,124
226,8521,124,124
226,8522,124,124
226,8523,124,124
226,8524,124,124
226,8525,124,124
226,8526,124,124
226,8527,124,124
226,8528,124,124
226,8529,124,124
226,8530,124,124
226,8531,124,124
226,8532,124,124
226,8533,124,124
226,8534,124,124
226,8535,124,124
226,8536,124,124
226,8537,124,124
226,8538,124,124
226,8539,124,124
226,8540,124,124
226,8541,124,124
227,8542,124,124
227,8543,124,124
227,8544,124,124
227,8545,124,124
227,8546,124,124
227,8547,124,124
227,8548,124,124
227,8549,124,124
227,8550,124,124
227,8551,124,124
227,8552,124,124
227,8553,124,124
227,8554,124,124
227,8555,124,124
227,8556,124,124
227,8557,124,124
227,8558,124,124
227,8559,124,124
227,8560,124,124
227,8561,124,124
227,8562,124,124
227,8563,124,124
227,8564,124,124
227,8565,124,124
227,8566,124,124
227,8567,124,124
227,8568,124,124
227,8569,124,124
227,8570,124,124
227,8571,124,124
227,8572,124,124
227,8573,124,124
227,8574,124,124
227,8575,124,124
227,8576,124,124
227,8577,124,124
228,8578,124,124
228,8579,124,124
228,8580,124,124
228,8581,124,124
228,8582,124,124
228,8583,124,124
228,8584,124,124
228,8585,124,124
228,8586,124,124
228,8587,124,124
228,8588,124,124
228,8589,124,124
228,8590,124,124
228,8591,124,124
228,8592,124,124
228,8593,124,124
228,8594,124,124
228,8595,124,124
228,8596,124,124
228,8597,124,124
228,8598,124,124
228,8599,124,124
228,8600,124,124
228,8601,124,124
228,8602,124,124
228,8603,124,124
228,8604,124,124
228,8605,124,124
228,8606,124,124
228,8607,124,124
228,8608,124,124
228,8609,124,124
228,8610,124,124
228,8611,124,124
228,8612,124,124
228,8613,124,124
228,8614,124,124
228,8615,124,124
228,8616,124,124
229,8617,124,124
229,8618,124,124
229,8619,124,124
229,8620,124,124
229,8621,124,124
229,8622,124,124
229,8623,124,124
229,8624,124,124
229,8625,124,124
229,8626,124,124
229,8627,124,124
229,8628,124,124
229,8629,124,124
229,8630,124,124
229,8631,124,124
229,8632,124,124
229,8633,124,124
229,8634,124,124
229,8635,124,124
229,8636,124,124
229,8637,124,124
229,8638,124,124
229,8639,124,124
229,8640,124,124
229,8641,124,124
229,8642,124,124
229,8643,124,124
229,8644,124,124
229,8645,124,124
229,8646,124,124
229,8647,124,124
229,8648,124,124
229,8649,124,124
229,8650,124,124
229,8651,124,124
229,8652,124,124
229,8653,124,124
230,8654,124,124
230,8655,124,124
230,8656,124,124
230,8657,124,124
230,8658,124,124
230,8659,124,124
230,8660,124,124
230,8661,124,124
230,8662,124,124
230,8663,124,124
230,8664,124,124
230,8665,124,124
230,8666,124,124
230,8667,124,124
230,8668,124,124
230,8669,124,124
230,8670,124,124
230,8671,124,124
230,8672,124,124
230,8673,124,124
230,8674,124,124
230,8675,124,124
230,8676,124,124
230,8677,124,124
230,8678,124,124
230,8679,124,124
230,8680,124,124
230,8681,124,124
230,8682,124,124
230,8683,124,124
230,8684,124,124
230,8685,124,124
230,8686,124,124
230,8687,124,124
230,8688,124,124
231,8689,124,124
231,8690,124,124
231,8691,124,124
231,8692,124,124
231,8693,124,124
231,8694,124,124
231,8695,124,124
231,8696,124,124
231,8697,124,124
231,8698,124,124
231,8699,124,124
231,8700,124,124
231,8701,124,124
231,8702,124,124
231,8703,124,124
231,8704,124,124
231,8705,124,124
231,8706,124,124
231,8707,124,124
231,8708,124,124
231,8709,124,124
231,8710,124,124
231,8711,124,124
231,8712,124,124
231,8713,124,124
231,8714,124,124
231,8715,124,124
231,8716,124,124
231,8717,124,124
231,8718,124,124
231,8719,124,124
231,8720,124,124
231,8721,124,124
231,8722,124,124
231,8723,124,124
231,8724,124,124
231,8725,124,124
232,8726,124,124
232,8727,124,124
232,8728,124,124
232,8729,124,124
232,8730,124,124
232,8731,124,124
232,8732,124,124
232,8733,124,124
232,8734,124,124
232,8735,124,124
232,8736,124,124
232,8737,124,124
232,8738,124,124
232,8739,124,124
232,8740,124,124
232,8741,124,124
232,8742,124,124
232,8743,124,124
232,8744,124,124
232,8745,124,124
232,8746,124,124
232,8747,124,124
232,8748,124,124
232,8749,124,124
232,8750,124,124
232,8751,124,124
232,8752,124,124
232,8753,124,124
232,8754,124,124
232,8755,124,124
232,8756,124,124
232,8757,124,124
232,8758,124,124
232,8759,124,124
232,8760,124,124
232,8761,124,124
232,8762,124,124
232,8763,124,124
232,8764,124,124
232,8765,124,124
232,8766,124,124
233,8767,124,124
233,8768,124,124
233,8769,124,124
233,8770,124,124
233,8771,124,124
233,8772,124,124
233,8773,124,124
233,8774,124,124
233,8775,124,124
233,8776,124,124
233,8777,124,124
233,8778,124,124
233,8779,124,124
233,8780,124,124
233,8781,124,124
233,8782,124,124
233,8783,124,124
233,8784,124,124
233,8785,124,124
233,8786,124,124
233,8787,124,124
233,8788,124,124
233,8789,124,124
233,8790,124,124
233,8791,124,124
233,8792,124,124
233,8793,124,124
233,8794,124,124
233,8795,124,124
233,8796,124,124
233,8797,124,124
233,8798,124,124
233,8799,124,124
233,8800,124,124
233,8801,124,124
233,8802,124,124
233,8803,124,124
233,8804,124,124
233,8805,124,124
234,8806,124,124
234,8807,124,124
234,8808,124,124
234,8809,124,124
234,8810,124,124
234,8811,124,124
234,8812,124,124
234,8813,124,124
234,8814,124,124
234,8815,124,124
234,8816,124,124
234,8817,124,124
234,8818,124,124
234,8819,124,124
234,8820,124,124
234,8821,124,124
234,8822,124,124
234,8823,124,124
234,8824,124,124
234,8825,124,124
234,8826,124,124
234,8827,124,124
234,8828,124,124
234,8829,124,124
234,8830,124,124
234,8831,124,124
234,8832,124,124
234,8833,124,124
234,8834,124,124
234,8835,124,124
234,8836,124,124
234,8837,124,124
234,8838,124,124
234,8839,124,124
234,8840,124,124
234,8841,124,124
234,8842,124,124
234,8843,124,124
234,8844,124,124
234,8845,124,124
234,8846,124,124
234,8847,124,124
235,8848,124,124
235,8849,124,124
235,8850,124,124
235,8851,124,124
235,8852,124,124
235,8853,124,124
235,8854,124,124
235,8855,124,124
235,8856,124,124
235,8857,124,124
235,8858,124,124
235,8859,124,124
235,8860,124,124
235,8861,124,124
235,8862,124,124
235,8863,124,124
235,8864,124,124
235,8865,124,124
235,8866,124,124
235,8867,124,124
235,8868,124,124
235,8869,124,124
235,8870,124,124
235,8871,124,124
235,8872,124,124
235,8873,124,124
235,8874,124,124
235,8875,124,124
235,8876,124,124
235,8877,124,124
235,8878,124,124
235,8879,124,124
235,8880,124,124
235,8881,124,124
235,8882,124,124
235,8883,124,124
235,8884,124,124
236,8885,124,124
236,8886,124,124
236,8887,124,124
236,8888,124,124
236,8889,124,124
236,8890,124,124
236,8891,124,124
236,8892,124,124
236,8893,124,124
236,8894,124,124
236,8895,124,124
236,8896,124,124
236,8897,124,124
236,8898,124,124
236,8899,124,124
236,8900,124,124
236,8901,124,124
236,8902,124,124
236,8903,124,124
236,8904,124,124
236,8905,124,124
236,8906,124,124
236,8907,124,124
236,8908,124,124
236,8909,124,124
236,8910,124,124
236,8911,124,124
236,8912,124,124
236,8913,124,124
236,8914,124,124
236,8915,124,124
236,8916,124,124
236,8917,124,124
236,8918,124,124
236,8919,124,124
236,8920,124,124
236,8921,124,124
236,8922,124,124
236,8923,124,124
236,8924,124,124
237,8925,124,124
237,8926,124,124
237,8927,124,124
237,8928,124,124
237,8929,124,124
237,8930,124,124
237,8931,124,124
237,8932,124,124
237,8933,124,124
237,8934,124,124
237,8935,124,124
237,8936,124,124
237,8937,124,124
237,8938,124,124
237,8939,124,124
237,8940,124,124
237,8941,124,124
237,8942,124,124
237,8943,124,124
237,8944,124,124
237,8945,124,124
237,8946,124,124
237,8947,124,124
237,8948,124,124
237,8949,124,124
237,8950,124,124
237,8951,124,124
237,8952,124,124
237,8953,124,124
237,8954,124,124
237,8955,124,124
237,8956,124,124
237,8957,124,124
237,8958,124,124
237,8959,124,124
237,8960,124,124
238,8961,124,124
238,8962,124,124
238,8963,124,124
238,8964,124,124
238,8965,124,124
238,8966,124,124
238,8967,124,124
238,8968,124,124
238,8969,124,124
238,8970,124,124
238,8971,124,124
238,8972,124,124
238,8973,124,124
238,8974,124,124
238,8975,124,124
238,8976,124,124
238,8977,124,124
238,8978,124,124
238,8979,124,124
238,8980,124,124
238,8981,124,124
238,8982,124,124
238,8983,124,124
238,8984,124,124
238,8985,124,124
238,8986,124,124
238,8987,124,124
238,8988,124,124
238,8989,124,124
238,8990,124,124
238,8991,124,124
238,8992,124,124
238,8993,124,124
238,8994,124,124
238,8995,124,124
238,8996,124,124
238,8997,124,124
238,8998,124,124
238,8999,124,124
238,9000,124,124
239,9001,124,124
239,9002,124,124
239,9003,124,124
239,9004,124,124
239,9005,124,124
239,9006,124,124
239,9007,124,124
239,9008,124,124
239,9009,124,124
239,9010,124,124
239,9011,124,124
239,9012,124,124
239,9013,124,124
239,9014,124,124
239,9015,124,124
239,9016,124,124
239,9017,124,124
239,9018,124,124
239,9019,124,124
239,9020,124,124
239,9021,124,124
239,9022,124,124
239,9023,124,124
239,9024,124,124
239,9025,124,124
239,9026,124,124
239,9027,124,124
239,9028,124,124
239,9029,124,124
239,9030,124,124
239,9031,124,124
239,9032,124,124
239,9033,124,124
239,9034,124,124
239,9035,124,124
239,9036,124,124
239,9037,124,124
239,9038,124,124
239,9039,124,124
239,9040,124,124
240,9041,124,124
240,9042,124,124
240,9043,124,124
240,9044,124,124
240,9045,124,124
240,9046,124,124
240,9047,124,124
240,9048,124,124
240,9049,124,124
240,9050,124,124
240,9051,124,124
240,9052,124,124
240,9053,124,124
240,9054,124,124
240,9055,124,124
240,9056,124,124
240,9057,124,124
240,9058,124,124
240,9059,124,124
240,9060,124,124
240,9061,124,124
240,9062,124,124
240,9063,124,124
240,9064,124,124
240,9065,124,124
240,9066,124,124
240,9067,124,124
240,9068,124,124
240,9069,124,124
240,9070,124,124
240,9071,124,124
240,9072,124,124
240,9073,124,124
240,9074,124,124
240,9075,124,124
241,9076,124,124
241,9077,124,124
241,9078,124,124
241,9079,124,124
241,9080,124,124
241,9081,124,124
241,9082,124,124
241,9083,124,124
241,9084,124,124
241,9085,124,124
241,9086,124,124
241,9087,124,124
241,9088,124,124
241,9089,124,124
241,9090,124,124
241,9091,124,124
241,9092,124,124
241,9093,124,124
241,9094,124,124
241,9095,124,124
241,9096,124,124
241,9097,124,124
241,9098,124,124
241,9099,124,124
241,9100,124,124
241,9101,124,124
241,9102,124,124
241,9103,124,124
241,9104,124,124
241,9105,124,124
241,9106,124,124
241,9107,124,124
242,9108,124,124
242,9109,124,124
242,9110,124,124
242,9111,124,124
242,9112,124,124
242,9113,124,124
242,9114,124,124
242,9115,124,124
242,9116,124,124
242,9117,124,124
242,9118,124,124
242,9119,124,124
242,9120,124,124
242,9121,124,124
242,9122,124,124
242,9123,124,124
242,9124,124,124
242,9125,124,124
242,9126,124,124
242,9127,124,124
242,9128,124,124
242,9129,124,124
242,9130,124,124
242,9131,124,124
242,9132,124,124
242,9133,124,124
242,9134,124,124
242,9135,124,124
242,9136,124,124
242,9137,124,124
242,9138,124,124
242,9139,124,124
242,9140,124,124
242,9141,124,124
242,9142,124,124
242,9143,124,124
242,9144,124,124
242,9145,124,124
242,9146,124,124
243,9147,124,124
243,9148,124,124
243,9149,124,124
243,9150,124,124
243,9151,124,124
243,9152,124,124
243,9153,124,124
243,9154,124,124
243,9155,124,124
243,9156,124,124
243,9157,124,124
243,9158,124,124
243,9159,124,124
243,9160,124,124
243,9161,124,124
243,9162,124,124
243,9163,124,124
243,9164,124,124
243,9165,124,124
243,9166,124,124
243,9167,124,124
243,9168,124,124
243,9169,124,124
243,9170,124,124
243,9171,124,124
243,9172,124,124
243,9173,124,124
243,9174,124,124
243,9175,124,124
243,9176,124,124
243,9177,124,124
243,9178,124,124
243,9179,124,124
243,9180,124,124
243,9181,124,124
244,9182,124,124
244,9183,124,124
244,9184,124,124
244,9185,124,124
244,9186,124,124
244,9187,124,124
244,9188,124,124
244,9189,124,124
244,9190,124,124
244,9191,124,124
244,9192,124,124
244,9193,124,124
244,9194,124,124
244,9195,124,124
244,9196,124,124
244,9197,124,124
244,9198,124,124
244,9199,124,124
244,9200,124,124
244,9201,124,124
244,9202,124,124
244,9203,124,124
244,9204,124,124
244,9205,124,124
244,9206,124,124
244,9207,124,124
244,9208,124,124
244,9209,124,124
244,9210,124,124
244,9211,124,124
244,9212,124,124
244,9213,124,124
244,9214,124,124
244,9215,124,124
244,9216,124,124
244,9217,124,124
244,9218,124,124
244,9219,124,124
244,9220,124,124
244,9221,124,124
244,9222,124,124
245,9223,124,124
245,9224,124,124
245,9225,124,124
245,9226,124,124
245,9227,124,124
245,9228,124,124
245,9229,124,124
245,9230,124,124
245,9231,124,124
245,9232,124,124
245,9233,124,124
245,9234,124,124
245,9235,124,124
245,9236,124,124
245,9237,124,124
245,9238,124,124
245,9239,124,124
245,9240,124,124
245,9241,124,124
245,9242,124,124
245,9243,124,124
245,9244,124,124
245,9245,124,124
245,9246,124,124
245,9247,124,124
245,9248,124,124
245,9249,124,124
245,9250,124,124
245,9251,124,124
245,9252,124,124
245,9253,124,124
245,9254,124,124
245,9255,124,124
245,9256,124,124
245,9257,124,124
245,9258,124,124
245,9259,124,124
245,9260,124,124
245,9261,124,124
245,9262,124,124
245,9263,124,124
245,9264,124,124
245,9265,124,124
246,9266,124,124
246,9267,124,124
246,9268,124,124
246,9269,124,124
246,9270,124,124
246,9271,124,124
246,9272,124,124
246,9273,124,124
246,9274,124,124
246,9275,124,124
246,9276,124,124
246,9277,124,124
246,9278,124,124
246,9279,124,124
246,9280,124,124
246,9281,124,124
246,9282,124,124
246,9283,124,124
246,9284,124,124
246,9285,124,124
246,9286,124,124
246,9287,124,124
246,9288,124,124
246,9289,124,124
246,9290,124,124
246,9291,124,124
246,9292,124,124
246,9293,124,124
246,9294,124,124
246,9295,124,124
246,9296,124,124
246,9297,124,124
246,9298,124,124
247,9299,124,124
247,9300,124,124
247,9301,124,124
247,9302,124,124
247,9303,124,124
247,9304,124,124
247,9305,124,124
247,9306,124,124
247,9307,124,124
247,9308,124,124
247,9309,124,124
247,9310,124,124
247,9311,124,124
247,9312,124,124
247,9313,124,124
247,9314,124,124
247,9315,124,124
247,9316,124,124
247,9317,124,124
247,9318,124,124
247,9319,124,124
247,9320,124,124
247,9321,124,124
247,9322,124,124
247,9323,124,124
247,9324,124,124
247,9325,124,124
247,9326,124,124
247,9327,124,124
247,9328,124,124
247,9329,124,124
247,9330,124,124
247,9331,124,124
247,9332,124,124
247,9333,124,124
247,9334,124,124
248,9335,124,124
248,9336,124,124
248,9337,124,124
248,9338,124,124
248,9339,124,124
248,9340,124,124
248,9341,124,124
248,9342,124,124
248,9343,124,124
248,9344,124,124
248,9345,124,124
248,9346,124,124
248,9347,124,124
248,9348,124,124
248,9349,124,124
248,9350,124,124
248,9351,124,124
248,9352,124,124
248,9353,124,124
248,9354,124,124
248,9355,124,124
248,9356,124,124
248,9357,124,124
248,9358,124,124
248,9359,124,124
248,9360,124,124
248,9361,124,124
248,9362,124,124
248,9363,124,124
248,9364,124,124
248,9365,124,124
248,9366,124,124
248,9367,124,124
248,9368,124,124
248,9369,124,124
248,9370,124,124
248,9371,124,124
248,9372,124,124
248,9373,124,124
248,9374,124,124
248,9375,124,124
249,9376,124,124
249,9377,124,124
249,9378,124,124
249,9379,124,124
249,9380,124,124
249,9381,124,124
249,9382,124,124
249,9383,124,124
249,9384,124,124
249,9385,124,124
249,9386,124,124
249,9387,124,124
249,9388,124,124
249,9389,124,124
249,9390,124,124
249,9391,124,124
249,9392,124,124
249,9393,124,124
249,9394,124,124
249,9395,124,124
249,9396,124,124
249,9397,124,124
249,9398,124,124
249,9399,124,124
249,9400,124,124
249,9401,124,124
249,9402,124,124
249,9403,124,124
249,9404,124,124
249,9405,124,124
249,9406,124,124
249,9407,124,124
249,9408,124,124
249,9409,124,124
249,9410,124,124
249,9411,124,124
249,9412,124,124
249,9413,124,124
249,9414,124,124
249,9415,124,124
250,9416,124,124
250,9417,124,124
250,9418,124,124
250,9419,124,124
250,9420,124,124
250,9421,124,124
250,9422,124,124
250,9423,124,124
250,9424,124,124
250,9425,124,124
250,9426,124,124
250,9427,124,124
250,9428,124,124
250,9429,124,124
250,9430,124,124
250,9431,124,124
250,9432,124,124
250,9433,124,124
250,9434,124,124
250,9435,124,124
250,9436,124,124
250,9437,124,124
250,9438,124,124
250,9439,124,124
250,9440,124,124
250,9441,124,124
250,9442,124,124
250,9443,124,124
250,9444,124,124
250,9445,124,124
250,9446,124,124
250,9447,124,124
250,9448,124,124
250,9449,124,124
250,9450,124,124
250,9451,124,124
250,9452,124,124
250,9453,124,124
250,9454,124,124
250,9455,124,124
251,9456,124,124
251,9457,124,124
251,9458,124,124
251,9459,124,124
251,9460,124,124
251,9461,124,124
251,9462,124,124
251,9463,124,124
251,9464,124,124
251,9465,124,124
251,9466,124,124
251,9467,124,124
251,9468,124,124
251,9469,124,124
251,9470,124,124
251,9471,124,124
251,9472,124,124
251,9473,124,124
251,9474,124,124
251,9475,124,124
251,9476,124,124
251,9477,124,124
251,9478,124,124
251,9479,124,124
251,9480,124,124
251,9481,124,124
251,9482,124,124
251,9483,124,124
251,9484,124,124
251,9485,124,124
251,9486,124,124
251,9487,124,124
251,9488,124,124
251,9489,124,124
251,9490,124,124
251,9491,124,124
251,9492,124,124
251,9493,124,124
251,9494,124,124
252,9495,124,124
252,9496,124,124
252,9497,124,124
252,9498,124,124
252,9499,124,124
252,9500,124,124
252,9501,124,124
252,9502,124,124
252,9503,124,124
252,9504,124,124
252,9505,124,124
252,9506,124,124
252,9507,124,124
252,9508,124,124
252,9509,124,124
252,9510,124,124
252,9511,124,124
252,9512,124,124
252,9513,124,124
252,9514,124,124
252,9515,124,124
252,9516,124,124
252,9517,124,124
252,9518,124,124
252,9519,124,124
252,9520,124,124
252,9521,124,124
252,9522,124,124
252,9523,124,124
252,9524,124,124
252,9525,124,124
252,9526,124,124
252,9527,124,124
252,9528,124,124
253,9529,124,124
253,9530,124,124
253,9531,124,124
253,9532,124,124
253,9533,124,124
253,9534,124,124
253,9535,124,124
253,9536,124,124
253,9537,124,124
253,9538,124,124
253,9539,124,124
253,9540,124,124
253,9541,124,124
253,9542,124,124
253,9543,124,124
253,9544,124,124
253,9545,124,124
253,9546,124,124
253,9547,124,124
253,9548,124,124
253,9549,124,124
253,9550,124,124
253,9551,124,124
253,9552,124,124
253,9553,124,124
253,9554,124,124
253,9555,124,124
253,9556,124,124
253,9557,124,124
253,9558,124,124
253,9559,124,124
253,9560,124,124
253,9561,124,124
253,9562,124,124
253,9563,124,124
253,9564,124,124
253,9565,124,124
254,9566,124,124
254,9567,124,124
254,9568,124,124
254,9569,124,124
254,9570,124,124
254,9571,124,124
254,9572,124,124
254,9573,124,124
254,9574,124,124
254,9575,124,124
254,9576,124,124
254,9577,124,124
254,9578,124,124
254,9579,124,124
254,9580,124,124
254,9581,124,124
254,9582,124,124
254,9583,124,124
254,9584,124,124
254,9585,124,124
254,9586,124,124
254,9587,124,124
254,9588,124,124
254,9589,124,124
254,9590,124,124
254,9591,124,124
254,9592,124,124
254,9593,124,124
254,9594,124,124
254,9595,124,124
254,9596,124,124
254,9597,124,124
254,9598,124,124
254,9599,124,124
254,9600,124,124
254,9601,124,124
254,9602,124,124
255,9603,124,124
255,9604,124,124
255,9605,124,124
255,9606,124,124
255,9607,124,124
255,9608,124,124
255,9609,124,124
255,9610,124,124
255,9611,124,124
255,9612,124,124
255,9613,124,124
255,9614,124,124
255,9615,124,124
255,9616,124,124
255,9617,124,124
255,9618,124,124
255,9619,124,124
255,9620,124,124
255,9621,124,124
255,9622,124,124
255,9623,124,124
255,9624,124,124
255,9625,124,124
255,9626,124,124
255,9627,124,124
255,9628,124,124
255,9629,124,124
255,9630,124,124
255,9631,124,124
255,9632,124,124
255,9633,124,124
255,9634,124,124
255,9635,124,124
255,9636,124,124
255,9637,124,124
256,9638,124,124
256,9639,124,124
256,9640,124,124
256,9641,124,124
256,9642,124,124
256,9643,124,124
256,9644,124,124
256,9645,124,124
256,9646,124,124
256,9647,124,124
256,9648,124,124
256,9649,124,124
256,9650,124,124
256,9651,124,124
256,9652,124,124
256,9653,124,124
256,9654,124,124
256,9655,124,124
256,9656,124,124
256,9657,124,124
256,9658,124,124
256,9659,124,124
256,9660,124,124
256,9661,124,124
256,9662,124,124
256,9663,124,124
256,9664,124,124
256,9665,124,124
256,9666,124,124
256,9667,124,124
256,9668,124,124
256,9669,124,124
256,9670,124,124
256,9671,124,124
256,9672,124,124
256,9673,124,124
256,9674,124,124
256,9675,124,124
257,9676,124,124
257,9677,124,124
257,9678,124,124
257,9679,124,124
257,9680,124,124
257,9681,124,124
257,9682,124,124
257,9683,124,124
257,9684,124,124
257,9685,124,124
257,9686,124,124
257,9687,124,124
257,9688,124,124
257,9689,124,124
257,9690,124,124
257,9691,124,124
257,9692,124,124
257,9693,124,124
257,9694,124,124
257,9695,124,124
257,9696,124,124
257,9697,124,124
257,9698,124,124
257,9699,124,124
257,9700,124,124
257,9701,124,124
257,9702,124,124
257,9703,124,124
257,9704,124,124
257,9705,124,124
257,9706,124,124
257,9707,124,124
257,9708,124,124
258,9709,124,124
258,9710,124,124
258,9711,124,124
258,9712,124,124
258,9713,124,124
258,9714,124,124
258,9715,124,124
258,9716,124,124
258,9717,124,124
258,9718,124,124
258,9719,124,124
258,9720,124,124
258,9721,124,124
258,9722,124,124
258,9723,124,124
258,9724,124,124
258,9725,124,124
258,9726,124,124
258,9727,124,124
258,9728,124,124
258,9729,124,124
258,9730,124,124
258,9731,124,124
258,9732,124,124
258,9733,124,124
258,9734,124,124
258,9735,124,124
258,9736,124,124
258,9737,124,124
258,9738,124,124
258,9739,124,124
258,9740,124,124
258,9741,124,124
258,9742,124,124
258,9743,124,124
258,9744,124,124
258,9745,124,124
258,9746,124,124
259,9747,124,124
259,9748,124,124
259,9749,124,124
259,9750,124,124
259,9751,124,124
259,9752,124,124
259,9753,124,124
259,9754,124,124
259,9755,124,124
259,9756,124,124
259,9757,124,124
259,9758,124,124
259,9759,124,124
259,9760,124,124
259,9761,124,124
259,9762,124,124
259,9763,124,124
259,9764,124,124
259,9765,124,124
259,9766,124,124
259,9767,124,124
259,9768,124,124
259,9769,124,124
259,9770,124,124
259,9771,124,124
259,9772,124,124
259,9773,124,124
259,9774,124,124
259,9775,124,124
259,9776,124,124
259,9777,124,124
259,9778,124,124
259,9779,124,124
259,9780,124,124
259,9781,124,124
259,9782,124,124
260,9783,124,124
260,9784,124,124
260,9785,124,124
260,9786,124,124
260,9787,124,124
260,9788,124,124
260,9789,124,124
260,9790,124,124
260,9791,124,124
260,9792,124,124
260,9793,124,124
260,9794,124,124
260,9795,124,124
260,9796,124,124
260,9797,124,124
260,9798,124,124
260,9799,124,124
260,9800,124,124
260,9801,124,124
260,9802,124,124
260,9803,124,124
260,9804,124,124
260,9805,124,124
260,9806,124,124
260,9807,124,124
260,9808,124,124
260,9809,124,124
260,9810,124,124
260,9811,124,124
260,9812,124,124
260,9813,124,124
260,9814,124,124
260,9815,124,124
260,9816,124,124
260,9817,124,124
260,9818,124,124
261,9819,124,124
261,9820,124,124
261,9821,124,124
261,9822,124,124
261,9823,124,124
261,9824,124,124
261,9825,124,124
261,9826,124,124
261,9827,124,124
261,9828,124,124
261,9829,124,124
261,9830,124,124
261,9831,124,124
261,9832,124,124
261,9833,124,124
261,9834,124,124
261,9835,124,124
261,9836,124,124
261,9837,124,124
261,9838,124,124
261,9839,124,124
261,9840,124,124
261,9841,124,124
261,9842,124,124
261,9843,124,124
261,9844,124,124
261,9845,124,124
261,9846,124,124
261,9847,124,124
261,9848,124,124
261,9849,124,124
261,9850,124,124
261,9851,124,124
261,9852,124,124
261,9853,124,124
261,9854,124,124
261,9855,124,124
261,9856,124,124
261,9857,124,124
261,9858,124,124
261,9859,124,124
261,9860,124,124
262,9861,124,124
262,9862,124,124
262,9863,124,124
262,9864,124,124
262,9865,124,124
262,9866,124,124
262,9867,124,124
262,9868,124,124
262,9869,124,124
262,9870,124,124
262,9871,124,124
262,9872,124,124
262,9873,124,124
262,9874,124,124
262,9875,124,124
262,9876,124,124
262,9877,124,124
262,9878,124,124
262,9879,124,124
262,9880,124,124
262,9881,124,124
262,9882,124,124
262,9883,124,124
262,9884,124,124
262,9885,124,124
262,9886,124,124
262,9887,124,124
262,9888,124,124
262,9889,124,124
262,9890,124,124
262,9891,124,124
262,9892,124,124
263,9893,124,124
263,9894,124,124
263,9895,124,124
263,9896,124,124
263,9897,124,124
263,9898,124,124
263,9899,124,124
263,9900,124,124
263,9901,124,124
263,9902,124,124
263,9903,124,124
263,9904,124,124
263,9905,124,124
263,9906,124,124
263,9907,124,124
263,9908,124,124
263,9909,124,124
263,9910,124,124
263,9911,124,124
263,9912,124,124
263,9913,124,124
263,9914,124,124
263,9915,124,124
263,9916,124,124
263,9917,124,124
263,9918,124,124
263,9919,124,124
263,9920,124,124
263,9921,124,124
263,9922,124,124
263,9923,124,124
263,9924,124,124
263,9925,124,124
263,9926,124,124
263,9927,124,124
264,9928,124,124
264,9929,124,124
264,9930,124,124
264,9931,124,124
264,9932,124,124
264,9933,124,124
264,9934,124,124
264,9935,124,124
264,9936,124,124
264,9937,124,124
264,9938,124,124
264,9939,124,124
264,9940,124,124
264,9941,124,124
264,9942,124,124
264,9943,124,124
264,9944,124,124
264,9945,124,124
264,9946,124,124
264,9947,124,124
264,9948,124,124
264,9949,124,124
264,9950,124,124
264,9951,124,124
264,9952,124,124
264,9953,124,124
264,9954,124,124
264,9955,124,124
264,9956,124,124
264,9957,124,124
264,9958,124,124
264,9959,124,124
264,9960,124,124
264,9961,124,124
264,9962,124,124
264,9963,124,124
264,9964,124,124
264,9965,124,124
265,9966,124,124
265,9967,124,124
265,9968,124,124
265,9969,124,124
265,9970,124,124
265,9971,124,124
265,9972,124,124
265,9973,124,124
265,9974,124,124
265,9975,124,124
265,9976,124,124
265,9977,124,124
265,9978,124,124
265,9979,124,124
265,9980,124,124
265,9981,124,124
265,9982,124,124
265,9983,124,124
265,9984,124,124
265,9985,124,124
265,9986,124,124
265,9987,124,124
265,9988,124,124
265,9989,124,124
265,9990,124,124
265,9991,124,124
265,9992,124,124
265,9993,124,124
265,9994,124,124
265,9995,124,124
265,9996,124,124
265,9997,124,124
265,9998,124,124
265,9999,124,124
265,10000,124,124
265,10001,124,124
265,10002,124,124
265,10003,124,124
266,10004,124,124
266,10005,124,124
266,10006,124,124
266,10007,124,124
266,10008,124,124
266,10009,124,124
266,10010,124,124
266,10011,124,124
266,10012,124,124
266,10013,124,124
266,10014,124,124
266,10015,124,124
266,10016,124,124
266,10017,124,124
266,10018,124,124
266,10019,124,124
266,10020,124,124
266,10021,124,124
266,10022,124,124
266,10023,124,124
266,10024,124,124
266,10025,124,124
266,10026,124,124
266,10027,124,124
266,10028,124,124
266,10029,124,124
266,10030,124,124
266,10031,124,124
266,10032,124,124
266,10033,124,124
266,10034,124,124
266,10035,124,124
266,10036,124,124
266,10037,124,124
266,10038,124,124
266,10039,124,124
266,10040,124,124
267,10041,124,124
267,10042,124,124
267,10043,124,124
267,10044,124,124
267,10045,124,124
267,10046,124,124
267,10047,124,124
267,10048,124,124
267,10049,124,124
267,10050,124,124
267,10051,124,124
267,10052,124,124
267,10053,124,124
267,10054,124,124
267,10055,124,124
267,10056,124,124
267,10057,124,124
267,10058,124,124
267,10059,124,124
267,10060,124,124
267,10061,124,124
267,10062,124,124
267,10063,124,124
267,10064,124,124
267,10065,124,124
267,10066,124,124
267,10067,124,124
267,10068,124,124
267,10069,124,124
267,10070,124,124
267,10071,124,124
267,10072,124,124
267,10073,124,124
267,10074,124,124
267,10075,124,124
267,10076,124,124
267,10077,124,124
267,10078,124,124
267,10079,124,124
267,10080,124,124
267,10081,124,124
267,10082,124,124
268,10083,124,124
268,10084,124,124
268,10085,124,124
268,10086,124,124
268,10087,124,124
268,10088,124,124
268,10089,124,124
268,10090,124,124
268,10091,124,124
268,10092,124,124
268,10093,124,124
268,10094,124,124
268,10095,124,124
268,10096,124,124
268,10097,124,124
268,10098,124,124
268,10099,124,124
268,10100,124,124
268,10101,124,124
268,10102,124,124
268,10103,124,124
268,10104,124,124
268,10105,124,124
268,10106,124,124
268,10107,124,124
268,10108,124,124
268,10109,124,124
268,10110,124,124
268,10111,124,124
268,10112,124,124
268,10113,124,124
268,10114,124,124
268,10115,124,124
268,10116,124,124
268,10117,124,124
268,10118,124,124
268,10119,124,124
268,10120,124,124
268,10121,124,124
268,10122,124,124
269,10123,124,124
269,10124,124,124
269,10125,124,124
269,10126,124,124
269,10127,124,124
269,10128,124,124
269,10129,124,124
269,10130,124,124
269,10131,124,124
269,10132,124,124
269,10133,124,124
269,10134,124,124
269,10135,124,124
269,10136,124,124
269,10137,124,124
269,10138,124,124
269,10139,124,124
269,10140,124,124
269,10141,124,124
269,10142,124,124
269,10143,124,124
269,10144,124,124
269,10145,124,124
269,10146,124,124
269,10147,124,124
269,10148,124,124
269,10149,124,124
269,10150,124,124
269,10151,124,124
269,10152,124,124
269,10153,124,124
269,10154,124,124
269,10155,124,124
269,10156,124,124
269,10157,124,124
270,10158,124,124
270,10159,124,124
270,10160,124,124
270,10161,124,124
270,10162,124,124
270,10163,124,124
270,10164,124,124
270,10165,124,124
270,10166,124,124
270,10167,124,124
270,10168,124,124
270,10169,124,124
270,10170,124,124
270,10171,124,124
270,10172,124,124
270,10173,124,124
270,10174,124,124
270,10175,124,124
270,10176,124,124
270,10177,124,124
270,10178,124,124
270,10179,124,124
270,10180,124,124
270,10181,124,124
270,10182,124,124
270,10183,124,124
270,10184,124,124
270,10185,124,124
270,10186,124,124
270,10187,124,124
270,10188,124,124
270,10189,124,124
270,10190,124,124
270,10191,124,124
270,10192,124,124
271,10193,124,124
271,10194,124,124
271,10195,124,124
271,10196,124,124
271,10197,124,124
271,10198,124,124
271,10199,124,124
271,10200,124,124
271,10201,124,124
271,10202,124,124
271,10203,124,124
271,10204,124,124
271,10205,124,124
271,10206,124,124
271,10207,124,124
271,10208,124,124
271,10209,124,124
271,10210,124,124
271,10211,124,124
271,10212,124,124
271,10213,124,124
271,10214,124,124
271,10215,124,124
271,10216,124,124
271,10217,124,124
271,10218,124,124
271,10219,124,124
271,10220,124,124
271,10221,124,124
271,10222,124,124
271,10223,124,124
271,10224,124,124
271,10225,124,124
271,10226,124,124
271,10227,124,124
272,10228,124,124
272,10229,124,124
272,10230,124,124
272,10231,124,124
272,10232,124,124
272,10233,124,124
272,10234,124,124
272,10235,124,124
272,10236,124,124
272,10237,124,124
272,10238,124,124
272,10239,124,124
272,10240,124,124
272,10241,124,124
272,10242,124,124
272,10243,124,124
272,10244,124,124
272,10245,124,124
272,10246,124,124
272,10247,124,124
272,10248,124,124
272,10249,124,124
272,10250,124,124
272,10251,124,124
272,10252,124,124
272,10253,124,124
272,10254,124,124
272,10255,124,124
272,10256,124,124
272,10257,124,124
272,10258,124,124
272,10259,124,124
272,10260,124,124
272,10261,124,124
272,10262,124,124
272,10263,124,124
272,10264,124,124
273,10265,124,124
273,10266,124,124
273,10267,124,124
273,10268,124,124
273,10269,124,124
273,10270,124,124
273,10271,124,124
273,10272,124,124
273,10273,124,124
273,10274,124,124
273,10275,124,124
273,10276,124,124
273,10277,124,124
273,10278,124,124
273,10279,124,124
273,10280,124,124
273,10281,124,124
273,10282,124,124
273,10283,124,124
273,10284,124,124
273,10285,124,124
273,10286,124,124
273,10287,124,124
273,10288,124,124
273,10289,124,124
273,10290,124,124
273,10291,124,124
273,10292,124,124
273,10293,124,124
273,10294,124,124
273,10295,124,124
273,10296,124,124
273,10297,124,124
273,10298,124,124
273,10299,124,124
273,10300,124,124
274,10301,124,124
274,10302,124,124
274,10303,124,124
274,10304,124,124
274,10305,124,124
274,10306,124,124
274,10307,124,124
274,10308,124,124
274,10309,124,124
274,10310,124,124
274,10311,124,124
274,10312,124,124
274,10313,124,124
274,10314,124,124
274,10315,124,124
274,10316,124,124
274,10317,124,124
274,10318,124,124
274,10319,124,124
274,10320,124,124
274,10321,124,124
274,10322,124,124
274,10323,124,124
274,10324,124,124
274,10325,124,124
274,10326,124,124
274,10327,124,124
274,10328,124,124
274,10329,124,124
274,10330,124,124
274,10331,124,124
274,10332,124,124
274,10333,124,124
274,10334,124,124
274,10335,124,124
274,10336,124,124
274,10337,124,124
274,10338,124,124
275,10339,124,124
275,10340,124,124
275,10341,124,124
275,10342,124,124
275,10343,124,124
275,10344,124,124
275,10345,124,124
275,10346,124,124
275,10347,124,124
275,10348,124,124
275,10349,124,124
275,10350,124,124
275,10351,124,124
275,10352,124,124
275,10353,124,124
275,10354,124,124
275,10355,124,124
275,10356,124,124
275,10357,124,124
275,10358,124,124
275,10359,124,124
275,10360,124,124
275,10361,124,124
275,10362,124,124
275,10363,124,124
275,10364,124,124
275,10365,124,124
275,10366,124,124
275,10367,124,124
275,10368,124,124
275,10369,124,124
275,10370,124,124
275,10371,124,124
275,10372,124,124
276,10373,124,124
276,10374,124,124
276,10375,124,124
276,10376,124,124
276,10377,124,124
276,10378,124,124
276,10379,124,124
276,10380,124,124
276,10381,124,124
276,10382,124,124
276,10383,124,124
276,10384,124,124
276,10385,124,124
276,10386,124,124
276,10387,124,124
276,10388,124,124
276,10389,124,124
276,10390,124,124
276,10391,124,124
276,10392,124,124
276,10393,124,124
276,10394,124,124
276,10395,124,124
276,10396,124,124
276,10397,124,124
276,10398,124,124
276,10399,124,124
276,10400,124,124
276,10401,124,124
276,10402,124,124
276,10403,124,124
276,10404,124,124
276,10405,124,124
276,10406,124,124
276,10407,124,124
276,10408,124,124
276,10409,124,124
276,10410,124,124
277,10411,124,124
277,10412,124,124
277,10413,124,124
277,10414,124,124
277,10415,124,124
277,10416,124,124
277,10417,124,124
277,10418,124,124
277,10419,124,124
277,10420,124,124
277,10421,124,124
277,10422,124,124
277,10423,124,124
277,10424,124,124
277,10425,124,124
277,10426,124,124
277,10427,124,124
277,10428,124,124
277,10429,124,124
277,10430,124,124
277,10431,124,124
277,10432,124,124
277,10433,124,124
277,10434,124,124
277,10435,124,124
277,10436,124,124
277,10437,124,124
277,10438,124,124
277,10439,124,124
277,10440,124,124
277,10441,124,124
277,10442,124,124
277,10443,124,124
277,10444,124,124
277,10445,124,124
277,10446,124,124
277,10447,124,124
277,10448,124,124
277,10449,124,124
277,10450,124,124
277,10451,124,124
278,10452,124,124
278,10453,124,124
278,10454,124,124
278,10455,124,124
278,10456,124,124
278,10457,124,124
278,10458,124,124
278,10459,124,124
278,10460,124,124
278,10461,124,124
278,10462,124,124
278,10463,124,124
278,10464,124,124
278,10465,124,124
278,10466,124,124
278,10467,124,124
278,10468,124,124
278,10469,124,124
278,10470,124,124
278,10471,124,124
278,10472,124,124
278,10473,124,124
278,10474,124,124
278,10475,124,124
278,10476,124,124
278,10477,124,124
278,10478,124,124
278,10479,124,124
278,10480,124,124
278,10481,124,124
278,10482,124,124
278,10483,124,124
278,10484,124,124
278,10485,124,124
278,10486,124,124
279,10487,124,124
279,10488,124,124
279,10489,124,124
279,10490,124,124
279,10491,124,124
279,10492,124,124
279,10493,124,124
279,10494,124,124
279,10495,124,124
279,10496,124,124
279,10497,124,124
279,10498,124,124
279,10499,124,124
279,10500,124,124
279,10501,124,124
279,10502,124,124
279,10503,124,124
279,10504,124,124
279,10505,124,124
279,10506,124,124
279,10507,124,124
279,10508,124,124
279,10509,124,124
279,10510,124,124
279,10511,124,124
279,10512,124,124
279,10513,124,124
279,10514,124,124
279,10515,124,124
279,10516,124,124
279,10517,124,124
279,10518,124,124
279,10519,124,124
279,10520,124,124
279,10521,124,124
279,10522,124,124
279,10523,124,124
279,10524,124,124
279,10525,124,124
279,10526,124,124
279,10527,124,124
280,10528,124,124
280,10529,124,124
280,10530,124,124
280,10531,124,124
280,10532,124,124
280,10533,124,124
280,10534,124,124
280,10535,124,124
280,10536,124,124
280,10537,124,124
280,10538,124,124
280,10539,124,124
280,10540,124,124
280,10541,124,124
280,10542,124,124
280,10543,124,124
280,10544,124,124
280,10545,124,124
280,10546,124,124
280,10547,124,124
280,10548,124,124
280,10549,124,124
280,10550,124,124
280,10551,124,124
280,10552,124,124
280,10553,124,124
280,10554,124,124
280,10555,124,124
280,10556,124,124
280,10557,124,124
280,10558,124,124
280,10559,124,124
280,10560,124,124
280,10561,124,124
280,10562,124,124
280,10563,124,124
280,10564,124,124
280,10565,124,124
281,10566,124,124
281,10567,124,124
281,10568,124,124
281,10569,124,124
281,10570,124,124
281,10571,124,124
281,10572,124,124
281,10573,124,124
281,10574,124,124
281,10575,124,124
281,10576,124,124
281,10577,124,124
281,10578,124,124
281,10579,124,124
281,10580,124,124
281,10581,124,124
281,10582,124,124
281,10583,124,124
281,10584,124,124
281,10585,124,124
281,10586,124,124
281,10587,124,124
281,10588,124,124
281,10589,124,124
281,10590,124,124
281,10591,124,124
281,10592,124,124
281,10593,124,124
281,10594,124,124
281,10595,124,124
281,10596,124,124
281,10597,124,124
281,10598,124,124
281,10599,124,124
281,10600,124,124
281,10601,124,124
282,10602,124,124
282,10603,124,124
282,10604,124,124
282,10605,124,124
282,10606,124,124
282,10607,124,124
282,10608,124,124
282,10609,124,124
282,10610,124,124
282,10611,124,124
282,10612,124,124
282,10613,124,124
282,10614,124,124
282,10615,124,124
282,10616,124,124
282,10617,124,124
282,10618,124,124
282,10619,124,124
282,10620,124,124
282,10621,124,124
282,10622,124,124
282,10623,124,124
282,10624,124,124
282,10625,124,124
282,10626,124,124
282,10627,124,124
282,10628,124,124
282,10629,124,124
282,10630,124,124
282,10631,124,124
282,10632,124,124
282,10633,124,124
282,10634,124,124
282,10635,124,124
282,10636,124,124
283,10637,124,124
283,10638,124,124
283,10639,124,124
283,10640,124,124
283,10641,124,124
283,10642,124,124
283,10643,124,124
283,10644,124,124
283,10645,124,124
283,10646,124,124
283,10647,124,124
283,10648,124,124
283,10649,124,124
283,10650,124,124
283,10651,124,124
283,10652,124,124
283,10653,124,124
283,10654,124,124
283,10655,124,124
283,10656,124,124
283,10657,124,124
283,10658,124,124
283,10659,124,124
283,10660,124,124
283,10661,124,124
283,10662,124,124
283,10663,124,124
283,10664,124,124
283,10665,124,124
283,10666,124,124
283,10667,124,124
283,10668,124,124
283,10669,124,124
283,10670,124,124
283,10671,124,124
284,10672,124,124
284,10673,124,124
284,10674,124,124
284,10675,124,124
284,10676,124,124
284,10677,124,124
284,10678,124,124
284,10679,124,124
284,10680,124,124
284,10681,124,124
284,10682,124,124
284,10683,124,124
284,10684,124,124
284,10685,124,124
284,10686,124,124
284,10687,124,124
284,10688,124,124
284,10689,124,124
284,10690,124,124
284,10691,124,124
284,10692,124,124
284,10693,124,124
284,10694,124,124
284,10695,124,124
284,10696,124,124
284,10697,124,124
284,10698,124,124
284,10699,124,124
284,10700,124,124
284,10701,124,124
284,10702,124,124
284,10703,124,124
284,10704,124,124
284,10705,124,124
284,10706,124,124
285,10707,124,124
285,10708,124,124
285,10709,124,124
285,10710,124,124
285,10711,124,124
285,10712,124,124
285,10713,124,124
285,10714,124,124
285,10715,124,124
285,10716,124,124
285,10717,124,124
285,10718,124,124
285,10719,124,124
285,10720,124,124
285,10721,124,124
285,10722,124,124
285,10723,124,124
285,10724,124,124
285,10725,124,124
285,10726,124,124
285,10727,124,124
285,10728,124,124
285,10729,124,124
285,10730,124,124
285,10731,124,124
285,10732,124,124
285,10733,124,124
285,10734,124,124
285,10735,124,124
285,10736,124,124
285,10737,124,124
285,10738,124,124
285,10739,124,124
285,10740,124,124
285,10741,124,124
285,10742,124,124
285,10743,124,124
286,10744,124,124
286,10745,124,124
286,10746,124,124
286,10747,124,124
286,10748,124,124
286,10749,124,124
286,10750,124,124
286,10751,124,124
286,10752,124,124
286,10753,124,124
286,10754,124,124
286,10755,124,124
286,10756,124,124
286,10757,124,124
286,10758,124,124
286,10759,124,124
286,10760,124,124
286,10761,124,124
286,10762,124,124
286,10763,124,124
286,10764,124,124
286,10765,124,124
286,10766,124,124
286,10767,124,124
286,10768,124,124
286,10769,124,124
286,10770,124,124
286,10771,124,124
286,10772,124,124
286,10773,124,124
286,10774,124,124
286,10775,124,124
286,10776,124,124
286,10777,124,124
286,10778,124,124
287,10779,124,124
287,10780,124,124
287,10781,124,124
287,10782,124,124
287,10783,124,124
287,10784,124,124
287,10785,124,124
287,10786,124,124
287,10787,124,124
287,10788,124,124
287,10789,124,124
287,10790,124,124
287,10791,124,124
287,10792,124,124
287,10793,124,124
287,10794,124,124
287,10795,124,124
287,10796,124,124
287,10797,124,124
287,10798,124,124
287,10799,124,124
287,10800,124,124
287,10801,124,124
287,10802,124,124
287,10803,124,124
287,10804,124,124
287,10805,124,124
287,10806,124,124
287,10807,124,124
287,10808,124,124
287,10809,124,124
287,10810,124,124
287,10811,124,124
287,10812,124,124
288,10813,124,124
288,10814,124,124
288,10815,124,124
288,10816,124,124
288,10817,124,124
288,10818,124,124
288,10819,124,124
288,10820,124,124
288,10821,124,124
288,10822,124,124
288,10823,124,124
288,10824,124,124
288,10825,124,124
288,10826,124,124
288,10827,124,124
288,10828,124,124
288,10829,124,124
288,10830,124,124
288,10831,124,124
288,10832,124,124
288,10833,124,124
288,10834,124,124
288,10835,124,124
288,10836,124,124
288,10837,124,124
288,10838,124,124
288,10839,124,124
288,10840,124,124
288,10841,124,124
288,10842,124,124
288,10843,124,124
288,10844,124,124
288,10845,124,124
288,10846,124,124
288,10847,124,124
288,10848,124,124
288,10849,124,124
288,10850,124,124
288,10851,124,124
288,10852,124,124
289,10853,124,124
289,10854,124,124
289,10855,124,124
289,10856,124,124
289,10857,124,124
289,10858,124,124
289,10859,124,124
289,10860,124,124
289,10861,124,124
289,10862,124,124
289,10863,124,124
289,10864,124,124
289,10865,124,124
289,10866,124,124
289,10867,124,124
289,10868,124,124
289,10869,124,124
289,10870,124,124
289,10871,124,124
289,10872,124,124
289,10873,124,124
289,10874,124,124
289,10875,124,124
289,10876,124,124
289,10877,124,124
289,10878,124,124
289,10879,124,124
289,10880,124,124
289,10881,124,124
289,10882,124,124
289,10883,124,124
289,10884,124,124
289,10885,124,124
289,10886,124,124
289,10887,124,124
289,10888,124,124
289,10889,124,124
289,10890,124,124
290,10891,124,124
290,10892,124,124
290,10893,124,124
290,10894,124,124
290,10895,124,124
290,10896,124,124
290,10897,124,124
290,10898,124,124
290,10899,124,124
290,10900,124,124
290,10901,124,124
290,10902,124,124
290,10903,124,124
290,10904,124,124
290,10905,124,124
290,10906,124,124
290,10907,124,124
290,10908,124,124
290,10909,124,124
290,10910,124,124
290,10911,124,124
290,10912,124,124
290,10913,124,124
290,10914,124,124
290,10915,124,124
290,10916,124,124
290,10917,124,124
290,10918,124,124
290,10919,124,124
290,10920,124,124
290,10921,124,124
290,10922,124,124
290,10923,124,124
290,10924,124,124
290,10925,124,124
290,10926,124,124
290,10927,124,124
290,10928,124,124
290,10929,124,124
291,10930,124,124
291,10931,124,124
291,10932,124,124
291,10933,124,124
291,10934,124,124
291,10935,124,124
291,10936,124,124
291,10937,124,124
291,10938,124,124
291,10939,124,124
291,10940,124,124
291,10941,124,124
291,10942,124,124
291,10943,124,124
291,10944,124,124
291,10945,124,124
291,10946,124,124
291,10947,124,124
291,10948,124,124
291,10949,124,124
291,10950,124,124
291,10951,124,124
291,10952,124,124
291,10953,124,124
291,10954,124,124
291,10955,124,124
291,10956,124,124
291,10957,124,124
291,10958,124,124
291,10959,124,124
291,10960,124,124
291,10961,124,124
291,10962,124,124
291,10963,124,124
291,10964,124,124
291,10965,124,124
291,10966,124,124
292,10967,124,124
292,10968,124,124
292,10969,124,124
292,10970,124,124
292,10971,124,124
292,10972,124,124
292,10973,124,124
292,10974,124,124
292,10975,124,124
292,10976,124,124
292,10977,124,124
292,10978,124,124
292,10979,124,124
292,10980,124,124
292,10981,124,124
292,10982,124,124
292,10983,124,124
292,10984,124,124
292,10985,124,124
292,10986,124,124
292,10987,124,124
292,10988,124,124
292,10989,124,124
292,10990,124,124
292,10991,124,124
292,10992,124,124
292,10993,124,124
292,10994,124,124
292,10995,124,124
292,10996,124,124
292,10997,124,124
292,10998,124,124
292,10999,124,124
292,11000,124,124
292,11001,124,124
292,11002,124,124
292,11003,124,124
292,11004,124,124
292,11005,124,124
292,11006,124,124
293,11007,124,124
293,11008,124,124
293,11009,124,124
293,11010,124,124
293,11011,124,124
293,11012,124,124
293,11013,124,124
293,11014,124,124
293,11015,124,124
293,11016,124,124
293,11017,124,124
293,11018,124,124
293,11019,124,124
293,11020,124,124
293,11021,124,124
293,11022,124,124
293,11023,124,124
293,11024,124,124
293,11025,124,124
293,11026,124,124
293,11027,124,124
293,11028,124,124
293,11029,124,124
293,11030,124,124
293,11031,124,124
293,11032,124,124
293,11033,124,124
293,11034,124,124
293,11035,124,124
293,11036,124,124
293,11037,124,124
293,11038,124,124
293,11039,124,124
293,11040,124,124
293,11041,124,124
293,11042,124,124
293,11043,124,124
293,11044,124,124
293,11045,124,124
294,11046,124,124
294,11047,124,124
294,11048,124,124
294,11049,124,124
294,11050,124,124
294,11051,124,124
294,11052,124,124
294,11053,124,124
294,11054,124,124
294,11055,124,124
294,11056,124,124
294,11057,124,124
294,11058,124,124
294,11059,124,124
294,11060,124,124
294,11061,124,124
294,11062,124,124
294,11063,124,124
294,11064,124,124
294,11065,124,124
294,11066,124,124
294,11067,124,124
294,11068,124,124
294,11069,124,124
294,11070,124,124
294,11071,124,124
294,11072,124,124
294,11073,124,124
294,11074,124,124
294,11075,124,124
294,11076,124,124
294,11077,124,124
294,11078,124,124
294,11079,124,124
294,11080,124,124
294,11081,124,124
294,11082,124,124
294,11083,124,124
294,11084,124,124
295,11085,124,124
295,11086,124,124
295,11087,124,124
295,11088,124,124
295,11089,124,124
295,11090,124,124
295,11091,124,124
295,11092,124,124
295,11093,124,124
295,11094,124,124
295,11095,124,124
295,11096,124,124
295,11097,124,124
295,11098,124,124
295,11099,124,124
295,11100,124,124
295,11101,124,124
295,11102,124,124
295,11103,124,124
295,11104,124,124
295,11105,124,124
295,11106,124,124
295,11107,124,124
295,11108,124,124
295,11109,124,124
295,11110,124,124
295,11111,124,124
295,11112,124,124
295,11113,124,124
295,11114,124,124
295,11115,124,124
295,11116,124,124
295,11117,124,124
295,11118,124,124
295,11119,124,124
295,11120,124,124
295,11121,124,124
295,11122,124,124
295,11123,124,124
295,11124,124,124
295,11125,124,124
295,11126,124,124
296,11127,124,124
296,11128,124,124
296,11129,124,124
296,11130,124,124
296,11131,124,124
296,11132,124,124
296,11133,124,124
296,11134,124,124
296,11135,124,124
296,11136,124,124
296,11137,124,124
296,11138,124,124
296,11139,124,124
296,11140,124,124
296,11141,124,124
296,11142,124,124
296,11143,124,124
296,11144,124,124
296,11145,124,124
296,11146,124,124
296,11147,124,124
296,11148,124,124
296,11149,124,124
296,11150,124,124
296,11151,124,124
296,11152,124,124
296,11153,124,124
296,11154,124,124
296,11155,124,124
296,11156,124,124
296,11157,124,124
296,11158,124,124
296,11159,124,124
296,11160,124,124
296,11161,124,124
296,11162,124,124
296,11163,124,124
296,11164,124,124
296,11165,124,124
296,11166,124,124
296,11167,124,124
296,11168,124,124
296,11169,124,124
297,11170,124,124
297,11171,124,124
297,11172,124,124
297,11173,124,124
297,11174,124,124
297,11175,124,124
297,11176,124,124
297,11177,124,124
297,11178,124,124
297,11179,124,124
297,11180,124,124
297,11181,124,124
297,11182,124,124
297,11183,124,124
297,11184,124,124
297,11185,124,124
297,11186,124,124
297,11187,124,124
297,11188,124,124
297,11189,124,124
297,11190,124,124
297,11191,124,124
297,11192,124,124
297,11193,124,124
297,11194,124,124
297,11195,124,124
297,11196,124,124
297,11197,124,124
297,11198,124,124
297,11199,124,124
297,11200,124,124
297,11201,124,124
297,11202,124,124
297,11203,124,124
297,11204,124,124
297,11205,124,124
297,11206,124,124
298,11207,124,124
298,11208,124,124
298,11209,124,124
298,11210,124,124
298,11211,124,124
298,11212,124,124
298,11213,124,124
298,11214,124,124
298,11215,124,124
298,11216,124,124
298,11217,124,124
298,11218,124,124
298,11219,124,124
298,11220,124,124
298,11221,124,124
298,11222,124,124
298,11223,124,124
298,11224,124,124
298,11225,124,124
298,11226,124,124
298,11227,124,124
298,11228,124,124
298,11229,124,124
298,11230,124,124
298,11231,124,124
298,11232,124,124
298,11233,124,124
298,11234,124,124
298,11235,124,124
298,11236,124,124
298,11237,124,124
298,11238,124,124
298,11239,124,124
298,11240,124,124
299,11241,124,124
299,11242,124,124
299,11243,124,124
299,11244,124,124
299,11245,124,124
299,11246,124,124
299,11247,124,124
299,11248,124,124
299,11249,124,124
299,11250,124,124
299,11251,124,124
299,11252,124,124
299,11253,124,124
299,11254,124,124
299,11255,124,124
299,11256,124,124
299,11257,124,124
299,11258,124,124
299,11259,124,124
299,11260,124,124
299,11261,124,124
299,11262,124,124
299,11263,124,124
299,11264,124,124
299,11265,124,124
299,11266,124,124
299,11267,124,124
299,11268,124,124
299,11269,124,124
299,11270,124,124
299,11271,124,124
299,11272,124,124
299,11273,124,124
299,11274,124,124
299,11275,124,124
299,11276,124,124
299,11277,124,124
299,11278,124,124
300,11279,124,124
300,11280,124,124
300,11281,124,124
300,11282,124,124
300,11283,124,124
300,11284,124,124
300,11285,124,124
300,11286,124,124
300,11287,124,124
300,11288,124,124
300,11289,124,124
300,11290,124,124
300,11291,124,124
300,11292,124,124
300,11293,124,124
300,11294,124,124
300,11295,124,124
300,11296,124,124
300,11297,124,124
300,11298,124,124
300,11299,124,124
300,11300,124,124
300,11301,124,124
300,11302,124,124
300,11303,124,124
300,11304,124,124
300,11305,124,124
300,11306,124,124
300,11307,124,124
300,11308,124,124
300,11309,124,124
300,11310,124,124
300,11311,124,124
300,11312,124,124
300,11313,124,124
300,11314,124,124
300,11315,124,124
300,11316,124,124
300,11317,124,124
300,11318,124,124
301,11319,124,124
301,11320,124,124
301,11321,124,124
301,11322,124,124
301,11323,124,124
301,11324,124,124
301,11325,124,124
301,11326,124,124
301,11327,124,124
301,11328,124,124
301,11329,124,124
301,11330,124,124
301,11331,124,124
301,11332,124,124
301,11333,124,124
301,11334,124,124
301,11335,124,124
301,11336,124,124
301,11337,124,124
301,11338,124,124
301,11339,124,124
301,11340,124,124
301,11341,124,124
301,11342,124,124
301,11343,124,124
301,11344,124,124
301,11345,124,124
301,11346,124,124
301,11347,124,124
301,11348,124,124
301,11349,124,124
301,11350,124,124
301,11351,124,124
301,11352,124,124
301,11353,124,124
301,11354,124,124
301,11355,124,124
301,11356,124,124
302,11357,124,124
302,11358,124,124
302,11359,124,124
302,11360,124,124
302,11361,124,124
302,11362,124,124
302,11363,124,124
302,11364,124,124
302,11365,124,124
302,11366,124,124
302,11367,124,124
302,11368,124,124
302,11369,124,124
302,11370,124,124
302,11371,124,124
302,11372,124,124
302,11373,124,124
302,11374,124,124
302,11375,124,124
302,11376,124,124
302,11377,124,124
302,11378,124,124
302,11379,124,124
302,11380,124,124
302,11381,124,124
302,11382,124,124
302,11383,124,124
302,11384,124,124
302,11385,124,124
302,11386,124,124
302,11387,124,124
302,11388,124,124
302,11389,124,124
302,11390,124,124
302,11391,124,124
302,11392,124,124
302,11393,124,124
302,11394,124,124
303,11395,124,124
303,11396,124,124
303,11397,124,124
303,11398,124,124
303,11399,124,124
303,11400,124,124
303,11401,124,124
303,11402,124,124
303,11403,124,124
303,11404,124,124
303,11405,124,124
303,11406,124,124
303,11407,124,124
303,11408,124,124
303,11409,124,124
303,11410,124,124
303,11411,124,124
303,11412,124,124
303,11413,124,124
303,11414,124,124
303,11415,124,124
303,11416,124,124
303,11417,124,124
303,11418,124,124
303,11419,124,124
303,11420,124,124
303,11421,124,124
303,11422,124,124
303,11423,124,124
303,11424,124,124
303,11425,124,124
303,11426,124,124
303,11427,124,124
303,11428,124,124
303,11429,124,124
303,11430,124,124
304,11431,124,124
304,11432,124,124
304,11433,124,124
304,11434,124,124
304,11435,124,124
304,11436,124,124
304,11437,124,124
304,11438,124,124
304,11439,124,124
304,11440,124,124
304,11441,124,124
304,11442,124,124
304,11443,124,124
304,11444,124,124
304,11445,124,124
304,11446,124,124
304,11447,124,124
304,11448,124,124
304,11449,124,124
304,11450,124,124
304,11451,124,124
304,11452,124,124
304,11453,124,124
304,11454,124,124
304,11455,124,124
304,11456,124,124
304,11457,124,124
304,11458,124,124
304,11459,124,124
304,11460,124,124
304,11461,124,124
304,11462,124,124
304,11463,124,124
304,11464,124,124
305,11465,124,124
305,11466,124,124
305,11467,124,124
305,11468,124,124
305,11469,124,124
305,11470,124,124
305,11471,124,124
305,11472,124,124
305,11473,124,124
305,11474,124,124
305,11475,124,124
305,11476,124,124
305,11477,124,124
305,11478,124,124
305,11479,124,124
305,11480,124,124
305,11481,124,124
305,11482,124,124
305,11483,124,124
305,11484,124,124
305,11485,124,124
305,11486,124,124
305,11487,124,124
305,11488,124,124
305,11489,124,124
305,11490,124,124
305,11491,124,124
305,11492,124,124
305,11493,124,124
305,11494,124,124
305,11495,124,124
305,11496,124,124
305,11497,124,124
305,11498,124,124
305,11499,124,124
305,11500,124,124
305,11501,124,124
305,11502,124,124
305,11503,124,124
306,11504,124,124
306,11505,124,124
306,11506,124,124
306,11507,124,124
306,11508,124,124
306,11509,124,124
306,11510,124,124
306,11511,124,124
306,11512,124,124
306,11513,124,124
306,11514,124,124
306,11515,124,124
306,11516,124,124
306,11517,124,124
306,11518,124,124
306,11519,124,124
306,11520,124,124
306,11521,124,124
306,11522,124,124
306,11523,124,124
306,11524,124,124
306,11525,124,124
306,11526,124,124
306,11527,124,124
306,11528,124,124
306,11529,124,124
306,11530,124,124
306,11531,124,124
306,11532,124,124
306,11533,124,124
306,11534,124,124
306,11535,124,124
306,11536,124,124
306,11537,124,124
307,11538,124,124
307,11539,124,124
307,11540,124,124
307,11541,124,124
307,11542,124,124
307,11543,124,124
307,11544,124,124
307,11545,124,124
307,11546,124,124
307,11547,124,124
307,11548,124,124
307,11549,124,124
307,11550,124,124
307,11551,124,124
307,11552,124,124
307,11553,124,124
307,11554,124,124
307,11555,124,124
307,11556,124,124
307,11557,124,124
307,11558,124,124
307,11559,124,124
307,11560,124,124
307,11561,124,124
307,11562,124,124
307,11563,124,124
307,11564,124,124
307,11565,124,124
307,11566,124,124
307,11567,124,124
307,11568,124,124
307,11569,124,124
307,11570,124,124
307,11571,124,124
307,11572,124,124
307,11573,124,124
307,11574,124,124
307,11575,124,124
308,11576,124,124
308,11577,124,124
308,11578,124,124
308,11579,124,124
308,11580,124,124
308,11581,124,124
308,11582,124,124
308,11583,124,124
308,11584,124,124
308,11585,124,124
308,11586,124,124
308,11587,124,124
308,11588,124,124
308,11589,124,124
308,11590,124,124
308,11591,124,124
308,11592,124,124
308,11593,124,124
308,11594,124,124
308,11595,124,124
308,11596,124,124
308,11597,124,124
308,11598,124,124
308,11599,124,124
308,11600,124,124
308,11601,124,124
308,11602,124,124
308,11603,124,124
308,11604,124,124
308,11605,124,124
308,11606,124,124
308,11607,124,124
308,11608,124,124
308,11609,124,124
308,11610,124,124
308,11611,124,124
309,11612,124,124
309,11613,124,124
309,11614,124,124
309,11615,124,124
309,11616,124,124
309,11617,124,124
309,11618,124,124
309,11619,124,124
309,11620,124,124
309,11621,124,124
309,11622,124,124
309,11623,124,124
309,11624,124,124
309,11625,124,124
309,11626,124,124
309,11627,124,124
309,11628,124,124
309,11629,124,124
309,11630,124,124
309,11631,124,124
309,11632,124,124
309,11633,124,124
309,11634,124,124
309,11635,124,124
309,11636,124,124
309,11637,124,124
309,11638,124,124
309,11639,124,124
309,11640,124,124
309,11641,124,124
309,11642,124,124
309,11643,124,124
309,11644,124,124
309,11645,124,124
309,11646,124,124
309,11647,124,124
309,11648,124,124
309,11649,124,124
309,11650,124,124
309,11651,124,124
310,11652,124,124
310,11653,124,124
310,11654,124,124
310,11655,124,124
310,11656,124,124
310,11657,124,124
310,11658,124,124
310,11659,124,124
310,11660,124,124
310,11661,124,124
310,11662,124,124
310,11663,124,124
310,11664,124,124
310,11665,124,124
310,11666,124,124
310,11667,124,124
310,11668,124,124
310,11669,124,124
310,11670,124,124
310,11671,124,124
310,11672,124,124
310,11673,124,124
310,11674,124,124
310,11675,124,124
310,11676,124,124
310,11677,124,124
310,11678,124,124
310,11679,124,124
310,11680,124,124
310,11681,124,124
310,11682,124,124
310,11683,124,124
310,11684,124,124
310,11685,124,124
310,11686,124,124
310,11687,124,124
310,11688,124,124
310,11689,124,124
311,11690,124,124
311,11691,124,124
311,11692,124,124
311,11693,124,124
311,11694,124,124
311,11695,124,124
311,11696,124,124
311,11697,124,124
311,11698,124,124
311,11699,124,124
311,11700,124,124
311,11701,124,124
311,11702,124,124
311,11703,124,124
311,11704,124,124
311,11705,124,124
311,11706,124,124
311,11707,124,124
311,11708,124,124
311,11709,124,124
311,11710,124,124
311,11711,124,124
311,11712,124,124
311,11713,124,124
311,11714,124,124
311,11715,124,124
311,11716,124,124
311,11717,124,124
311,11718,124,124
311,11719,124,124
311,11720,124,124
311,11721,124,124
311,11722,124,124
311,11723,124,124
311,11724,124,124
311,11725,124,124
311,11726,124,124
311,11727,124,124
311,11728,124,124
312,11729,124,124
312,11730,124,124
312,11731,124,124
312,11732,124,124
312,11733,124,124
312,11734,124,124
312,11735,124,124
312,11736,124,124
312,11737,124,124
312,11738,124,124
312,11739,124,124
312,11740,124,124
312,11741,124,124
312,11742,124,124
312,11743,124,124
312,11744,124,124
312,11745,124,124
312,11746,124,124
312,11747,124,124
312,11748,124,124
312,11749,124,124
312,11750,124,124
312,11751,124,124
312,11752,124,124
312,11753,124,124
312,11754,124,124
312,11755,124,124
312,11756,124,124
312,11757,124,124
312,11758,124,124
312,11759,124,124
312,11760,124,124
312,11761,124,124
312,11762,124,124
312,11763,124,124
312,11764,124,124
312,11765,124,124
312,11766,124,124
312,11767,124,124
312,11768,124,124
313,11769,124,124
313,11770,124,124
313,11771,124,124
313,11772,124,124
313,11773,124,124
313,11774,124,124
313,11775,124,124
313,11776,124,124
313,11777,124,124
313,11778,124,124
313,11779,124,124
313,11780,124,124
313,11781,124,124
313,11782,124,124
313,11783,124,124
313,11784,124,124
313,11785,124,124
313,11786,124,124
313,11787,124,124
313,11788,124,124
313,11789,124,124
313,11790,124,124
313,11791,124,124
313,11792,124,124
313,11793,124,124
313,11794,124,124
313,11795,124,124
313,11796,124,124
313,11797,124,124
313,11798,124,124
313,11799,124,124
313,11800,124,124
313,11801,124,124
313,11802,124,124
313,11803,124,124
313,11804,124,124
313,11805,124,124
313,11806,124,124
314,11807,124,124
314,11808,124,124
314,11809,124,124
314,11810,124,124
314,11811,124,124
314,11812,124,124
314,11813,124,124
314,11814,124,124
314,11815,124,124
314,11816,124,124
314,11817,124,124
314,11818,124,124
314,11819,124,124
314,11820,124,124
314,11821,124,124
314,11822,124,124
314,11823,124,124
314,11824,124,124
314,11825,124,124
314,11826,124,124
314,11827,124,124
314,11828,124,124
314,11829,124,124
314,11830,124,124
314,11831,124,124
314,11832,124,124
314,11833,124,124
314,11834,124,124
314,11835,124,124
314,11836,124,124
314,11837,124,124
314,11838,124,124
314,11839,124,124
314,11840,124,124
314,11841,124,124
314,11842,124,124
315,11843,124,124
315,11844,124,124
315,11845,124,124
315,11846,124,124
315,11847,124,124
315,11848,124,124
315,11849,124,124
315,11850,124,124
315,11851,124,124
315,11852,124,124
315,11853,124,124
315,11854,124,124
315,11855,124,124
315,11856,124,124
315,11857,124,124
315,11858,124,124
315,11859,124,124
315,11860,124,124
315,11861,124,124
315,11862,124,124
315,11863,124,124
315,11864,124,124
315,11865,124,124
315,11866,124,124
315,11867,124,124
315,11868,124,124
315,11869,124,124
315,11870,124,124
315,11871,124,124
315,11872,124,124
315,11873,124,124
315,11874,124,124
315,11875,124,124
315,11876,124,124
315,11877,124,124
316,11878,124,124
316,11879,124,124
316,11880,124,124
316,11881,124,124
316,11882,124,124
316,11883,124,124
316,11884,124,124
316,11885,124,124
316,11886,124,124
316,11887,124,124
316,11888,124,124
316,11889,124,124
316,11890,124,124
316,11891,124,124
316,11892,124,124
316,11893,124,124
316,11894,124,124
316,11895,124,124
316,11896,124,124
316,11897,124,124
316,11898,124,124
316,11899,124,124
316,11900,124,124
316,11901,124,124
316,11902,124,124
316,11903,124,124
316,11904,124,124
316,11905,124,124
316,11906,124,124
316,11907,124,124
316,11908,124,124
316,11909,124,124
316,11910,124,124
316,11911,124,124
316,11912,124,124
317,11913,124,124
317,11914,124,124
317,11915,124,124
317,11916,124,124
317,11917,124,124
317,11918,124,124
317,11919,124,124
317,11920,124,124
317,11921,124,124
317,11922,124,124
317,11923,124,124
317,11924,124,124
317,11925,124,124
317,11926,124,124
317,11927,124,124
317,11928,124,124
317,11929,124,124
317,11930,124,124
317,11931,124,124
317,11932,124,124
317,11933,124,124
317,11934,124,124
317,11935,124,124
317,11936,124,124
317,11937,124,124
317,11938,124,124
317,11939,124,124
317,11940,124,124
317,11941,124,124
317,11942,124,124
317,11943,124,124
317,11944,124,124
317,11945,124,124
317,11946,124,124
317,11947,124,124
317,11948,124,124
317,11949,124,124
317,11950,124,124
317,11951,124,124
318,11952,124,124
318,11953,124,124
318,11954,124,124
318,11955,124,124
318,11956,124,124
318,11957,124,124
318,11958,124,124
318,11959,124,124
318,11960,124,124
318,11961,124,124
318,11962,124,124
318,11963,124,124
318,11964,124,124
318,11965,124,124
318,11966,124,124
318,11967,124,124
318,11968,124,124
318,11969,124,124
318,11970,124,124
318,11971,124,124
318,11972,124,124
318,11973,124,124
318,11974,124,124
318,11975,124,124
318,11976,124,124
318,11977,124,124
318,11978,124,124
318,11979,124,124
318,11980,124,124
318,11981,124,124
318,11982,124,124
318,11983,124,124
318,11984,124,124
318,11985,124,124
318,11986,124,124
318,11987,124,124
318,11988,124,124
318,11989,124,124
318,11990,124,124
318,11991,124,124
319,11992,124,124
319,11993,124,124
319,11994,124,124
319,11995,124,124
319,11996,124,124
319,11997,124,124
319,11998,124,124
319,11999,124,124
319,12000,124,124
319,12001,124,124
319,12002,124,124
319,12003,124,124
319,12004,124,124
319,12005,124,124
319,12006,124,124
319,12007,124,124
319,12008,124,124
319,12009,124,124
319,12010,124,124
319,12011,124,124
319,12012,124,124
319,12013,124,124
319,12014,124,124
319,12015,124,124
319,12016,124,124
319,12017,124,124
319,12018,124,124
319,12019,124,124
319,12020,124,124
319,12021,124,124
319,12022,124,124
319,12023,124,124
319,12024,124,124
319,12025,124,124
319,12026,124,124
319,12027,124,124
319,12028,124,124
319,12029,124,124
319,12030,124,124
319,12031,124,124
319,12032,124,124
320,12033,124,124
320,12034,124,124
320,12035,124,124
320,12036,124,124
320,12037,124,124
320,12038,124,124
320,12039,124,124
320,12040,124,124
320,12041,124,124
320,12042,124,124
320,12043,124,124
320,12044,124,124
320,12045,124,124
320,12046,124,124
320,12047,124,124
320,12048,124,124
320,12049,124,124
320,12050,124,124
320,12051,124,124
320,12052,124,124
320,12053,124,124
320,12054,124,124
320,12055,124,124
320,12056,124,124
320,12057,124,124
320,12058,124,124
320,12059,124,124
320,12060,124,124
320,12061,124,124
320,12062,124,124
320,12063,124,124
320,12064,124,124
320,12065,124,124
320,12066,124,124
320,12067,124,124
320,12068,124,124
320,12069,124,124
320,12070,124,124
320,12071,124,124
320,12072,124,124
321,12073,124,124
321,12074,124,124
321,12075,124,124
321,12076,124,124
321,12077,124,124
321,12078,124,124
321,12079,124,124
321,12080,124,124
321,12081,124,124
321,12082,124,124
321,12083,124,124
321,12084,124,124
321,12085,124,124
321,12086,124,124
321,12087,124,124
321,12088,124,124
321,12089,124,124
321,12090,124,124
321,12091,124,124
321,12092,124,124
321,12093,124,124
321,12094,124,124
321,12095,124,124
321,12096,124,124
321,12097,124,124
321,12098,124,124
321,12099,124,124
321,12100,124,124
321,12101,124,124
321,12102,124,124
321,12103,124,124
321,12104,124,124
321,12105,124,124
321,12106,124,124
321,12107,124,124
322,12108,124,124
322,12109,124,124
322,12110,124,124
322,12111,124,124
322,12112,124,124
322,12113,124,124
322,12114,124,124
322,12115,124,124
322,12116,124,124
322,12117,124,124
322,12118,124,124
322,12119,124,124
322,12120,124,124
322,12121,124,124
322,12122,124,124
322,12123,124,124
322,12124,124,124
322,12125,124,124
322,12126,124,124
322,12127,124,124
322,12128,124,124
322,12129,124,124
322,12130,124,124
322,12131,124,124
322,12132,124,124
322,12133,124,124
322,12134,124,124
322,12135,124,124
322,12136,124,124
322,12137,124,124
322,12138,124,124
322,12139,124,124
322,12140,124,124
322,12141,124,124
322,12142,124,124
322,12143,124,124
323,12144,124,124
323,12145,124,124
323,12146,124,124
323,12147,124,124
323,12148,124,124
323,12149,124,124
323,12150,124,124
323,12151,124,124
323,12152,124,124
323,12153,124,124
323,12154,124,124
323,12155,124,124
323,12156,124,124
323,12157,124,124
323,12158,124,124
323,12159,124,124
323,12160,124,124
323,12161,124,124
323,12162,124,124
323,12163,124,124
323,12164,124,124
323,12165,124,124
323,12166,124,124
323,12167,124,124
323,12168,124,124
323,12169,124,124
323,12170,124,124
323,12171,124,124
323,12172,124,124
323,12173,124,124
323,12174,124,124
323,12175,124,124
323,12176,124,124
323,12177,124,124
323,12178,124,124
323,12179,124,124
323,12180,124,124
323,12181,124,124
324,12182,124,124
324,12183,124,124
324,12184,124,124
324,12185,124,124
324,12186,124,124
324,12187,124,124
324,12188,124,124
324,12189,124,124
324,12190,124,124
324,12191,124,124
324,12192,124,124
324,12193,124,124
324,12194,124,124
324,12195,124,124
324,12196,124,124
324,12197,124,124
324,12198,124,124
324,12199,124,124
324,12200,124,124
324,12201,124,124
324,12202,124,124
324,12203,124,124
324,12204,124,124
324,12205,124,124
324,12206,124,124
324,12207,124,124
324,12208,124,124
324,12209,124,124
324,12210,124,124
324,12211,124,124
324,12212,124,124
324,12213,124,124
324,12214,124,124
324,12215,124,124
324,12216,124,124
324,12217,124,124
324,12218,124,124
324,12219,124,124
324,12220,124,124
324,12221,124,124
325,12222,124,124
325,12223,124,124
325,12224,124,124
325,12225,124,124
325,12226,124,124
325,12227,124,124
325,12228,124,124
325,12229,124,124
325,12230,124,124
325,12231,124,124
325,12232,124,124
325,12233,124,124
325,12234,124,124
325,12235,124,124
325,12236,124,124
325,12237,124,124
325,12238,124,124
325,12239,124,124
325,12240,124,124
325,12241,124,124
325,12242,124,124
325,12243,124,124
325,12244,124,124
325,12245,124,124
325,12246,124,124
325,12247,124,124
325,12248,124,124
325,12249,124,124
325,12250,124,124
325,12251,124,124
325,12252,124,124
325,12253,124,124
325,12254,124,124
325,12255,124,124
325,12256,124,124
325,12257,124,124
325,12258,124,124
325,12259,124,124
325,12260,124,124
326,12261,124,124
326,12262,124,124
326,12263,124,124
326,12264,124,124
326,12265,124,124
326,12266,124,124
326,12267,124,124
326,12268,124,124
326,12269,124,124
326,12270,124,124
326,12271,124,124
326,12272,124,124
326,12273,124,124
326,12274,124,124
326,12275,124,124
326,12276,124,124
326,12277,124,124
326,12278,124,124
326,12279,124,124
326,12280,124,124
326,12281,124,124
326,12282,124,124
326,12283,124,124
326,12284,124,124
326,12285,124,124
326,12286,124,124
326,12287,124,124
326,12288,124,124
326,12289,124,124
326,12290,124,124
326,12291,124,124
326,12292,124,124
326,12293,124,124
326,12294,124,124
326,12295,124,124
326,12296,124,124
326,12297,124,124
326,12298,124,124
327,12299,124,124
327,12300,124,124
327,12301,124,124
327,12302,124,124
327,12303,124,124
327,12304,124,124
327,12305,124,124
327,12306,124,124
327,12307,124,124
327,12308,124,124
327,12309,124,124
327,12310,124,124
327,12311,124,124
327,12312,124,124
327,12313,124,124
327,12314,124,124
327,12315,124,124
327,12316,124,124
327,12317,124,124
327,12318,124,124
327,12319,124,124
327,12320,124,124
327,12321,124,124
327,12322,124,124
327,12323,124,124
327,12324,124,124
327,12325,124,124
327,12326,124,124
327,12327,124,124
327,12328,124,124
327,12329,124,124
327,12330,124,124
327,12331,124,124
327,12332,124,124
327,12333,124,124
327,12334,124,124
327,12335,124,124
327,12336,124,124
328,12337,124,124
328,12338,124,124
328,12339,124,124
328,12340,124,124
328,12341,124,124
328,12342,124,124
328,12343,124,124
328,12344,124,124
328,12345,124,124
328,12346,124,124
328,12347,124,124
328,12348,124,124
328,12349,124,124
328,12350,124,124
328,12351,124,124
328,12352,124,124
328,12353,124,124
328,12354,124,124
328,12355,124,124
328,12356,124,124
328,12357,124,124
328,12358,124,124
328,12359,124,124
328,12360,124,124
328,12361,124,124
328,12362,124,124
328,12363,124,124
328,12364,124,124
328,12365,124,124
328,12366,124,124
328,12367,124,124
328,12368,124,124
328,12369,124,124
328,12370,124,124
329,12371,124,124
329,12372,124,124
329,12373,124,124
329,12374,124,124
329,12375,124,124
329,12376,124,124
329,12377,124,124
329,12378,124,124
329,12379,124,124
329,12380,124,124
329,12381,124,124
329,12382,124,124
329,12383,124,124
329,12384,124,124
329,12385,124,124
329,12386,124,124
329,12387,124,124
329,12388,124,124
329,12389,124,124
329,12390,124,124
329,12391,124,124
329,12392,124,124
329,12393,124,124
329,12394,124,124
329,12395,124,124
329,12396,124,124
329,12397,124,124
329,12398,124,124
329,12399,124,124
329,12400,124,124
329,12401,124,124
329,12402,124,124
329,12403,124,124
329,12404,124,124
329,12405,124,124
329,12406,124,124
329,12407,124,124
329,12408,124,124
329,12409,124,124
329,12410,124,124
330,12411,124,124
330,12412,124,124
330,12413,124,124
330,12414,124,124
330,12415,124,124
330,12416,124,124
330,12417,124,124
330,12418,124,124
330,12419,124,124
330,12420,124,124
330,12421,124,124
330,12422,124,124
330,12423,124,124
330,12424,124,124
330,12425,124,124
330,12426,124,124
330,12427,124,124
330,12428,124,124
330,12429,124,124
330,12430,124,124
330,12431,124,124
330,12432,124,124
330,12433,124,124
330,12434,124,124
330,12435,124,124
330,12436,124,124
330,12437,124,124
330,12438,124,124
330,12439,124,124
330,12440,124,124
330,12441,124,124
330,12442,124,124
330,12443,124,124
330,12444,124,124
330,12445,124,124
330,12446,124,124
330,12447,124,124
330,12448,124,124
330,12449,124,124
331,12450,124,124
331,12451,124,124
331,12452,124,124
331,12453,124,124
331,12454,124,124
331,12455,124,124
331,12456,124,124
331,12457,124,124
331,12458,124,124
331,12459,124,124
331,12460,124,124
331,12461,124,124
331,12462,124,124
331,12463,124,124
331,12464,124,124
331,12465,124,124
331,12466,124,124
331,12467,124,124
331,12468,124,124
331,12469,124,124
331,12470,124,124
331,12471,124,124
331,12472,124,124
331,12473,124,124
331,12474,124,124
331,12475,124,124
331,12476,124,124
331,12477,124,124
331,12478,124,124
331,12479,124,124
331,12480,124,124
331,12481,124,124
331,12482,124,124
332,12483,124,124
332,12484,124,124
332,12485,124,124
332,12486,124,124
332,12487,124,124
332,12488,124,124
332,12489,124,124
332,12490,124,124
332,12491,124,124
332,12492,124,124
332,12493,124,124
332,12494,124,124
332,12495,124,124
332,12496,124,124
332,12497,124,124
332,12498,124,124
332,12499,124,124
332,12500,124,124
332,12501,124,124
332,12502,124,124
332,12503,124,124
332,12504,124,124
332,12505,124,124
332,12506,124,124
332,12507,124,124
332,12508,124,124
332,12509,124,124
332,12510,124,124
332,12511,124,124
332,12512,124,124
332,12513,124,124
332,12514,124,124
332,12515,124,124
333,12516,124,124
333,12517,124,124
333,12518,124,124
333,12519,124,124
333,12520,124,124
333,12521,124,124
333,12522,124,124
333,12523,124,124
333,12524,124,124
333,12525,124,124
333,12526,124,124
333,12527,124,124
333,12528,124,124
333,12529,124,124
333,12530,124,124
333,12531,124,124
333,12532,124,124
333,12533,124,124
333,12534,124,124
333,12535,124,124
333,12536,124,124
333,12537,124,124
333,12538,124,124
333,12539,124,124
333,12540,124,124
333,12541,124,124
333,12542,124,124
333,12543,124,124
333,12544,124,124
333,12545,124,124
333,12546,124,124
333,12547,124,124
333,12548,124,124
333,12549,124,124
333,12550,124,124
333,12551,124,124
333,12552,124,124
333,12553,124,124
334,12554,124,124
334,12555,124,124
334,12556,124,124
334,12557,124,124
334,12558,124,124
334,12559,124,124
334,12560,124,124
334,12561,124,124
334,12562,124,124
334,12563,124,124
334,12564,124,124
334,12565,124,124
334,12566,124,124
334,12567,124,124
334,12568,124,124
334,12569,124,124
334,12570,124,124
334,12571,124,124
334,12572,124,124
334,12573,124,124
334,12574,124,124
334,12575,124,124
334,12576,124,124
334,12577,124,124
334,12578,124,124
334,12579,124,124
334,12580,124,124
334,12581,124,124
334,12582,124,124
334,12583,124,124
334,12584,124,124
334,12585,124,124
334,12586,124,124
334,12587,124,124
334,12588,124,124
334,12589,124,124
334,12590,124,124
334,12591,124,124
334,12592,124,124
334,12593,124,124
335,12594,124,124
335,12595,124,124
335,12596,124,124
335,12597,124,124
335,12598,124,124
335,12599,124,124
335,12600,124,124
335,12601,124,124
335,12602,124,124
335,12603,124,124
335,12604,124,124
335,12605,124,124
335,12606,124,124
335,12607,124,124
335,12608,124,124
335,12609,124,124
335,12610,124,124
335,12611,124,124
335,12612,124,124
335,12613,124,124
335,12614,124,124
335,12615,124,124
335,12616,124,124
335,12617,124,124
335,12618,124,124
335,12619,124,124
335,12620,124,124
335,12621,124,124
335,12622,124,124
335,12623,124,124
335,12624,124,124
335,12625,124,124
335,12626,124,124
335,12627,124,124
335,12628,124,124
335,12629,124,124
335,12630,124,124
335,12631,124,124
335,12632,124,124
336,12633,124,124
336,12634,124,124
336,12635,124,124
336,12636,124,124
336,12637,124,124
336,12638,124,124
336,12639,124,124
336,12640,124,124
336,12641,124,124
336,12642,124,124
336,12643,124,124
336,12644,124,124
336,12645,124,124
336,12646,124,124
336,12647,124,124
336,12648,124,124
336,12649,124,124
336,12650,124,124
336,12651,124,124
336,12652,124,124
336,12653,124,124
336,12654,124,124
336,12655,124,124
336,12656,124,124
336,12657,124,124
336,12658,124,124
336,12659,124,124
336,12660,124,124
336,12661,124,124
336,12662,124,124
336,12663,124,124
336,12664,124,124
336,12665,124,124
336,12666,124,124
336,12667,124,124
336,12668,124,124
336,12669,124,124
336,12670,124,124
336,12671,124,124
337,12672,124,124
337,12673,124,124
337,12674,124,124
337,12675,124,124
337,12676,124,124
337,12677,124,124
337,12678,124,124
337,12679,124,124
337,12680,124,124
337,12681,124,124
337,12682,124,124
337,12683,124,124
337,12684,124,124
337,12685,124,124
337,12686,124,124
337,12687,124,124
337,12688,124,124
337,12689,124,124
337,12690,124,124
337,12691,124,124
337,12692,124,124
337,12693,124,124
337,12694,124,124
337,12695,124,124
337,12696,124,124
337,12697,124,124
337,12698,124,124
337,12699,124,124
337,12700,124,124
337,12701,124,124
337,12702,124,124
337,12703,124,124
337,12704,124,124
337,12705,124,124
337,12706,124,124
337,12707,124,124
338,12708,124,124
338,12709,124,124
338,12710,124,124
338,12711,124,124
338,12712,124,124
338,12713,124,124
338,12714,124,124
338,12715,124,124
338,12716,124,124
338,12717,124,124
338,12718,124,124
338,12719,124,124
338,12720,124,124
338,12721,124,124
338,12722,124,124
338,12723,124,124
338,12724,124,124
338,12725,124,124
338,12726,124,124
338,12727,124,124
338,12728,124,124
338,12729,124,124
338,12730,124,124
338,12731,124,124
338,12732,124,124
338,12733,124,124
338,12734,124,124
338,12735,124,124
338,12736,124,124
338,12737,124,124
338,12738,124,124
338,12739,124,124
338,12740,124,124
338,12741,124,124
338,12742,124,124
338,12743,124,124
338,12744,124,124
338,12745,124,124
338,12746,124,124
339,12747,124,124
339,12748,124,124
339,12749,124,124
339,12750,124,124
339,12751,124,124
339,12752,124,124
339,12753,124,124
339,12754,124,124
339,12755,124,124
339,12756,124,124
339,12757,124,124
339,12758,124,124
339,12759,124,124
339,12760,124,124
339,12761,124,124
339,12762,124,124
339,12763,124,124
339,12764,124,124
339,12765,124,124
339,12766,124,124
339,12767,124,124
339,12768,124,124
339,12769,124,124
339,12770,124,124
339,12771,124,124
339,12772,124,124
339,12773,124,124
339,12774,124,124
339,12775,124,124
339,12776,124,124
339,12777,124,124
339,12778,124,124
339,12779,124,124
339,12780,124,124
339,12781,124,124
340,12782,124,124
340,12783,124,124
340,12784,124,124
340,12785,124,124
340,12786,124,124
340,12787,124,124
340,12788,124,124
340,12789,124,124
340,12790,124,124
340,12791,124,124
340,12792,124,124
340,12793,124,124
340,12794,124,124
340,12795,124,124
340,12796,124,124
340,12797,124,124
340,12798,124,124
340,12799,124,124
340,12800,124,124
340,12801,124,124
340,12802,124,124
340,12803,124,124
340,12804,124,124
340,12805,124,124
340,12806,124,124
340,12807,124,124
340,12808,124,124
340,12809,124,124
340,12810,124,124
340,12811,124,124
340,12812,124,124
340,12813,124,124
340,12814,124,124
340,12815,124,124
340,12816,124,124
340,12817,124,124
341,12818,124,124
341,12819,124,124
341,12820,124,124
341,12821,124,124
341,12822,124,124
341,12823,124,124
341,12824,124,124
341,12825,124,124
341,12826,124,124
341,12827,124,124
341,12828,124,124
341,12829,124,124
341,12830,124,124
341,12831,124,124
341,12832,124,124
341,12833,124,124
341,12834,124,124
341,12835,124,124
341,12836,124,124
341,12837,124,124
341,12838,124,124
341,12839,124,124
341,12840,124,124
341,12841,124,124
341,12842,124,124
341,12843,124,124
341,12844,124,124
341,12845,124,124
341,12846,124,124
341,12847,124,124
341,12848,124,124
341,12849,124,124
341,12850,124,124
341,12851,124,124
341,12852,124,124
341,12853,124,124
341,12854,124,124
341,12855,124,124
341,12856,124,124
341,12857,124,124
342,12858,124,124
342,12859,124,124
342,12860,124,124
342,12861,124,124
342,12862,124,124
342,12863,124,124
342,12864,124,124
342,12865,124,124
342,12866,124,124
342,12867,124,124
342,12868,124,124
342,12869,124,124
342,12870,124,124
342,12871,124,124
342,12872,124,124
342,12873,124,124
342,12874,124,124
342,12875,124,124
342,12876,124,124
342,12877,124,124
342,12878,124,124
342,12879,124,124
342,12880,124,124
342,12881,124,124
342,12882,124,124
342,12883,124,124
342,12884,124,124
342,12885,124,124
342,12886,124,124
342,12887,124,124
342,12888,124,124
342,12889,124,124
342,12890,124,124
342,12891,124,124
343,12892,124,124
343,12893,124,124
343,12894,124,124
343,12895,124,124
343,12896,124,124
343,12897,124,124
343,12898,124,124
343,12899,124,124
343,12900,124,124
343,12901,124,124
343,12902,124,124
343,12903,124,124
343,12904,124,124
343,12905,124,124
343,12906,124,124
343,12907,124,124
343,12908,124,124
343,12909,124,124
343,12910,124,124
343,12911,124,124
343,12912,124,124
343,12913,124,124
343,12914,124,124
343,12915,124,124
343,12916,124,124
343,12917,124,124
343,12918,124,124
343,12919,124,124
343,12920,124,124
343,12921,124,124
343,12922,124,124
343,12923,124,124
343,12924,124,124
343,12925,124,124
343,12926,124,124
343,12927,124,124
343,12928,124,124
343,12929,124,124
343,12930,124,124
343,12931,124,124
344,12932,124,124
344,12933,124,124
344,12934,124,124
344,12935,124,124
344,12936,124,124
344,12937,124,124
344,12938,124,124
344,12939,124,124
344,12940,124,124
344,12941,124,124
344,12942,124,124
344,12943,124,124
344,12944,124,124
344,12945,124,124
344,12946,124,124
344,12947,124,124
344,12948,124,124
344,12949,124,124
344,12950,124,124
344,12951,124,124
344,12952,124,124
344,12953,124,124
344,12954,124,124
344,12955,124,124
344,12956,124,124
344,12957,124,124
344,12958,124,124
344,12959,124,124
344,12960,124,124
344,12961,124,124
344,12962,124,124
344,12963,124,124
344,12964,124,124
344,12965,124,124
344,12966,124,124
344,12967,124,124
344,12968,124,124
345,12969,124,124
345,12970,124,124
345,12971,124,124
345,12972,124,124
345,12973,124,124
345,12974,124,124
345,12975,124,124
345,12976,124,124
345,12977,124,124
345,12978,124,124
345,12979,124,124
345,12980,124,124
345,12981,124,124
345,12982,124,124
345,12983,124,124
345,12984,124,124
345,12985,124,124
345,12986,124,124
345,12987,124,124
345,12988,124,124
345,12989,124,124
345,12990,124,124
345,12991,124,124
345,12992,124,124
345,12993,124,124
345,12994,124,124
345,12995,124,124
345,12996,124,124
345,12997,124,124
345,12998,124,124
345,12999,124,124
345,13000,124,124
345,13001,124,124
345,13002,124,124
345,13003,124,124
346,13004,124,124
346,13005,124,124
346,13006,124,124
346,13007,124,124
346,13008,124,124
346,13009,124,124
346,13010,124,124
346,13011,124,124
346,13012,124,124
346,13013,124,124
346,13014,124,124
346,13015,124,124
346,13016,124,124
346,13017,124,124
346,13018,124,124
346,13019,124,124
346,13020,124,124
346,13021,124,124
346,13022,124,124
346,13023,124,124
346,13024,124,124
346,13025,124,124
346,13026,124,124
346,13027,124,124
346,13028,124,124
346,13029,124,124
346,13030,124,124
346,13031,124,124
346,13032,124,124
346,13033,124,124
346,13034,124,124
346,13035,124,124
346,13036,124,124
346,13037,124,124
346,13038,124,124
346,13039,124,124
346,13040,124,124
346,13041,124,124
346,13042,124,124
346,13043,124,124
346,13044,124,124
346,13045,124,124
347,13046,124,124
347,13047,124,124
347,13048,124,124
347,13049,124,124
347,13050,124,124
347,13051,124,124
347,13052,124,124
347,13053,124,124
347,13054,124,124
347,13055,124,124
347,13056,124,124
347,13057,124,124
347,13058,124,124
347,13059,124,124
347,13060,124,124
347,13061,124,124
347,13062,124,124
347,13063,124,124
347,13064,124,124
347,13065,124,124
347,13066,124,124
347,13067,124,124
347,13068,124,124
347,13069,124,124
347,13070,124,124
347,13071,124,124
347,13072,124,124
347,13073,124,124
347,13074,124,124
347,13075,124,124
347,13076,124,124
347,13077,124,124
347,13078,124,124
347,13079,124,124
347,13080,124,124
347,13081,124,124
347,13082,124,124
347,13083,124,124
347,13084,124,124
348,13085,124,124
348,13086,124,124
348,13087,124,124
348,13088,124,124
348,13089,124,124
348,13090,124,124
348,13091,124,124
348,13092,124,124
348,13093,124,124
348,13094,124,124
348,13095,124,124
348,13096,124,124
348,13097,124,124
348,13098,124,124
348,13099,124,124
348,13100,124,124
348,13101,124,124
348,13102,124,124
348,13103,124,124
348,13104,124,124
348,13105,124,124
348,13106,124,124
348,13107,124,124
348,13108,124,124
348,13109,124,124
348,13110,124,124
348,13111,124,124
348,13112,124,124
348,13113,124,124
348,13114,124,124
348,13115,124,124
348,13116,124,124
348,13117,124,124
348,13118,124,124
348,13119,124,124
348,13120,124,124
348,13121,124,124
348,13122,124,124
348,13123,124,124
348,13124,124,124
348,13125,124,124
349,13126,124,124
349,13127,124,124
349,13128,124,124
349,13129,124,124
349,13130,124,124
349,13131,124,124
349,13132,124,124
349,13133,124,124
349,13134,124,124
349,13135,124,124
349,13136,124,124
349,13137,124,124
349,13138,124,124
349,13139,124,124
349,13140,124,124
349,13141,124,124
349,13142,124,124
349,13143,124,124
349,13144,124,124
349,13145,124,124
349,13146,124,124
349,13147,124,124
349,13148,124,124
349,13149,124,124
349,13150,124,124
349,13151,124,124
349,13152,124,124
349,13153,124,124
349,13154,124,124
349,13155,124,124
349,13156,124,124
349,13157,124,124
349,13158,124,124
349,13159,124,124
349,13160,124,124
349,13161,124,124
349,13162,124,124
349,13163,124,124
350,13164,124,124
350,13165,124,124
350,13166,124,124
350,13167,124,124
350,13168,124,124
350,13169,124,124
350,13170,124,124
350,13171,124,124
350,13172,124,124
350,13173,124,124
350,13174,124,124
350,13175,124,124
350,13176,124,124
350,13177,124,124
350,13178,124,124
350,13179,124,124
350,13180,124,124
350,13181,124,124
350,13182,124,124
350,13183,124,124
350,13184,124,124
350,13185,124,124
350,13186,124,124
350,13187,124,124
350,13188,124,124
350,13189,124,124
350,13190,124,124
350,13191,124,124
350,13192,124,124
350,13193,124,124
350,13194,124,124
350,13195,124,124
350,13196,124,124
350,13197,124,124
351,13198,124,124
351,13199,124,124
351,13200,124,124
351,13201,124,124
351,13202,124,124
351,13203,124,124
351,13204,124,124
351,13205,124,124
351,13206,124,124
351,13207,124,124
351,13208,124,124
351,13209,124,124
351,13210,124,124
351,13211,124,124
351,13212,124,124
351,13213,124,124
351,13214,124,124
351,13215,124,124
351,13216,124,124
351,13217,124,124
351,13218,124,124
351,13219,124,124
351,13220,124,124
351,13221,124,124
351,13222,124,124
351,13223,124,124
351,13224,124,124
351,13225,124,124
351,13226,124,124
351,13227,124,124
351,13228,124,124
351,13229,124,124
351,13230,124,124
351,13231,124,124
351,13232,124,124
351,13233,124,124
351,13234,124,124
352,13235,124,124
352,13236,124,124
352,13237,124,124
352,13238,124,124
352,13239,124,124
352,13240,124,124
352,13241,124,124
352,13242,124,124
352,13243,124,124
352,13244,124,124
352,13245,124,124
352,13246,124,124
352,13247,124,124
352,13248,124,124
352,13249,124,124
352,13250,124,124
352,13251,124,124
352,13252,124,124
352,13253,124,124
352,13254,124,124
352,13255,124,124
352,13256,124,124
352,13257,124,124
352,13258,124,124
352,13259,124,124
352,13260,124,124
352,13261,124,124
352,13262,124,124
352,13263,124,124
352,13264,124,124
352,13265,124,124
352,13266,124,124
352,13267,124,124
352,13268,124,124
352,13269,124,124
352,13270,124,124
352,13271,124,124
352,13272,124,124
352,13273,124,124
352,13274,124,124
352,13275,124,124
353,13276,124,124
353,13277,124,124
353,13278,124,124
353,13279,124,124
353,13280,124,124
353,13281,124,124
353,13282,124,124
353,13283,124,124
353,13284,124,124
353,13285,124,124
353,13286,124,124
353,13287,124,124
353,13288,124,124
353,13289,124,124
353,13290,124,124
353,13291,124,124
353,13292,124,124
353,13293,124,124
353,13294,124,124
353,13295,124,124
353,13296,124,124
353,13297,124,124
353,13298,124,124
353,13299,124,124
353,13300,124,124
353,13301,124,124
353,13302,124,124
353,13303,124,124
353,13304,124,124
353,13305,124,124
353,13306,124,124
353,13307,124,124
353,13308,124,124
353,13309,124,124
353,13310,124,124
353,13311,124,124
354,13312,124,124
354,13313,124,124
354,13314,124,124
354,13315,124,124
354,13316,124,124
354,13317,124,124
354,13318,124,124
354,13319,124,124
354,13320,124,124
354,13321,124,124
354,13322,124,124
354,13323,124,124
354,13324,124,124
354,13325,124,124
354,13326,124,124
354,13327,124,124
354,13328,124,124
354,13329,124,124
354,13330,124,124
354,13331,124,124
354,13332,124,124
354,13333,124,124
354,13334,124,124
354,13335,124,124
354,13336,124,124
354,13337,124,124
354,13338,124,124
354,13339,124,124
354,13340,124,124
354,13341,124,124
354,13342,124,124
354,13343,124,124
354,13344,124,124
354,13345,124,124
354,13346,124,124
354,13347,124,124
354,13348,124,124
355,13349,124,124
355,13350,124,124
355,13351,124,124
355,13352,124,124
355,13353,124,124
355,13354,124,124
355,13355,124,124
355,13356,124,124
355,13357,124,124
355,13358,124,124
355,13359,124,124
355,13360,124,124
355,13361,124,124
355,13362,124,124
355,13363,124,124
355,13364,124,124
355,13365,124,124
355,13366,124,124
355,13367,124,124
355,13368,124,124
355,13369,124,124
355,13370,124,124
355,13371,124,124
355,13372,124,124
355,13373,124,124
355,13374,124,124
355,13375,124,124
355,13376,124,124
355,13377,124,124
355,13378,124,124
355,13379,124,124
355,13380,124,124
355,13381,124,124
355,13382,124,124
355,13383,124,124
355,13384,124,124
355,13385,124,124
355,13386,124,124
355,13387,124,124
355,13388,124,124
355,13389,124,124
356,13390,124,124
356,13391,124,124
356,13392,124,124
356,13393,124,124
356,13394,124,124
356,13395,124,124
356,13396,124,124
356,13397,124,124
356,13398,124,124
356,13399,124,124
356,13400,124,124
356,13401,124,124
356,13402,124,124
356,13403,124,124
356,13404,124,124
356,13405,124,124
356,13406,124,124
356,13407,124,124
356,13408,124,124
356,13409,124,124
356,13410,124,124
356,13411,124,124
356,13412,124,124
356,13413,124,124
356,13414,124,124
356,13415,124,124
356,13416,124,124
356,13417,124,124
356,13418,124,124
356,13419,124,124
356,13420,124,124
356,13421,124,124
356,13422,124,124
356,13423,124,124
356,13424,124,124
356,13425,124,124
356,13426,124,124
356,13427,124,124
356,13428,124,124
356,13429,124,124
357,13430,124,124
357,13431,124,124
357,13432,124,124
357,13433,124,124
357,13434,124,124
357,13435,124,124
357,13436,124,124
357,13437,124,124
357,13438,124,124
357,13439,124,124
357,13440,124,124
357,13441,124,124
357,13442,124,124
357,13443,124,124
357,13444,124,124
357,13445,124,124
357,13446,124,124
357,13447,124,124
357,13448,124,124
357,13449,124,124
357,13450,124,124
357,13451,124,124
357,13452,124,124
357,13453,124,124
357,13454,124,124
357,13455,124,124
357,13456,124,124
357,13457,124,124
357,13458,124,124
357,13459,124,124
357,13460,124,124
357,13461,124,124
357,13462,124,124
358,13463,124,124
358,13464,124,124
358,13465,124,124
358,13466,124,124
358,13467,124,124
358,13468,124,124
358,13469,124,124
358,13470,124,124
358,13471,124,124
358,13472,124,124
358,13473,124,124
358,13474,124,124
358,13475,124,124
358,13476,124,124
358,13477,124,124
358,13478,124,124
358,13479,124,124
358,13480,124,124
358,13481,124,124
358,13482,124,124
358,13483,124,124
358,13484,124,124
358,13485,124,124
358,13486,124,124
358,13487,124,124
358,13488,124,124
358,13489,124,124
358,13490,124,124
358,13491,124,124
358,13492,124,124
358,13493,124,124
358,13494,124,124
358,13495,124,124
358,13496,124,124
358,13497,124,124
358,13498,124,124
358,13499,124,124
358,13500,124,124
358,13501,124,124
358,13502,124,124
358,13503,124,124
359,13504,124,124
359,13505,124,124
359,13506,124,124
359,13507,124,124
359,13508,124,124
359,13509,124,124
359,13510,124,124
359,13511,124,124
359,13512,124,124
359,13513,124,124
359,13514,124,124
359,13515,124,124
359,13516,124,124
359,13517,124,124
359,13518,124,124
359,13519,124,124
359,13520,124,124
359,13521,124,124
359,13522,124,124
359,13523,124,124
359,13524,124,124
359,13525,124,124
359,13526,124,124
359,13527,124,124
359,13528,124,124
359,13529,124,124
359,13530,124,124
359,13531,124,124
359,13532,124,124
359,13533,124,124
359,13534,124,124
359,13535,124,124
359,13536,124,124
359,13537,124,124
359,13538,124,124
359,13539,124,124
359,13540,124,124
359,13541,124,124
359,13542,124,124
359,13543,124,124
359,13544,124,124
359,13545,124,124
360,13546,124,124
360,13547,124,124
360,13548,124,124
360,13549,124,124
360,13550,124,124
360,13551,124,124
360,13552,124,124
360,13553,124,124
360,13554,124,124
360,13555,124,124
360,13556,124,124
360,13557,124,124
360,13558,124,124
360,13559,124,124
360,13560,124,124
360,13561,124,124
360,13562,124,124
360,13563,124,124
360,13564,124,124
360,13565,124,124
360,13566,124,124
360,13567,124,124
360,13568,124,124
360,13569,124,124
360,13570,124,124
360,13571,124,124
360,13572,124,124
360,13573,124,124
360,13574,124,124
360,13575,124,124
360,13576,124,124
360,13577,124,124
360,13578,124,124
360,13579,124,124
360,13580,124,124
360,13581,124,124
360,13582,124,124
360,13583,124,124
361,13584,124,124
361,13585,124,124
361,13586,124,124
361,13587,124,124
361,13588,124,124
361,13589,124,124
361,13590,124,124
361,13591,124,124
361,13592,124,124
361,13593,124,124
361,13594,124,124
361,13595,124,124
361,13596,124,124
361,13597,124,124
361,13598,124,124
361,13599,124,124
361,13600,124,124
361,13601,124,124
361,13602,124,124
361,13603,124,124
361,13604,124,124
361,13605,124,124
361,13606,124,124
361,13607,124,124
361,13608,124,124
361,13609,124,124
361,13610,124,124
361,13611,124,124
361,13612,124,124
361,13613,124,124
361,13614,124,124
361,13615,124,124
361,13616,124,124
361,13617,124,124
361,13618,124,124
361,13619,124,124
361,13620,124,124
361,13621,124,124
361,13622,124,124
361,13623,124,124
362,13624,124,124
362,13625,124,124
362,13626,124,124
362,13627,124,124
362,13628,124,124
362,13629,124,124
362,13630,124,124
362,13631,124,124
362,13632,124,124
362,13633,124,124
362,13634,124,124
362,13635,124,124
362,13636,124,124
362,13637,124,124
362,13638,124,124
362,13639,124,124
362,13640,124,124
362,13641,124,124
362,13642,124,124
362,13643,124,124
362,13644,124,124
362,13645,124,124
362,13646,124,124
362,13647,124,124
362,13648,124,124
362,13649,124,124
362,13650,124,124
362,13651,124,124
362,13652,124,124
362,13653,124,124
362,13654,124,124
362,13655,124,124
362,13656,124,124
362,13657,124,124
362,13658,124,124
362,13659,124,124
362,13660,124,124
362,13661,124,124
362,13662,124,124
363,13663,124,124
363,13664,124,124
363,13665,124,124
363,13666,124,124
363,13667,124,124
363,13668,124,124
363,13669,124,124
363,13670,124,124
363,13671,124,124
363,13672,124,124
363,13673,124,124
363,13674,124,124
363,13675,124,124
363,13676,124,124
363,13677,124,124
363,13678,124,124
363,13679,124,124
363,13680,124,124
363,13681,124,124
363,13682,124,124
363,13683,124,124
363,13684,124,124
363,13685,124,124
363,13686,124,124
363,13687,124,124
363,13688,124,124
363,13689,124,124
363,13690,124,124
363,13691,124,124
363,13692,124,124
363,13693,124,124
363,13694,124,124
363,13695,124,124
363,13696,124,124
363,13697,124,124
363,13698,124,124
363,13699,124,124
363,13700,124,124
364,13701,124,124
364,13702,124,124
364,13703,124,124
364,13704,124,124
364,13705,124,124
364,13706,124,124
364,13707,124,124
364,13708,124,124
364,13709,124,124
364,13710,124,124
364,13711,124,124
364,13712,124,124
364,13713,124,124
364,13714,124,124
364,13715,124,124
364,13716,124,124
364,13717,124,124
364,13718,124,124
364,13719,124,124
364,13720,124,124
364,13721,124,124
364,13722,124,124
364,13723,124,124
364,13724,124,124
364,13725,124,124
364,13726,124,124
364,13727,124,124
364,13728,124,124
364,13729,124,124
364,13730,124,124
364,13731,124,124
364,13732,124,124
364,13733,124,124
364,13734,124,124
365,13735,124,124
365,13736,124,124
365,13737,124,124
365,13738,124,124
365,13739,124,124
365,13740,124,124
365,13741,124,124
365,13742,124,124
365,13743,124,124
365,13744,124,124
365,13745,124,124
365,13746,124,124
365,13747,124,124
365,13748,124,124
365,13749,124,124
365,13750,124,124
365,13751,124,124
365,13752,124,124
365,13753,124,124
365,13754,124,124
365,13755,124,124
365,13756,124,124
365,13757,124,124
365,13758,124,124
365,13759,124,124
365,13760,124,124
365,13761,124,124
365,13762,124,124
365,13763,124,124
365,13764,124,124
365,13765,124,124
365,13766,124,124
365,13767,124,124
365,13768,124,124
365,13769,124,124
365,13770,124,124
365,13771,124,124
365,13772,124,124
365,13773,124,124
366,13774,124,124
366,13775,124,124
366,13776,124,124
366,13777,124,124
366,13778,124,124
366,13779,124,124
366,13780,124,124
366,13781,124,124
366,13782,124,124
366,13783,124,124
366,13784,124,124
366,13785,124,124
366,13786,124,124
366,13787,124,124
366,13788,124,124
366,13789,124,124
366,13790,124,124
366,13791,124,124
366,13792,124,124
366,13793,124,124
366,13794,124,124
366,13795,124,124
366,13796,124,124
366,13797,124,124
366,13798,124,124
366,13799,124,124
366,13800,124,124
366,13801,124,124
366,13802,124,124
366,13803,124,124
366,13804,124,124
366,13805,124,124
366,13806,124,124
366,13807,124,124
366,13808,124,124
366,13809,124,124
366,13810,124,124
366,13811,124,124
366,13812,124,124
366,13813,124,124
366,13814,124,124
366,13815,124,124
366,13816,124,124
367,13817,124,124
367,13818,124,124
367,13819,124,124
367,13820,124,124
367,13821,124,124
367,13822,124,124
367,13823,124,124
367,13824,124,124
367,13825,124,124
367,13826,124,124
367,13827,124,124
367,13828,124,124
367,13829,124,124
367,13830,124,124
367,13831,124,124
367,13832,124,124
367,13833,124,124
367,13834,124,124
367,13835,124,124
367,13836,124,124
367,13837,124,124
367,13838,124,124
367,13839,124,124
367,13840,124,124
367,13841,124,124
367,13842,124,124
367,13843,124,124
367,13844,124,124
367,13845,124,124
367,13846,124,124
367,13847,124,124
367,13848,124,124
367,13849,124,124
367,13850,124,124
367,13851,124,124
367,13852,124,124
368,13853,124,124
368,13854,124,124
368,13855,124,124
368,13856,124,124
368,13857,124,124
368,13858,124,124
368,13859,124,124
368,13860,124,124
368,13861,124,124
368,13862,124,124
368,13863,124,124
368,13864,124,124
368,13865,124,124
368,13866,124,124
368,13867,124,124
368,13868,124,124
368,13869,124,124
368,13870,124,124
368,13871,124,124
368,13872,124,124
368,13873,124,124
368,13874,124,124
368,13875,124,124
368,13876,124,124
368,13877,124,124
368,13878,124,124
368,13879,124,124
368,13880,124,124
368,13881,124,124
368,13882,124,124
368,13883,124,124
368,13884,124,124
368,13885,124,124
368,13886,124,124
368,13887,124,124
368,13888,124,124
368,13889,124,124
368,13890,124,124
368,13891,124,124
368,13892,124,124
369,13893,124,124
369,13894,124,124
369,13895,124,124
369,13896,124,124
369,13897,124,124
369,13898,124,124
369,13899,124,124
369,13900,124,124
369,13901,124,124
369,13902,124,124
369,13903,124,124
369,13904,124,124
369,13905,124,124
369,13906,124,124
369,13907,124,124
369,13908,124,124
369,13909,124,124
369,13910,124,124
369,13911,124,124
369,13912,124,124
369,13913,124,124
369,13914,124,124
369,13915,124,124
369,13916,124,124
369,13917,124,124
369,13918,124,124
369,13919,124,124
369,13920,124,124
369,13921,124,124
369,13922,124,124
369,13923,124,124
369,13924,124,124
369,13925,124,124
370,13926,124,124
370,13927,124,124
370,13928,124,124
370,13929,124,124
370,13930,124,124
370,13931,124,124
370,13932,124,124
370,13933,124,124
370,13934,124,124
370,13935,124,124
370,13936,124,124
370,13937,124,124
370,13938,124,124
370,13939,124,124
370,13940,124,124
370,13941,124,124
370,13942,124,124
370,13943,124,124
370,13944,124,124
370,13945,124,124
370,13946,124,124
370,13947,124,124
370,13948,124,124
370,13949,124,124
370,13950,124,124
370,13951,124,124
370,13952,124,124
370,13953,124,124
370,13954,124,124
370,13955,124,124
370,13956,124,124
370,13957,124,124
370,13958,124,124
370,13959,124,124
370,13960,124,124
370,13961,124,124
371,13962,124,124
371,13963,124,124
371,13964,124,124
371,13965,124,124
371,13966,124,124
371,13967,124,124
371,13968,124,124
371,13969,124,124
371,13970,124,124
371,13971,124,124
371,13972,124,124
371,13973,124,124
371,13974,124,124
371,13975,124,124
371,13976,124,124
371,13977,124,124
371,13978,124,124
371,13979,124,124
371,13980,124,124
371,13981,124,124
371,13982,124,124
371,13983,124,124
371,13984,124,124
371,13985,124,124
371,13986,124,124
371,13987,124,124
371,13988,124,124
371,13989,124,124
371,13990,124,124
371,13991,124,124
371,13992,124,124
371,13993,124,124
371,13994,124,124
371,13995,124,124
371,13996,124,124
371,13997,124,124
371,13998,124,124
371,13999,124,124
372,14000,124,124
372,14001,124,124
372,14002,124,124
372,14003,124,124
372,14004,124,124
372,14005,124,124
372,14006,124,124
372,14007,124,124
372,14008,124,124
372,14009,124,124
372,14010,124,124
372,14011,124,124
372,14012,124,124
372,14013,124,124
372,14014,124,124
372,14015,124,124
372,14016,124,124
372,14017,124,124
372,14018,124,124
372,14019,124,124
372,14020,124,124
372,14021,124,124
372,14022,124,124
372,14023,124,124
372,14024,124,124
372,14025,124,124
372,14026,124,124
372,14027,124,124
372,14028,124,124
372,14029,124,124
372,14030,124,124
372,14031,124,124
372,14032,124,124
372,14033,124,124
372,14034,124,124
372,14035,124,124
372,14036,124,124
372,14037,124,124
372,14038,124,124
372,14039,124,124
372,14040,124,124
372,14041,124,124
373,14042,124,124
373,14043,124,124
373,14044,124,124
373,14045,124,124
373,14046,124,124
373,14047,124,124
373,14048,124,124
373,14049,124,124
373,14050,124,124
373,14051,124,124
373,14052,124,124
373,14053,124,124
373,14054,124,124
373,14055,124,124
373,14056,124,124
373,14057,124,124
373,14058,124,124
373,14059,124,124
373,14060,124,124
373,14061,124,124
373,14062,124,124
373,14063,124,124
373,14064,124,124
373,14065,124,124
373,14066,124,124
373,14067,124,124
373,14068,124,124
373,14069,124,124
373,14070,124,124
373,14071,124,124
373,14072,124,124
373,14073,124,124
373,14074,124,124
373,14075,124,124
373,14076,124,124
373,14077,124,124
374,14078,124,124
374,14079,124,124
374,14080,124,124
374,14081,124,124
374,14082,124,124
374,14083,124,124
374,14084,124,124
374,14085,124,124
374,14086,124,124
374,14087,124,124
374,14088,124,124
374,14089,124,124
374,14090,124,124
374,14091,124,124
374,14092,124,124
374,14093,124,124
374,14094,124,124
374,14095,124,124
374,14096,124,124
374,14097,124,124
374,14098,124,124
374,14099,124,124
374,14100,124,124
374,14101,124,124
374,14102,124,124
374,14103,124,124
374,14104,124,124
374,14105,124,124
374,14106,124,124
374,14107,124,124
374,14108,124,124
374,14109,124,124
374,14110,124,124
374,14111,124,124
374,14112,124,124
374,14113,124,124
374,14114,124,124
375,14115,124,124
375,14116,124,124
375,14117,124,124
375,14118,124,124
375,14119,124,124
375,14120,124,124
375,14121,124,124
375,14122,124,124
375,14123,124,124
375,14124,124,124
375,14125,124,124
375,14126,124,124
375,14127,124,124
375,14128,124,124
375,14129,124,124
375,14130,124,124
375,14131,124,124
375,14132,124,124
375,14133,124,124
375,14134,124,124
375,14135,124,124
375,14136,124,124
375,14137,124,124
375,14138,124,124
375,14139,124,124
375,14140,124,124
375,14141,124,124
375,14142,124,124
375,14143,124,124
375,14144,124,124
375,14145,124,124
375,14146,124,124
375,14147,124,124
375,14148,124,124
375,14149,124,124
375,14150,124,124
376,14151,124,124
376,14152,124,124
376,14153,124,124
376,14154,124,124
376,14155,124,124
376,14156,124,124
376,14157,124,124
376,14158,124,124
376,14159,124,124
376,14160,124,124
376,14161,124,124
376,14162,124,124
376,14163,124,124
376,14164,124,124
376,14165,124,124
376,14166,124,124
376,14167,124,124
376,14168,124,124
376,14169,124,124
376,14170,124,124
376,14171,124,124
376,14172,124,124
376,14173,124,124
376,14174,124,124
376,14175,124,124
376,14176,124,124
376,14177,124,124
376,14178,124,124
376,14179,124,124
376,14180,124,124
376,14181,124,124
376,14182,124,124
376,14183,124,124
376,14184,124,124
376,14185,124,124
376,14186,124,124
376,14187,124,124
376,14188,124,124
376,14189,124,124
376,14190,124,124
376,14191,124,124
376,14192,124,124
377,14193,124,124
377,14194,124,124
377,14195,124,124
377,14196,124,124
377,14197,124,124
377,14198,124,124
377,14199,124,124
377,14200,124,124
377,14201,124,124
377,14202,124,124
377,14203,124,124
377,14204,124,124
377,14205,124,124
377,14206,124,124
377,14207,124,124
377,14208,124,124
377,14209,124,124
377,14210,124,124
377,14211,124,124
377,14212,124,124
377,14213,124,124
377,14214,124,124
377,14215,124,124
377,14216,124,124
377,14217,124,124
377,14218,124,124
377,14219,124,124
377,14220,124,124
377,14221,124,124
377,14222,124,124
377,14223,124,124
377,14224,124,124
377,14225,124,124
377,14226,124,124
377,14227,124,124
377,14228,124,124
377,14229,124,124
377,14230,124,124
377,14231,124,124
377,14232,124,124
377,14233,124,124
377,14234,124,124
378,14235,124,124
378,14236,124,124
378,14237,124,124
378,14238,124,124
378,14239,124,124
378,14240,124,124
378,14241,124,124
378,14242,124,124
378,14243,124,124
378,14244,124,124
378,14245,124,124
378,14246,124,124
378,14247,124,124
378,14248,124,124
378,14249,124,124
378,14250,124,124
378,14251,124,124
378,14252,124,124
378,14253,124,124
378,14254,124,124
378,14255,124,124
378,14256,124,124
378,14257,124,124
378,14258,124,124
378,14259,124,124
378,14260,124,124
378,14261,124,124
378,14262,124,124
378,14263,124,124
378,14264,124,124
378,14265,124,124
378,14266,124,124
378,14267,124,124
378,14268,124,124
378,14269,124,124
378,14270,124,124
378,14271,124,124
379,14272,124,124
379,14273,124,124
379,14274,124,124
379,14275,124,124
379,14276,124,124
379,14277,124,124
379,14278,124,124
379,14279,124,124
379,14280,124,124
379,14281,124,124
379,14282,124,124
379,14283,124,124
379,14284,124,124
379,14285,124,124
379,14286,124,124
379,14287,124,124
379,14288,124,124
379,14289,124,124
379,14290,124,124
379,14291,124,124
379,14292,124,124
379,14293,124,124
379,14294,124,124
379,14295,124,124
379,14296,124,124
379,14297,124,124
379,14298,124,124
379,14299,124,124
379,14300,124,124
379,14301,124,124
379,14302,124,124
379,14303,124,124
379,14304,124,124
379,14305,124,124
379,14306,124,124
379,14307,124,124
379,14308,124,124
379,14309,124,124
379,14310,124,124
379,14311,124,124
379,14312,124,124
379,14313,124,124
380,14314,124,124
380,14315,124,124
380,14316,124,124
380,14317,124,124
380,14318,124,124
380,14319,124,124
380,14320,124,124
380,14321,124,124
380,14322,124,124
380,14323,124,124
380,14324,124,124
380,14325,124,124
380,14326,124,124
380,14327,124,124
380,14328,124,124
380,14329,124,124
380,14330,124,124
380,14331,124,124
380,14332,124,124
380,14333,124,124
380,14334,124,124
380,14335,124,124
380,14336,124,124
380,14337,124,124
380,14338,124,124
380,14339,124,124
380,14340,124,124
380,14341,124,124
380,14342,124,124
380,14343,124,124
380,14344,124,124
380,14345,124,124
380,14346,124,124
380,14347,124,124
380,14348,124,124
380,14349,124,124
381,14350,124,124
381,14351,124,124
381,14352,124,124
381,14353,124,124
381,14354,124,124
381,14355,124,124
381,14356,124,124
381,14357,124,124
381,14358,124,124
381,14359,124,124
381,14360,124,124
381,14361,124,124
381,14362,124,124
381,14363,124,124
381,14364,124,124
381,14365,124,124
381,14366,124,124
381,14367,124,124
381,14368,124,124
381,14369,124,124
381,14370,124,124
381,14371,124,124
381,14372,124,124
381,14373,124,124
381,14374,124,124
381,14375,124,124
381,14376,124,124
381,14377,124,124
381,14378,124,124
381,14379,124,124
381,14380,124,124
381,14381,124,124
381,14382,124,124
382,14383,124,124
382,14384,124,124
382,14385,124,124
382,14386,124,124
382,14387,124,124
382,14388,124,124
382,14389,124,124
382,14390,124,124
382,14391,124,124
382,14392,124,124
382,14393,124,124
382,14394,124,124
382,14395,124,124
382,14396,124,124
382,14397,124,124
382,14398,124,124
382,14399,124,124
382,14400,124,124
382,14401,124,124
382,14402,124,124
382,14403,124,124
382,14404,124,124
382,14405,124,124
382,14406,124,124
382,14407,124,124
382,14408,124,124
382,14409,124,124
382,14410,124,124
382,14411,124,124
382,14412,124,124
382,14413,124,124
382,14414,124,124
382,14415,124,124
382,14416,124,124
382,14417,124,124
382,14418,124,124
382,14419,124,124
382,14420,124,124
382,14421,124,124
382,14422,124,124
383,14423,124,124
383,14424,124,124
383,14425,124,124
383,14426,124,124
383,14427,124,124
383,14428,124,124
383,14429,124,124
383,14430,124,124
383,14431,124,124
383,14432,124,124
383,14433,124,124
383,14434,124,124
383,14435,124,124
383,14436,124,124
383,14437,124,124
383,14438,124,124
383,14439,124,124
383,14440,124,124
383,14441,124,124
383,14442,124,124
383,14443,124,124
383,14444,124,124
383,14445,124,124
383,14446,124,124
383,14447,124,124
383,14448,124,124
383,14449,124,124
383,14450,124,124
383,14451,124,124
383,14452,124,124
383,14453,124,124
383,14454,124,124
383,14455,124,124
383,14456,124,124
383,14457,124,124
383,14458,124,124
383,14459,124,124
383,14460,124,124
383,14461,124,124
383,14462,124,124
383,14463,124,124
383,14464,124,124
383,14465,124,124
384,14466,124,124
384,14467,124,124
384,14468,124,124
384,14469,124,124
384,14470,124,124
384,14471,124,124
384,14472,124,124
384,14473,124,124
384,14474,124,124
384,14475,124,124
384,14476,124,124
384,14477,124,124
384,14478,124,124
384,14479,124,124
384,14480,124,124
384,14481,124,124
384,14482,124,124
384,14483,124,124
384,14484,124,124
384,14485,124,124
384,14486,124,124
384,14487,124,124
384,14488,124,124
384,14489,124,124
384,14490,124,124
384,14491,124,124
384,14492,124,124
384,14493,124,124
384,14494,124,124
384,14495,124,124
384,14496,124,124
384,14497,124,124
384,14498,124,124
384,14499,124,124
384,14500,124,124
384,14501,124,124
384,14502,124,124
384,14503,124,124
384,14504,124,124
384,14505,124,124
384,14506,124,124
385,14507,124,124
385,14508,124,124
385,14509,124,124
385,14510,124,124
385,14511,124,124
385,14512,124,124
385,14513,124,124
385,14514,124,124
385,14515,124,124
385,14516,124,124
385,14517,124,124
385,14518,124,124
385,14519,124,124
385,14520,124,124
385,14521,124,124
385,14522,124,124
385,14523,124,124
385,14524,124,124
385,14525,124,124
385,14526,124,124
385,14527,124,124
385,14528,124,124
385,14529,124,124
385,14530,124,124
385,14531,124,124
385,14532,124,124
385,14533,124,124
385,14534,124,124
385,14535,124,124
385,14536,124,124
385,14537,124,124
385,14538,124,124
385,14539,124,124
385,14540,124,124
385,14541,124,124
386,14542,124,124
386,14543,124,124
386,14544,124,124
386,14545,124,124
386,14546,124,124
386,14547,124,124
386,14548,124,124
386,14549,124,124
386,14550,124,124
386,14551,124,124
386,14552,124,124
386,14553,124,124
386,14554,124,124
386,14555,124,124
386,14556,124,124
386,14557,124,124
386,14558,124,124
386,14559,124,124
386,14560,124,124
386,14561,124,124
386,14562,124,124
386,14563,124,124
386,14564,124,124
386,14565,124,124
386,14566,124,124
386,14567,124,124
386,14568,124,124
386,14569,124,124
386,14570,124,124
386,14571,124,124
386,14572,124,124
386,14573,124,124
386,14574,124,124
386,14575,124,124
386,14576,124,124
386,14577,124,124
386,14578,124,124
386,14579,124,124
386,14580,124,124
386,14581,124,124
386,14582,124,124
386,14583,124,124
387,14584,124,124
387,14585,124,124
387,14586,124,124
387,14587,124,124
387,14588,124,124
387,14589,124,124
387,14590,124,124
387,14591,124,124
387,14592,124,124
387,14593,124,124
387,14594,124,124
387,14595,124,124
387,14596,124,124
387,14597,124,124
387,14598,124,124
387,14599,124,124
387,14600,124,124
387,14601,124,124
387,14602,124,124
387,14603,124,124
387,14604,124,124
387,14605,124,124
387,14606,124,124
387,14607,124,124
387,14608,124,124
387,14609,124,124
387,14610,124,124
387,14611,124,124
387,14612,124,124
387,14613,124,124
387,14614,124,124
387,14615,124,124
387,14616,124,124
387,14617,124,124
387,14618,124,124
387,14619,124,124
387,14620,124,124
387,14621,124,124
387,14622,124,124
388,14623,124,124
388,14624,124,124
388,14625,124,124
388,14626,124,124
388,14627,124,124
388,14628,124,124
388,14629,124,124
388,14630,124,124
388,14631,124,124
388,14632,124,124
388,14633,124,124
388,14634,124,124
388,14635,124,124
388,14636,124,124
388,14637,124,124
388,14638,124,124
388,14639,124,124
388,14640,124,124
388,14641,124,124
388,14642,124,124
388,14643,124,124
388,14644,124,124
388,14645,124,124
388,14646,124,124
388,14647,124,124
388,14648,124,124
388,14649,124,124
388,14650,124,124
388,14651,124,124
388,14652,124,124
388,14653,124,124
388,14654,124,124
388,14655,124,124
388,14656,124,124
388,14657,124,124
388,14658,124,124
388,14659,124,124
388,14660,124,124
388,14661,124,124
389,14662,124,124
389,14663,124,124
389,14664,124,124
389,14665,124,124
389,14666,124,124
389,14667,124,124
389,14668,124,124
389,14669,124,124
389,14670,124,124
389,14671,124,124
389,14672,124,124
389,14673,124,124
389,14674,124,124
389,14675,124,124
389,14676,124,124
389,14677,124,124
389,14678,124,124
389,14679,124,124
389,14680,124,124
389,14681,124,124
389,14682,124,124
389,14683,124,124
389,14684,124,124
389,14685,124,124
389,14686,124,124
389,14687,124,124
389,14688,124,124
389,14689,124,124
389,14690,124,124
389,14691,124,124
389,14692,124,124
389,14693,124,124
389,14694,124,124
389,14695,124,124
389,14696,124,124
389,14697,124,124
389,14698,124,124
389,14699,124,124
389,14700,124,124
390,14701,124,124
390,14702,124,124
390,14703,124,124
390,14704,124,124
390,14705,124,124
390,14706,124,124
390,14707,124,124
390,14708,124,124
390,14709,124,124
390,14710,124,124
390,14711,124,124
390,14712,124,124
390,14713,124,124
390,14714,124,124
390,14715,124,124
390,14716,124,124
390,14717,124,124
390,14718,124,124
390,14719,124,124
390,14720,124,124
390,14721,124,124
390,14722,124,124
390,14723,124,124
390,14724,124,124
390,14725,124,124
390,14726,124,124
390,14727,124,124
390,14728,124,124
390,14729,124,124
390,14730,124,124
390,14731,124,124
390,14732,124,124
390,14733,124,124
390,14734,124,124
390,14735,124,124
390,14736,124,124
390,14737,124,124
390,14738,124,124
390,14739,124,124
390,14740,124,124
390,14741,124,124
390,14742,124,124
391,14743,124,124
391,14744,124,124
391,14745,124,124
391,14746,124,124
391,14747,124,124
391,14748,124,124
391,14749,124,124
391,14750,124,124
391,14751,124,124
391,14752,124,124
391,14753,124,124
391,14754,124,124
391,14755,124,124
391,14756,124,124
391,14757,124,124
391,14758,124,124
391,14759,124,124
391,14760,124,124
391,14761,124,124
391,14762,124,124
391,14763,124,124
391,14764,124,124
391,14765,124,124
391,14766,124,124
391,14767,124,124
391,14768,124,124
391,14769,124,124
391,14770,124,124
391,14771,124,124
391,14772,124,124
391,14773,124,124
391,14774,124,124
391,14775,124,124
391,14776,124,124
391,14777,124,124
391,14778,124,124
391,14779,124,124
391,14780,124,124
391,14781,124,124
392,14782,124,124
392,14783,124,124
392,14784,124,124
392,14785,124,124
392,14786,124,124
392,14787,124,124
392,14788,124,124
392,14789,124,124
392,14790,124,124
392,14791,124,124
392,14792,124,124
392,14793,124,124
392,14794,124,124
392,14795,124,124
392,14796,124,124
392,14797,124,124
392,14798,124,124
392,14799,124,124
392,14800,124,124
392,14801,124,124
392,14802,124,124
392,14803,124,124
392,14804,124,124
392,14805,124,124
392,14806,124,124
392,14807,124,124
392,14808,124,124
392,14809,124,124
392,14810,124,124
392,14811,124,124
392,14812,124,124
392,14813,124,124
392,14814,124,124
392,14815,124,124
392,14816,124,124
392,14817,124,124
392,14818,124,124
393,14819,124,124
393,14820,124,124
393,14821,124,124
393,14822,124,124
393,14823,124,124
393,14824,124,124
393,14825,124,124
393,14826,124,124
393,14827,124,124
393,14828,124,124
393,14829,124,124
393,14830,124,124
393,14831,124,124
393,14832,124,124
393,14833,124,124
393,14834,124,124
393,14835,124,124
393,14836,124,124
393,14837,124,124
393,14838,124,124
393,14839,124,124
393,14840,124,124
393,14841,124,124
393,14842,124,124
393,14843,124,124
393,14844,124,124
393,14845,124,124
393,14846,124,124
393,14847,124,124
393,14848,124,124
393,14849,124,124
393,14850,124,124
393,14851,124,124
393,14852,124,124
394,14853,124,124
394,14854,124,124
394,14855,124,124
394,14856,124,124
394,14857,124,124
394,14858,124,124
394,14859,124,124
394,14860,124,124
394,14861,124,124
394,14862,124,124
394,14863,124,124
394,14864,124,124
394,14865,124,124
394,14866,124,124
394,14867,124,124
394,14868,124,124
394,14869,124,124
394,14870,124,124
394,14871,124,124
394,14872,124,124
394,14873,124,124
394,14874,124,124
394,14875,124,124
394,14876,124,124
394,14877,124,124
394,14878,124,124
394,14879,124,124
394,14880,124,124
394,14881,124,124
394,14882,124,124
394,14883,124,124
394,14884,124,124
394,14885,124,124
394,14886,124,124
394,14887,124,124
394,14888,124,124
394,14889,124,124
395,14890,124,124
395,14891,124,124
395,14892,124,124
395,14893,124,124
395,14894,124,124
395,14895,124,124
395,14896,124,124
395,14897,124,124
395,14898,124,124
395,14899,124,124
395,14900,124,124
395,14901,124,124
395,14902,124,124
395,14903,124,124
395,14904,124,124
395,14905,124,124
395,14906,124,124
395,14907,124,124
395,14908,124,124
395,14909,124,124
395,14910,124,124
395,14911,124,124
395,14912,124,124
395,14913,124,124
395,14914,124,124
395,14915,124,124
395,14916,124,124
395,14917,124,124
395,14918,124,124
395,14919,124,124
395,14920,124,124
395,14921,124,124
395,14922,124,124
395,14923,124,124
395,14924,124,124
395,14925,124,124
395,14926,124,124
396,14927,124,124
396,14928,124,124
396,14929,124,124
396,14930,124,124
396,14931,124,124
396,14932,124,124
396,14933,124,124
396,14934,124,124
396,14935,124,124
396,14936,124,124
396,14937,124,124
396,14938,124,124
396,14939,124,124
396,14940,124,124
396,14941,124,124
396,14942,124,124
396,14943,124,124
396,14944,124,124
396,14945,124,124
396,14946,124,124
396,14947,124,124
396,14948,124,124
396,14949,124,124
396,14950,124,124
396,14951,124,124
396,14952,124,124
396,14953,124,124
396,14954,124,124
396,14955,124,124
396,14956,124,124
396,14957,124,124
396,14958,124,124
396,14959,124,124
396,14960,124,124
396,14961,124,124
396,14962,124,124
396,14963,124,124
396,14964,124,124
396,14965,124,124
397,14966,124,124
397,14967,124,124
397,14968,124,124
397,14969,124,124
397,14970,124,124
397,14971,124,124
397,14972,124,124
397,14973,124,124
397,14974,124,124
397,14975,124,124
397,14976,124,124
397,14977,124,124
397,14978,124,124
397,14979,124,124
397,14980,124,124
397,14981,124,124
397,14982,124,124
397,14983,124,124
397,14984,124,124
397,14985,124,124
397,14986,124,124
397,14987,124,124
397,14988,124,124
397,14989,124,124
397,14990,124,124
397,14991,124,124
397,14992,124,124
397,14993,124,124
397,14994,124,124
397,14995,124,124
397,14996,124,124
397,14997,124,124
397,14998,124,124
397,14999,124,124
397,15000,124,124
397,15001,124,124
398,15002,124,124
398,15003,124,124
398,15004,124,124
398,15005,124,124
398,15006,124,124
398,15007,124,124
398,15008,124,124
398,15009,124,124
398,15010,124,124
398,15011,124,124
398,15012,124,124
398,15013,124,124
398,15014,124,124
398,15015,124,124
398,15016,124,124
398,15017,124,124
398,15018,124,124
398,15019,124,124
398,15020,124,124
398,15021,124,124
398,15022,124,124
398,15023,124,124
398,15024,124,124
398,15025,124,124
398,15026,124,124
398,15027,124,124
398,15028,124,124
398,15029,124,124
398,15030,124,124
398,15031,124,124
398,15032,124,124
398,15033,124,124
398,15034,124,124
398,15035,124,124
398,15036,124,124
398,15037,124,124
399,15038,124,124
399,15039,124,124
399,15040,124,124
399,15041,124,124
399,15042,124,124
399,15043,124,124
399,15044,124,124
399,15045,124,124
399,15046,124,124
399,15047,124,124
399,15048,124,124
399,15049,124,124
399,15050,124,124
399,15051,124,124
399,15052,124,124
399,15053,124,124
399,15054,124,124
399,15055,124,124
399,15056,124,124
399,15057,124,124
399,15058,124,124
399,15059,124,124
399,15060,124,124
399,15061,124,124
399,15062,124,124
399,15063,124,124
399,15064,124,124
399,15065,124,124
399,15066,124,124
399,15067,124,124
399,15068,124,124
399,15069,124,124
399,15070,124,124
400,15071,124,124
400,15072,124,124
400,15073,124,124
400,15074,124,124
400,15075,124,124
400,15076,124,124
400,15077,124,124
400,15078,124,124
400,15079,124,124
400,15080,124,124
400,15081,124,124
400,15082,124,124
400,15083,124,124
400,15084,124,124
400,15085,124,124
400,15086,124,124
400,15087,124,124
400,15088,124,124
400,15089,124,124
400,15090,124,124
400,15091,124,124
400,15092,124,124
400,15093,124,124
400,15094,124,124
400,15095,124,124
400,15096,124,124
400,15097,124,124
400,15098,124,124
400,15099,124,124
400,15100,124,124
400,15101,124,124
400,15102,124,124
400,15103,124,124
400,15104,124,124
400,15105,124,124
400,15106,124,124
401,15107,124,124
401,15108,124,124
401,15109,124,124
401,15110,124,124
401,15111,124,124
401,15112,124,124
401,15113,124,124
401,15114,124,124
401,15115,124,124
401,15116,124,124
401,15117,124,124
401,15118,124,124
401,15119,124,124
401,15120,124,124
401,15121,124,124
401,15122,124,124
401,15123,124,124
401,15124,124,124
401,15125,124,124
401,15126,124,124
401,15127,124,124
401,15128,124,124
401,15129,124,124
401,15130,124,124
401,15131,124,124
401,15132,124,124
401,15133,124,124
401,15134,124,124
401,15135,124,124
401,15136,124,124
401,15137,124,124
401,15138,124,124
401,15139,124,124
401,15140,124,124
401,15141,124,124
401,15142,124,124
401,15143,124,124
401,15144,124,124
401,15145,124,124
401,15146,124,124
401,15147,124,124
401,15148,124,124
402,15149,124,124
402,15150,124,124
402,15151,124,124
402,15152,124,124
402,15153,124,124
402,15154,124,124
402,15155,124,124
402,15156,124,124
402,15157,124,124
402,15158,124,124
402,15159,124,124
402,15160,124,124
402,15161,124,124
402,15162,124,124
402,15163,124,124
402,15164,124,124
402,15165,124,124
402,15166,124,124
402,15167,124,124
402,15168,124,124
402,15169,124,124
402,15170,124,124
402,15171,124,124
402,15172,124,124
402,15173,124,124
402,15174,124,124
402,15175,124,124
402,15176,124,124
402,15177,124,124
402,15178,124,124
402,15179,124,124
402,15180,124,124
403,15181,124,124
403,15182,124,124
403,15183,124,124
403,15184,124,124
403,15185,124,124
403,15186,124,124
403,15187,124,124
403,15188,124,124
403,15189,124,124
403,15190,124,124
403,15191,124,124
403,15192,124,124
403,15193,124,124
403,15194,124,124
403,15195,124,124
403,15196,124,124
403,15197,124,124
403,15198,124,124
403,15199,124,124
403,15200,124,124
403,15201,124,124
403,15202,124,124
403,15203,124,124
403,15204,124,124
403,15205,124,124
403,15206,124,124
403,15207,124,124
403,15208,124,124
403,15209,124,124
403,15210,124,124
403,15211,124,124
403,15212,124,124
403,15213,124,124
403,15214,124,124
403,15215,124,124
403,15216,124,124
403,15217,124,124
403,15218,124,124
403,15219,124,124
403,15220,124,124
403,15221,124,124
403,15222,124,124
404,15223,124,124
404,15224,124,124
404,15225,124,124
404,15226,124,124
404,15227,124,124
404,15228,124,124
404,15229,124,124
404,15230,124,124
404,15231,124,124
404,15232,124,124
404,15233,124,124
404,15234,124,124
404,15235,124,124
404,15236,124,124
404,15237,124,124
404,15238,124,124
404,15239,124,124
404,15240,124,124
404,15241,124,124
404,15242,124,124
404,15243,124,124
404,15244,124,124
404,15245,124,124
404,15246,124,124
404,15247,124,124
404,15248,124,124
404,15249,124,124
404,15250,124,124
404,15251,124,124
404,15252,124,124
404,15253,124,124
404,15254,124,124
404,15255,124,124
404,15256,124,124
404,15257,124,124
404,15258,124,124
404,15259,124,124
405,15260,124,124
405,15261,124,124
405,15262,124,124
405,15263,124,124
405,15264,124,124
405,15265,124,124
405,15266,124,124
405,15267,124,124
405,15268,124,124
405,15269,124,124
405,15270,124,124
405,15271,124,124
405,15272,124,124
405,15273,124,124
405,15274,124,124
405,15275,124,124
405,15276,124,124
405,15277,124,124
405,15278,124,124
405,15279,124,124
405,15280,124,124
405,15281,124,124
405,15282,124,124
405,15283,124,124
405,15284,124,124
405,15285,124,124
405,15286,124,124
405,15287,124,124
405,15288,124,124
405,15289,124,124
405,15290,124,124
405,15291,124,124
405,15292,124,124
405,15293,124,124
405,15294,124,124
405,15295,124,124
405,15296,124,124
405,15297,124,124
405,15298,124,124
406,15299,124,124
406,15300,124,124
406,15301,124,124
406,15302,124,124
406,15303,124,124
406,15304,124,124
406,15305,124,124
406,15306,124,124
406,15307,124,124
406,15308,124,124
406,15309,124,124
406,15310,124,124
406,15311,124,124
406,15312,124,124
406,15313,124,124
406,15314,124,124
406,15315,124,124
406,15316,124,124
406,15317,124,124
406,15318,124,124
406,15319,124,124
406,15320,124,124
406,15321,124,124
406,15322,124,124
406,15323,124,124
406,15324,124,124
406,15325,124,124
406,15326,124,124
406,15327,124,124
406,15328,124,124
406,15329,124,124
406,15330,124,124
406,15331,124,124
406,15332,124,124
407,15333,124,124
407,15334,124,124
407,15335,124,124
407,15336,124,124
407,15337,124,124
407,15338,124,124
407,15339,124,124
407,15340,124,124
407,15341,124,124
407,15342,124,124
407,15343,124,124
407,15344,124,124
407,15345,124,124
407,15346,124,124
407,15347,124,124
407,15348,124,124
407,15349,124,124
407,15350,124,124
407,15351,124,124
407,15352,124,124
407,15353,124,124
407,15354,124,124
407,15355,124,124
407,15356,124,124
407,15357,124,124
407,15358,124,124
407,15359,124,124
407,15360,124,124
407,15361,124,124
407,15362,124,124
407,15363,124,124
407,15364,124,124
407,15365,124,124
407,15366,124,124
407,15367,124,124
407,15368,124,124
407,15369,124,124
407,15370,124,124
407,15371,124,124
407,15372,124,124
407,15373,124,124
407,15374,124,124
407,15375,124,124
408,15376,124,124
408,15377,124,124
408,15378,124,124
408,15379,124,124
408,15380,124,124
408,15381,124,124
408,15382,124,124
408,15383,124,124
408,15384,124,124
408,15385,124,124
408,15386,124,124
408,15387,124,124
408,15388,124,124
408,15389,124,124
408,15390,124,124
408,15391,124,124
408,15392,124,124
408,15393,124,124
408,15394,124,124
408,15395,124,124
408,15396,124,124
408,15397,124,124
408,15398,124,124
408,15399,124,124
408,15400,124,124
408,15401,124,124
408,15402,124,124
408,15403,124,124
408,15404,124,124
408,15405,124,124
408,15406,124,124
408,15407,124,124
408,15408,124,124
408,15409,124,124
408,15410,124,124
408,15411,124,124
408,15412,124,124
408,15413,124,124
408,15414,124,124
408,15415,124,124
408,15416,124,124
409,15417,124,124
409,15418,124,124
409,15419,124,124
409,15420,124,124
409,15421,124,124
409,15422,124,124
409,15423,124,124
409,15424,124,124
409,15425,124,124
409,15426,124,124
409,15427,124,124
409,15428,124,124
409,15429,124,124
409,15430,124,124
409,15431,124,124
409,15432,124,124
409,15433,124,124
409,15434,124,124
409,15435,124,124
409,15436,124,124
409,15437,124,124
409,15438,124,124
409,15439,124,124
409,15440,124,124
409,15441,124,124
409,15442,124,124
409,15443,124,124
409,15444,124,124
409,15445,124,124
409,15446,124,124
409,15447,124,124
409,15448,124,124
409,15449,124,124
409,15450,124,124
410,15451,124,124
410,15452,124,124
410,15453,124,124
410,15454,124,124
410,15455,124,124
410,15456,124,124
410,15457,124,124
410,15458,124,124
410,15459,124,124
410,15460,124,124
410,15461,124,124
410,15462,124,124
410,15463,124,124
410,15464,124,124
410,15465,124,124
410,15466,124,124
410,15467,124,124
410,15468,124,124
410,15469,124,124
410,15470,124,124
410,15471,124,124
410,15472,124,124
410,15473,124,124
410,15474,124,124
410,15475,124,124
410,15476,124,124
410,15477,124,124
410,15478,124,124
410,15479,124,124
410,15480,124,124
410,15481,124,124
410,15482,124,124
410,15483,124,124
410,15484,124,124
410,15485,124,124
410,15486,124,124
410,15487,124,124
410,15488,124,124
410,15489,124,124
410,15490,124,124
411,15491,124,124
411,15492,124,124
411,15493,124,124
411,15494,124,124
411,15495,124,124
411,15496,124,124
411,15497,124,124
411,15498,124,124
411,15499,124,124
411,15500,124,124
411,15501,124,124
411,15502,124,124
411,15503,124,124
411,15504,124,124
411,15505,124,124
411,15506,124,124
411,15507,124,124
411,15508,124,124
411,15509,124,124
411,15510,124,124
411,15511,124,124
411,15512,124,124
411,15513,124,124
411,15514,124,124
411,15515,124,124
411,15516,124,124
411,15517,124,124
411,15518,124,124
411,15519,124,124
411,15520,124,124
411,15521,124,124
411,15522,124,124
411,15523,124,124
411,15524,124,124
411,15525,124,124
411,15526,124,124
412,15527,124,124
412,15528,124,124
412,15529,124,124
412,15530,124,124
412,15531,124,124
412,15532,124,124
412,15533,124,124
412,15534,124,124
412,15535,124,124
412,15536,124,124
412,15537,124,124
412,15538,124,124
412,15539,124,124
412,15540,124,124
412,15541,124,124
412,15542,124,124
412,15543,124,124
412,15544,124,124
412,15545,124,124
412,15546,124,124
412,15547,124,124
412,15548,124,124
412,15549,124,124
412,15550,124,124
412,15551,124,124
412,15552,124,124
412,15553,124,124
412,15554,124,124
412,15555,124,124
412,15556,124,124
412,15557,124,124
412,15558,124,124
412,15559,124,124
412,15560,124,124
412,15561,124,124
412,15562,124,124
412,15563,124,124
412,15564,124,124
412,15565,124,124
413,15566,124,124
413,15567,124,124
413,15568,124,124
413,15569,124,124
413,15570,124,124
413,15571,124,124
413,15572,124,124
413,15573,124,124
413,15574,124,124
413,15575,124,124
413,15576,124,124
413,15577,124,124
413,15578,124,124
413,15579,124,124
413,15580,124,124
413,15581,124,124
413,15582,124,124
413,15583,124,124
413,15584,124,124
413,15585,124,124
413,15586,124,124
413,15587,124,124
413,15588,124,124
413,15589,124,124
413,15590,124,124
413,15591,124,124
413,15592,124,124
413,15593,124,124
413,15594,124,124
413,15595,124,124
413,15596,124,124
413,15597,124,124
413,15598,124,124
413,15599,124,124
413,15600,124,124
413,15601,124,124
413,15602,124,124
413,15603,124,124
413,15604,124,124
413,15605,124,124
414,15606,124,124
414,15607,124,124
414,15608,124,124
414,15609,124,124
414,15610,124,124
414,15611,124,124
414,15612,124,124
414,15613,124,124
414,15614,124,124
414,15615,124,124
414,15616,124,124
414,15617,124,124
414,15618,124,124
414,15619,124,124
414,15620,124,124
414,15621,124,124
414,15622,124,124
414,15623,124,124
414,15624,124,124
414,15625,124,124
414,15626,124,124
414,15627,124,124
414,15628,124,124
414,15629,124,124
414,15630,124,124
414,15631,124,124
414,15632,124,124
414,15633,124,124
414,15634,124,124
414,15635,124,124
414,15636,124,124
414,15637,124,124
414,15638,124,124
414,15639,124,124
414,15640,124,124
414,15641,124,124
414,15642,124,124
415,15643,124,124
415,15644,124,124
415,15645,124,124
415,15646,124,124
415,15647,124,124
415,15648,124,124
415,15649,124,124
415,15650,124,124
415,15651,124,124
415,15652,124,124
415,15653,124,124
415,15654,124,124
415,15655,124,124
415,15656,124,124
415,15657,124,124
415,15658,124,124
415,15659,124,124
415,15660,124,124
415,15661,124,124
415,15662,124,124
415,15663,124,124
415,15664,124,124
415,15665,124,124
415,15666,124,124
415,15667,124,124
415,15668,124,124
415,15669,124,124
415,15670,124,124
415,15671,124,124
415,15672,124,124
415,15673,124,124
415,15674,124,124
415,15675,124,124
415,15676,124,124
415,15677,124,124
415,15678,124,124
416,15679,124,124
416,15680,124,124
416,15681,124,124
416,15682,124,124
416,15683,124,124
416,15684,124,124
416,15685,124,124
416,15686,124,124
416,15687,124,124
416,15688,124,124
416,15689,124,124
416,15690,124,124
416,15691,124,124
416,15692,124,124
416,15693,124,124
416,15694,124,124
416,15695,124,124
416,15696,124,124
416,15697,124,124
416,15698,124,124
416,15699,124,124
416,15700,124,124
416,15701,124,124
416,15702,124,124
416,15703,124,124
416,15704,124,124
416,15705,124,124
416,15706,124,124
416,15707,124,124
416,15708,124,124
416,15709,124,124
416,15710,124,124
416,15711,124,124
416,15712,124,124
416,15713,124,124
416,15714,124,124
417,15715,124,124
417,15716,124,124
417,15717,124,124
417,15718,124,124
417,15719,124,124
417,15720,124,124
417,15721,124,124
417,15722,124,124
417,15723,124,124
417,15724,124,124
417,15725,124,124
417,15726,124,124
417,15727,124,124
417,15728,124,124
417,15729,124,124
417,15730,124,124
417,15731,124,124
417,15732,124,124
417,15733,124,124
417,15734,124,124
417,15735,124,124
417,15736,124,124
417,15737,124,124
417,15738,124,124
417,15739,124,124
417,15740,124,124
417,15741,124,124
417,15742,124,124
417,15743,124,124
417,15744,124,124
417,15745,124,124
417,15746,124,124
417,15747,124,124
417,15748,124,124
417,15749,124,124
417,15750,124,124
417,15751,124,124
418,15752,124,124
418,15753,124,124
418,15754,124,124
418,15755,124,124
418,15756,124,124
418,15757,124,124
418,15758,124,124
418,15759,124,124
418,15760,124,124
418,15761,124,124
418,15762,124,124
418,15763,124,124
418,15764,124,124
418,15765,124,124
418,15766,124,124
418,15767,124,124
418,15768,124,124
418,15769,124,124
418,15770,124,124
418,15771,124,124
418,15772,124,124
418,15773,124,124
418,15774,124,124
418,15775,124,124
418,15776,124,124
418,15777,124,124
418,15778,124,124
418,15779,124,124
418,15780,124,124
418,15781,124,124
418,15782,124,124
418,15783,124,124
418,15784,124,124
418,15785,124,124
418,15786,124,124
418,15787,124,124
418,15788,124,124
418,15789,124,124
418,15790,124,124
419,15791,124,124
419,15792,124,124
419,15793,124,124
419,15794,124,124
419,15795,124,124
419,15796,124,124
419,15797,124,124
419,15798,124,124
419,15799,124,124
419,15800,124,124
419,15801,124,124
419,15802,124,124
419,15803,124,124
419,15804,124,124
419,15805,124,124
419,15806,124,124
419,15807,124,124
419,15808,124,124
419,15809,124,124
419,15810,124,124
419,15811,124,124
419,15812,124,124
419,15813,124,124
419,15814,124,124
419,15815,124,124
419,15816,124,124
419,15817,124,124
419,15818,124,124
419,15819,124,124
419,15820,124,124
419,15821,124,124
419,15822,124,124
419,15823,124,124
419,15824,124,124
419,15825,124,124
419,15826,124,124
419,15827,124,124
419,15828,124,124
419,15829,124,124
420,15830,124,124
420,15831,124,124
420,15832,124,124
420,15833,124,124
420,15834,124,124
420,15835,124,124
420,15836,124,124
420,15837,124,124
420,15838,124,124
420,15839,124,124
420,15840,124,124
420,15841,124,124
420,15842,124,124
420,15843,124,124
420,15844,124,124
420,15845,124,124
420,15846,124,124
420,15847,124,124
420,15848,124,124
420,15849,124,124
420,15850,124,124
420,15851,124,124
420,15852,124,124
420,15853,124,124
420,15854,124,124
420,15855,124,124
420,15856,124,124
420,15857,124,124
420,15858,124,124
420,15859,124,124
420,15860,124,124
420,15861,124,124
420,15862,124,124
420,15863,124,124
420,15864,124,124
420,15865,124,124
420,15866,124,124
421,15867,124,124
421,15868,124,124
421,15869,124,124
421,15870,124,124
421,15871,124,124
421,15872,124,124
421,15873,124,124
421,15874,124,124
421,15875,124,124
421,15876,124,124
421,15877,124,124
421,15878,124,124
421,15879,124,124
421,15880,124,124
421,15881,124,124
421,15882,124,124
421,15883,124,124
421,15884,124,124
421,15885,124,124
421,15886,124,124
421,15887,124,124
421,15888,124,124
421,15889,124,124
421,15890,124,124
421,15891,124,124
421,15892,124,124
421,15893,124,124
421,15894,124,124
421,15895,124,124
421,15896,124,124
421,15897,124,124
421,15898,124,124
421,15899,124,124
421,15900,124,124
421,15901,124,124
421,15902,124,124
421,15903,124,124
421,15904,124,124
421,15905,124,124
421,15906,124,124
422,15907,124,124
422,15908,124,124
422,15909,124,124
422,15910,124,124
422,15911,124,124
422,15912,124,124
422,15913,124,124
422,15914,124,124
422,15915,124,124
422,15916,124,124
422,15917,124,124
422,15918,124,124
422,15919,124,124
422,15920,124,124
422,15921,124,124
422,15922,124,124
422,15923,124,124
422,15924,124,124
422,15925,124,124
422,15926,124,124
422,15927,124,124
422,15928,124,124
422,15929,124,124
422,15930,124,124
422,15931,124,124
422,15932,124,124
422,15933,124,124
422,15934,124,124
422,15935,124,124
422,15936,124,124
422,15937,124,124
422,15938,124,124
422,15939,124,124
422,15940,124,124
422,15941,124,124
422,15942,124,124
422,15943,124,124
423,15944,124,124
423,15945,124,124
423,15946,124,124
423,15947,124,124
423,15948,124,124
423,15949,124,124
423,15950,124,124
423,15951,124,124
423,15952,124,124
423,15953,124,124
423,15954,124,124
423,15955,124,124
423,15956,124,124
423,15957,124,124
423,15958,124,124
423,15959,124,124
423,15960,124,124
423,15961,124,124
423,15962,124,124
423,15963,124,124
423,15964,124,124
423,15965,124,124
423,15966,124,124
423,15967,124,124
423,15968,124,124
423,15969,124,124
423,15970,124,124
423,15971,124,124
423,15972,124,124
423,15973,124,124
423,15974,124,124
423,15975,124,124
423,15976,124,124
423,15977,124,124
423,15978,124,124
423,15979,124,124
423,15980,124,124
424,15981,124,124
424,15982,124,124
424,15983,124,124
424,15984,124,124
424,15985,124,124
424,15986,124,124
424,15987,124,124
424,15988,124,124
424,15989,124,124
424,15990,124,124
424,15991,124,124
424,15992,124,124
424,15993,124,124
424,15994,124,124
424,15995,124,124
424,15996,124,124
424,15997,124,124
424,15998,124,124
424,15999,124,124
424,16000,124,124
424,16001,124,124
424,16002,124,124
424,16003,124,124
424,16004,124,124
424,16005,124,124
424,16006,124,124
424,16007,124,124
424,16008,124,124
424,16009,124,124
424,16010,124,124
424,16011,124,124
424,16012,124,124
424,16013,124,124
424,16014,124,124
424,16015,124,124
424,16016,124,124
424,16017,124,124
424,16018,124,124
424,16019,124,124
424,16020,124,124
424,16021,124,124
424,16022,124,124
425,16023,124,124
425,16024,124,124
425,16025,124,124
425,16026,124,124
425,16027,124,124
425,16028,124,124
425,16029,124,124
425,16030,124,124
425,16031,124,124
425,16032,124,124
425,16033,124,124
425,16034,124,124
425,16035,124,124
425,16036,124,124
425,16037,124,124
425,16038,124,124
425,16039,124,124
425,16040,124,124
425,16041,124,124
425,16042,124,124
425,16043,124,124
425,16044,124,124
425,16045,124,124
425,16046,124,124
425,16047,124,124
425,16048,124,124
425,16049,124,124
425,16050,124,124
425,16051,124,124
425,16052,124,124
425,16053,124,124
425,16054,124,124
425,16055,124,124
425,16056,124,124
425,16057,124,124
425,16058,124,124
425,16059,124,124
425,16060,124,124
425,16061,124,124
426,16062,124,124
426,16063,124,124
426,16064,124,124
426,16065,124,124
426,16066,124,124
426,16067,124,124
426,16068,124,124
426,16069,124,124
426,16070,124,124
426,16071,124,124
426,16072,124,124
426,16073,124,124
426,16074,124,124
426,16075,124,124
426,16076,124,124
426,16077,124,124
426,16078,124,124
426,16079,124,124
426,16080,124,124
426,16081,124,124
426,16082,124,124
426,16083,124,124
426,16084,124,124
426,16085,124,124
426,16086,124,124
426,16087,124,124
426,16088,124,124
426,16089,124,124
426,16090,124,124
426,16091,124,124
426,16092,124,124
426,16093,124,124
426,16094,124,124
426,16095,124,124
426,16096,124,124
426,16097,124,124
427,16098,124,124
427,16099,124,124
427,16100,124,124
427,16101,124,124
427,16102,124,124
427,16103,124,124
427,16104,124,124
427,16105,124,124
427,16106,124,124
427,16107,124,124
427,16108,124,124
427,16109,124,124
427,16110,124,124
427,16111,124,124
427,16112,124,124
427,16113,124,124
427,16114,124,124
427,16115,124,124
427,16116,124,124
427,16117,124,124
427,16118,124,124
427,16119,124,124
427,16120,124,124
427,16121,124,124
427,16122,124,124
427,16123,124,124
427,16124,124,124
427,16125,124,124
427,16126,124,124
427,16127,124,124
427,16128,124,124
427,16129,124,124
427,16130,124,124
427,16131,124,124
427,16132,124,124
427,16133,124,124
428,16134,124,124
428,16135,124,124
428,16136,124,124
428,16137,124,124
428,16138,124,124
428,16139,124,124
428,16140,124,124
428,16141,124,124
428,16142,124,124
428,16143,124,124
428,16144,124,124
428,16145,124,124
428,16146,124,124
428,16147,124,124
428,16148,124,124
428,16149,124,124
428,16150,124,124
428,16151,124,124
428,16152,124,124
428,16153,124,124
428,16154,124,124
428,16155,124,124
428,16156,124,124
428,16157,124,124
428,16158,124,124
428,16159,124,124
428,16160,124,124
428,16161,124,124
428,16162,124,124
428,16163,124,124
428,16164,124,124
428,16165,124,124
428,16166,124,124
428,16167,124,124
428,16168,124,124
428,16169,124,124
428,16170,124,124
428,16171,124,124
428,16172,124,124
429,16173,124,124
429,16174,124,124
429,16175,124,124
429,16176,124,124
429,16177,124,124
429,16178,124,124
429,16179,124,124
429,16180,124,124
429,16181,124,124
429,16182,124,124
429,16183,124,124
429,16184,124,124
429,16185,124,124
429,16186,124,124
429,16187,124,124
429,16188,124,124
429,16189,124,124
429,16190,124,124
429,16191,124,124
429,16192,124,124
429,16193,124,124
429,16194,124,124
429,16195,124,124
429,16196,124,124
429,16197,124,124
429,16198,124,124
429,16199,124,124
429,16200,124,124
429,16201,124,124
429,16202,124,124
429,16203,124,124
429,16204,124,124
429,16205,124,124
429,16206,124,124
429,16207,124,124
429,16208,124,124
429,16209,124,124
429,16210,124,124
429,16211,124,124
429,16212,124,124
429,16213,124,124
429,16214,124,124
430,16215,124,124
430,16216,124,124
430,16217,124,124
430,16218,124,124
430,16219,124,124
430,16220,124,124
430,16221,124,124
430,16222,124,124
430,16223,124,124
430,16224,124,124
430,16225,124,124
430,16226,124,124
430,16227,124,124
430,16228,124,124
430,16229,124,124
430,16230,124,124
430,16231,124,124
430,16232,124,124
430,16233,124,124
430,16234,124,124
430,16235,124,124
430,16236,124,124
430,16237,124,124
430,16238,124,124
430,16239,124,124
430,16240,124,124
430,16241,124,124
430,16242,124,124
430,16243,124,124
430,16244,124,124
430,16245,124,124
430,16246,124,124
430,16247,124,124
431,16248,124,124
431,16249,124,124
431,16250,124,124
431,16251,124,124
431,16252,124,124
431,16253,124,124
431,16254,124,124
431,16255,124,124
431,16256,124,124
431,16257,124,124
431,16258,124,124
431,16259,124,124
431,16260,124,124
431,16261,124,124
431,16262,124,124
431,16263,124,124
431,16264,124,124
431,16265,124,124
431,16266,124,124
431,16267,124,124
431,16268,124,124
431,16269,124,124
431,16270,124,124
431,16271,124,124
431,16272,124,124
431,16273,124,124
431,16274,124,124
431,16275,124,124
431,16276,124,124
431,16277,124,124
431,16278,124,124
431,16279,124,124
431,16280,124,124
431,16281,124,124
431,16282,124,124
431,16283,124,124
431,16284,124,124
431,16285,124,124
431,16286,124,124
431,16287,124,124
431,16288,124,124
431,16289,124,124
432,16290,124,124
432,16291,124,124
432,16292,124,124
432,16293,124,124
432,16294,124,124
432,16295,124,124
432,16296,124,124
432,16297,124,124
432,16298,124,124
432,16299,124,124
432,16300,124,124
432,16301,124,124
432,16302,124,124
432,16303,124,124
432,16304,124,124
432,16305,124,124
432,16306,124,124
432,16307,124,124
432,16308,124,124
432,16309,124,124
432,16310,124,124
432,16311,124,124
432,16312,124,124
432,16313,124,124
432,16314,124,124
432,16315,124,124
432,16316,124,124
432,16317,124,124
432,16318,124,124
432,16319,124,124
432,16320,124,124
432,16321,124,124
432,16322,124,124
432,16323,124,124
432,16324,124,124
432,16325,124,124
432,16326,124,124
433,16327,124,124
433,16328,124,124
433,16329,124,124
433,16330,124,124
433,16331,124,124
433,16332,124,124
433,16333,124,124
433,16334,124,124
433,16335,124,124
433,16336,124,124
433,16337,124,124
433,16338,124,124
433,16339,124,124
433,16340,124,124
433,16341,124,124
433,16342,124,124
433,16343,124,124
433,16344,124,124
433,16345,124,124
433,16346,124,124
433,16347,124,124
433,16348,124,124
433,16349,124,124
433,16350,124,124
433,16351,124,124
433,16352,124,124
433,16353,124,124
433,16354,124,124
433,16355,124,124
433,16356,124,124
433,16357,124,124
433,16358,124,124
433,16359,124,124
433,16360,124,124
433,16361,124,124
433,16362,124,124
433,16363,124,124
434,16364,124,124
434,16365,124,124
434,16366,124,124
434,16367,124,124
434,16368,124,124
434,16369,124,124
434,16370,124,124
434,16371,124,124
434,16372,124,124
434,16373,124,124
434,16374,124,124
434,16375,124,124
434,16376,124,124
434,16377,124,124
434,16378,124,124
434,16379,124,124
434,16380,124,124
434,16381,124,124
434,16382,124,124
434,16383,124,124
434,16384,124,124
434,16385,124,124
434,16386,124,124
434,16387,124,124
434,16388,124,124
434,16389,124,124
434,16390,124,124
434,16391,124,124
434,16392,124,124
434,16393,124,124
434,16394,124,124
434,16395,124,124
434,16396,124,124
435,16397,124,124
435,16398,124,124
435,16399,124,124
435,16400,124,124
435,16401,124,124
435,16402,124,124
435,16403,124,124
435,16404,124,124
435,16405,124,124
435,16406,124,124
435,16407,124,124
435,16408,124,124
435,16409,124,124
435,16410,124,124
435,16411,124,124
435,16412,124,124
435,16413,124,124
435,16414,124,124
435,16415,124,124
435,16416,124,124
435,16417,124,124
435,16418,124,124
435,16419,124,124
435,16420,124,124
435,16421,124,124
435,16422,124,124
435,16423,124,124
435,16424,124,124
435,16425,124,124
435,16426,124,124
435,16427,124,124
435,16428,124,124
435,16429,124,124
435,16430,124,124
435,16431,124,124
435,16432,124,124
436,16433,124,124
436,16434,124,124
436,16435,124,124
436,16436,124,124
436,16437,124,124
436,16438,124,124
436,16439,124,124
436,16440,124,124
436,16441,124,124
436,16442,124,124
436,16443,124,124
436,16444,124,124
436,16445,124,124
436,16446,124,124
436,16447,124,124
436,16448,124,124
436,16449,124,124
436,16450,124,124
436,16451,124,124
436,16452,124,124
436,16453,124,124
436,16454,124,124
436,16455,124,124
436,16456,124,124
436,16457,124,124
436,16458,124,124
436,16459,124,124
436,16460,124,124
436,16461,124,124
436,16462,124,124
436,16463,124,124
436,16464,124,124
436,16465,124,124
436,16466,124,124
436,16467,124,124
436,16468,124,124
436,16469,124,124
436,16470,124,124
436,16471,124,124
436,16472,124,124
436,16473,124,124
436,16474,124,124
437,16475,124,124
437,16476,124,124
437,16477,124,124
437,16478,124,124
437,16479,124,124
437,16480,124,124
437,16481,124,124
437,16482,124,124
437,16483,124,124
437,16484,124,124
437,16485,124,124
437,16486,124,124
437,16487,124,124
437,16488,124,124
437,16489,124,124
437,16490,124,124
437,16491,124,124
437,16492,124,124
437,16493,124,124
437,16494,124,124
437,16495,124,124
437,16496,124,124
437,16497,124,124
437,16498,124,124
437,16499,124,124
437,16500,124,124
437,16501,124,124
437,16502,124,124
437,16503,124,124
437,16504,124,124
437,16505,124,124
437,16506,124,124
437,16507,124,124
437,16508,124,124
437,16509,124,124
437,16510,124,124
437,16511,124,124
437,16512,124,124
437,16513,124,124
437,16514,124,124
438,16515,124,124
438,16516,124,124
438,16517,124,124
438,16518,124,124
438,16519,124,124
438,16520,124,124
438,16521,124,124
438,16522,124,124
438,16523,124,124
438,16524,124,124
438,16525,124,124
438,16526,124,124
438,16527,124,124
438,16528,124,124
438,16529,124,124
438,16530,124,124
438,16531,124,124
438,16532,124,124
438,16533,124,124
438,16534,124,124
438,16535,124,124
438,16536,124,124
438,16537,124,124
438,16538,124,124
438,16539,124,124
438,16540,124,124
438,16541,124,124
438,16542,124,124
438,16543,124,124
438,16544,124,124
438,16545,124,124
438,16546,124,124
438,16547,124,124
438,16548,124,124
438,16549,124,124
438,16550,124,124
439,16551,124,124
439,16552,124,124
439,16553,124,124
439,16554,124,124
439,16555,124,124
439,16556,124,124
439,16557,124,124
439,16558,124,124
439,16559,124,124
439,16560,124,124
439,16561,124,124
439,16562,124,124
439,16563,124,124
439,16564,124,124
439,16565,124,124
439,16566,124,124
439,16567,124,124
439,16568,124,124
439,16569,124,124
439,16570,124,124
439,16571,124,124
439,16572,124,124
439,16573,124,124
439,16574,124,124
439,16575,124,124
439,16576,124,124
439,16577,124,124
439,16578,124,124
439,16579,124,124
439,16580,124,124
439,16581,124,124
439,16582,124,124
439,16583,124,124
439,16584,124,124
439,16585,124,124
439,16586,124,124
439,16587,124,124
439,16588,124,124
440,16589,124,124
440,16590,124,124
440,16591,124,124
440,16592,124,124
440,16593,124,124
440,16594,124,124
440,16595,124,124
440,16596,124,124
440,16597,124,124
440,16598,124,124
440,16599,124,124
440,16600,124,124
440,16601,124,124
440,16602,124,124
440,16603,124,124
440,16604,124,124
440,16605,124,124
440,16606,124,124
440,16607,124,124
440,16608,124,124
440,16609,124,124
440,16610,124,124
440,16611,124,124
440,16612,124,124
440,16613,124,124
440,16614,124,124
440,16615,124,124
440,16616,124,124
440,16617,124,124
440,16618,124,124
440,16619,124,124
440,16620,124,124
440,16621,124,124
440,16622,124,124
440,16623,124,124
440,16624,124,124
440,16625,124,124
440,16626,124,124
441,16627,124,124
441,16628,124,124
441,16629,124,124
441,16630,124,124
441,16631,124,124
441,16632,124,124
441,16633,124,124
441,16634,124,124
441,16635,124,124
441,16636,124,124
441,16637,124,124
441,16638,124,124
441,16639,124,124
441,16640,124,124
441,16641,124,124
441,16642,124,124
441,16643,124,124
441,16644,124,124
441,16645,124,124
441,16646,124,124
441,16647,124,124
441,16648,124,124
441,16649,124,124
441,16650,124,124
441,16651,124,124
441,16652,124,124
441,16653,124,124
441,16654,124,124
441,16655,124,124
441,16656,124,124
441,16657,124,124
441,16658,124,124
441,16659,124,124
441,16660,124,124
441,16661,124,124
441,16662,124,124
441,16663,124,124
441,16664,124,124
441,16665,124,124
442,16666,124,124
442,16667,124,124
442,16668,124,124
442,16669,124,124
442,16670,124,124
442,16671,124,124
442,16672,124,124
442,16673,124,124
442,16674,124,124
442,16675,124,124
442,16676,124,124
442,16677,124,124
442,16678,124,124
442,16679,124,124
442,16680,124,124
442,16681,124,124
442,16682,124,124
442,16683,124,124
442,16684,124,124
442,16685,124,124
442,16686,124,124
442,16687,124,124
442,16688,124,124
442,16689,124,124
442,16690,124,124
442,16691,124,124
442,16692,124,124
442,16693,124,124
442,16694,124,124
442,16695,124,124
442,16696,124,124
442,16697,124,124
442,16698,124,124
442,16699,124,124
442,16700,124,124
442,16701,124,124
442,16702,124,124
442,16703,124,124
442,16704,124,124
442,16705,124,124
442,16706,124,124
443,16707,124,124
443,16708,124,124
443,16709,124,124
443,16710,124,124
443,16711,124,124
443,16712,124,124
443,16713,124,124
443,16714,124,124
443,16715,124,124
443,16716,124,124
443,16717,124,124
443,16718,124,124
443,16719,124,124
443,16720,124,124
443,16721,124,124
443,16722,124,124
443,16723,124,124
443,16724,124,124
443,16725,124,124
443,16726,124,124
443,16727,124,124
443,16728,124,124
443,16729,124,124
443,16730,124,124
443,16731,124,124
443,16732,124,124
443,16733,124,124
443,16734,124,124
443,16735,124,124
443,16736,124,124
443,16737,124,124
443,16738,124,124
443,16739,124,124
444,16740,124,124
444,16741,124,124
444,16742,124,124
444,16743,124,124
444,16744,124,124
444,16745,124,124
444,16746,124,124
444,16747,124,124
444,16748,124,124
444,16749,124,124
444,16750,124,124
444,16751,124,124
444,16752,124,124
444,16753,124,124
444,16754,124,124
444,16755,124,124
444,16756,124,124
444,16757,124,124
444,16758,124,124
444,16759,124,124
444,16760,124,124
444,16761,124,124
444,16762,124,124
444,16763,124,124
444,16764,124,124
444,16765,124,124
444,16766,124,124
444,16767,124,124
444,16768,124,124
444,16769,124,124
444,16770,124,124
444,16771,124,124
444,16772,124,124
444,16773,124,124
445,16774,124,124
445,16775,124,124
445,16776,124,124
445,16777,124,124
445,16778,124,124
445,16779,124,124
445,16780,124,124
445,16781,124,124
445,16782,124,124
445,16783,124,124
445,16784,124,124
445,16785,124,124
445,16786,124,124
445,16787,124,124
445,16788,124,124
445,16789,124,124
445,16790,124,124
445,16791,124,124
445,16792,124,124
445,16793,124,124
445,16794,124,124
445,16795,124,124
445,16796,124,124
445,16797,124,124
445,16798,124,124
445,16799,124,124
445,16800,124,124
445,16801,124,124
445,16802,124,124
445,16803,124,124
445,16804,124,124
445,16805,124,124
445,16806,124,124
445,16807,124,124
445,16808,124,124
445,16809,124,124
446,16810,124,124
446,16811,124,124
446,16812,124,124
446,16813,124,124
446,16814,124,124
446,16815,124,124
446,16816,124,124
446,16817,124,124
446,16818,124,124
446,16819,124,124
446,16820,124,124
446,16821,124,124
446,16822,124,124
446,16823,124,124
446,16824,124,124
446,16825,124,124
446,16826,124,124
446,16827,124,124
446,16828,124,124
446,16829,124,124
446,16830,124,124
446,16831,124,124
446,16832,124,124
446,16833,124,124
446,16834,124,124
446,16835,124,124
446,16836,124,124
446,16837,124,124
446,16838,124,124
446,16839,124,124
446,16840,124,124
446,16841,124,124
446,16842,124,124
446,16843,124,124
446,16844,124,124
446,16845,124,124
446,16846,124,124
446,16847,124,124
446,16848,124,124
446,16849,124,124
446,16850,124,124
446,16851,124,124
447,16852,124,124
447,16853,124,124
447,16854,124,124
447,16855,124,124
447,16856,124,124
447,16857,124,124
447,16858,124,124
447,16859,124,124
447,16860,124,124
447,16861,124,124
447,16862,124,124
447,16863,124,124
447,16864,124,124
447,16865,124,124
447,16866,124,124
447,16867,124,124
447,16868,124,124
447,16869,124,124
447,16870,124,124
447,16871,124,124
447,16872,124,124
447,16873,124,124
447,16874,124,124
447,16875,124,124
447,16876,124,124
447,16877,124,124
447,16878,124,124
447,16879,124,124
447,16880,124,124
447,16881,124,124
447,16882,124,124
447,16883,124,124
447,16884,124,124
447,16885,124,124
447,16886,124,124
447,16887,124,124
448,16888,124,124
448,16889,124,124
448,16890,124,124
448,16891,124,124
448,16892,124,124
448,16893,124,124
448,16894,124,124
448,16895,124,124
448,16896,124,124
448,16897,124,124
448,16898,124,124
448,16899,124,124
448,16900,124,124
448,16901,124,124
448,16902,124,124
448,16903,124,124
448,16904,124,124
448,16905,124,124
448,16906,124,124
448,16907,124,124
448,16908,124,124
448,16909,124,124
448,16910,124,124
448,16911,124,124
448,16912,124,124
448,16913,124,124
448,16914,124,124
448,16915,124,124
448,16916,124,124
448,16917,124,124
448,16918,124,124
448,16919,124,124
448,16920,124,124
448,16921,124,124
448,16922,124,124
448,16923,124,124
448,16924,124,124
449,16925,124,124
449,16926,124,124
449,16927,124,124
449,16928,124,124
449,16929,124,124
449,16930,124,124
449,16931,124,124
449,16932,124,124
449,16933,124,124
449,16934,124,124
449,16935,124,124
449,16936,124,124
449,16937,124,124
449,16938,124,124
449,16939,124,124
449,16940,124,124
449,16941,124,124
449,16942,124,124
449,16943,124,124
449,16944,124,124
449,16945,124,124
449,16946,124,124
449,16947,124,124
449,16948,124,124
449,16949,124,124
449,16950,124,124
449,16951,124,124
449,16952,124,124
449,16953,124,124
449,16954,124,124
449,16955,124,124
449,16956,124,124
449,16957,124,124
449,16958,124,124
449,16959,124,124
449,16960,124,124
449,16961,124,124
450,16962,124,124
450,16963,124,124
450,16964,124,124
450,16965,124,124
450,16966,124,124
450,16967,124,124
450,16968,124,124
450,16969,124,124
450,16970,124,124
450,16971,124,124
450,16972,124,124
450,16973,124,124
450,16974,124,124
450,16975,124,124
450,16976,124,124
450,16977,124,124
450,16978,124,124
450,16979,124,124
450,16980,124,124
450,16981,124,124
450,16982,124,124
450,16983,124,124
450,16984,124,124
450,16985,124,124
450,16986,124,124
450,16987,124,124
450,16988,124,124
450,16989,124,124
450,16990,124,124
450,16991,124,124
450,16992,124,124
450,16993,124,124
450,16994,124,124
450,16995,124,124
450,16996,124,124
451,16997,124,124
451,16998,124,124
451,16999,124,124
451,17000,124,124
451,17001,124,124
451,17002,124,124
451,17003,124,124
451,17004,124,124
451,17005,124,124
451,17006,124,124
451,17007,124,124
451,17008,124,124
451,17009,124,124
451,17010,124,124
451,17011,124,124
451,17012,124,124
451,17013,124,124
451,17014,124,124
451,17015,124,124
451,17016,124,124
451,17017,124,124
451,17018,124,124
451,17019,124,124
451,17020,124,124
451,17021,124,124
451,17022,124,124
451,17023,124,124
451,17024,124,124
451,17025,124,124
451,17026,124,124
451,17027,124,124
451,17028,124,124
451,17029,124,124
451,17030,124,124
451,17031,124,124
451,17032,124,124
452,17033,124,124
452,17034,124,124
452,17035,124,124
452,17036,124,124
452,17037,124,124
452,17038,124,124
452,17039,124,124
452,17040,124,124
452,17041,124,124
452,17042,124,124
452,17043,124,124
452,17044,124,124
452,17045,124,124
452,17046,124,124
452,17047,124,124
452,17048,124,124
452,17049,124,124
452,17050,124,124
452,17051,124,124
452,17052,124,124
452,17053,124,124
452,17054,124,124
452,17055,124,124
452,17056,124,124
452,17057,124,124
452,17058,124,124
452,17059,124,124
452,17060,124,124
452,17061,124,124
452,17062,124,124
452,17063,124,124
452,17064,124,124
452,17065,124,124
452,17066,124,124
452,17067,124,124
452,17068,124,124
452,17069,124,124
453,17070,124,124
453,17071,124,124
453,17072,124,124
453,17073,124,124
453,17074,124,124
453,17075,124,124
453,17076,124,124
453,17077,124,124
453,17078,124,124
453,17079,124,124
453,17080,124,124
453,17081,124,124
453,17082,124,124
453,17083,124,124
453,17084,124,124
453,17085,124,124
453,17086,124,124
453,17087,124,124
453,17088,124,124
453,17089,124,124
453,17090,124,124
453,17091,124,124
453,17092,124,124
453,17093,124,124
453,17094,124,124
453,17095,124,124
453,17096,124,124
453,17097,124,124
453,17098,124,124
453,17099,124,124
453,17100,124,124
453,17101,124,124
453,17102,124,124
453,17103,124,124
453,17104,124,124
453,17105,124,124
454,17106,124,124
454,17107,124,124
454,17108,124,124
454,17109,124,124
454,17110,124,124
454,17111,124,124
454,17112,124,124
454,17113,124,124
454,17114,124,124
454,17115,124,124
454,17116,124,124
454,17117,124,124
454,17118,124,124
454,17119,124,124
454,17120,124,124
454,17121,124,124
454,17122,124,124
454,17123,124,124
454,17124,124,124
454,17125,124,124
454,17126,124,124
454,17127,124,124
454,17128,124,124
454,17129,124,124
454,17130,124,124
454,17131,124,124
454,17132,124,124
454,17133,124,124
454,17134,124,124
454,17135,124,124
454,17136,124,124
454,17137,124,124
454,17138,124,124
454,17139,124,124
454,17140,124,124
454,17141,124,124
454,17142,124,124
454,17143,124,124
455,17144,124,124
455,17145,124,124
455,17146,124,124
455,17147,124,124
455,17148,124,124
455,17149,124,124
455,17150,124,124
455,17151,124,124
455,17152,124,124
455,17153,124,124
455,17154,124,124
455,17155,124,124
455,17156,124,124
455,17157,124,124
455,17158,124,124
455,17159,124,124
455,17160,124,124
455,17161,124,124
455,17162,124,124
455,17163,124,124
455,17164,124,124
455,17165,124,124
455,17166,124,124
455,17167,124,124
455,17168,124,124
455,17169,124,124
455,17170,124,124
455,17171,124,124
455,17172,124,124
455,17173,124,124
455,17174,124,124
455,17175,124,124
455,17176,124,124
455,17177,124,124
455,17178,124,124
456,17179,124,124
456,17180,124,124
456,17181,124,124
456,17182,124,124
456,17183,124,124
456,17184,124,124
456,17185,124,124
456,17186,124,124
456,17187,124,124
456,17188,124,124
456,17189,124,124
456,17190,124,124
456,17191,124,124
456,17192,124,124
456,17193,124,124
456,17194,124,124
456,17195,124,124
456,17196,124,124
456,17197,124,124
456,17198,124,124
456,17199,124,124
456,17200,124,124
456,17201,124,124
456,17202,124,124
456,17203,124,124
456,17204,124,124
456,17205,124,124
456,17206,124,124
456,17207,124,124
456,17208,124,124
456,17209,124,124
456,17210,124,124
456,17211,124,124
456,17212,124,124
457,17213,124,124
457,17214,124,124
457,17215,124,124
457,17216,124,124
457,17217,124,124
457,17218,124,124
457,17219,124,124
457,17220,124,124
457,17221,124,124
457,17222,124,124
457,17223,124,124
457,17224,124,124
457,17225,124,124
457,17226,124,124
457,17227,124,124
457,17228,124,124
457,17229,124,124
457,17230,124,124
457,17231,124,124
457,17232,124,124
457,17233,124,124
457,17234,124,124
457,17235,124,124
457,17236,124,124
457,17237,124,124
457,17238,124,124
457,17239,124,124
457,17240,124,124
457,17241,124,124
457,17242,124,124
457,17243,124,124
457,17244,124,124
457,17245,124,124
457,17246,124,124
457,17247,124,124
458,17248,124,124
458,17249,124,124
458,17250,124,124
458,17251,124,124
458,17252,124,124
458,17253,124,124
458,17254,124,124
458,17255,124,124
458,17256,124,124
458,17257,124,124
458,17258,124,124
458,17259,124,124
458,17260,124,124
458,17261,124,124
458,17262,124,124
458,17263,124,124
458,17264,124,124
458,17265,124,124
458,17266,124,124
458,17267,124,124
458,17268,124,124
458,17269,124,124
458,17270,124,124
458,17271,124,124
458,17272,124,124
458,17273,124,124
458,17274,124,124
458,17275,124,124
458,17276,124,124
458,17277,124,124
458,17278,124,124
458,17279,124,124
458,17280,124,124
458,17281,124,124
458,17282,124,124
458,17283,124,124
458,17284,124,124
458,17285,124,124
458,17286,124,124
459,17287,124,124
459,17288,124,124
459,17289,124,124
459,17290,124,124
459,17291,124,124
459,17292,124,124
459,17293,124,124
459,17294,124,124
459,17295,124,124
459,17296,124,124
459,17297,124,124
459,17298,124,124
459,17299,124,124
459,17300,124,124
459,17301,124,124
459,17302,124,124
459,17303,124,124
459,17304,124,124
459,17305,124,124
459,17306,124,124
459,17307,124,124
459,17308,124,124
459,17309,124,124
459,17310,124,124
459,17311,124,124
459,17312,124,124
459,17313,124,124
459,17314,124,124
459,17315,124,124
459,17316,124,124
459,17317,124,124
459,17318,124,124
459,17319,124,124
459,17320,124,124
459,17321,124,124
459,17322,124,124
459,17323,124,124
459,17324,124,124
459,17325,124,124
460,17326,124,124
460,17327,124,124
460,17328,124,124
460,17329,124,124
460,17330,124,124
460,17331,124,124
460,17332,124,124
460,17333,124,124
460,17334,124,124
460,17335,124,124
460,17336,124,124
460,17337,124,124
460,17338,124,124
460,17339,124,124
460,17340,124,124
460,17341,124,124
460,17342,124,124
460,17343,124,124
460,17344,124,124
460,17345,124,124
460,17346,124,124
460,17347,124,124
460,17348,124,124
460,17349,124,124
460,17350,124,124
460,17351,124,124
460,17352,124,124
460,17353,124,124
460,17354,124,124
460,17355,124,124
460,17356,124,124
460,17357,124,124
460,17358,124,124
460,17359,124,124
460,17360,124,124
460,17361,124,124
460,17362,124,124
460,17363,124,124
460,17364,124,124
460,17365,124,124
460,17366,124,124
461,17367,124,124
461,17368,124,124
461,17369,124,124
461,17370,124,124
461,17371,124,124
461,17372,124,124
461,17373,124,124
461,17374,124,124
461,17375,124,124
461,17376,124,124
461,17377,124,124
461,17378,124,124
461,17379,124,124
461,17380,124,124
461,17381,124,124
461,17382,124,124
461,17383,124,124
461,17384,124,124
461,17385,124,124
461,17386,124,124
461,17387,124,124
461,17388,124,124
461,17389,124,124
461,17390,124,124
461,17391,124,124
461,17392,124,124
461,17393,124,124
461,17394,124,124
461,17395,124,124
461,17396,124,124
461,17397,124,124
461,17398,124,124
461,17399,124,124
461,17400,124,124
461,17401,124,124
461,17402,124,124
461,17403,124,124
461,17404,124,124
462,17405,124,124
462,17406,124,124
462,17407,124,124
462,17408,124,124
462,17409,124,124
462,17410,124,124
462,17411,124,124
462,17412,124,124
462,17413,124,124
462,17414,124,124
462,17415,124,124
462,17416,124,124
462,17417,124,124
462,17418,124,124
462,17419,124,124
462,17420,124,124
462,17421,124,124
462,17422,124,124
462,17423,124,124
462,17424,124,124
462,17425,124,124
462,17426,124,124
462,17427,124,124
462,17428,124,124
462,17429,124,124
462,17430,124,124
462,17431,124,124
462,17432,124,124
462,17433,124,124
462,17434,124,124
462,17435,124,124
462,17436,124,124
462,17437,124,124
462,17438,124,124
462,17439,124,124
462,17440,124,124
462,17441,124,124
462,17442,124,124
462,17443,124,124
462,17444,124,124
463,17445,124,124
463,17446,124,124
463,17447,124,124
463,17448,124,124
463,17449,124,124
463,17450,124,124
463,17451,124,124
463,17452,124,124
463,17453,124,124
463,17454,124,124
463,17455,124,124
463,17456,124,124
463,17457,124,124
463,17458,124,124
463,17459,124,124
463,17460,124,124
463,17461,124,124
463,17462,124,124
463,17463,124,124
463,17464,124,124
463,17465,124,124
463,17466,124,124
463,17467,124,124
463,17468,124,124
463,17469,124,124
463,17470,124,124
463,17471,124,124
463,17472,124,124
463,17473,124,124
463,17474,124,124
463,17475,124,124
463,17476,124,124
463,17477,124,124
463,17478,124,124
464,17479,124,124
464,17480,124,124
464,17481,124,124
464,17482,124,124
464,17483,124,124
464,17484,124,124
464,17485,124,124
464,17486,124,124
464,17487,124,124
464,17488,124,124
464,17489,124,124
464,17490,124,124
464,17491,124,124
464,17492,124,124
464,17493,124,124
464,17494,124,124
464,17495,124,124
464,17496,124,124
464,17497,124,124
464,17498,124,124
464,17499,124,124
464,17500,124,124
464,17501,124,124
464,17502,124,124
464,17503,124,124
464,17504,124,124
464,17505,124,124
464,17506,124,124
464,17507,124,124
464,17508,124,124
464,17509,124,124
464,17510,124,124
464,17511,124,124
464,17512,124,124
465,17513,124,124
465,17514,124,124
465,17515,124,124
465,17516,124,124
465,17517,124,124
465,17518,124,124
465,17519,124,124
465,17520,124,124
465,17521,124,124
465,17522,124,124
465,17523,124,124
465,17524,124,124
465,17525,124,124
465,17526,124,124
465,17527,124,124
465,17528,124,124
465,17529,124,124
465,17530,124,124
465,17531,124,124
465,17532,124,124
465,17533,124,124
465,17534,124,124
465,17535,124,124
465,17536,124,124
465,17537,124,124
465,17538,124,124
465,17539,124,124
465,17540,124,124
465,17541,124,124
465,17542,124,124
465,17543,124,124
465,17544,124,124
465,17545,124,124
465,17546,124,124
466,17547,124,124
466,17548,124,124
466,17549,124,124
466,17550,124,124
466,17551,124,124
466,17552,124,124
466,17553,124,124
466,17554,124,124
466,17555,124,124
466,17556,124,124
466,17557,124,124
466,17558,124,124
466,17559,124,124
466,17560,124,124
466,17561,124,124
466,17562,124,124
466,17563,124,124
466,17564,124,124
466,17565,124,124
466,17566,124,124
466,17567,124,124
466,17568,124,124
466,17569,124,124
466,17570,124,124
466,17571,124,124
466,17572,124,124
466,17573,124,124
466,17574,124,124
466,17575,124,124
466,17576,124,124
466,17577,124,124
466,17578,124,124
466,17579,124,124
466,17580,124,124
466,17581,124,124
466,17582,124,124
466,17583,124,124
466,17584,124,124
466,17585,124,124
466,17586,124,124
466,17587,124,124
466,17588,124,124
467,17589,124,124
467,17590,124,124
467,17591,124,124
467,17592,124,124
467,17593,124,124
467,17594,124,124
467,17595,124,124
467,17596,124,124
467,17597,124,124
467,17598,124,124
467,17599,124,124
467,17600,124,124
467,17601,124,124
467,17602,124,124
467,17603,124,124
467,17604,124,124
467,17605,124,124
467,17606,124,124
467,17607,124,124
467,17608,124,124
467,17609,124,124
467,17610,124,124
467,17611,124,124
467,17612,124,124
467,17613,124,124
467,17614,124,124
467,17615,124,124
467,17616,124,124
467,17617,124,124
467,17618,124,124
467,17619,124,124
467,17620,124,124
467,17621,124,124
467,17622,124,124
467,17623,124,124
467,17624,124,124
467,17625,124,124
468,17626,124,124
468,17627,124,124
468,17628,124,124
468,17629,124,124
468,17630,124,124
468,17631,124,124
468,17632,124,124
468,17633,124,124
468,17634,124,124
468,17635,124,124
468,17636,124,124
468,17637,124,124
468,17638,124,124
468,17639,124,124
468,17640,124,124
468,17641,124,124
468,17642,124,124
468,17643,124,124
468,17644,124,124
468,17645,124,124
468,17646,124,124
468,17647,124,124
468,17648,124,124
468,17649,124,124
468,17650,124,124
468,17651,124,124
468,17652,124,124
468,17653,124,124
468,17654,124,124
468,17655,124,124
468,17656,124,124
468,17657,124,124
468,17658,124,124
468,17659,124,124
468,17660,124,124
468,17661,124,124
468,17662,124,124
468,17663,124,124
469,17664,124,124
469,17665,124,124
469,17666,124,124
469,17667,124,124
469,17668,124,124
469,17669,124,124
469,17670,124,124
469,17671,124,124
469,17672,124,124
469,17673,124,124
469,17674,124,124
469,17675,124,124
469,17676,124,124
469,17677,124,124
469,17678,124,124
469,17679,124,124
469,17680,124,124
469,17681,124,124
469,17682,124,124
469,17683,124,124
469,17684,124,124
469,17685,124,124
469,17686,124,124
469,17687,124,124
469,17688,124,124
469,17689,124,124
469,17690,124,124
469,17691,124,124
469,17692,124,124
469,17693,124,124
469,17694,124,124
469,17695,124,124
469,17696,124,124
469,17697,124,124
469,17698,124,124
470,17699,124,124
470,17700,124,124
470,17701,124,124
470,17702,124,124
470,17703,124,124
470,17704,124,124
470,17705,124,124
470,17706,124,124
470,17707,124,124
470,17708,124,124
470,17709,124,124
470,17710,124,124
470,17711,124,124
470,17712,124,124
470,17713,124,124
470,17714,124,124
470,17715,124,124
470,17716,124,124
470,17717,124,124
470,17718,124,124
470,17719,124,124
470,17720,124,124
470,17721,124,124
470,17722,124,124
470,17723,124,124
470,17724,124,124
470,17725,124,124
470,17726,124,124
470,17727,124,124
470,17728,124,124
470,17729,124,124
470,17730,124,124
470,17731,124,124
470,17732,124,124
470,17733,124,124
470,17734,124,124
470,17735,124,124
470,17736,124,124
470,17737,124,124
471,17738,124,124
471,17739,124,124
471,17740,124,124
471,17741,124,124
471,17742,124,124
471,17743,124,124
471,17744,124,124
471,17745,124,124
471,17746,124,124
471,17747,124,124
471,17748,124,124
471,17749,124,124
471,17750,124,124
471,17751,124,124
471,17752,124,124
471,17753,124,124
471,17754,124,124
471,17755,124,124
471,17756,124,124
471,17757,124,124
471,17758,124,124
471,17759,124,124
471,17760,124,124
471,17761,124,124
471,17762,124,124
471,17763,124,124
471,17764,124,124
471,17765,124,124
471,17766,124,124
471,17767,124,124
471,17768,124,124
471,17769,124,124
471,17770,124,124
471,17771,124,124
472,17772,124,124
472,17773,124,124
472,17774,124,124
472,17775,124,124
472,17776,124,124
472,17777,124,124
472,17778,124,124
472,17779,124,124
472,17780,124,124
472,17781,124,124
472,17782,124,124
472,17783,124,124
472,17784,124,124
472,17785,124,124
472,17786,124,124
472,17787,124,124
472,17788,124,124
472,17789,124,124
472,17790,124,124
472,17791,124,124
472,17792,124,124
472,17793,124,124
472,17794,124,124
472,17795,124,124
472,17796,124,124
472,17797,124,124
472,17798,124,124
472,17799,124,124
472,17800,124,124
472,17801,124,124
472,17802,124,124
472,17803,124,124
472,17804,124,124
472,17805,124,124
472,17806,124,124
472,17807,124,124
472,17808,124,124
472,17809,124,124
472,17810,124,124
472,17811,124,124
472,17812,124,124
473,17813,124,124
473,17814,124,124
473,17815,124,124
473,17816,124,124
473,17817,124,124
473,17818,124,124
473,17819,124,124
473,17820,124,124
473,17821,124,124
473,17822,124,124
473,17823,124,124
473,17824,124,124
473,17825,124,124
473,17826,124,124
473,17827,124,124
473,17828,124,124
473,17829,124,124
473,17830,124,124
473,17831,124,124
473,17832,124,124
473,17833,124,124
473,17834,124,124
473,17835,124,124
473,17836,124,124
473,17837,124,124
473,17838,124,124
473,17839,124,124
473,17840,124,124
473,17841,124,124
473,17842,124,124
473,17843,124,124
473,17844,124,124
473,17845,124,124
473,17846,124,124
473,17847,124,124
473,17848,124,124
474,17849,124,124
474,17850,124,124
474,17851,124,124
474,17852,124,124
474,17853,124,124
474,17854,124,124
474,17855,124,124
474,17856,124,124
474,17857,124,124
474,17858,124,124
474,17859,124,124
474,17860,124,124
474,17861,124,124
474,17862,124,124
474,17863,124,124
474,17864,124,124
474,17865,124,124
474,17866,124,124
474,17867,124,124
474,17868,124,124
474,17869,124,124
474,17870,124,124
474,17871,124,124
474,17872,124,124
474,17873,124,124
474,17874,124,124
474,17875,124,124
474,17876,124,124
474,17877,124,124
474,17878,124,124
474,17879,124,124
474,17880,124,124
474,17881,124,124
474,17882,124,124
475,17883,124,124
475,17884,124,124
475,17885,124,124
475,17886,124,124
475,17887,124,124
475,17888,124,124
475,17889,124,124
475,17890,124,124
475,17891,124,124
475,17892,124,124
475,17893,124,124
475,17894,124,124
475,17895,124,124
475,17896,124,124
475,17897,124,124
475,17898,124,124
475,17899,124,124
475,17900,124,124
475,17901,124,124
475,17902,124,124
475,17903,124,124
475,17904,124,124
475,17905,124,124
475,17906,124,124
475,17907,124,124
475,17908,124,124
475,17909,124,124
475,17910,124,124
475,17911,124,124
475,17912,124,124
475,17913,124,124
475,17914,124,124
475,17915,124,124
475,17916,124,124
475,17917,124,124
475,17918,124,124
475,17919,124,124
475,17920,124,124
475,17921,124,124
475,17922,124,124
475,17923,124,124
475,17924,124,124
476,17925,124,124
476,17926,124,124
476,17927,124,124
476,17928,124,124
476,17929,124,124
476,17930,124,124
476,17931,124,124
476,17932,124,124
476,17933,124,124
476,17934,124,124
476,17935,124,124
476,17936,124,124
476,17937,124,124
476,17938,124,124
476,17939,124,124
476,17940,124,124
476,17941,124,124
476,17942,124,124
476,17943,124,124
476,17944,124,124
476,17945,124,124
476,17946,124,124
476,17947,124,124
476,17948,124,124
476,17949,124,124
476,17950,124,124
476,17951,124,124
476,17952,124,124
476,17953,124,124
476,17954,124,124
476,17955,124,124
476,17956,124,124
476,17957,124,124
476,17958,124,124
476,17959,124,124
476,17960,124,124
476,17961,124,124
476,17962,124,124
476,17963,124,124
477,17964,124,124
477,17965,124,124
477,17966,124,124
477,17967,124,124
477,17968,124,124
477,17969,124,124
477,17970,124,124
477,17971,124,124
477,17972,124,124
477,17973,124,124
477,17974,124,124
477,17975,124,124
477,17976,124,124
477,17977,124,124
477,17978,124,124
477,17979,124,124
477,17980,124,124
477,17981,124,124
477,17982,124,124
477,17983,124,124
477,17984,124,124
477,17985,124,124
477,17986,124,124
477,17987,124,124
477,17988,124,124
477,17989,124,124
477,17990,124,124
477,17991,124,124
477,17992,124,124
477,17993,124,124
477,17994,124,124
477,17995,124,124
477,17996,124,124
477,17997,124,124
477,17998,124,124
477,17999,124,124
477,18000,124,124
477,18001,124,124
477,18002,124,124
478,18003,124,124
478,18004,124,124
478,18005,124,124
478,18006,124,124
478,18007,124,124
478,18008,124,124
478,18009,124,124
478,18010,124,124
478,18011,124,124
478,18012,124,124
478,18013,124,124
478,18014,124,124
478,18015,124,124
478,18016,124,124
478,18017,124,124
478,18018,124,124
478,18019,124,124
478,18020,124,124
478,18021,124,124
478,18022,124,124
478,18023,124,124
478,18024,124,124
478,18025,124,124
478,18026,124,124
478,18027,124,124
478,18028,124,124
478,18029,124,124
478,18030,124,124
478,18031,124,124
478,18032,124,124
478,18033,124,124
478,18034,124,124
478,18035,124,124
478,18036,124,124
478,18037,124,124
478,18038,124,124
478,18039,124,124
479,18040,124,124
479,18041,124,124
479,18042,124,124
479,18043,124,124
479,18044,124,124
479,18045,124,124
479,18046,124,124
479,18047,124,124
479,18048,124,124
479,18049,124,124
479,18050,124,124
479,18051,124,124
479,18052,124,124
479,18053,124,124
479,18054,124,124
479,18055,124,124
479,18056,124,124
479,18057,124,124
479,18058,124,124
479,18059,124,124
479,18060,124,124
479,18061,124,124
479,18062,124,124
479,18063,124,124
479,18064,124,124
479,18065,124,124
479,18066,124,124
479,18067,124,124
479,18068,124,124
479,18069,124,124
479,18070,124,124
479,18071,124,124
479,18072,124,124
479,18073,124,124
479,18074,124,124
479,18075,124,124
480,18076,124,124
480,18077,124,124
480,18078,124,124
480,18079,124,124
480,18080,124,124
480,18081,124,124
480,18082,124,124
480,18083,124,124
480,18084,124,124
480,18085,124,124
480,18086,124,124
480,18087,124,124
480,18088,124,124
480,18089,124,124
480,18090,124,124
480,18091,124,124
480,18092,124,124
480,18093,124,124
480,18094,124,124
480,18095,124,124
480,18096,124,124
480,18097,124,124
480,18098,124,124
480,18099,124,124
480,18100,124,124
480,18101,124,124
480,18102,124,124
480,18103,124,124
480,18104,124,124
480,18105,124,124
480,18106,124,124
480,18107,124,124
480,18108,124,124
480,18109,124,124
481,18110,124,124
481,18111,124,124
481,18112,124,124
481,18113,124,124
481,18114,124,124
481,18115,124,124
481,18116,124,124
481,18117,124,124
481,18118,124,124
481,18119,124,124
481,18120,124,124
481,18121,124,124
481,18122,124,124
481,18123,124,124
481,18124,124,124
481,18125,124,124
481,18126,124,124
481,18127,124,124
481,18128,124,124
481,18129,124,124
481,18130,124,124
481,18131,124,124
481,18132,124,124
481,18133,124,124
481,18134,124,124
481,18135,124,124
481,18136,124,124
481,18137,124,124
481,18138,124,124
481,18139,124,124
481,18140,124,124
481,18141,124,124
481,18142,124,124
481,18143,124,124
481,18144,124,124
481,18145,124,124
481,18146,124,124
481,18147,124,124
482,18148,124,124
482,18149,124,124
482,18150,124,124
482,18151,124,124
482,18152,124,124
482,18153,124,124
482,18154,124,124
482,18155,124,124
482,18156,124,124
482,18157,124,124
482,18158,124,124
482,18159,124,124
482,18160,124,124
482,18161,124,124
482,18162,124,124
482,18163,124,124
482,18164,124,124
482,18165,124,124
482,18166,124,124
482,18167,124,124
482,18168,124,124
482,18169,124,124
482,18170,124,124
482,18171,124,124
482,18172,124,124
482,18173,124,124
482,18174,124,124
482,18175,124,124
482,18176,124,124
482,18177,124,124
482,18178,124,124
482,18179,124,124
482,18180,124,124
482,18181,124,124
482,18182,124,124
482,18183,124,124
482,18184,124,124
482,18185,124,124
482,18186,124,124
482,18187,124,124
482,18188,124,124
482,18189,124,124
483,18190,124,124
483,18191,124,124
483,18192,124,124
483,18193,124,124
483,18194,124,124
483,18195,124,124
483,18196,124,124
483,18197,124,124
483,18198,124,124
483,18199,124,124
483,18200,124,124
483,18201,124,124
483,18202,124,124
483,18203,124,124
483,18204,124,124
483,18205,124,124
483,18206,124,124
483,18207,124,124
483,18208,124,124
483,18209,124,124
483,18210,124,124
483,18211,124,124
483,18212,124,124
483,18213,124,124
483,18214,124,124
483,18215,124,124
483,18216,124,124
483,18217,124,124
483,18218,124,124
483,18219,124,124
483,18220,124,124
483,18221,124,124
483,18222,124,124
483,18223,124,124
483,18224,124,124
483,18225,124,124
483,18226,124,124
483,18227,124,124
483,18228,124,124
483,18229,124,124
484,18230,124,124
484,18231,124,124
484,18232,124,124
484,18233,124,124
484,18234,124,124
484,18235,124,124
484,18236,124,124
484,18237,124,124
484,18238,124,124
484,18239,124,124
484,18240,124,124
484,18241,124,124
484,18242,124,124
484,18243,124,124
484,18244,124,124
484,18245,124,124
484,18246,124,124
484,18247,124,124
484,18248,124,124
484,18249,124,124
484,18250,124,124
484,18251,124,124
484,18252,124,124
484,18253,124,124
484,18254,124,124
484,18255,124,124
484,18256,124,124
484,18257,124,124
484,18258,124,124
484,18259,124,124
484,18260,124,124
484,18261,124,124
484,18262,124,124
484,18263,124,124
484,18264,124,124
484,18265,124,124
484,18266,124,124
484,18267,124,124
485,18268,124,124
485,18269,124,124
485,18270,124,124
485,18271,124,124
485,18272,124,124
485,18273,124,124
485,18274,124,124
485,18275,124,124
485,18276,124,124
485,18277,124,124
485,18278,124,124
485,18279,124,124
485,18280,124,124
485,18281,124,124
485,18282,124,124
485,18283,124,124
485,18284,124,124
485,18285,124,124
485,18286,124,124
485,18287,124,124
485,18288,124,124
485,18289,124,124
485,18290,124,124
485,18291,124,124
485,18292,124,124
485,18293,124,124
485,18294,124,124
485,18295,124,124
485,18296,124,124
485,18297,124,124
485,18298,124,124
485,18299,124,124
485,18300,124,124
485,18301,124,124
485,18302,124,124
485,18303,124,124
486,18304,124,124
486,18305,124,124
486,18306,124,124
486,18307,124,124
486,18308,124,124
486,18309,124,124
486,18310,124,124
486,18311,124,124
486,18312,124,124
486,18313,124,124
486,18314,124,124
486,18315,124,124
486,18316,124,124
486,18317,124,124
486,18318,124,124
486,18319,124,124
486,18320,124,124
486,18321,124,124
486,18322,124,124
486,18323,124,124
486,18324,124,124
486,18325,124,124
486,18326,124,124
486,18327,124,124
486,18328,124,124
486,18329,124,124
486,18330,124,124
486,18331,124,124
486,18332,124,124
486,18333,124,124
486,18334,124,124
486,18335,124,124
486,18336,124,124
486,18337,124,124
486,18338,124,124
486,18339,124,124
486,18340,124,124
486,18341,124,124
486,18342,124,124
486,18343,124,124
487,18344,124,124
487,18345,124,124
487,18346,124,124
487,18347,124,124
487,18348,124,124
487,18349,124,124
487,18350,124,124
487,18351,124,124
487,18352,124,124
487,18353,124,124
487,18354,124,124
487,18355,124,124
487,18356,124,124
487,18357,124,124
487,18358,124,124
487,18359,124,124
487,18360,124,124
487,18361,124,124
487,18362,124,124
487,18363,124,124
487,18364,124,124
487,18365,124,124
487,18366,124,124
487,18367,124,124
487,18368,124,124
487,18369,124,124
487,18370,124,124
487,18371,124,124
487,18372,124,124
487,18373,124,124
487,18374,124,124
487,18375,124,124
487,18376,124,124
487,18377,124,124
487,18378,124,124
487,18379,124,124
487,18380,124,124
487,18381,124,124
487,18382,124,124
488,18383,124,124
488,18384,124,124
488,18385,124,124
488,18386,124,124
488,18387,124,124
488,18388,124,124
488,18389,124,124
488,18390,124,124
488,18391,124,124
488,18392,124,124
488,18393,124,124
488,18394,124,124
488,18395,124,124
488,18396,124,124
488,18397,124,124
488,18398,124,124
488,18399,124,124
488,18400,124,124
488,18401,124,124
488,18402,124,124
488,18403,124,124
488,18404,124,124
488,18405,124,124
488,18406,124,124
488,18407,124,124
488,18408,124,124
488,18409,124,124
488,18410,124,124
488,18411,124,124
488,18412,124,124
488,18413,124,124
488,18414,124,124
488,18415,124,124
488,18416,124,124
489,18417,124,124
489,18418,124,124
489,18419,124,124
489,18420,124,124
489,18421,124,124
489,18422,124,124
489,18423,124,124
489,18424,124,124
489,18425,124,124
489,18426,124,124
489,18427,124,124
489,18428,124,124
489,18429,124,124
489,18430,124,124
489,18431,124,124
489,18432,124,124
489,18433,124,124
489,18434,124,124
489,18435,124,124
489,18436,124,124
489,18437,124,124
489,18438,124,124
489,18439,124,124
489,18440,124,124
489,18441,124,124
489,18442,124,124
489,18443,124,124
489,18444,124,124
489,18445,124,124
489,18446,124,124
489,18447,124,124
489,18448,124,124
489,18449,124,124
489,18450,124,124
489,18451,124,124
489,18452,124,124
489,18453,124,124
489,18454,124,124
489,18455,124,124
490,18456,124,124
490,18457,124,124
490,18458,124,124
490,18459,124,124
490,18460,124,124
490,18461,124,124
490,18462,124,124
490,18463,124,124
490,18464,124,124
490,18465,124,124
490,18466,124,124
490,18467,124,124
490,18468,124,124
490,18469,124,124
490,18470,124,124
490,18471,124,124
490,18472,124,124
490,18473,124,124
490,18474,124,124
490,18475,124,124
490,18476,124,124
490,18477,124,124
490,18478,124,124
490,18479,124,124
490,18480,124,124
490,18481,124,124
490,18482,124,124
490,18483,124,124
490,18484,124,124
490,18485,124,124
490,18486,124,124
490,18487,124,124
490,18488,124,124
490,18489,124,124
490,18490,124,124
490,18491,124,124
490,18492,124,124
490,18493,124,124
491,18494,124,124
491,18495,124,124
491,18496,124,124
491,18497,124,124
491,18498,124,124
491,18499,124,124
491,18500,124,124
491,18501,124,124
491,18502,124,124
491,18503,124,124
491,18504,124,124
491,18505,124,124
491,18506,124,124
491,18507,124,124
491,18508,124,124
491,18509,124,124
491,18510,124,124
491,18511,124,124
491,18512,124,124
491,18513,124,124
491,18514,124,124
491,18515,124,124
491,18516,124,124
491,18517,124,124
491,18518,124,124
491,18519,124,124
491,18520,124,124
491,18521,124,124
491,18522,124,124
491,18523,124,124
491,18524,124,124
491,18525,124,124
492,18526,124,124
492,18527,124,124
492,18528,124,124
492,18529,124,124
492,18530,124,124
492,18531,124,124
492,18532,124,124
492,18533,124,124
492,18534,124,124
492,18535,124,124
492,18536,124,124
492,18537,124,124
492,18538,124,124
492,18539,124,124
492,18540,124,124
492,18541,124,124
492,18542,124,124
492,18543,124,124
492,18544,124,124
492,18545,124,124
492,18546,124,124
492,18547,124,124
492,18548,124,124
492,18549,124,124
492,18550,124,124
492,18551,124,124
492,18552,124,124
492,18553,124,124
492,18554,124,124
492,18555,124,124
492,18556,124,124
492,18557,124,124
492,18558,124,124
492,18559,124,124
492,18560,124,124
492,18561,124,124
492,18562,124,124
493,18563,124,124
493,18564,124,124
493,18565,124,124
493,18566,124,124
493,18567,124,124
493,18568,124,124
493,18569,124,124
493,18570,124,124
493,18571,124,124
493,18572,124,124
493,18573,124,124
493,18574,124,124
493,18575,124,124
493,18576,124,124
493,18577,124,124
493,18578,124,124
493,18579,124,124
493,18580,124,124
493,18581,124,124
493,18582,124,124
493,18583,124,124
493,18584,124,124
493,18585,124,124
493,18586,124,124
493,18587,124,124
493,18588,124,124
493,18589,124,124
493,18590,124,124
493,18591,124,124
493,18592,124,124
493,18593,124,124
493,18594,124,124
493,18595,124,124
493,18596,124,124
493,18597,124,124
493,18598,124,124
493,18599,124,124
493,18600,124,124
493,18601,124,124
493,18602,124,124
494,18603,124,124
494,18604,124,124
494,18605,124,124
494,18606,124,124
494,18607,124,124
494,18608,124,124
494,18609,124,124
494,18610,124,124
494,18611,124,124
494,18612,124,124
494,18613,124,124
494,18614,124,124
494,18615,124,124
494,18616,124,124
494,18617,124,124
494,18618,124,124
494,18619,124,124
494,18620,124,124
494,18621,124,124
494,18622,124,124
494,18623,124,124
494,18624,124,124
494,18625,124,124
494,18626,124,124
494,18627,124,124
494,18628,124,124
494,18629,124,124
494,18630,124,124
494,18631,124,124
494,18632,124,124
494,18633,124,124
494,18634,124,124
494,18635,124,124
494,18636,124,124
494,18637,124,124
494,18638,124,124
494,18639,124,124
494,18640,124,124
494,18641,124,124
495,18642,124,124
495,18643,124,124
495,18644,124,124
495,18645,124,124
495,18646,124,124
495,18647,124,124
495,18648,124,124
495,18649,124,124
495,18650,124,124
495,18651,124,124
495,18652,124,124
495,18653,124,124
495,18654,124,124
495,18655,124,124
495,18656,124,124
495,18657,124,124
495,18658,124,124
495,18659,124,124
495,18660,124,124
495,18661,124,124
495,18662,124,124
495,18663,124,124
495,18664,124,124
495,18665,124,124
495,18666,124,124
495,18667,124,124
495,18668,124,124
495,18669,124,124
495,18670,124,124
495,18671,124,124
495,18672,124,124
495,18673,124,124
495,18674,124,124
495,18675,124,124
495,18676,124,124
495,18677,124,124
495,18678,124,124
495,18679,124,124
495,18680,124,124
495,18681,124,124
496,18682,124,124
496,18683,124,124
496,18684,124,124
496,18685,124,124
496,18686,124,124
496,18687,124,124
496,18688,124,124
496,18689,124,124
496,18690,124,124
496,18691,124,124
496,18692,124,124
496,18693,124,124
496,18694,124,124
496,18695,124,124
496,18696,124,124
496,18697,124,124
496,18698,124,124
496,18699,124,124
496,18700,124,124
496,18701,124,124
496,18702,124,124
496,18703,124,124
496,18704,124,124
496,18705,124,124
496,18706,124,124
496,18707,124,124
496,18708,124,124
496,18709,124,124
496,18710,124,124
496,18711,124,124
496,18712,124,124
496,18713,124,124
496,18714,124,124
496,18715,124,124
496,18716,124,124
496,18717,124,124
496,18718,124,124
496,18719,124,124
496,18720,124,124
497,18721,124,124
497,18722,124,124
497,18723,124,124
497,18724,124,124
497,18725,124,124
497,18726,124,124
497,18727,124,124
497,18728,124,124
497,18729,124,124
497,18730,124,124
497,18731,124,124
497,18732,124,124
497,18733,124,124
497,18734,124,124
497,18735,124,124
497,18736,124,124
497,18737,124,124
497,18738,124,124
497,18739,124,124
497,18740,124,124
497,18741,124,124
497,18742,124,124
497,18743,124,124
497,18744,124,124
497,18745,124,124
497,18746,124,124
497,18747,124,124
497,18748,124,124
497,18749,124,124
497,18750,124,124
497,18751,124,124
497,18752,124,124
497,18753,124,124
497,18754,124,124
497,18755,124,124
498,18756,124,124
498,18757,124,124
498,18758,124,124
498,18759,124,124
498,18760,124,124
498,18761,124,124
498,18762,124,124
498,18763,124,124
498,18764,124,124
498,18765,124,124
498,18766,124,124
498,18767,124,124
498,18768,124,124
498,18769,124,124
498,18770,124,124
498,18771,124,124
498,18772,124,124
498,18773,124,124
498,18774,124,124
498,18775,124,124
498,18776,124,124
498,18777,124,124
498,18778,124,124
498,18779,124,124
498,18780,124,124
498,18781,124,124
498,18782,124,124
498,18783,124,124
498,18784,124,124
498,18785,124,124
498,18786,124,124
498,18787,124,124
498,18788,124,124
498,18789,124,124
498,18790,124,124
498,18791,124,124
498,18792,124,124
498,18793,124,124
499,18794,124,124
499,18795,124,124
499,18796,124,124
499,18797,124,124
499,18798,124,124
499,18799,124,124
499,18800,124,124
499,18801,124,124
499,18802,124,124
499,18803,124,124
499,18804,124,124
499,18805,124,124
499,18806,124,124
499,18807,124,124
499,18808,124,124
499,18809,124,124
499,18810,124,124
499,18811,124,124
499,18812,124,124
499,18813,124,124
499,18814,124,124
499,18815,124,124
499,18816,124,124
499,18817,124,124
499,18818,124,124
499,18819,124,124
499,18820,124,124
499,18821,124,124
499,18822,124,124
499,18823,124,124
499,18824,124,124
499,18825,124,124
499,18826,124,124
499,18827,124,124
499,18828,124,124
499,18829,124,124
499,18830,124,124
500,18831,124,124
500,18832,124,124
500,18833,124,124
500,18834,124,124
500,18835,124,124
500,18836,124,124
500,18837,124,124
500,18838,124,124
500,18839,124,124
500,18840,124,124
500,18841,124,124
500,18842,124,124
500,18843,124,124
500,18844,124,124
500,18845,124,124
500,18846,124,124
500,18847,124,124
500,18848,124,124
500,18849,124,124
500,18850,124,124
500,18851,124,124
500,18852,124,124
500,18853,124,124
500,18854,124,124
500,18855,124,124
500,18856,124,124
500,18857,124,124
500,18858,124,124
500,18859,124,124
500,18860,124,124
500,18861,124,124
500,18862,124,124
500,18863,124,124
500,18864,124,124
500,18865,124,124
500,18866,124,124
500,18867,124,124
500,18868,124,124
500,18869,124,124
501,18870,124,124
501,18871,124,124
501,18872,124,124
501,18873,124,124
501,18874,124,124
501,18875,124,124
501,18876,124,124
501,18877,124,124
501,18878,124,124
501,18879,124,124
501,18880,124,124
501,18881,124,124
501,18882,124,124
501,18883,124,124
501,18884,124,124
501,18885,124,124
501,18886,124,124
501,18887,124,124
501,18888,124,124
501,18889,124,124
501,18890,124,124
501,18891,124,124
501,18892,124,124
501,18893,124,124
501,18894,124,124
501,18895,124,124
501,18896,124,124
501,18897,124,124
501,18898,124,124
501,18899,124,124
501,18900,124,124
501,18901,124,124
501,18902,124,124
501,18903,124,124
501,18904,124,124
501,18905,124,124
501,18906,124,124
501,18907,124,124
501,18908,124,124
501,18909,124,124
501,18910,124,124
502,18911,124,124
502,18912,124,124
502,18913,124,124
502,18914,124,124
502,18915,124,124
502,18916,124,124
502,18917,124,124
502,18918,124,124
502,18919,124,124
502,18920,124,124
502,18921,124,124
502,18922,124,124
502,18923,124,124
502,18924,124,124
502,18925,124,124
502,18926,124,124
502,18927,124,124
502,18928,124,124
502,18929,124,124
502,18930,124,124
502,18931,124,124
502,18932,124,124
502,18933,124,124
502,18934,124,124
502,18935,124,124
502,18936,124,124
502,18937,124,124
502,18938,124,124
502,18939,124,124
502,18940,124,124
502,18941,124,124
502,18942,124,124
502,18943,124,124
502,18944,124,124
502,18945,124,124
502,18946,124,124
502,18947,124,124
502,18948,124,124
502,18949,124,124
503,18950,124,124
503,18951,124,124
503,18952,124,124
503,18953,124,124
503,18954,124,124
503,18955,124,124
503,18956,124,124
503,18957,124,124
503,18958,124,124
503,18959,124,124
503,18960,124,124
503,18961,124,124
503,18962,124,124
503,18963,124,124
503,18964,124,124
503,18965,124,124
503,18966,124,124
503,18967,124,124
503,18968,124,124
503,18969,124,124
503,18970,124,124
503,18971,124,124
503,18972,124,124
503,18973,124,124
503,18974,124,124
503,18975,124,124
503,18976,124,124
503,18977,124,124
503,18978,124,124
503,18979,124,124
503,18980,124,124
503,18981,124,124
503,18982,124,124
503,18983,124,124
503,18984,124,124
504,18985,124,124
504,18986,124,124
504,18987,124,124
504,18988,124,124
504,18989,124,124
504,18990,124,124
504,18991,124,124
504,18992,124,124
504,18993,124,124
504,18994,124,124
504,18995,124,124
504,18996,124,124
504,18997,124,124
504,18998,124,124
504,18999,124,124
504,19000,124,124
504,19001,124,124
504,19002,124,124
504,19003,124,124
504,19004,124,124
504,19005,124,124
504,19006,124,124
504,19007,124,124
504,19008,124,124
504,19009,124,124
504,19010,124,124
504,19011,124,124
504,19012,124,124
504,19013,124,124
504,19014,124,124
504,19015,124,124
504,19016,124,124
504,19017,124,124
504,19018,124,124
504,19019,124,124
504,19020,124,124
504,19021,124,124
505,19022,124,124
505,19023,124,124
505,19024,124,124
505,19025,124,124
505,19026,124,124
505,19027,124,124
505,19028,124,124
505,19029,124,124
505,19030,124,124
505,19031,124,124
505,19032,124,124
505,19033,124,124
505,19034,124,124
505,19035,124,124
505,19036,124,124
505,19037,124,124
505,19038,124,124
505,19039,124,124
505,19040,124,124
505,19041,124,124
505,19042,124,124
505,19043,124,124
505,19044,124,124
505,19045,124,124
505,19046,124,124
505,19047,124,124
505,19048,124,124
505,19049,124,124
505,19050,124,124
505,19051,124,124
505,19052,124,124
505,19053,124,124
505,19054,124,124
505,19055,124,124
505,19056,124,124
505,19057,124,124
505,19058,124,124
505,19059,124,124
506,19060,124,124
506,19061,124,124
506,19062,124,124
506,19063,124,124
506,19064,124,124
506,19065,124,124
506,19066,124,124
506,19067,124,124
506,19068,124,124
506,19069,124,124
506,19070,124,124
506,19071,124,124
506,19072,124,124
506,19073,124,124
506,19074,124,124
506,19075,124,124
506,19076,124,124
506,19077,124,124
506,19078,124,124
506,19079,124,124
506,19080,124,124
506,19081,124,124
506,19082,124,124
506,19083,124,124
506,19084,124,124
506,19085,124,124
506,19086,124,124
506,19087,124,124
506,19088,124,124
506,19089,124,124
506,19090,124,124
506,19091,124,124
506,19092,124,124
506,19093,124,124
506,19094,124,124
506,19095,124,124
506,19096,124,124
506,19097,124,124
506,19098,124,124
506,19099,124,124
507,19100,124,124
507,19101,124,124
507,19102,124,124
507,19103,124,124
507,19104,124,124
507,19105,124,124
507,19106,124,124
507,19107,124,124
507,19108,124,124
507,19109,124,124
507,19110,124,124
507,19111,124,124
507,19112,124,124
507,19113,124,124
507,19114,124,124
507,19115,124,124
507,19116,124,124
507,19117,124,124
507,19118,124,124
507,19119,124,124
507,19120,124,124
507,19121,124,124
507,19122,124,124
507,19123,124,124
507,19124,124,124
507,19125,124,124
507,19126,124,124
507,19127,124,124
507,19128,124,124
507,19129,124,124
507,19130,124,124
507,19131,124,124
507,19132,124,124
507,19133,124,124
507,19134,124,124
507,19135,124,124
507,19136,124,124
508,19137,124,124
508,19138,124,124
508,19139,124,124
508,19140,124,124
508,19141,124,124
508,19142,124,124
508,19143,124,124
508,19144,124,124
508,19145,124,124
508,19146,124,124
508,19147,124,124
508,19148,124,124
508,19149,124,124
508,19150,124,124
508,19151,124,124
508,19152,124,124
508,19153,124,124
508,19154,124,124
508,19155,124,124
508,19156,124,124
508,19157,124,124
508,19158,124,124
508,19159,124,124
508,19160,124,124
508,19161,124,124
508,19162,124,124
508,19163,124,124
508,19164,124,124
508,19165,124,124
508,19166,124,124
508,19167,124,124
508,19168,124,124
508,19169,124,124
509,19170,124,124
509,19171,124,124
509,19172,124,124
509,19173,124,124
509,19174,124,124
509,19175,124,124
509,19176,124,124
509,19177,124,124
509,19178,124,124
509,19179,124,124
509,19180,124,124
509,19181,124,124
509,19182,124,124
509,19183,124,124
509,19184,124,124
509,19185,124,124
509,19186,124,124
509,19187,124,124
509,19188,124,124
509,19189,124,124
509,19190,124,124
509,19191,124,124
509,19192,124,124
509,19193,124,124
509,19194,124,124
509,19195,124,124
509,19196,124,124
509,19197,124,124
509,19198,124,124
509,19199,124,124
509,19200,124,124
509,19201,124,124
509,19202,124,124
509,19203,124,124
509,19204,124,124
509,19205,124,124
509,19206,124,124
510,19207,124,124
510,19208,124,124
510,19209,124,124
510,19210,124,124
510,19211,124,124
510,19212,124,124
510,19213,124,124
510,19214,124,124
510,19215,124,124
510,19216,124,124
510,19217,124,124
510,19218,124,124
510,19219,124,124
510,19220,124,124
510,19221,124,124
510,19222,124,124
510,19223,124,124
510,19224,124,124
510,19225,124,124
510,19226,124,124
510,19227,124,124
510,19228,124,124
510,19229,124,124
510,19230,124,124
510,19231,124,124
510,19232,124,124
510,19233,124,124
510,19234,124,124
510,19235,124,124
510,19236,124,124
510,19237,124,124
510,19238,124,124
510,19239,124,124
510,19240,124,124
510,19241,124,124
510,19242,124,124
510,19243,124,124
511,19244,124,124
511,19245,124,124
511,19246,124,124
511,19247,124,124
511,19248,124,124
511,19249,124,124
511,19250,124,124
511,19251,124,124
511,19252,124,124
511,19253,124,124
511,19254,124,124
511,19255,124,124
511,19256,124,124
511,19257,124,124
511,19258,124,124
511,19259,124,124
511,19260,124,124
511,19261,124,124
511,19262,124,124
511,19263,124,124
511,19264,124,124
511,19265,124,124
511,19266,124,124
511,19267,124,124
511,19268,124,124
511,19269,124,124
511,19270,124,124
511,19271,124,124
511,19272,124,124
511,19273,124,124
511,19274,124,124
511,19275,124,124
511,19276,124,124
511,19277,124,124
511,19278,124,124
511,19279,124,124
511,19280,124,124
511,19281,124,124
511,19282,124,124
