completed_requests,verification,unique_keys,reusable_keys
0,0,1,0
0,1,2,0
0,2,3,0
0,3,4,0
0,4,5,0
0,5,6,0
0,6,7,0
0,7,8,0
0,8,9,0
0,9,10,0
0,10,11,0
0,11,12,0
0,12,13,0
0,13,14,0
0,14,15,0
0,15,16,0
0,16,17,0
0,17,18,0
0,18,19,0
0,19,20,0
0,20,21,0
0,21,22,0
0,22,23,0
0,23,24,0
0,24,25,0
0,25,26,0
0,26,27,0
0,27,28,0
0,28,29,0
0,29,30,0
0,30,31,0
0,31,32,0
0,32,33,0
0,33,34,0
0,34,35,0
0,35,35,0
1,36,35,0
2,37,35,1
2,38,35,2
2,39,35,3
2,40,35,4
2,41,35,5
2,42,36,5
2,43,37,5
2,44,38,5
2,45,39,5
2,46,40,5
2,47,41,5
2,48,42,5
2,49,43,5
2,50,44,5
2,51,45,5
2,52,46,5
2,53,47,5
2,54,48,5
2,55,49,5
2,56,50,5
2,57,51,5
2,58,52,5
2,59,53,5
2,60,54,5
2,61,55,5
2,62,56,5
2,63,57,5
2,64,58,5
2,65,59,5
2,66,60,5
2,67,61,5
2,68,62,5
2,69,63,5
2,70,64,5
2,71,64,5
3,72,64,5
4,73,64,5
4,74,64,5
4,75,64,5
4,76,64,5
4,77,65,5
4,78,66,5
4,79,66,6
4,80,66,7
4,81,67,7
4,82,68,7
4,83,68,8
4,84,68,9
4,85,69,9
4,86,70,9
4,87,70,10
4,88,70,11
4,89,71,11
4,90,72,11
4,91,72,12
4,92,72,13
4,93,73,13
4,94,74,13
4,95,74,14
4,96,74,15
4,97,75,15
4,98,76,15
4,99,76,16
4,100,76,17
4,101,77,17
4,102,78,17
4,103,78,18
4,104,78,19
4,105,79,19
4,106,80,19
4,107,80,19
5,108,81,19
6,109,81,19
6,110,81,19
6,111,82,19
6,112,83,19
6,113,83,20
6,114,83,21
6,115,83,21
6,116,83,21
6,117,83,22
6,118,83,23
6,119,84,23
6,120,84,24
6,121,84,25
6,122,84,26
6,123,85,26
6,124,85,27
6,125,85,28
6,126,85,29
6,127,86,29
6,128,86,30
6,129,86,31
6,130,86,32
6,131,87,32
6,132,87,33
6,133,87,34
6,134,87,35
6,135,88,35
6,136,88,36
6,137,88,37
6,138,88,38
6,139,89,38
6,140,89,39
6,141,89,40
6,142,89,40
7,143,89,41
7,144,89,41
8,145,90,41
8,146,90,42
8,147,90,43
8,148,90,43
8,149,90,43
8,150,90,44
8,151,91,44
8,152,91,44
8,153,91,44
8,154,91,44
8,155,91,45
8,156,91,45
8,157,91,46
8,158,91,46
8,159,91,47
8,160,91,47
8,161,91,48
8,162,91,48
8,163,91,49
8,164,91,49
8,165,91,50
8,166,91,50
8,167,91,51
8,168,91,51
8,169,91,52
8,170,91,52
8,171,91,53
8,172,91,53
8,173,91,54
8,174,91,54
8,175,91,55
8,176,91,55
8,177,91,56
8,178,91,57
8,179,91,57
9,180,91,57
10,181,91,57
10,182,91,57
10,183,91,57
10,184,91,57
10,185,91,57
10,186,91,57
10,187,91,57
10,188,91,57
10,189,91,57
10,190,91,58
10,191,91,58
10,192,91,58
10,193,91,58
10,194,91,58
10,195,91,58
10,196,91,58
10,197,91,58
10,198,91,58
10,199,91,58
10,200,91,58
10,201,91,58
10,202,91,58
10,203,91,58
10,204,91,58
10,205,91,58
10,206,91,58
10,207,91,58
10,208,91,58
10,209,91,58
10,210,91,58
10,211,91,58
10,212,91,58
10,213,91,58
10,214,91,58
10,215,91,58
11,216,91,58
12,217,91,58
12,218,91,58
12,219,91,58
12,220,91,58
12,221,91,58
12,222,91,58
12,223,91,58
12,224,91,59
12,225,91,60
12,226,91,60
12,227,91,60
12,228,91,60
12,229,91,60
12,230,91,60
12,231,91,60
12,232,91,60
12,233,91,60
12,234,91,60
12,235,91,60
12,236,91,60
12,237,91,60
12,238,91,60
12,239,91,60
12,240,91,60
12,241,91,60
12,242,91,60
12,243,91,60
12,244,91,60
12,245,91,60
12,246,91,60
12,247,91,60
12,248,91,60
12,249,91,60
12,250,91,60
12,251,91,60
12,252,91,60
14,253,91,61
14,254,91,61
14,255,91,61
14,256,91,61
14,257,91,61
14,258,91,61
14,259,91,62
14,260,91,63
14,261,91,64
14,262,91,65
14,263,91,65
14,264,91,65
14,265,91,65
14,266,91,65
14,267,91,65
14,268,91,65
14,269,91,65
14,270,91,65
14,271,91,65
14,272,91,65
14,273,91,65
14,274,91,65
14,275,91,65
14,276,91,65
14,277,91,65
14,278,91,65
14,279,91,65
14,280,91,65
14,281,91,65
14,282,91,65
14,283,91,65
14,284,91,65
14,285,91,65
14,286,91,65
14,287,91,65
15,288,91,65
16,289,91,65
16,290,91,65
16,291,91,65
16,292,91,65
16,293,91,65
16,294,91,65
16,295,91,65
16,296,91,65
16,297,91,65
16,298,91,65
16,299,91,65
16,300,91,65
16,301,91,65
16,302,91,65
16,303,91,65
16,304,91,65
16,305,91,65
16,306,91,65
16,307,91,65
16,308,91,65
16,309,91,65
16,310,91,65
16,311,91,65
16,312,91,65
16,313,91,65
16,314,91,65
16,315,91,65
16,316,91,65
16,317,91,65
16,318,91,65
16,319,91,65
16,320,91,65
16,321,91,65
16,322,91,65
17,323,91,66
17,324,91,66
18,325,91,66
18,326,91,66
18,327,91,66
18,328,91,66
18,329,91,66
18,330,91,66
18,331,91,66
18,332,91,66
18,333,91,66
18,334,91,66
18,335,91,66
18,336,91,66
18,337,91,66
18,338,91,66
18,339,91,66
18,340,91,66
18,341,91,66
18,342,91,66
18,343,91,66
18,344,91,66
18,345,91,66
18,346,91,66
18,347,91,66
18,348,91,66
18,349,91,66
18,350,91,66
18,351,91,66
18,352,91,66
18,353,91,66
18,354,91,66
18,355,91,66
18,356,91,66
18,357,91,66
18,358,91,66
19,359,91,67
19,360,91,67
20,361,91,67
20,362,91,67
20,363,91,67
20,364,91,67
20,365,91,67
20,366,91,67
20,367,91,67
20,368,91,67
20,369,91,67
20,370,91,67
20,371,91,67
20,372,91,67
20,373,91,67
20,374,91,67
20,375,91,67
20,376,91,67
20,377,91,67
20,378,91,67
20,379,91,67
20,380,91,67
20,381,91,67
20,382,91,67
20,383,91,67
20,384,91,67
20,385,91,67
20,386,91,67
20,387,91,67
20,388,91,67
20,389,91,67
20,390,91,67
20,391,91,67
20,392,91,67
20,393,91,67
20,394,91,67
20,395,91,67
21,396,91,67
22,397,92,67
22,398,92,68
22,399,92,68
22,400,92,68
22,401,92,68
22,402,92,68
22,403,92,68
22,404,92,68
22,405,92,68
22,406,92,68
22,407,92,68
22,408,92,68
22,409,92,69
22,410,92,69
22,411,92,69
22,412,92,69
22,413,92,70
22,414,92,70
22,415,92,70
22,416,92,70
22,417,92,71
22,418,92,71
22,419,92,71
22,420,92,71
22,421,92,72
22,422,92,72
22,423,92,72
22,424,92,72
22,425,92,73
22,426,92,73
22,427,92,73
22,428,92,73
22,429,92,74
22,430,92,74
22,431,92,74
22,432,92,74
24,433,92,74
24,434,92,74
24,435,92,74
24,436,92,74
24,437,92,74
24,438,92,74
24,439,92,74
24,440,92,74
24,441,92,74
24,442,92,74
24,443,92,75
24,444,92,75
24,445,92,75
24,446,92,75
24,447,92,76
24,448,92,76
24,449,92,76
24,450,92,76
24,451,92,77
24,452,92,77
24,453,92,77
24,454,92,77
24,455,92,78
24,456,92,78
24,457,92,78
24,458,92,78
24,459,92,79
24,460,92,79
24,461,92,79
24,462,92,79
24,463,92,80
24,464,92,80
24,465,92,80
24,466,92,80
24,467,92,80
24,468,92,80
26,469,92,80
26,470,92,80
26,471,92,80
26,472,92,80
26,473,93,80
26,474,93,80
26,475,93,80
26,476,93,80
26,477,94,80
26,478,94,80
26,479,94,80
26,480,94,80
26,481,95,80
26,482,95,80
26,483,95,80
26,484,95,80
26,485,96,80
26,486,96,80
26,487,96,80
26,488,96,80
26,489,97,80
26,490,97,80
26,491,97,80
26,492,97,80
26,493,98,80
26,494,98,80
26,495,98,80
26,496,98,80
26,497,99,80
26,498,99,80
26,499,99,80
26,500,99,80
26,501,100,80
26,502,100,80
26,503,100,80
26,504,100,80
27,505,100,80
28,506,100,80
28,507,101,80
28,508,102,80
28,509,102,81
28,510,103,81
28,511,104,81
28,512,105,81
28,513,105,82
28,514,106,82
28,515,106,82
28,516,107,82
28,517,107,83
28,518,108,83
28,519,108,84
28,520,109,84
28,521,109,85
28,522,110,85
28,523,110,85
28,524,110,86
28,525,110,86
28,526,110,87
28,527,111,87
28,528,111,88
28,529,112,88
28,530,112,89
28,531,113,89
28,532,113,90
28,533,114,90
28,534,114,91
28,535,115,91
28,536,115,92
28,537,116,92
28,538,116,92
28,539,116,92
29,540,116,92
29,541,116,92
29,542,116,92
30,543,116,92
30,544,116,92
30,545,116,92
30,546,116,92
30,547,116,92
30,548,116,92
30,549,116,92
30,550,116,93
30,551,116,94
30,552,116,94
30,553,116,94
30,554,116,95
30,555,116,96
30,556,116,96
30,557,116,97
30,558,117,97
30,559,117,97
30,560,117,97
30,561,117,97
30,562,117,98
30,563,117,99
30,564,117,99
30,565,117,99
30,566,117,100
30,567,117,101
30,568,117,101
30,569,117,101
30,570,117,102
30,571,117,103
30,572,117,103
30,573,117,103
30,574,117,103
30,575,117,103
31,576,117,103
31,577,117,103
31,578,117,103
31,579,117,103
32,580,117,103
32,581,117,104
32,582,117,104
32,583,117,104
32,584,117,104
32,585,117,105
32,586,117,105
32,587,117,105
32,588,117,105
32,589,117,106
32,590,117,106
32,591,117,106
32,592,117,106
32,593,117,107
32,594,117,107
32,595,117,107
32,596,117,107
32,597,118,107
32,598,118,107
32,599,118,107
32,600,118,107
32,601,118,108
32,602,118,108
32,603,118,108
32,604,118,108
32,605,118,109
32,606,118,109
32,607,118,109
32,608,118,109
32,609,118,110
32,610,118,110
32,611,118,110
33,612,118,110
33,613,118,110
33,614,118,110
34,615,118,111
34,616,118,111
34,617,118,111
34,618,118,111
34,619,118,112
34,620,118,112
34,621,118,112
34,622,118,112
34,623,118,112
34,624,118,112
34,625,118,112
34,626,118,112
34,627,118,112
34,628,118,112
34,629,118,112
34,630,118,112
34,631,118,113
34,632,118,114
34,633,118,115
34,634,118,115
34,635,118,115
34,636,118,115
34,637,118,115
34,638,118,115
34,639,118,115
34,640,118,115
34,641,118,115
34,642,118,115
34,643,118,115
34,644,118,115
34,645,118,115
34,646,118,115
34,647,118,115
35,648,118,115
35,649,118,115
35,650,118,115
35,651,118,115
36,652,118,115
36,653,119,115
36,654,119,116
36,655,119,116
36,656,119,116
36,657,119,116
36,658,119,116
36,659,119,116
36,660,119,116
36,661,119,116
36,662,119,116
36,663,119,116
36,664,119,116
36,665,119,116
36,666,119,116
36,667,119,116
36,668,119,116
36,669,119,116
36,670,119,116
36,671,119,116
36,672,119,116
36,673,119,116
36,674,119,116
36,675,119,116
36,676,119,116
36,677,119,116
36,678,119,116
36,679,119,116
36,680,119,116
36,681,119,116
36,682,119,116
36,683,119,116
37,684,119,116
37,685,119,116
37,686,119,116
37,687,119,116
37,688,119,116
38,689,119,116
38,690,119,116
38,691,119,116
38,692,119,116
38,693,119,116
38,694,119,116
38,695,119,116
38,696,119,116
38,697,119,116
38,698,119,116
38,699,119,116
38,700,119,116
38,701,119,116
38,702,119,116
38,703,119,116
38,704,119,116
38,705,119,116
38,706,119,116
38,707,119,116
38,708,119,116
38,709,119,116
38,710,119,116
38,711,119,116
38,712,119,116
38,713,119,116
38,714,119,116
38,715,119,116
38,716,119,116
38,717,119,116
38,718,119,116
39,719,119,116
39,720,119,116
39,721,119,116
39,722,119,116
39,723,119,116
39,724,119,116
40,725,119,116
40,726,119,116
40,727,119,116
40,728,119,116
40,729,119,116
40,730,119,116
40,731,119,116
40,732,119,116
40,733,119,116
40,734,119,116
40,735,119,116
40,736,119,116
40,737,119,116
40,738,119,116
40,739,119,116
40,740,119,116
40,741,119,116
40,742,119,116
40,743,119,116
40,744,119,116
40,745,119,116
40,746,119,116
40,747,119,116
40,748,119,116
40,749,119,116
40,750,119,116
40,751,119,116
40,752,119,116
40,753,119,116
40,754,119,116
41,755,119,116
41,756,119,116
41,757,119,116
41,758,119,116
41,759,119,116
41,760,119,116
42,761,119,116
42,762,119,116
42,763,119,116
42,764,119,116
42,765,119,116
42,766,119,116
42,767,119,116
42,768,119,116
42,769,119,116
42,770,119,116
42,771,119,116
42,772,119,116
42,773,119,116
42,774,119,116
42,775,119,116
42,776,119,116
42,777,119,116
42,778,119,116
42,779,119,116
42,780,119,116
42,781,119,116
42,782,119,116
42,783,119,116
42,784,119,116
42,785,119,116
42,786,119,116
42,787,119,116
42,788,119,116
42,789,119,116
42,790,119,116
43,791,119,116
43,792,119,116
43,793,119,116
43,794,119,116
43,795,119,116
43,796,119,116
43,797,119,116
44,798,119,116
44,799,119,116
44,800,119,116
44,801,119,116
44,802,119,116
44,803,119,116
44,804,119,116
44,805,119,116
44,806,119,116
44,807,119,116
44,808,119,116
44,809,119,116
44,810,119,116
44,811,119,116
44,812,119,116
44,813,119,116
44,814,119,116
44,815,119,116
44,816,119,116
44,817,119,116
44,818,119,116
44,819,119,116
44,820,119,116
44,821,119,116
44,822,119,116
44,823,119,116
44,824,119,116
44,825,119,116
44,826,119,116
45,827,119,116
45,828,119,116
45,829,119,116
45,830,119,116
45,831,119,116
45,832,119,116
45,833,119,116
45,834,119,116
46,835,119,116
46,836,119,116
46,837,119,116
46,838,119,116
46,839,119,116
46,840,119,116
46,841,119,116
46,842,119,116
46,843,119,116
46,844,119,116
46,845,119,116
46,846,119,116
46,847,119,116
46,848,119,116
46,849,119,116
46,850,119,116
46,851,119,116
46,852,119,116
46,853,119,116
46,854,119,116
46,855,119,116
46,856,119,116
46,857,119,116
46,858,119,116
46,859,119,116
46,860,119,116
46,861,119,116
46,862,119,116
47,863,119,116
47,864,119,116
47,865,119,116
47,866,119,116
47,867,119,116
47,868,119,116
47,869,119,116
47,870,119,116
48,871,119,116
48,872,119,116
48,873,119,116
48,874,119,116
48,875,119,116
48,876,119,116
48,877,119,116
48,878,119,116
48,879,119,116
48,880,119,116
48,881,119,116
48,882,119,116
48,883,119,116
48,884,119,116
48,885,119,116
48,886,119,116
48,887,119,116
48,888,119,116
48,889,119,116
48,890,119,116
48,891,119,116
48,892,119,116
48,893,119,116
48,894,119,116
48,895,119,116
48,896,119,116
48,897,119,116
48,898,119,116
49,899,119,116
49,900,119,116
49,901,119,116
49,902,119,116
49,903,119,116
49,904,119,116
49,905,119,116
49,906,119,116
49,907,119,116
50,908,119,116
50,909,119,116
50,910,119,116
50,911,119,116
50,912,119,116
50,913,119,116
50,914,119,116
50,915,119,116
50,916,119,116
50,917,119,116
50,918,119,116
50,919,119,116
50,920,119,116
50,921,119,116
50,922,119,116
50,923,119,116
50,924,119,116
50,925,119,116
50,926,119,116
50,927,119,116
50,928,119,116
50,929,119,116
50,930,119,116
50,931,119,116
50,932,119,116
50,933,119,116
50,934,119,116
51,935,119,116
51,936,119,116
51,937,119,116
51,938,119,116
51,939,119,116
51,940,119,116
51,941,119,116
51,942,119,116
52,943,119,116
52,944,119,116
52,945,119,116
52,946,119,116
52,947,119,116
52,948,119,116
52,949,119,116
52,950,119,116
52,951,119,116
52,952,119,116
52,953,119,116
52,954,119,116
52,955,119,116
52,956,119,116
52,957,119,116
52,958,119,116
52,959,119,116
52,960,119,116
52,961,119,116
52,962,119,116
52,963,119,116
52,964,119,116
52,965,119,116
52,966,119,116
52,967,119,116
52,968,119,116
52,969,119,116
52,970,119,116
53,971,119,116
53,972,119,116
53,973,119,116
53,974,119,116
53,975,119,116
53,976,119,116
53,977,119,116
54,978,119,116
54,979,119,116
54,980,119,116
54,981,119,116
54,982,119,116
54,983,119,116
54,984,119,116
54,985,119,116
54,986,119,116
54,987,119,116
54,988,119,116
54,989,119,116
54,990,119,116
54,991,119,116
54,992,119,116
54,993,119,116
54,994,119,116
54,995,119,116
54,996,119,116
54,997,119,116
54,998,119,116
54,999,119,116
54,1000,119,116
54,1001,119,116
54,1002,119,116
54,1003,119,116
54,1004,119,116
54,1005,119,116
54,1006,119,116
55,1007,119,116
55,1008,119,116
55,1009,119,116
55,1010,119,116
55,1011,119,116
55,1012,119,116
55,1013,119,116
56,1014,119,116
56,1015,119,116
56,1016,119,116
56,1017,119,116
56,1018,119,116
56,1019,119,116
56,1020,119,116
56,1021,119,116
56,1022,119,116
56,1023,119,116
56,1024,119,116
56,1025,119,116
56,1026,119,116
56,1027,119,116
56,1028,119,116
56,1029,119,116
56,1030,119,116
56,1031,119,116
56,1032,119,116
56,1033,119,116
56,1034,119,116
56,1035,119,116
56,1036,119,116
56,1037,119,116
56,1038,119,116
56,1039,119,116
56,1040,119,116
56,1041,119,116
56,1042,119,116
57,1043,119,116
57,1044,119,116
57,1045,119,116
57,1046,119,116
57,1047,119,116
57,1048,119,116
57,1049,119,116
57,1050,119,116
58,1051,119,116
58,1052,119,116
58,1053,119,116
58,1054,119,116
58,1055,119,116
58,1056,119,116
58,1057,119,116
58,1058,119,116
58,1059,119,116
58,1060,119,116
58,1061,119,116
58,1062,119,116
58,1063,119,116
58,1064,119,116
58,1065,119,116
58,1066,119,116
58,1067,119,116
58,1068,119,116
58,1069,119,116
58,1070,119,116
58,1071,119,116
58,1072,119,116
58,1073,119,116
58,1074,119,116
58,1075,119,116
58,1076,119,116
58,1077,119,116
58,1078,119,116
59,1079,119,116
59,1080,119,116
59,1081,119,116
59,1082,119,116
59,1083,119,116
59,1084,119,116
59,1085,119,116
59,1086,119,116
59,1087,119,116
60,1088,119,116
60,1089,119,116
60,1090,119,116
60,1091,119,116
60,1092,119,116
60,1093,119,116
60,1094,119,116
60,1095,119,116
60,1096,119,116
60,1097,119,116
60,1098,119,116
60,1099,119,116
60,1100,119,116
60,1101,119,116
60,1102,119,116
60,1103,119,116
60,1104,119,116
60,1105,119,116
60,1106,119,116
60,1107,119,116
60,1108,119,116
60,1109,119,116
60,1110,119,116
60,1111,119,116
60,1112,119,116
60,1113,119,116
61,1114,119,116
61,1115,119,116
61,1116,119,116
61,1117,119,116
61,1118,119,116
61,1119,119,116
61,1120,119,116
61,1121,119,116
61,1122,119,116
61,1123,119,116
62,1124,119,116
62,1125,119,116
62,1126,119,116
62,1127,119,116
62,1128,119,116
62,1129,119,116
62,1130,119,116
62,1131,119,116
62,1132,119,116
62,1133,119,116
62,1134,119,116
62,1135,119,116
62,1136,119,116
62,1137,119,116
62,1138,119,116
62,1139,119,116
62,1140,119,116
62,1141,119,116
62,1142,119,116
62,1143,119,116
62,1144,119,116
62,1145,119,116
62,1146,119,116
62,1147,119,116
62,1148,119,116
62,1149,119,116
63,1150,119,116
63,1151,119,116
63,1152,119,116
63,1153,119,116
63,1154,119,116
63,1155,119,116
63,1156,119,116
63,1157,119,116
63,1158,119,116
63,1159,119,116
63,1160,119,116
64,1161,119,116
64,1162,119,116
64,1163,119,116
64,1164,119,116
64,1165,119,116
64,1166,119,116
64,1167,119,116
64,1168,119,116
64,1169,119,116
64,1170,119,116
64,1171,119,116
64,1172,119,116
64,1173,119,116
64,1174,119,116
64,1175,119,116
64,1176,119,116
64,1177,119,116
64,1178,119,116
64,1179,119,116
64,1180,119,116
64,1181,119,116
64,1182,119,116
64,1183,119,116
64,1184,119,116
64,1185,119,116
65,1186,119,116
65,1187,119,116
65,1188,119,116
65,1189,119,116
65,1190,119,116
65,1191,119,116
65,1192,119,116
65,1193,119,116
65,1194,119,116
65,1195,119,116
65,1196,119,116
65,1197,119,116
66,1198,119,116
66,1199,119,116
66,1200,119,116
66,1201,119,116
66,1202,119,116
66,1203,119,116
66,1204,119,116
66,1205,119,116
66,1206,119,116
66,1207,119,116
66,1208,119,116
66,1209,119,116
66,1210,119,116
66,1211,119,116
66,1212,119,116
66,1213,119,116
66,1214,119,116
66,1215,119,116
66,1216,119,116
66,1217,119,116
66,1218,119,116
66,1219,119,116
66,1220,119,116
66,1221,119,116
67,1222,119,116
67,1223,119,116
67,1224,119,116
67,1225,119,116
67,1226,119,116
67,1227,119,116
67,1228,119,116
67,1229,119,116
67,1230,119,116
67,1231,119,116
67,1232,119,116
67,1233,119,116
68,1234,119,116
68,1235,119,116
68,1236,119,116
68,1237,119,116
68,1238,119,116
68,1239,119,116
68,1240,119,116
68,1241,119,116
68,1242,119,116
68,1243,119,116
68,1244,119,116
68,1245,119,116
68,1246,119,116
68,1247,119,116
68,1248,119,116
68,1249,119,116
68,1250,119,116
68,1251,119,116
68,1252,119,116
68,1253,119,116
68,1254,119,116
68,1255,119,116
68,1256,119,116
68,1257,119,116
69,1258,119,116
69,1259,119,116
69,1260,119,116
69,1261,119,116
69,1262,119,116
69,1263,119,116
69,1264,119,116
69,1265,119,116
69,1266,119,116
69,1267,119,116
69,1268,119,116
69,1269,119,116
70,1270,119,116
70,1271,119,116
70,1272,119,116
70,1273,119,116
70,1274,119,116
70,1275,119,116
70,1276,119,116
70,1277,119,116
70,1278,119,116
70,1279,119,116
70,1280,119,116
70,1281,119,116
70,1282,119,116
70,1283,119,116
70,1284,119,116
70,1285,119,116
70,1286,119,116
70,1287,119,116
70,1288,119,116
70,1289,119,116
70,1290,119,116
70,1291,119,116
70,1292,119,116
70,1293,119,116
71,1294,119,116
71,1295,119,116
71,1296,119,116
71,1297,119,116
71,1298,119,116
71,1299,119,116
71,1300,119,116
71,1301,119,116
71,1302,119,116
71,1303,119,116
71,1304,119,116
71,1305,119,116
72,1306,119,116
72,1307,119,116
72,1308,119,116
72,1309,119,116
72,1310,119,116
72,1311,119,116
72,1312,119,116
72,1313,119,116
72,1314,119,116
72,1315,119,116
72,1316,119,116
72,1317,119,116
72,1318,119,116
72,1319,119,116
72,1320,119,116
72,1321,119,116
72,1322,119,116
72,1323,119,116
72,1324,119,116
72,1325,119,116
72,1326,119,116
72,1327,119,116
72,1328,119,116
72,1329,119,116
72,1330,119,116
73,1331,119,116
73,1332,119,116
73,1333,119,116
73,1334,119,116
73,1335,119,116
73,1336,119,116
73,1337,119,116
73,1338,119,116
73,1339,119,116
73,1340,119,116
73,1341,119,116
74,1342,119,116
74,1343,119,116
74,1344,119,116
74,1345,119,116
74,1346,119,116
74,1347,119,116
74,1348,119,116
74,1349,119,116
74,1350,119,116
74,1351,119,116
74,1352,119,116
74,1353,119,116
74,1354,119,116
74,1355,119,116
74,1356,119,116
74,1357,119,116
74,1358,119,116
74,1359,119,116
74,1360,119,116
74,1361,119,116
74,1362,119,116
74,1363,119,116
74,1364,119,116
74,1365,119,116
74,1366,119,116
74,1367,119,116
75,1368,119,116
75,1369,119,116
75,1370,119,116
75,1371,119,116
75,1372,119,116
75,1373,119,116
75,1374,119,116
75,1375,119,116
75,1376,119,116
75,1377,119,116
76,1378,119,116
76,1379,119,116
76,1380,119,116
76,1381,119,116
76,1382,119,116
76,1383,119,116
76,1384,119,116
76,1385,119,116
76,1386,119,116
76,1387,119,116
76,1388,119,116
76,1389,119,116
76,1390,119,116
76,1391,119,116
76,1392,119,116
76,1393,119,116
76,1394,119,116
76,1395,119,116
76,1396,119,116
76,1397,119,116
76,1398,119,116
76,1399,119,116
76,1400,119,116
76,1401,119,116
76,1402,119,116
76,1403,119,116
77,1404,119,116
77,1405,119,116
77,1406,119,116
77,1407,119,116
77,1408,119,116
77,1409,119,116
77,1410,119,116
77,1411,119,116
77,1412,119,116
77,1413,119,116
78,1414,119,116
78,1415,119,116
78,1416,119,116
78,1417,119,116
78,1418,119,116
78,1419,119,116
78,1420,119,116
78,1421,119,116
78,1422,119,116
78,1423,119,116
78,1424,119,116
78,1425,119,116
78,1426,119,116
78,1427,119,116
78,1428,119,116
78,1429,119,116
78,1430,119,116
78,1431,119,116
78,1432,119,116
78,1433,119,116
78,1434,119,116
78,1435,119,116
78,1436,119,116
78,1437,119,116
78,1438,119,116
78,1439,119,116
79,1440,119,116
79,1441,119,116
79,1442,119,116
79,1443,119,116
79,1444,119,116
79,1445,119,116
79,1446,119,116
79,1447,119,116
79,1448,119,116
79,1449,119,116
80,1450,119,116
80,1451,119,116
80,1452,119,116
80,1453,119,116
80,1454,119,116
80,1455,119,116
80,1456,119,116
80,1457,119,116
80,1458,119,116
80,1459,119,116
80,1460,119,116
80,1461,119,116
80,1462,119,116
80,1463,119,116
80,1464,119,116
80,1465,119,116
80,1466,119,116
80,1467,119,116
80,1468,119,116
80,1469,119,116
80,1470,119,116
80,1471,119,116
80,1472,119,116
80,1473,119,116
80,1474,119,116
80,1475,119,116
80,1476,119,116
81,1477,119,116
81,1478,119,116
81,1479,119,116
81,1480,119,116
81,1481,119,116
81,1482,119,116
81,1483,119,116
81,1484,119,116
81,1485,119,116
82,1486,119,116
82,1487,119,116
82,1488,119,116
82,1489,119,116
82,1490,119,116
82,1491,119,116
82,1492,119,116
82,1493,119,116
82,1494,119,116
82,1495,119,116
82,1496,119,116
82,1497,119,116
82,1498,119,116
82,1499,119,116
82,1500,119,116
82,1501,119,116
82,1502,119,116
82,1503,119,116
82,1504,119,116
82,1505,119,116
82,1506,119,116
82,1507,119,116
82,1508,119,116
82,1509,119,116
82,1510,119,116
82,1511,119,116
82,1512,119,116
82,1513,119,116
83,1514,119,116
83,1515,119,116
83,1516,119,116
83,1517,119,116
83,1518,119,116
83,1519,119,116
83,1520,119,116
83,1521,119,116
84,1522,119,116
84,1523,119,116
84,1524,119,116
84,1525,119,116
84,1526,119,116
84,1527,119,116
84,1528,119,116
84,1529,119,116
84,1530,119,116
84,1531,119,116
84,1532,119,116
84,1533,119,116
84,1534,119,116
84,1535,119,116
84,1536,119,116
84,1537,119,116
84,1538,119,116
84,1539,119,116
84,1540,119,116
84,1541,119,116
84,1542,119,116
84,1543,119,116
84,1544,119,116
84,1545,119,116
84,1546,119,116
84,1547,119,116
84,1548,119,116
84,1549,119,116
85,1550,119,116
85,1551,119,116
85,1552,119,116
85,1553,119,116
85,1554,119,116
85,1555,119,116
85,1556,119,116
85,1557,119,116
86,1558,119,116
86,1559,119,116
86,1560,119,116
86,1561,119,116
86,1562,119,116
86,1563,119,116
86,1564,119,116
86,1565,119,116
86,1566,119,116
86,1567,119,116
86,1568,119,116
86,1569,119,116
86,1570,119,116
86,1571,119,116
86,1572,119,116
86,1573,119,116
86,1574,119,116
86,1575,119,116
86,1576,119,116
86,1577,119,116
86,1578,119,116
86,1579,119,116
86,1580,119,116
86,1581,119,116
86,1582,119,116
86,1583,119,116
86,1584,119,116
86,1585,119,116
86,1586,119,116
87,1587,119,116
87,1588,119,116
87,1589,119,116
87,1590,119,116
87,1591,119,116
87,1592,119,116
87,1593,119,116
88,1594,119,116
88,1595,119,116
88,1596,119,116
88,1597,119,116
88,1598,119,116
88,1599,119,116
88,1600,119,116
88,1601,119,116
88,1602,119,116
88,1603,119,116
88,1604,119,116
88,1605,119,116
88,1606,119,116
88,1607,119,116
88,1608,119,116
88,1609,119,116
88,1610,119,116
88,1611,119,116
88,1612,119,116
88,1613,119,116
88,1614,119,116
88,1615,119,116
88,1616,119,116
88,1617,119,116
88,1618,119,116
88,1619,119,116
88,1620,119,116
88,1621,119,116
89,1622,119,116
89,1623,119,116
89,1624,119,116
89,1625,119,116
89,1626,119,116
89,1627,119,116
89,1628,119,116
89,1629,119,116
90,1630,119,116
90,1631,119,116
90,1632,119,116
90,1633,119,116
90,1634,119,116
90,1635,119,116
90,1636,119,116
90,1637,119,116
90,1638,119,116
90,1639,119,116
90,1640,119,116
90,1641,119,116
90,1642,119,116
90,1643,119,116
90,1644,119,116
90,1645,119,116
90,1646,119,116
90,1647,119,116
90,1648,119,116
90,1649,119,116
90,1650,119,116
90,1651,119,116
90,1652,119,116
90,1653,119,116
90,1654,119,116
90,1655,119,116
91,1656,119,116
91,1657,119,116
91,1658,119,116
91,1659,119,116
91,1660,119,116
91,1661,119,116
91,1662,119,116
91,1663,119,116
91,1664,119,116
91,1665,119,116
92,1666,119,116
92,1667,119,116
92,1668,119,116
92,1669,119,116
92,1670,119,116
92,1671,119,116
92,1672,119,116
92,1673,119,116
92,1674,119,116
92,1675,119,116
92,1676,119,116
92,1677,119,116
92,1678,119,116
92,1679,119,116
92,1680,119,116
92,1681,119,116
92,1682,119,116
92,1683,119,116
92,1684,119,116
92,1685,119,116
92,1686,119,116
92,1687,119,116
92,1688,119,116
92,1689,119,116
92,1690,119,116
92,1691,119,116
93,1692,119,116
93,1693,119,116
93,1694,119,116
93,1695,119,116
93,1696,119,116
93,1697,119,116
93,1698,119,116
93,1699,119,116
93,1700,119,116
93,1701,119,116
94,1702,119,116
94,1703,119,116
94,1704,119,116
94,1705,119,116
94,1706,119,116
94,1707,119,116
94,1708,119,116
94,1709,119,116
94,1710,119,116
94,1711,119,116
94,1712,119,116
94,1713,119,116
94,1714,119,116
94,1715,119,116
94,1716,119,116
94,1717,119,116
94,1718,119,116
94,1719,119,116
94,1720,119,116
94,1721,119,116
94,1722,119,116
94,1723,119,116
94,1724,119,116
94,1725,119,116
94,1726,119,116
94,1727,119,116
94,1728,119,116
95,1729,119,116
95,1730,119,116
95,1731,119,116
95,1732,119,116
95,1733,119,116
95,1734,119,116
95,1735,119,116
95,1736,119,116
95,1737,119,116
96,1738,119,116
96,1739,119,116
96,1740,119,116
96,1741,119,116
96,1742,119,116
96,1743,119,116
96,1744,119,116
96,1745,119,116
96,1746,119,116
96,1747,119,116
96,1748,119,116
96,1749,119,116
96,1750,119,116
96,1751,119,116
96,1752,119,116
96,1753,119,116
96,1754,119,116
96,1755,119,116
96,1756,119,116
96,1757,119,116
96,1758,119,116
96,1759,119,116
96,1760,119,116
96,1761,119,116
96,1762,119,116
96,1763,119,116
96,1764,119,116
96,1765,119,116
97,1766,119,116
97,1767,119,116
97,1768,119,116
97,1769,119,116
97,1770,119,116
97,1771,119,116
97,1772,119,116
97,1773,119,116
98,1774,119,116
98,1775,119,116
98,1776,119,116
98,1777,119,116
98,1778,119,116
98,1779,119,116
98,1780,119,116
98,1781,119,116
98,1782,119,116
98,1783,119,116
98,1784,119,116
98,1785,119,116
98,1786,119,116
98,1787,119,116
98,1788,119,116
98,1789,119,116
98,1790,119,116
98,1791,119,116
98,1792,119,116
98,1793,119,116
98,1794,119,116
98,1795,119,116
98,1796,119,116
98,1797,119,116
98,1798,119,116
98,1799,119,116
98,1800,119,116
99,1801,119,116
99,1802,119,116
99,1803,119,116
99,1804,119,116
99,1805,119,116
99,1806,119,116
99,1807,119,116
99,1808,119,116
99,1809,119,116
100,1810,119,116
100,1811,119,116
100,1812,119,116
100,1813,119,116
100,1814,119,116
100,1815,119,116
100,1816,119,116
100,1817,119,116
100,1818,119,116
100,1819,119,116
100,1820,119,116
100,1821,119,116
100,1822,119,116
100,1823,119,116
100,1824,119,116
100,1825,119,116
100,1826,119,116
100,1827,119,116
100,1828,119,116
100,1829,119,116
100,1830,119,116
100,1831,119,116
100,1832,119,116
100,1833,119,116
100,1834,119,116
100,1835,119,116
100,1836,119,116
100,1837,119,116
101,1838,119,116
101,1839,119,116
101,1840,119,116
101,1841,119,116
101,1842,119,116
101,1843,119,116
101,1844,119,116
101,1845,119,116
102,1846,119,116
102,1847,119,116
102,1848,119,116
102,1849,119,116
102,1850,119,116
102,1851,119,116
102,1852,119,116
102,1853,119,116
102,1854,119,116
102,1855,119,116
102,1856,119,116
102,1857,119,116
102,1858,119,116
102,1859,119,116
102,1860,119,116
102,1861,119,116
102,1862,119,116
102,1863,119,116
102,1864,119,116
102,1865,119,116
102,1866,119,116
102,1867,119,116
102,1868,119,116
102,1869,119,116
102,1870,119,116
102,1871,119,116
102,1872,119,116
103,1873,119,116
103,1874,119,116
103,1875,119,116
103,1876,119,116
103,1877,119,116
103,1878,119,116
103,1879,119,116
103,1880,119,116
103,1881,119,116
104,1882,119,116
104,1883,119,116
104,1884,119,116
104,1885,119,116
104,1886,119,116
104,1887,119,116
104,1888,119,116
104,1889,119,116
104,1890,119,116
104,1891,119,116
104,1892,119,116
104,1893,119,116
104,1894,119,116
104,1895,119,116
104,1896,119,116
104,1897,119,116
104,1898,119,116
104,1899,119,116
104,1900,119,116
104,1901,119,116
104,1902,119,116
104,1903,119,116
104,1904,119,116
104,1905,119,116
104,1906,119,116
104,1907,119,116
104,1908,119,116
105,1909,119,116
105,1910,119,116
105,1911,119,116
105,1912,119,116
105,1913,119,116
105,1914,119,116
105,1915,119,116
105,1916,119,116
105,1917,119,116
106,1918,119,116
106,1919,119,116
106,1920,119,116
106,1921,119,116
106,1922,119,116
106,1923,119,116
106,1924,119,116
106,1925,119,116
106,1926,119,116
106,1927,119,116
106,1928,119,116
106,1929,119,116
106,1930,119,116
106,1931,119,116
106,1932,119,116
106,1933,119,116
106,1934,119,116
106,1935,119,116
106,1936,119,116
106,1937,119,116
106,1938,119,116
106,1939,119,116
106,1940,119,116
106,1941,119,116
106,1942,119,116
106,1943,119,116
106,1944,119,116
107,1945,119,116
107,1946,119,116
107,1947,119,116
107,1948,119,116
107,1949,119,116
107,1950,119,116
107,1951,119,116
107,1952,119,116
107,1953,119,116
108,1954,119,116
108,1955,119,116
108,1956,119,116
108,1957,119,116
108,1958,119,116
108,1959,119,116
108,1960,119,116
108,1961,119,116
108,1962,119,116
108,1963,119,116
108,1964,119,116
108,1965,119,116
108,1966,119,116
108,1967,119,116
108,1968,119,116
108,1969,119,116
108,1970,119,116
108,1971,119,116
108,1972,119,116
108,1973,119,116
108,1974,119,116
108,1975,119,116
108,1976,119,116
108,1977,119,116
108,1978,119,116
108,1979,119,116
108,1980,119,116
108,1981,119,116
109,1982,119,116
109,1983,119,116
109,1984,119,116
109,1985,119,116
109,1986,119,116
109,1987,119,116
109,1988,119,116
109,1989,119,116
110,1990,119,116
110,1991,119,116
110,1992,119,116
110,1993,119,116
110,1994,119,116
110,1995,119,116
110,1996,119,116
110,1997,119,116
110,1998,119,116
110,1999,119,116
110,2000,119,116
110,2001,119,116
110,2002,119,116
110,2003,119,116
110,2004,119,116
110,2005,119,116
110,2006,119,116
110,2007,119,116
110,2008,119,116
110,2009,119,116
110,2010,119,116
110,2011,119,116
110,2012,119,116
110,2013,119,116
110,2014,119,116
110,2015,119,116
110,2016,119,116
110,2017,119,116
110,2018,119,116
111,2019,119,116
111,2020,119,116
111,2021,119,116
111,2022,119,116
112,2023,119,116
112,2024,119,116
112,2025,119,116
112,2026,119,116
112,2027,119,116
112,2028,119,116
112,2029,119,116
112,2030,119,116
112,2031,119,116
112,2032,119,116
112,2033,119,116
112,2034,119,116
112,2035,119,116
112,2036,119,116
112,2037,119,116
112,2038,119,116
112,2039,119,116
112,2040,119,116
112,2041,119,116
112,2042,119,116
112,2043,119,116
112,2044,119,116
112,2045,119,116
112,2046,119,116
112,2047,119,116
112,2048,119,116
112,2049,119,116
112,2050,119,116
112,2051,119,116
112,2052,119,116
112,2053,119,116
112,2054,119,116
113,2055,119,116
113,2056,119,116
113,2057,119,116
113,2058,119,116
114,2059,119,116
114,2060,119,116
114,2061,119,116
114,2062,119,116
114,2063,119,116
114,2064,119,116
114,2065,119,116
114,2066,119,116
114,2067,119,116
114,2068,119,116
114,2069,119,116
114,2070,119,116
114,2071,119,116
114,2072,119,116
114,2073,119,116
114,2074,119,116
114,2075,119,116
114,2076,119,116
114,2077,119,116
114,2078,119,116
114,2079,119,116
114,2080,119,116
114,2081,119,116
114,2082,119,116
114,2083,119,116
114,2084,119,116
114,2085,119,116
114,2086,119,116
114,2087,119,116
114,2088,119,116
114,2089,119,116
114,2090,119,116
115,2091,119,116
115,2092,119,116
115,2093,119,116
115,2094,119,116
116,2095,119,116
116,2096,119,116
116,2097,119,116
116,2098,119,116
116,2099,119,116
116,2100,119,116
116,2101,119,116
116,2102,119,116
116,2103,119,116
116,2104,119,116
116,2105,119,116
116,2106,119,116
116,2107,119,116
116,2108,119,116
116,2109,119,116
116,2110,119,116
116,2111,119,116
116,2112,119,116
116,2113,119,116
116,2114,119,116
116,2115,119,116
116,2116,119,116
116,2117,119,116
116,2118,119,116
116,2119,119,116
116,2120,119,116
116,2121,119,116
116,2122,119,116
116,2123,119,116
116,2124,119,116
116,2125,119,116
117,2126,119,116
117,2127,119,116
117,2128,119,116
117,2129,119,116
117,2130,119,116
117,2131,119,116
118,2132,119,116
118,2133,119,116
118,2134,119,116
118,2135,119,116
118,2136,119,116
118,2137,119,116
118,2138,119,116
118,2139,119,116
118,2140,119,116
118,2141,119,116
118,2142,119,116
118,2143,119,116
118,2144,119,116
118,2145,119,116
118,2146,119,116
118,2147,119,116
118,2148,119,116
118,2149,119,116
118,2150,119,116
118,2151,119,116
118,2152,119,116
118,2153,119,116
118,2154,119,116
118,2155,119,116
118,2156,119,116
118,2157,119,116
118,2158,119,116
118,2159,119,116
118,2160,119,116
118,2161,119,116
119,2162,119,116
119,2163,119,116
119,2164,119,116
119,2165,119,116
119,2166,119,116
119,2167,119,116
119,2168,119,116
120,2169,119,116
120,2170,119,116
120,2171,119,116
120,2172,119,116
120,2173,119,116
120,2174,119,116
120,2175,119,116
120,2176,119,116
120,2177,119,116
120,2178,119,116
120,2179,119,116
120,2180,119,116
120,2181,119,116
120,2182,119,116
120,2183,119,116
120,2184,119,116
120,2185,119,116
120,2186,119,116
120,2187,119,116
120,2188,119,116
120,2189,119,116
120,2190,119,116
120,2191,119,116
120,2192,119,116
120,2193,119,116
120,2194,119,116
120,2195,119,116
120,2196,119,116
120,2197,119,116
121,2198,119,116
121,2199,119,116
121,2200,119,116
121,2201,119,116
121,2202,119,116
121,2203,119,116
121,2204,119,116
122,2205,119,116
122,2206,119,116
122,2207,119,116
122,2208,119,116
122,2209,119,116
122,2210,119,116
122,2211,119,116
122,2212,119,116
122,2213,119,116
122,2214,119,116
122,2215,119,116
122,2216,119,116
122,2217,119,116
122,2218,119,116
122,2219,119,116
122,2220,119,116
122,2221,119,116
122,2222,119,116
122,2223,119,116
122,2224,119,116
122,2225,119,116
122,2226,119,116
122,2227,119,116
122,2228,119,116
122,2229,119,116
122,2230,119,116
122,2231,119,116
122,2232,119,116
122,2233,119,116
123,2234,119,116
123,2235,119,116
123,2236,119,116
123,2237,119,116
123,2238,119,116
123,2239,119,116
123,2240,119,116
123,2241,119,116
124,2242,119,116
124,2243,119,116
124,2244,119,116
124,2245,119,116
124,2246,119,116
124,2247,119,116
124,2248,119,116
124,2249,119,116
124,2250,119,116
124,2251,119,116
124,2252,119,116
124,2253,119,116
124,2254,119,116
124,2255,119,116
124,2256,119,116
124,2257,119,116
124,2258,119,116
124,2259,119,116
124,2260,119,116
124,2261,119,116
124,2262,119,116
124,2263,119,116
124,2264,119,116
124,2265,119,116
124,2266,119,116
124,2267,119,116
124,2268,119,116
124,2269,119,116
125,2270,119,116
125,2271,119,116
125,2272,119,116
125,2273,119,116
125,2274,119,116
125,2275,119,116
125,2276,119,116
125,2277,119,116
125,2278,119,116
126,2279,119,116
126,2280,119,116
126,2281,119,116
126,2282,119,116
126,2283,119,116
126,2284,119,116
126,2285,119,116
126,2286,119,116
126,2287,119,116
126,2288,119,116
126,2289,119,116
126,2290,119,116
126,2291,119,116
126,2292,119,116
126,2293,119,116
126,2294,119,116
126,2295,119,116
126,2296,119,116
126,2297,119,116
126,2298,119,116
126,2299,119,116
126,2300,119,116
126,2301,119,116
126,2302,119,116
126,2303,119,116
126,2304,119,116
126,2305,119,116
127,2306,119,116
127,2307,119,116
127,2308,119,116
127,2309,119,116
127,2310,119,116
127,2311,119,116
127,2312,119,116
127,2313,119,116
127,2314,119,116
128,2315,119,116
128,2316,119,116
128,2317,119,116
128,2318,119,116
128,2319,119,116
128,2320,119,116
128,2321,119,116
128,2322,119,116
128,2323,119,116
128,2324,119,116
128,2325,119,116
128,2326,119,116
128,2327,119,116
128,2328,119,116
128,2329,119,116
128,2330,119,116
128,2331,119,116
128,2332,119,116
128,2333,119,116
128,2334,119,116
128,2335,119,116
128,2336,119,116
128,2337,119,116
128,2338,119,116
128,2339,119,116
128,2340,119,116
128,2341,119,116
129,2342,119,116
129,2343,119,116
129,2344,119,116
129,2345,119,116
129,2346,119,116
129,2347,119,116
129,2348,119,116
129,2349,119,116
129,2350,119,116
130,2351,119,116
130,2352,119,116
130,2353,119,116
130,2354,119,116
130,2355,119,116
130,2356,119,116
130,2357,119,116
130,2358,119,116
130,2359,119,116
130,2360,119,116
130,2361,119,116
130,2362,119,116
130,2363,119,116
130,2364,119,116
130,2365,119,116
130,2366,119,116
130,2367,119,116
130,2368,119,116
130,2369,119,116
130,2370,119,116
130,2371,119,116
130,2372,119,116
130,2373,119,116
130,2374,119,116
130,2375,119,116
130,2376,119,116
130,2377,119,116
131,2378,119,116
131,2379,119,116
131,2380,119,116
131,2381,119,116
131,2382,119,116
131,2383,119,116
131,2384,119,116
131,2385,119,116
131,2386,119,116
131,2387,119,116
132,2388,119,116
132,2389,119,116
132,2390,119,116
132,2391,119,116
132,2392,119,116
132,2393,119,116
132,2394,119,116
132,2395,119,116
132,2396,119,116
132,2397,119,116
132,2398,119,116
132,2399,119,116
132,2400,119,116
132,2401,119,116
132,2402,119,116
132,2403,119,116
132,2404,119,116
132,2405,119,116
132,2406,119,116
132,2407,119,116
132,2408,119,116
132,2409,119,116
132,2410,119,116
132,2411,119,116
132,2412,119,116
132,2413,119,116
133,2414,119,116
133,2415,119,116
133,2416,119,116
133,2417,119,116
133,2418,119,116
133,2419,119,116
133,2420,119,116
133,2421,119,116
133,2422,119,116
133,2423,119,116
133,2424,119,116
134,2425,119,116
134,2426,119,116
134,2427,119,116
134,2428,119,116
134,2429,119,116
134,2430,119,116
134,2431,119,116
134,2432,119,116
134,2433,119,116
134,2434,119,116
134,2435,119,116
134,2436,119,116
134,2437,119,116
134,2438,119,116
134,2439,119,116
134,2440,119,116
134,2441,119,116
134,2442,119,116
134,2443,119,116
134,2444,119,116
134,2445,119,116
134,2446,119,116
134,2447,119,116
134,2448,119,116
134,2449,119,116
135,2450,119,116
135,2451,119,116
135,2452,119,116
135,2453,119,116
135,2454,119,116
135,2455,119,116
135,2456,119,116
135,2457,119,116
135,2458,119,116
135,2459,119,116
135,2460,119,116
136,2461,119,116
136,2462,119,116
136,2463,119,116
136,2464,119,116
136,2465,119,116
136,2466,119,116
136,2467,119,116
136,2468,119,116
136,2469,119,116
136,2470,119,116
136,2471,119,116
136,2472,119,116
136,2473,119,116
136,2474,119,116
136,2475,119,116
136,2476,119,116
136,2477,119,116
136,2478,119,116
136,2479,119,116
136,2480,119,116
136,2481,119,116
136,2482,119,116
136,2483,119,116
136,2484,119,116
136,2485,119,116
137,2486,119,116
137,2487,119,116
137,2488,119,116
137,2489,119,116
137,2490,119,116
137,2491,119,116
137,2492,119,116
137,2493,119,116
137,2494,119,116
137,2495,119,116
137,2496,119,116
137,2497,119,116
138,2498,119,116
138,2499,119,116
138,2500,119,116
138,2501,119,116
138,2502,119,116
138,2503,119,116
138,2504,119,116
138,2505,119,116
138,2506,119,116
138,2507,119,116
138,2508,119,116
138,2509,119,116
138,2510,119,116
138,2511,119,116
138,2512,119,116
138,2513,119,116
138,2514,119,116
138,2515,119,116
138,2516,119,116
138,2517,119,116
138,2518,119,116
138,2519,119,116
138,2520,119,116
139,2521,119,116
139,2522,119,116
139,2523,119,116
139,2524,119,116
139,2525,119,116
139,2526,119,116
139,2527,119,116
139,2528,119,116
139,2529,119,116
139,2530,119,116
139,2531,119,116
139,2532,119,116
139,2533,119,116
139,2534,119,116
140,2535,119,116
140,2536,119,116
140,2537,119,116
140,2538,119,116
140,2539,119,116
140,2540,119,116
140,2541,119,116
140,2542,119,116
140,2543,119,116
140,2544,119,116
140,2545,119,116
140,2546,119,116
140,2547,119,116
140,2548,119,116
140,2549,119,116
140,2550,119,116
140,2551,119,116
140,2552,119,116
140,2553,119,116
140,2554,119,116
140,2555,119,116
141,2556,119,116
141,2557,119,116
141,2558,119,116
141,2559,119,116
141,2560,119,116
141,2561,119,116
141,2562,119,116
141,2563,119,116
141,2564,119,116
141,2565,119,116
141,2566,119,116
141,2567,119,116
141,2568,119,116
141,2569,119,116
141,2570,119,116
142,2571,119,116
142,2572,119,116
142,2573,119,116
142,2574,119,116
142,2575,119,116
142,2576,119,116
142,2577,119,116
142,2578,119,116
142,2579,119,116
142,2580,119,116
142,2581,119,116
142,2582,119,116
142,2583,119,116
142,2584,119,116
142,2585,119,116
142,2586,119,116
142,2587,119,116
142,2588,119,116
142,2589,119,116
142,2590,119,116
142,2591,119,116
143,2592,119,116
143,2593,119,116
143,2594,119,116
143,2595,119,116
143,2596,119,116
143,2597,119,116
143,2598,119,116
143,2599,119,116
143,2600,119,116
143,2601,119,116
143,2602,119,116
143,2603,119,116
143,2604,119,116
143,2605,119,116
143,2606,119,116
144,2607,119,116
144,2608,119,116
144,2609,119,116
144,2610,119,116
144,2611,119,116
144,2612,119,116
144,2613,119,116
144,2614,119,116
144,2615,119,116
144,2616,119,116
144,2617,119,116
144,2618,119,116
144,2619,119,116
144,2620,119,116
144,2621,119,116
144,2622,119,116
144,2623,119,116
144,2624,119,116
144,2625,119,116
144,2626,119,116
144,2627,119,116
145,2628,119,116
145,2629,119,116
145,2630,119,116
145,2631,119,116
145,2632,119,116
145,2633,119,116
145,2634,119,116
145,2635,119,116
145,2636,119,116
145,2637,119,116
145,2638,119,116
145,2639,119,116
145,2640,119,116
145,2641,119,116
145,2642,119,116
145,2643,119,116
146,2644,119,116
146,2645,119,116
146,2646,119,116
146,2647,119,116
146,2648,119,116
146,2649,119,116
146,2650,119,116
146,2651,119,116
146,2652,119,116
146,2653,119,116
146,2654,119,116
146,2655,119,116
146,2656,119,116
146,2657,119,116
146,2658,119,116
146,2659,119,116
146,2660,119,116
146,2661,119,116
146,2662,119,116
146,2663,119,116
147,2664,119,116
147,2665,119,116
147,2666,119,116
147,2667,119,116
147,2668,119,116
147,2669,119,116
147,2670,119,116
147,2671,119,116
147,2672,119,116
147,2673,119,116
147,2674,119,116
147,2675,119,116
147,2676,119,116
147,2677,119,116
147,2678,119,116
147,2679,119,116
147,2680,119,116
148,2681,119,116
148,2682,119,116
148,2683,119,116
148,2684,119,116
148,2685,119,116
148,2686,119,116
148,2687,119,116
148,2688,119,116
148,2689,119,116
148,2690,119,116
148,2691,119,116
148,2692,119,116
148,2693,119,116
148,2694,119,116
148,2695,119,116
148,2696,119,116
148,2697,119,116
148,2698,119,116
148,2699,119,116
149,2700,119,116
149,2701,119,116
149,2702,119,116
149,2703,119,116
149,2704,119,116
149,2705,119,116
149,2706,119,116
149,2707,119,116
149,2708,119,116
149,2709,119,116
149,2710,119,116
149,2711,119,116
149,2712,119,116
149,2713,119,116
149,2714,119,116
149,2715,119,116
149,2716,119,116
150,2717,119,116
150,2718,119,116
150,2719,119,116
150,2720,119,116
150,2721,119,116
150,2722,119,116
150,2723,119,116
150,2724,119,116
150,2725,119,116
150,2726,119,116
150,2727,119,116
150,2728,119,116
150,2729,119,116
150,2730,119,116
150,2731,119,116
150,2732,119,116
150,2733,119,116
150,2734,119,116
150,2735,119,116
151,2736,119,116
151,2737,119,116
151,2738,119,116
151,2739,119,116
151,2740,119,116
151,2741,119,116
151,2742,119,116
151,2743,119,116
151,2744,119,116
151,2745,119,116
151,2746,119,116
151,2747,119,116
151,2748,119,116
151,2749,119,116
151,2750,119,116
151,2751,119,116
151,2752,119,116
151,2753,119,116
152,2754,119,116
152,2755,119,116
152,2756,119,116
152,2757,119,116
152,2758,119,116
152,2759,119,116
152,2760,119,116
152,2761,119,116
152,2762,119,116
152,2763,119,116
152,2764,119,116
152,2765,119,116
152,2766,119,116
152,2767,119,116
152,2768,119,116
152,2769,119,116
152,2770,119,116
152,2771,119,116
153,2772,119,116
153,2773,119,116
153,2774,119,116
153,2775,119,116
153,2776,119,116
153,2777,119,116
153,2778,119,116
153,2779,119,116
153,2780,119,116
153,2781,119,116
153,2782,119,116
153,2783,119,116
153,2784,119,116
153,2785,119,116
153,2786,119,116
154,2787,119,116
154,2788,119,116
154,2789,119,116
154,2790,119,116
154,2791,119,116
154,2792,119,116
154,2793,119,116
154,2794,119,116
154,2795,119,116
154,2796,119,116
154,2797,119,116
154,2798,119,116
154,2799,119,116
154,2800,119,116
154,2801,119,116
154,2802,119,116
154,2803,119,116
154,2804,119,116
154,2805,119,116
154,2806,119,116
154,2807,119,116
155,2808,119,116
155,2809,119,116
155,2810,119,116
155,2811,119,116
155,2812,119,116
155,2813,119,116
155,2814,119,116
155,2815,119,116
155,2816,119,116
155,2817,119,116
155,2818,119,116
155,2819,119,116
155,2820,119,116
155,2821,119,116
155,2822,119,116
156,2823,119,116
156,2824,119,116
156,2825,119,116
156,2826,119,116
156,2827,119,116
156,2828,119,116
156,2829,119,116
156,2830,119,116
156,2831,119,116
156,2832,119,116
156,2833,119,116
156,2834,119,116
156,2835,119,116
156,2836,119,116
156,2837,119,116
156,2838,119,116
156,2839,119,116
156,2840,119,116
156,2841,119,116
156,2842,119,116
156,2843,119,116
156,2844,119,116
157,2845,119,116
157,2846,119,116
157,2847,119,116
157,2848,119,116
157,2849,119,116
157,2850,119,116
157,2851,119,116
157,2852,119,116
157,2853,119,116
157,2854,119,116
157,2855,119,116
157,2856,119,116
157,2857,119,116
157,2858,119,116
158,2859,119,116
158,2860,119,116
158,2861,119,116
158,2862,119,116
158,2863,119,116
158,2864,119,116
158,2865,119,116
158,2866,119,116
158,2867,119,116
158,2868,119,116
158,2869,119,116
158,2870,119,116
158,2871,119,116
158,2872,119,116
158,2873,119,116
158,2874,119,116
158,2875,119,116
158,2876,119,116
158,2877,119,116
158,2878,119,116
158,2879,119,116
158,2880,119,116
159,2881,119,116
159,2882,119,116
159,2883,119,116
159,2884,119,116
159,2885,119,116
159,2886,119,116
159,2887,119,116
159,2888,119,116
159,2889,119,116
159,2890,119,116
159,2891,119,116
159,2892,119,116
159,2893,119,116
159,2894,119,116
160,2895,119,116
160,2896,119,116
160,2897,119,116
160,2898,119,116
160,2899,119,116
160,2900,119,116
160,2901,119,116
160,2902,119,116
160,2903,119,116
160,2904,119,116
160,2905,119,116
160,2906,119,116
160,2907,119,116
160,2908,119,116
160,2909,119,116
160,2910,119,116
160,2911,119,116
160,2912,119,116
160,2913,119,116
160,2914,119,116
160,2915,119,116
160,2916,119,116
160,2917,119,116
161,2918,119,116
161,2919,119,116
161,2920,119,116
161,2921,119,116
161,2922,119,116
161,2923,119,116
161,2924,119,116
161,2925,119,116
161,2926,119,116
161,2927,119,116
161,2928,119,116
161,2929,119,116
161,2930,119,116
162,2931,119,116
162,2932,119,116
162,2933,119,116
162,2934,119,116
162,2935,119,116
162,2936,119,116
162,2937,119,116
162,2938,119,116
162,2939,119,116
162,2940,119,116
162,2941,119,116
162,2942,119,116
162,2943,119,116
162,2944,119,116
162,2945,119,116
162,2946,119,116
162,2947,119,116
162,2948,119,116
162,2949,119,116
162,2950,119,116
162,2951,119,116
162,2952,119,116
162,2953,119,116
162,2954,119,116
163,2955,119,116
163,2956,119,116
163,2957,119,116
163,2958,119,116
163,2959,119,116
163,2960,119,116
163,2961,119,116
163,2962,119,116
163,2963,119,116
163,2964,119,116
163,2965,119,116
163,2966,119,116
164,2967,119,116
164,2968,119,116
164,2969,119,116
164,2970,119,116
164,2971,119,116
164,2972,119,116
164,2973,119,116
164,2974,119,116
164,2975,119,116
164,2976,119,116
164,2977,119,116
164,2978,119,116
164,2979,119,116
164,2980,119,116
164,2981,119,116
164,2982,119,116
164,2983,119,116
164,2984,119,116
164,2985,119,116
164,2986,119,116
164,2987,119,116
164,2988,119,116
164,2989,119,116
164,2990,119,116
165,2991,119,116
165,2992,119,116
165,2993,119,116
165,2994,119,116
165,2995,119,116
165,2996,119,116
165,2997,119,116
165,2998,119,116
165,2999,119,116
165,3000,119,116
165,3001,119,116
165,3002,119,116
166,3003,119,116
166,3004,119,116
166,3005,119,116
166,3006,119,116
166,3007,119,116
166,3008,119,116
166,3009,119,116
166,3010,119,116
166,3011,119,116
166,3012,119,116
166,3013,119,116
166,3014,119,116
166,3015,119,116
166,3016,119,116
166,3017,119,116
166,3018,119,116
166,3019,119,116
166,3020,119,116
166,3021,119,116
166,3022,119,116
166,3023,119,116
166,3024,119,116
166,3025,119,116
166,3026,119,116
167,3027,119,116
167,3028,119,116
167,3029,119,116
167,3030,119,116
167,3031,119,116
167,3032,119,116
167,3033,119,116
167,3034,119,116
167,3035,119,116
167,3036,119,116
167,3037,119,116
167,3038,119,116
168,3039,119,116
168,3040,119,116
168,3041,119,116
168,3042,119,116
168,3043,119,116
168,3044,119,116
168,3045,119,116
168,3046,119,116
168,3047,119,116
168,3048,119,116
168,3049,119,116
168,3050,119,116
168,3051,119,116
168,3052,119,116
168,3053,119,116
168,3054,119,116
168,3055,119,116
168,3056,119,116
168,3057,119,116
168,3058,119,116
168,3059,119,116
168,3060,119,116
168,3061,119,116
168,3062,119,116
168,3063,119,116
169,3064,119,116
169,3065,119,116
169,3066,119,116
169,3067,119,116
169,3068,119,116
169,3069,119,116
169,3070,119,116
169,3071,119,116
169,3072,119,116
169,3073,119,116
170,3074,119,116
170,3075,119,116
170,3076,119,116
170,3077,119,116
170,3078,119,116
170,3079,119,116
170,3080,119,116
170,3081,119,116
170,3082,119,116
170,3083,119,116
170,3084,119,116
170,3085,119,116
170,3086,119,116
170,3087,119,116
170,3088,119,116
170,3089,119,116
170,3090,119,116
170,3091,119,116
170,3092,119,116
170,3093,119,116
170,3094,119,116
170,3095,119,116
170,3096,119,116
170,3097,119,116
170,3098,119,116
170,3099,119,116
170,3100,119,116
171,3101,119,116
171,3102,119,116
171,3103,119,116
171,3104,119,116
171,3105,119,116
171,3106,119,116
171,3107,119,116
171,3108,119,116
171,3109,119,116
172,3110,119,116
172,3111,119,116
172,3112,119,116
172,3113,119,116
172,3114,119,116
172,3115,119,116
172,3116,119,116
172,3117,119,116
172,3118,119,116
172,3119,119,116
172,3120,119,116
172,3121,119,116
172,3122,119,116
172,3123,119,116
172,3124,119,116
172,3125,119,116
172,3126,119,116
172,3127,119,116
172,3128,119,116
172,3129,119,116
172,3130,119,116
172,3131,119,116
172,3132,119,116
172,3133,119,116
172,3134,119,116
172,3135,119,116
173,3136,119,116
173,3137,119,116
173,3138,119,116
173,3139,119,116
173,3140,119,116
173,3141,119,116
173,3142,119,116
173,3143,119,116
173,3144,119,116
173,3145,119,116
174,3146,119,116
174,3147,119,116
174,3148,119,116
174,3149,119,116
174,3150,119,116
174,3151,119,116
174,3152,119,116
174,3153,119,116
174,3154,119,116
174,3155,119,116
174,3156,119,116
174,3157,119,116
174,3158,119,116
174,3159,119,116
174,3160,119,116
174,3161,119,116
174,3162,119,116
174,3163,119,116
174,3164,119,116
174,3165,119,116
174,3166,119,116
174,3167,119,116
174,3168,119,116
174,3169,119,116
174,3170,119,116
174,3171,119,116
174,3172,119,116
175,3173,119,116
175,3174,119,116
175,3175,119,116
175,3176,119,116
175,3177,119,116
175,3178,119,116
175,3179,119,116
175,3180,119,116
175,3181,119,116
176,3182,119,116
176,3183,119,116
176,3184,119,116
176,3185,119,116
176,3186,119,116
176,3187,119,116
176,3188,119,116
176,3189,119,116
176,3190,119,116
176,3191,119,116
176,3192,119,116
176,3193,119,116
176,3194,119,116
176,3195,119,116
176,3196,119,116
176,3197,119,116
176,3198,119,116
176,3199,119,116
176,3200,119,116
176,3201,119,116
176,3202,119,116
176,3203,119,116
176,3204,119,116
176,3205,119,116
176,3206,119,116
176,3207,119,116
176,3208,119,116
176,3209,119,116
177,3210,119,116
177,3211,119,116
177,3212,119,116
177,3213,119,116
177,3214,119,116
177,3215,119,116
177,3216,119,116
177,3217,119,116
178,3218,119,116
178,3219,119,116
178,3220,119,116
178,3221,119,116
178,3222,119,116
178,3223,119,116
178,3224,119,116
178,3225,119,116
178,3226,119,116
178,3227,119,116
178,3228,119,116
178,3229,119,116
178,3230,119,116
178,3231,119,116
178,3232,119,116
178,3233,119,116
178,3234,119,116
178,3235,119,116
178,3236,119,116
178,3237,119,116
178,3238,119,116
178,3239,119,116
178,3240,119,116
178,3241,119,116
178,3242,119,116
178,3243,119,116
178,3244,119,116
179,3245,119,116
179,3246,119,116
179,3247,119,116
179,3248,119,116
179,3249,119,116
179,3250,119,116
179,3251,119,116
179,3252,119,116
179,3253,119,116
180,3254,119,116
180,3255,119,116
180,3256,119,116
180,3257,119,116
180,3258,119,116
180,3259,119,116
180,3260,119,116
180,3261,119,116
180,3262,119,116
180,3263,119,116
180,3264,119,116
180,3265,119,116
180,3266,119,116
180,3267,119,116
180,3268,119,116
180,3269,119,116
180,3270,119,116
180,3271,119,116
180,3272,119,116
180,3273,119,116
180,3274,119,116
180,3275,119,116
180,3276,119,116
180,3277,119,116
180,3278,119,116
180,3279,119,116
180,3280,119,116
181,3281,119,116
181,3282,119,116
181,3283,119,116
181,3284,119,116
181,3285,119,116
181,3286,119,116
181,3287,119,116
181,3288,119,116
181,3289,119,116
182,3290,119,116
182,3291,119,116
182,3292,119,116
182,3293,119,116
182,3294,119,116
182,3295,119,116
182,3296,119,116
182,3297,119,116
182,3298,119,116
182,3299,119,116
182,3300,119,116
182,3301,119,116
182,3302,119,116
182,3303,119,116
182,3304,119,116
182,3305,119,116
182,3306,119,116
182,3307,119,116
182,3308,119,116
182,3309,119,116
182,3310,119,116
182,3311,119,116
182,3312,119,116
182,3313,119,116
182,3314,119,116
182,3315,119,116
182,3316,119,116
182,3317,119,116
183,3318,119,116
183,3319,119,116
183,3320,119,116
183,3321,119,116
183,3322,119,116
183,3323,119,116
183,3324,119,116
183,3325,119,116
184,3326,119,116
184,3327,119,116
184,3328,119,116
184,3329,119,116
184,3330,119,116
184,3331,119,116
184,3332,119,116
184,3333,119,116
184,3334,119,116
184,3335,119,116
184,3336,119,116
184,3337,119,116
184,3338,119,116
184,3339,119,116
184,3340,119,116
184,3341,119,116
184,3342,119,116
184,3343,119,116
184,3344,119,116
184,3345,119,116
184,3346,119,116
184,3347,119,116
184,3348,119,116
184,3349,119,116
184,3350,119,116
184,3351,119,116
184,3352,119,116
184,3353,119,116
184,3354,119,116
185,3355,119,116
185,3356,119,116
185,3357,119,116
185,3358,119,116
185,3359,119,116
185,3360,119,116
185,3361,119,116
186,3362,119,116
186,3363,119,116
186,3364,119,116
186,3365,119,116
186,3366,119,116
186,3367,119,116
186,3368,119,116
186,3369,119,116
186,3370,119,116
186,3371,119,116
186,3372,119,116
186,3373,119,116
186,3374,119,116
186,3375,119,116
186,3376,119,116
186,3377,119,116
186,3378,119,116
186,3379,119,116
186,3380,119,116
186,3381,119,116
186,3382,119,116
186,3383,119,116
186,3384,119,116
186,3385,119,116
186,3386,119,116
186,3387,119,116
186,3388,119,116
186,3389,119,116
186,3390,119,116
187,3391,119,116
187,3392,119,116
187,3393,119,116
187,3394,119,116
187,3395,119,116
187,3396,119,116
187,3397,119,116
188,3398,119,116
188,3399,119,116
188,3400,119,116
188,3401,119,116
188,3402,119,116
188,3403,119,116
188,3404,119,116
188,3405,119,116
188,3406,119,116
188,3407,119,116
188,3408,119,116
188,3409,119,116
188,3410,119,116
188,3411,119,116
188,3412,119,116
188,3413,119,116
188,3414,119,116
188,3415,119,116
188,3416,119,116
188,3417,119,116
188,3418,119,116
188,3419,119,116
188,3420,119,116
188,3421,119,116
188,3422,119,116
188,3423,119,116
188,3424,119,116
188,3425,119,116
188,3426,119,116
188,3427,119,116
189,3428,119,116
189,3429,119,116
189,3430,119,116
189,3431,119,116
189,3432,119,116
189,3433,119,116
190,3434,119,116
190,3435,119,116
190,3436,119,116
190,3437,119,116
190,3438,119,116
190,3439,119,116
190,3440,119,116
190,3441,119,116
190,3442,119,116
190,3443,119,116
190,3444,119,116
190,3445,119,116
190,3446,119,116
190,3447,119,116
190,3448,119,116
190,3449,119,116
190,3450,119,116
190,3451,119,116
190,3452,119,116
190,3453,119,116
190,3454,119,116
190,3455,119,116
190,3456,119,116
190,3457,119,116
190,3458,119,116
190,3459,119,116
190,3460,119,116
190,3461,119,116
190,3462,119,116
191,3463,119,116
191,3464,119,116
191,3465,119,116
191,3466,119,116
191,3467,119,116
191,3468,119,116
192,3469,119,116
192,3470,119,116
192,3471,119,116
192,3472,119,116
192,3473,119,116
192,3474,119,116
192,3475,119,116
192,3476,119,116
192,3477,119,116
192,3478,119,116
192,3479,119,116
192,3480,119,116
192,3481,119,116
192,3482,119,116
192,3483,119,116
192,3484,119,116
192,3485,119,116
192,3486,119,116
192,3487,119,116
192,3488,119,116
192,3489,119,116
192,3490,119,116
192,3491,119,116
192,3492,119,116
192,3493,119,116
192,3494,119,116
192,3495,119,116
192,3496,119,116
192,3497,119,116
193,3498,119,116
193,3499,119,116
193,3500,119,116
193,3501,119,116
193,3502,119,116
194,3503,119,116
194,3504,119,116
194,3505,119,116
194,3506,119,116
194,3507,119,116
194,3508,119,116
194,3509,119,116
194,3510,119,116
194,3511,119,116
194,3512,119,116
194,3513,119,116
194,3514,119,116
194,3515,119,116
194,3516,119,116
194,3517,119,116
194,3518,119,116
194,3519,119,116
194,3520,119,116
194,3521,119,116
194,3522,119,116
194,3523,119,116
194,3524,119,116
194,3525,119,116
194,3526,119,116
194,3527,119,116
194,3528,119,116
194,3529,119,116
194,3530,119,116
194,3531,119,116
194,3532,119,116
194,3533,119,116
195,3534,119,116
195,3535,119,116
195,3536,119,116
195,3537,119,116
195,3538,119,116
196,3539,119,116
196,3540,119,116
196,3541,119,116
196,3542,119,116
196,3543,119,116
196,3544,119,116
196,3545,119,116
196,3546,119,116
196,3547,119,116
196,3548,119,116
196,3549,119,116
196,3550,119,116
196,3551,119,116
196,3552,119,116
196,3553,119,116
196,3554,119,116
196,3555,119,116
196,3556,119,116
196,3557,119,116
196,3558,119,116
196,3559,119,116
196,3560,119,116
196,3561,119,116
196,3562,119,116
196,3563,119,116
196,3564,119,116
196,3565,119,116
196,3566,119,116
196,3567,119,116
196,3568,119,116
196,3569,119,116
196,3570,119,116
197,3571,119,116
197,3572,119,116
197,3573,119,116
197,3574,119,116
197,3575,119,116
198,3576,119,117
198,3577,119,117
198,3578,119,117
198,3579,119,117
198,3580,119,117
198,3581,119,117
198,3582,119,117
198,3583,119,117
198,3584,119,117
198,3585,119,117
198,3586,119,117
198,3587,119,117
198,3588,119,117
198,3589,119,117
198,3590,119,117
198,3591,119,117
198,3592,119,117
198,3593,119,117
198,3594,119,117
198,3595,119,117
198,3596,119,117
198,3597,119,117
198,3598,119,117
198,3599,119,117
198,3600,119,117
198,3601,119,117
198,3602,119,117
198,3603,119,117
198,3604,119,117
198,3605,119,117
198,3606,119,117
199,3607,119,117
199,3608,119,117
199,3609,119,117
199,3610,119,117
199,3611,119,117
199,3612,119,117
200,3613,119,117
200,3614,119,117
200,3615,119,117
200,3616,119,117
200,3617,119,117
200,3618,119,117
200,3619,119,117
200,3620,119,117
200,3621,119,117
200,3622,119,117
200,3623,119,117
200,3624,119,117
200,3625,119,117
200,3626,119,117
200,3627,119,117
200,3628,119,117
200,3629,119,117
200,3630,119,117
200,3631,119,117
200,3632,119,117
200,3633,119,117
200,3634,119,117
200,3635,119,117
200,3636,119,117
200,3637,119,117
200,3638,119,117
200,3639,119,117
200,3640,119,117
200,3641,119,117
200,3642,119,117
201,3643,119,117
201,3644,119,117
201,3645,119,117
201,3646,119,117
201,3647,119,117
201,3648,119,117
202,3649,119,117
202,3650,119,117
202,3651,119,117
202,3652,119,117
202,3653,119,117
202,3654,119,117
202,3655,119,117
202,3656,119,117
202,3657,119,117
202,3658,119,117
202,3659,119,117
202,3660,119,117
202,3661,119,117
202,3662,119,117
202,3663,119,117
202,3664,119,117
202,3665,119,117
202,3666,119,117
202,3667,119,117
202,3668,119,117
202,3669,119,117
202,3670,119,117
202,3671,119,117
202,3672,119,117
202,3673,119,117
202,3674,119,117
202,3675,119,117
202,3676,119,117
202,3677,119,117
202,3678,119,117
203,3679,119,117
203,3680,119,117
203,3681,119,117
203,3682,119,117
203,3683,119,117
203,3684,119,117
204,3685,119,117
204,3686,119,117
204,3687,119,117
204,3688,119,117
204,3689,119,117
204,3690,119,117
204,3691,119,117
204,3692,119,117
204,3693,119,117
204,3694,119,117
204,3695,119,117
204,3696,119,117
204,3697,119,117
204,3698,119,117
204,3699,119,117
204,3700,119,117
204,3701,119,117
204,3702,119,117
204,3703,119,117
204,3704,119,117
204,3705,119,117
204,3706,119,117
204,3707,119,117
204,3708,119,117
204,3709,119,117
204,3710,119,117
204,3711,119,117
204,3712,119,117
204,3713,119,117
204,3714,119,117
205,3715,119,117
205,3716,119,117
205,3717,119,117
205,3718,119,117
205,3719,119,117
206,3720,119,117
206,3721,119,117
206,3722,119,117
206,3723,119,117
206,3724,119,117
206,3725,119,117
206,3726,119,117
206,3727,119,117
206,3728,119,117
206,3729,119,117
206,3730,119,117
206,3731,119,117
206,3732,119,117
206,3733,119,117
206,3734,119,117
206,3735,119,117
206,3736,119,117
206,3737,119,117
206,3738,119,117
206,3739,119,117
206,3740,119,117
206,3741,119,117
206,3742,119,117
206,3743,119,117
206,3744,119,117
206,3745,119,117
206,3746,119,117
206,3747,119,117
206,3748,119,117
206,3749,119,117
206,3750,119,117
207,3751,119,117
207,3752,119,117
207,3753,119,117
207,3754,119,117
207,3755,119,117
207,3756,119,117
208,3757,119,117
208,3758,119,117
208,3759,119,117
208,3760,119,117
208,3761,119,117
208,3762,119,117
208,3763,119,117
208,3764,119,117
208,3765,119,117
208,3766,119,117
208,3767,119,117
208,3768,119,117
208,3769,119,117
208,3770,119,117
208,3771,119,117
208,3772,119,117
208,3773,119,117
208,3774,119,117
208,3775,119,117
208,3776,119,117
208,3777,119,117
208,3778,119,117
208,3779,119,117
208,3780,119,117
208,3781,119,117
208,3782,119,117
208,3783,119,117
208,3784,119,117
208,3785,119,117
208,3786,119,117
209,3787,119,117
209,3788,119,117
209,3789,119,117
209,3790,119,117
209,3791,119,117
209,3792,119,117
210,3793,119,117
210,3794,119,117
210,3795,119,117
210,3796,119,117
210,3797,119,117
210,3798,119,117
210,3799,119,117
210,3800,119,117
210,3801,119,117
210,3802,119,117
210,3803,119,117
210,3804,119,117
210,3805,119,117
210,3806,119,117
210,3807,119,117
210,3808,119,117
210,3809,119,117
210,3810,119,117
210,3811,119,117
210,3812,119,117
210,3813,119,117
210,3814,119,117
210,3815,119,117
210,3816,119,117
210,3817,119,117
210,3818,119,117
210,3819,119,117
210,3820,119,117
210,3821,119,117
210,3822,119,117
211,3823,119,117
211,3824,119,117
211,3825,119,117
211,3826,119,117
211,3827,119,117
211,3828,119,117
211,3829,119,117
212,3830,119,117
212,3831,119,117
212,3832,119,117
212,3833,119,117
212,3834,119,117
212,3835,119,117
212,3836,119,117
212,3837,119,117
212,3838,119,117
212,3839,119,117
212,3840,119,117
212,3841,119,117
212,3842,119,117
212,3843,119,117
212,3844,119,117
212,3845,119,117
212,3846,119,117
212,3847,119,117
212,3848,119,117
212,3849,119,117
212,3850,119,117
212,3851,119,117
212,3852,119,117
212,3853,119,117
212,3854,119,117
212,3855,119,117
212,3856,119,117
212,3857,119,117
212,3858,119,117
213,3859,119,117
213,3860,119,117
213,3861,119,117
213,3862,119,117
213,3863,119,117
213,3864,119,117
213,3865,119,117
213,3866,119,117
214,3867,119,117
214,3868,119,117
214,3869,119,117
214,3870,119,117
214,3871,119,117
214,3872,119,117
214,3873,119,117
214,3874,119,117
214,3875,119,117
214,3876,119,117
214,3877,119,117
214,3878,119,117
214,3879,119,117
214,3880,119,117
214,3881,119,117
214,3882,119,117
214,3883,119,117
214,3884,119,117
214,3885,119,117
214,3886,119,117
214,3887,119,117
214,3888,119,117
214,3889,119,117
214,3890,119,117
214,3891,119,117
214,3892,119,117
214,3893,119,117
214,3894,119,117
215,3895,119,117
215,3896,119,117
215,3897,119,117
215,3898,119,117
215,3899,119,117
215,3900,119,117
215,3901,119,117
216,3902,119,117
216,3903,119,117
216,3904,119,117
216,3905,119,117
216,3906,119,117
216,3907,119,117
216,3908,119,117
216,3909,119,117
216,3910,119,117
216,3911,119,117
216,3912,119,117
216,3913,119,117
216,3914,119,117
216,3915,119,117
216,3916,119,117
216,3917,119,117
216,3918,119,117
216,3919,119,117
216,3920,119,117
216,3921,119,117
216,3922,119,117
216,3923,119,117
216,3924,119,117
216,3925,119,117
216,3926,119,117
216,3927,119,117
216,3928,119,117
216,3929,119,117
216,3930,119,117
217,3931,119,117
217,3932,119,117
217,3933,119,117
217,3934,119,117
217,3935,119,117
217,3936,119,117
217,3937,119,117
218,3938,119,117
218,3939,119,117
218,3940,119,117
218,3941,119,117
218,3942,119,117
218,3943,119,117
218,3944,119,117
218,3945,119,117
218,3946,119,117
218,3947,119,117
218,3948,119,117
218,3949,119,117
218,3950,119,117
218,3951,119,117
218,3952,119,117
218,3953,119,117
218,3954,119,117
218,3955,119,117
218,3956,119,117
218,3957,119,117
218,3958,119,117
218,3959,119,117
218,3960,119,117
218,3961,119,117
218,3962,119,117
218,3963,119,117
218,3964,119,117
218,3965,119,117
218,3966,119,117
219,3967,119,117
219,3968,119,117
219,3969,119,117
219,3970,119,117
219,3971,119,117
219,3972,119,117
219,3973,119,117
219,3974,119,117
220,3975,119,117
220,3976,119,117
220,3977,119,117
220,3978,119,117
220,3979,119,117
220,3980,119,117
220,3981,119,117
220,3982,119,117
220,3983,119,117
220,3984,119,117
220,3985,119,117
220,3986,119,117
220,3987,119,117
220,3988,119,117
220,3989,119,117
220,3990,119,117
220,3991,119,117
220,3992,119,117
220,3993,119,117
220,3994,119,117
220,3995,119,117
220,3996,119,117
220,3997,119,117
220,3998,119,117
220,3999,119,117
220,4000,119,117
220,4001,119,117
220,4002,119,117
221,4003,119,117
221,4004,119,117
221,4005,119,117
221,4006,119,117
221,4007,119,117
221,4008,119,117
221,4009,119,117
221,4010,119,117
221,4011,119,117
222,4012,119,117
222,4013,119,117
222,4014,119,117
222,4015,119,117
222,4016,119,117
222,4017,119,117
222,4018,119,117
222,4019,119,117
222,4020,119,117
222,4021,119,117
222,4022,119,117
222,4023,119,117
222,4024,119,117
222,4025,119,117
222,4026,119,117
222,4027,119,117
222,4028,119,117
222,4029,119,117
222,4030,119,117
222,4031,119,117
222,4032,119,117
222,4033,119,117
222,4034,119,117
222,4035,119,117
222,4036,119,117
222,4037,119,117
222,4038,119,117
223,4039,119,117
223,4040,119,117
223,4041,119,117
223,4042,119,117
223,4043,119,117
223,4044,119,117
223,4045,119,117
223,4046,119,117
223,4047,119,117
224,4048,119,117
224,4049,119,117
224,4050,119,117
224,4051,119,117
224,4052,119,117
224,4053,119,117
224,4054,119,117
224,4055,119,117
224,4056,119,117
224,4057,119,117
224,4058,119,117
224,4059,119,117
224,4060,119,117
224,4061,119,117
224,4062,119,117
224,4063,119,117
224,4064,119,117
224,4065,119,117
224,4066,119,117
224,4067,119,117
224,4068,119,117
224,4069,119,117
224,4070,119,117
224,4071,119,117
224,4072,119,117
224,4073,119,117
224,4074,119,117
225,4075,119,117
225,4076,119,117
225,4077,119,117
225,4078,119,117
225,4079,119,117
225,4080,119,117
225,4081,119,117
225,4082,119,117
225,4083,119,117
225,4084,119,117
226,4085,119,117
226,4086,119,117
226,4087,119,117
226,4088,119,117
226,4089,119,117
226,4090,119,117
226,4091,119,117
226,4092,119,117
226,4093,119,117
226,4094,119,117
226,4095,119,117
226,4096,119,117
226,4097,119,117
226,4098,119,117
226,4099,119,117
226,4100,119,117
226,4101,119,117
226,4102,119,117
226,4103,119,117
226,4104,119,117
226,4105,119,117
226,4106,119,117
226,4107,119,117
226,4108,119,117
226,4109,119,117
226,4110,119,117
227,4111,119,117
227,4112,119,117
227,4113,119,117
227,4114,119,117
227,4115,119,117
227,4116,119,117
227,4117,119,117
227,4118,119,117
227,4119,119,117
227,4120,119,117
227,4121,119,117
228,4122,119,117
228,4123,119,117
228,4124,119,117
228,4125,119,117
228,4126,119,117
228,4127,119,117
228,4128,119,117
228,4129,119,117
228,4130,119,117
228,4131,119,117
228,4132,119,117
228,4133,119,117
228,4134,119,117
228,4135,119,117
228,4136,119,117
228,4137,119,117
228,4138,119,117
228,4139,119,117
228,4140,119,117
228,4141,119,117
228,4142,119,117
228,4143,119,117
228,4144,119,117
228,4145,119,117
228,4146,119,117
229,4147,119,117
229,4148,119,117
229,4149,119,117
229,4150,119,117
229,4151,119,117
229,4152,119,117
229,4153,119,117
229,4154,119,117
229,4155,119,117
229,4156,119,117
229,4157,119,117
230,4158,119,117
230,4159,119,117
230,4160,119,117
230,4161,119,117
230,4162,119,117
230,4163,119,117
230,4164,119,117
230,4165,119,117
230,4166,119,117
230,4167,119,117
230,4168,119,117
230,4169,119,117
230,4170,119,117
230,4171,119,117
230,4172,119,117
230,4173,119,117
230,4174,119,117
230,4175,119,117
230,4176,119,117
230,4177,119,117
230,4178,119,117
230,4179,119,117
230,4180,119,117
230,4181,119,117
230,4182,119,117
231,4183,119,117
231,4184,119,117
231,4185,119,117
231,4186,119,117
231,4187,119,117
231,4188,119,117
231,4189,119,117
231,4190,119,117
231,4191,119,117
231,4192,119,117
231,4193,119,117
232,4194,119,117
232,4195,119,117
232,4196,119,117
232,4197,119,117
232,4198,119,117
232,4199,119,117
232,4200,119,117
232,4201,119,117
232,4202,119,117
232,4203,119,117
232,4204,119,117
232,4205,119,117
232,4206,119,117
232,4207,119,117
232,4208,119,117
232,4209,119,117
232,4210,119,117
232,4211,119,117
232,4212,119,117
232,4213,119,117
232,4214,119,117
232,4215,119,117
232,4216,119,117
232,4217,119,117
232,4218,119,117
233,4219,119,117
233,4220,119,117
233,4221,119,117
233,4222,119,117
233,4223,119,117
233,4224,119,117
233,4225,119,117
233,4226,119,117
233,4227,119,117
233,4228,119,117
233,4229,119,117
233,4230,119,117
234,4231,119,117
234,4232,119,117
234,4233,119,117
234,4234,119,117
234,4235,119,117
234,4236,119,117
234,4237,119,117
234,4238,119,117
234,4239,119,117
234,4240,119,117
234,4241,119,117
234,4242,119,117
234,4243,119,117
234,4244,119,117
234,4245,119,117
234,4246,119,117
234,4247,119,117
234,4248,119,117
234,4249,119,117
234,4250,119,117
234,4251,119,117
234,4252,119,117
234,4253,119,117
234,4254,119,117
235,4255,119,117
235,4256,119,117
235,4257,119,117
235,4258,119,117
235,4259,119,117
235,4260,119,117
235,4261,119,117
235,4262,119,117
235,4263,119,117
235,4264,119,117
235,4265,119,117
235,4266,119,117
235,4267,119,117
236,4268,119,117
236,4269,119,117
236,4270,119,117
236,4271,119,117
236,4272,119,117
236,4273,119,117
236,4274,119,117
236,4275,119,117
236,4276,119,117
236,4277,119,117
236,4278,119,117
236,4279,119,117
236,4280,119,117
236,4281,119,117
236,4282,119,117
236,4283,119,117
236,4284,119,117
236,4285,119,117
236,4286,119,117
236,4287,119,117
236,4288,119,117
236,4289,119,117
236,4290,119,117
237,4291,119,117
237,4292,119,117
237,4293,119,117
237,4294,119,117
237,4295,119,117
237,4296,119,117
237,4297,119,117
237,4298,119,117
237,4299,119,117
237,4300,119,117
237,4301,119,117
237,4302,119,117
237,4303,119,117
238,4304,119,117
238,4305,119,117
238,4306,119,117
238,4307,119,117
238,4308,119,117
238,4309,119,117
238,4310,119,117
238,4311,119,117
238,4312,119,117
238,4313,119,117
238,4314,119,117
238,4315,119,117
238,4316,119,117
238,4317,119,117
238,4318,119,117
238,4319,119,117
238,4320,119,117
238,4321,119,117
238,4322,119,117
238,4323,119,117
238,4324,119,117
238,4325,119,117
238,4326,119,117
239,4327,119,117
239,4328,119,117
239,4329,119,117
239,4330,119,117
239,4331,119,117
239,4332,119,117
239,4333,119,117
239,4334,119,117
239,4335,119,117
239,4336,119,117
239,4337,119,117
239,4338,119,117
239,4339,119,117
239,4340,119,117
240,4341,119,117
240,4342,119,117
240,4343,119,117
240,4344,119,117
240,4345,119,117
240,4346,119,117
240,4347,119,117
240,4348,119,117
240,4349,119,117
240,4350,119,117
240,4351,119,117
240,4352,119,117
240,4353,119,117
240,4354,119,117
240,4355,119,117
240,4356,119,117
240,4357,119,117
240,4358,119,117
240,4359,119,117
240,4360,119,117
240,4361,119,117
241,4362,119,117
241,4363,119,117
241,4364,119,117
241,4365,119,117
241,4366,119,117
241,4367,119,117
241,4368,119,117
241,4369,119,117
241,4370,119,117
241,4371,119,117
241,4372,119,117
241,4373,119,117
241,4374,119,117
241,4375,119,117
241,4376,119,117
242,4377,119,117
242,4378,119,117
242,4379,119,117
242,4380,119,117
242,4381,119,117
242,4382,119,117
242,4383,119,117
242,4384,119,117
242,4385,119,117
242,4386,119,117
242,4387,119,117
242,4388,119,117
242,4389,119,117
242,4390,119,117
242,4391,119,117
242,4392,119,117
242,4393,119,117
242,4394,119,117
242,4395,119,117
242,4396,119,117
242,4397,119,117
242,4398,119,117
243,4399,119,117
243,4400,119,117
243,4401,119,117
243,4402,119,117
243,4403,119,117
243,4404,119,117
243,4405,119,117
243,4406,119,117
243,4407,119,117
243,4408,119,117
243,4409,119,117
243,4410,119,117
243,4411,119,117
243,4412,119,117
244,4413,119,117
244,4414,119,117
244,4415,119,117
244,4416,119,117
244,4417,119,117
244,4418,119,117
244,4419,119,117
244,4420,119,117
244,4421,119,117
244,4422,119,117
244,4423,119,117
244,4424,119,117
244,4425,119,117
244,4426,119,117
244,4427,119,117
244,4428,119,117
244,4429,119,117
244,4430,119,117
244,4431,119,117
244,4432,119,117
244,4433,119,117
244,4434,119,117
244,4435,119,117
245,4436,119,117
245,4437,119,117
245,4438,119,117
245,4439,119,117
245,4440,119,117
245,4441,119,117
245,4442,119,117
245,4443,119,117
245,4444,119,117
245,4445,119,117
245,4446,119,117
245,4447,119,117
245,4448,119,117
246,4449,119,117
246,4450,119,117
246,4451,119,117
246,4452,119,117
246,4453,119,117
246,4454,119,117
246,4455,119,117
246,4456,119,117
246,4457,119,117
246,4458,119,117
246,4459,119,117
246,4460,119,117
246,4461,119,117
246,4462,119,117
246,4463,119,117
246,4464,119,117
246,4465,119,117
246,4466,119,117
246,4467,119,117
246,4468,119,117
246,4469,119,117
246,4470,119,117
246,4471,119,117
247,4472,119,117
247,4473,119,117
247,4474,119,117
247,4475,119,117
247,4476,119,117
247,4477,119,117
247,4478,119,117
247,4479,119,117
247,4480,119,117
247,4481,119,117
247,4482,119,117
247,4483,119,117
247,4484,119,117
248,4485,119,117
248,4486,119,117
248,4487,119,117
248,4488,119,117
248,4489,119,117
248,4490,119,117
248,4491,119,117
248,4492,119,117
248,4493,119,117
248,4494,119,117
248,4495,119,117
248,4496,119,117
248,4497,119,117
248,4498,119,117
248,4499,119,117
248,4500,119,117
248,4501,119,117
248,4502,119,117
248,4503,119,117
248,4504,119,117
248,4505,119,117
248,4506,119,117
248,4507,119,117
248,4508,119,117
249,4509,119,117
249,4510,119,117
249,4511,119,117
249,4512,119,117
249,4513,119,117
249,4514,119,117
249,4515,119,117
249,4516,119,117
249,4517,119,117
249,4518,119,117
249,4519,119,117
249,4520,119,117
250,4521,119,117
250,4522,119,117
250,4523,119,117
250,4524,119,117
250,4525,119,117
250,4526,119,117
250,4527,119,117
250,4528,119,117
250,4529,119,117
250,4530,119,117
250,4531,119,117
250,4532,119,117
250,4533,119,117
250,4534,119,117
250,4535,119,117
250,4536,119,117
250,4537,119,117
250,4538,119,117
250,4539,119,117
250,4540,119,117
250,4541,119,117
250,4542,119,117
250,4543,119,117
250,4544,119,117
250,4545,119,117
251,4546,119,117
251,4547,119,117
251,4548,119,117
251,4549,119,117
251,4550,119,117
251,4551,119,117
251,4552,119,117
251,4553,119,117
251,4554,119,117
251,4555,119,117
251,4556,119,117
252,4557,119,117
252,4558,119,117
252,4559,119,117
252,4560,119,117
252,4561,119,117
252,4562,119,117
252,4563,119,117
252,4564,119,117
252,4565,119,117
252,4566,119,117
252,4567,119,117
252,4568,119,117
252,4569,119,117
252,4570,119,117
252,4571,119,117
252,4572,119,117
252,4573,119,117
252,4574,119,117
252,4575,119,117
252,4576,119,117
252,4577,119,117
252,4578,119,117
252,4579,119,117
252,4580,119,117
252,4581,119,117
253,4582,119,117
253,4583,119,117
253,4584,119,117
253,4585,119,117
253,4586,119,117
253,4587,119,117
253,4588,119,117
253,4589,119,117
253,4590,119,117
253,4591,119,117
253,4592,119,117
254,4593,119,117
254,4594,119,117
254,4595,119,117
254,4596,119,117
254,4597,119,117
254,4598,119,117
254,4599,119,117
254,4600,119,117
254,4601,119,117
254,4602,119,117
254,4603,119,117
254,4604,119,117
254,4605,119,117
254,4606,119,117
254,4607,119,117
254,4608,119,117
254,4609,119,117
254,4610,119,117
254,4611,119,117
254,4612,119,117
254,4613,119,117
254,4614,119,117
254,4615,119,117
254,4616,119,117
254,4617,119,117
255,4618,119,117
255,4619,119,117
255,4620,119,117
255,4621,119,117
255,4622,119,117
255,4623,119,117
255,4624,119,117
255,4625,119,117
255,4626,119,117
255,4627,119,117
255,4628,119,117
256,4629,119,117
256,4630,119,117
256,4631,119,117
256,4632,119,117
256,4633,119,117
256,4634,119,117
256,4635,119,117
256,4636,119,117
256,4637,119,117
256,4638,119,117
256,4639,119,117
256,4640,119,117
256,4641,119,117
256,4642,119,117
256,4643,119,117
256,4644,119,117
256,4645,119,117
256,4646,119,117
256,4647,119,117
256,4648,119,117
256,4649,119,117
256,4650,119,117
256,4651,119,117
256,4652,119,117
256,4653,119,117
256,4654,119,117
257,4655,119,117
257,4656,119,117
257,4657,119,117
257,4658,119,117
257,4659,119,117
257,4660,119,117
257,4661,119,117
257,4662,119,117
257,4663,119,117
257,4664,119,117
258,4665,119,117
258,4666,119,117
258,4667,119,117
258,4668,119,117
258,4669,119,117
258,4670,119,117
258,4671,119,117
258,4672,119,117
258,4673,119,117
258,4674,119,117
258,4675,119,117
258,4676,119,117
258,4677,119,117
258,4678,119,117
258,4679,119,117
258,4680,119,117
258,4681,119,117
258,4682,119,117
258,4683,119,117
258,4684,119,117
258,4685,119,117
258,4686,119,117
258,4687,119,117
258,4688,119,117
258,4689,119,117
258,4690,119,117
258,4691,119,117
259,4692,119,117
259,4693,119,117
259,4694,119,117
259,4695,119,117
259,4696,119,117
259,4697,119,117
259,4698,119,117
259,4699,119,117
259,4700,119,117
260,4701,119,117
260,4702,119,117
260,4703,119,117
260,4704,119,117
260,4705,119,117
260,4706,119,117
260,4707,119,117
260,4708,119,117
260,4709,119,117
260,4710,119,117
260,4711,119,117
260,4712,119,117
260,4713,119,117
260,4714,119,117
260,4715,119,117
260,4716,119,117
260,4717,119,117
260,4718,119,117
260,4719,119,117
260,4720,119,117
260,4721,119,117
260,4722,119,117
260,4723,119,117
260,4724,119,117
260,4725,119,117
260,4726,119,117
260,4727,119,117
261,4728,119,117
261,4729,119,117
261,4730,119,117
261,4731,119,117
261,4732,119,117
261,4733,119,117
261,4734,119,117
261,4735,119,117
261,4736,119,117
262,4737,119,117
262,4738,119,117
262,4739,119,117
262,4740,119,117
262,4741,119,117
262,4742,119,117
262,4743,119,117
262,4744,119,117
262,4745,119,117
262,4746,119,117
262,4747,119,117
262,4748,119,117
262,4749,119,117
262,4750,119,117
262,4751,119,117
262,4752,119,117
262,4753,119,117
262,4754,119,117
262,4755,119,117
262,4756,119,117
262,4757,119,117
262,4758,119,117
262,4759,119,117
262,4760,119,117
262,4761,119,117
262,4762,119,117
262,4763,119,117
262,4764,119,117
263,4765,119,117
263,4766,119,117
263,4767,119,117
263,4768,119,117
263,4769,119,117
263,4770,119,117
263,4771,119,117
263,4772,119,117
264,4773,119,117
264,4774,119,117
264,4775,119,117
264,4776,119,117
264,4777,119,117
264,4778,119,117
264,4779,119,117
264,4780,119,117
264,4781,119,117
264,4782,119,117
264,4783,119,117
264,4784,119,117
264,4785,119,117
264,4786,119,117
264,4787,119,117
264,4788,119,117
264,4789,119,117
264,4790,119,117
264,4791,119,117
264,4792,119,117
264,4793,119,117
264,4794,119,117
264,4795,119,117
264,4796,119,117
264,4797,119,117
264,4798,119,117
264,4799,119,117
265,4800,119,117
265,4801,119,117
265,4802,119,117
265,4803,119,117
265,4804,119,117
265,4805,119,117
265,4806,119,117
265,4807,119,117
265,4808,119,117
266,4809,119,117
266,4810,119,117
266,4811,119,117
266,4812,119,117
266,4813,119,117
266,4814,119,117
266,4815,119,117
266,4816,119,117
266,4817,119,117
266,4818,119,117
266,4819,119,117
266,4820,119,117
266,4821,119,117
266,4822,119,117
266,4823,119,117
266,4824,119,117
266,4825,119,117
266,4826,119,117
266,4827,119,117
266,4828,119,117
266,4829,119,117
266,4830,119,117
266,4831,119,117
266,4832,119,117
266,4833,119,117
266,4834,119,117
266,4835,119,117
267,4836,119,117
267,4837,119,117
267,4838,119,117
267,4839,119,117
267,4840,119,117
267,4841,119,117
267,4842,119,117
267,4843,119,117
268,4844,119,117
268,4845,119,117
268,4846,119,117
268,4847,119,117
268,4848,119,117
268,4849,119,117
268,4850,119,117
268,4851,119,117
268,4852,119,117
268,4853,119,117
268,4854,119,117
268,4855,119,117
268,4856,119,117
268,4857,119,117
268,4858,119,117
268,4859,119,117
268,4860,119,117
268,4861,119,117
268,4862,119,117
268,4863,119,117
268,4864,119,117
268,4865,119,117
268,4866,119,117
268,4867,119,117
268,4868,119,117
268,4869,119,117
268,4870,119,117
268,4871,119,117
269,4872,119,117
269,4873,119,117
269,4874,119,117
269,4875,119,117
269,4876,119,117
269,4877,119,117
269,4878,119,117
269,4879,119,117
270,4880,119,117
270,4881,119,117
270,4882,119,117
270,4883,119,117
270,4884,119,117
270,4885,119,117
270,4886,119,117
270,4887,119,117
270,4888,119,117
270,4889,119,117
270,4890,119,117
270,4891,119,117
270,4892,119,117
270,4893,119,117
270,4894,119,117
270,4895,119,117
270,4896,119,117
270,4897,119,117
270,4898,119,117
270,4899,119,117
270,4900,119,117
270,4901,119,117
270,4902,119,117
270,4903,119,117
270,4904,119,117
270,4905,119,117
270,4906,119,117
270,4907,119,117
270,4908,119,117
271,4909,119,117
271,4910,119,117
271,4911,119,117
271,4912,119,117
271,4913,119,117
271,4914,119,117
271,4915,119,117
272,4916,119,117
272,4917,119,117
272,4918,119,117
272,4919,119,117
272,4920,119,117
272,4921,119,117
272,4922,119,117
272,4923,119,117
272,4924,119,117
272,4925,119,117
272,4926,119,117
272,4927,119,117
272,4928,119,117
272,4929,119,117
272,4930,119,117
272,4931,119,117
272,4932,119,117
272,4933,119,117
272,4934,119,117
272,4935,119,117
272,4936,119,117
272,4937,119,117
272,4938,119,117
272,4939,119,117
272,4940,119,117
272,4941,119,117
272,4942,119,117
272,4943,119,117
272,4944,119,117
272,4945,119,117
273,4946,119,117
273,4947,119,117
273,4948,119,117
273,4949,119,117
273,4950,119,117
274,4951,119,117
274,4952,119,117
274,4953,119,117
274,4954,119,117
274,4955,119,117
274,4956,119,117
274,4957,119,117
274,4958,119,117
274,4959,119,117
274,4960,119,117
274,4961,119,117
274,4962,119,117
274,4963,119,117
274,4964,119,117
274,4965,119,117
274,4966,119,117
274,4967,119,117
274,4968,119,117
274,4969,119,117
274,4970,119,117
274,4971,119,117
274,4972,119,117
274,4973,119,117
274,4974,119,117
274,4975,119,117
274,4976,119,117
274,4977,119,117
274,4978,119,117
274,4979,119,117
274,4980,119,117
275,4981,119,117
275,4982,119,117
275,4983,119,117
275,4984,119,117
275,4985,119,117
275,4986,119,117
276,4987,119,117
276,4988,119,117
276,4989,119,117
276,4990,119,117
276,4991,119,117
276,4992,119,117
276,4993,119,117
276,4994,119,117
276,4995,119,117
276,4996,119,117
276,4997,119,117
276,4998,119,117
276,4999,119,117
276,5000,119,117
276,5001,119,117
276,5002,119,117
276,5003,119,117
276,5004,119,117
276,5005,119,117
276,5006,119,117
276,5007,119,117
276,5008,119,117
276,5009,119,117
276,5010,119,117
276,5011,119,117
276,5012,119,117
276,5013,119,117
276,5014,119,117
276,5015,119,117
276,5016,119,117
276,5017,119,117
277,5018,119,117
277,5019,119,117
277,5020,119,117
277,5021,119,117
277,5022,119,117
278,5023,119,117
278,5024,119,117
278,5025,119,117
278,5026,119,117
278,5027,119,117
278,5028,119,117
278,5029,119,117
278,5030,119,117
278,5031,119,117
278,5032,119,117
278,5033,119,117
278,5034,119,117
278,5035,119,117
278,5036,119,117
278,5037,119,117
278,5038,119,117
278,5039,119,117
278,5040,119,117
278,5041,119,117
278,5042,119,117
278,5043,119,117
278,5044,119,117
278,5045,119,117
278,5046,119,117
278,5047,119,117
278,5048,119,117
278,5049,119,117
278,5050,119,117
278,5051,119,117
278,5052,119,117
279,5053,119,117
279,5054,119,117
279,5055,119,117
279,5056,119,117
279,5057,119,117
280,5058,119,117
280,5059,119,117
280,5060,119,117
280,5061,119,117
280,5062,119,117
280,5063,119,117
280,5064,119,117
280,5065,119,117
280,5066,119,117
280,5067,119,117
280,5068,119,117
280,5069,119,117
280,5070,119,117
280,5071,119,117
280,5072,119,117
280,5073,119,117
280,5074,119,117
280,5075,119,117
280,5076,119,117
280,5077,119,117
280,5078,119,117
280,5079,119,117
280,5080,119,117
280,5081,119,117
280,5082,119,117
280,5083,119,117
280,5084,119,117
280,5085,119,117
280,5086,119,117
280,5087,119,117
281,5088,119,117
281,5089,119,117
281,5090,119,117
281,5091,119,117
281,5092,119,117
282,5093,119,117
282,5094,119,117
282,5095,119,117
282,5096,119,117
282,5097,119,117
282,5098,119,117
282,5099,119,117
282,5100,119,117
282,5101,119,117
282,5102,119,117
282,5103,119,117
282,5104,119,117
282,5105,119,117
282,5106,119,117
282,5107,119,117
282,5108,119,117
282,5109,119,117
282,5110,119,117
282,5111,119,117
282,5112,119,117
282,5113,119,117
282,5114,119,117
282,5115,119,117
282,5116,119,117
282,5117,119,117
282,5118,119,117
282,5119,119,117
282,5120,119,117
282,5121,119,117
282,5122,119,117
282,5123,119,117
283,5124,119,117
283,5125,119,117
283,5126,119,117
283,5127,119,117
283,5128,119,117
284,5129,119,117
284,5130,119,117
284,5131,119,117
284,5132,119,117
284,5133,119,117
284,5134,119,117
284,5135,119,117
284,5136,119,117
284,5137,119,117
284,5138,119,117
284,5139,119,117
284,5140,119,117
284,5141,119,117
284,5142,119,117
284,5143,119,117
284,5144,119,117
284,5145,119,117
284,5146,119,117
284,5147,119,117
284,5148,119,117
284,5149,119,117
284,5150,119,117
284,5151,119,117
284,5152,119,117
284,5153,119,117
284,5154,119,117
284,5155,119,117
284,5156,119,117
284,5157,119,117
284,5158,119,117
284,5159,119,117
285,5160,119,117
285,5161,119,117
285,5162,119,117
285,5163,119,117
285,5164,119,117
285,5165,119,117
286,5166,119,117
286,5167,119,117
286,5168,119,117
286,5169,119,117
286,5170,119,117
286,5171,119,117
286,5172,119,117
286,5173,119,117
286,5174,119,117
286,5175,119,117
286,5176,119,117
286,5177,119,117
286,5178,119,117
286,5179,119,117
286,5180,119,117
286,5181,119,117
286,5182,119,117
286,5183,119,117
286,5184,119,117
286,5185,119,117
286,5186,119,117
286,5187,119,117
286,5188,119,117
286,5189,119,117
286,5190,119,117
286,5191,119,117
286,5192,119,117
286,5193,119,117
286,5194,119,117
286,5195,119,117
287,5196,119,117
287,5197,119,117
287,5198,119,117
287,5199,119,117
287,5200,119,117
287,5201,119,117
287,5202,119,117
288,5203,119,117
288,5204,119,117
288,5205,119,117
288,5206,119,117
288,5207,119,117
288,5208,119,117
288,5209,119,117
288,5210,119,117
288,5211,119,117
288,5212,119,117
288,5213,119,117
288,5214,119,117
288,5215,119,117
288,5216,119,117
288,5217,119,117
288,5218,119,117
288,5219,119,117
288,5220,119,117
288,5221,119,117
288,5222,119,117
288,5223,119,117
288,5224,119,117
288,5225,119,117
288,5226,119,117
288,5227,119,117
288,5228,119,117
288,5229,119,117
288,5230,119,117
288,5231,119,117
289,5232,119,117
289,5233,119,117
289,5234,119,117
289,5235,119,117
289,5236,119,117
289,5237,119,117
289,5238,119,117
290,5239,119,117
290,5240,119,117
290,5241,119,117
290,5242,119,117
290,5243,119,117
290,5244,119,117
290,5245,119,117
290,5246,119,117
290,5247,119,117
290,5248,119,117
290,5249,119,117
290,5250,119,117
290,5251,119,117
290,5252,119,117
290,5253,119,117
290,5254,119,117
290,5255,119,117
290,5256,119,117
290,5257,119,117
290,5258,119,117
290,5259,119,117
290,5260,119,117
290,5261,119,117
290,5262,119,117
290,5263,119,117
290,5264,119,117
290,5265,119,117
290,5266,119,117
290,5267,119,117
291,5268,119,117
291,5269,119,117
291,5270,119,117
291,5271,119,117
291,5272,119,117
291,5273,119,117
291,5274,119,117
292,5275,119,117
292,5276,119,117
292,5277,119,117
292,5278,119,117
292,5279,119,117
292,5280,119,117
292,5281,119,117
292,5282,119,117
292,5283,119,117
292,5284,119,117
292,5285,119,117
292,5286,119,117
292,5287,119,117
292,5288,119,117
292,5289,119,117
292,5290,119,117
292,5291,119,117
292,5292,119,117
292,5293,119,117
292,5294,119,117
292,5295,119,117
292,5296,119,117
292,5297,119,117
292,5298,119,117
292,5299,119,117
292,5300,119,117
292,5301,119,117
292,5302,119,117
292,5303,119,117
293,5304,119,117
293,5305,119,117
293,5306,119,117
293,5307,119,117
293,5308,119,117
293,5309,119,117
293,5310,119,117
293,5311,119,117
294,5312,119,117
294,5313,119,117
294,5314,119,117
294,5315,119,117
294,5316,119,117
294,5317,119,117
294,5318,119,117
294,5319,119,117
294,5320,119,117
294,5321,119,117
294,5322,119,117
294,5323,119,117
294,5324,119,117
294,5325,119,117
294,5326,119,117
294,5327,119,117
294,5328,119,117
294,5329,119,117
294,5330,119,117
294,5331,119,117
294,5332,119,117
294,5333,119,117
294,5334,119,117
294,5335,119,117
294,5336,119,117
294,5337,119,117
294,5338,119,117
294,5339,119,117
295,5340,119,117
295,5341,119,117
295,5342,119,117
295,5343,119,117
295,5344,119,117
295,5345,119,117
295,5346,119,117
295,5347,119,117
295,5348,119,117
296,5349,119,117
296,5350,119,117
296,5351,119,117
296,5352,119,117
296,5353,119,117
296,5354,119,117
296,5355,119,117
296,5356,119,117
296,5357,119,117
296,5358,119,117
296,5359,119,117
296,5360,119,117
296,5361,119,117
296,5362,119,117
296,5363,119,117
296,5364,119,117
296,5365,119,117
296,5366,119,117
296,5367,119,117
296,5368,119,117
296,5369,119,117
296,5370,119,117
296,5371,119,117
296,5372,119,117
296,5373,119,117
296,5374,119,117
296,5375,119,117
297,5376,119,117
297,5377,119,117
297,5378,119,117
297,5379,119,117
297,5380,119,117
297,5381,119,117
297,5382,119,117
297,5383,119,117
298,5384,119,117
298,5385,119,117
298,5386,119,117
298,5387,119,117
298,5388,119,117
298,5389,119,117
298,5390,119,117
298,5391,119,117
298,5392,119,117
298,5393,119,117
298,5394,119,117
298,5395,119,117
298,5396,119,117
298,5397,119,117
298,5398,119,117
298,5399,119,117
298,5400,119,117
298,5401,119,117
298,5402,119,117
298,5403,119,117
298,5404,119,117
298,5405,119,117
298,5406,119,117
298,5407,119,117
298,5408,119,117
298,5409,119,117
298,5410,119,117
298,5411,119,117
299,5412,119,117
299,5413,119,117
299,5414,119,117
299,5415,119,117
299,5416,119,117
299,5417,119,117
299,5418,119,117
299,5419,119,117
299,5420,119,117
300,5421,119,117
300,5422,119,117
300,5423,119,117
300,5424,119,117
300,5425,119,117
300,5426,119,117
300,5427,119,117
300,5428,119,117
300,5429,119,117
300,5430,119,117
300,5431,119,117
300,5432,119,117
300,5433,119,117
300,5434,119,117
300,5435,119,117
300,5436,119,117
300,5437,119,117
300,5438,119,117
300,5439,119,117
300,5440,119,117
300,5441,119,117
300,5442,119,117
300,5443,119,117
300,5444,119,117
300,5445,119,117
300,5446,119,117
300,5447,119,117
301,5448,119,117
301,5449,119,117
301,5450,119,117
301,5451,119,117
301,5452,119,117
301,5453,119,117
302,5454,119,117
302,5455,119,117
302,5456,119,117
302,5457,119,117
302,5458,119,117
302,5459,119,117
302,5460,119,117
302,5461,119,117
302,5462,119,117
302,5463,119,117
302,5464,119,117
302,5465,119,117
302,5466,119,117
302,5467,119,117
302,5468,119,117
302,5469,119,117
302,5470,119,117
302,5471,119,117
302,5472,119,117
302,5473,119,117
302,5474,119,117
302,5475,119,117
302,5476,119,117
302,5477,119,117
302,5478,119,117
302,5479,119,117
302,5480,119,117
302,5481,119,117
302,5482,119,117
302,5483,119,117
303,5484,119,117
303,5485,119,117
303,5486,119,117
303,5487,119,117
304,5488,119,117
304,5489,119,117
304,5490,119,117
304,5491,119,117
304,5492,119,117
304,5493,119,117
304,5494,119,117
304,5495,119,117
304,5496,119,117
304,5497,119,117
304,5498,119,117
304,5499,119,117
304,5500,119,117
304,5501,119,117
304,5502,119,117
304,5503,119,117
304,5504,119,117
304,5505,119,117
304,5506,119,117
304,5507,119,117
304,5508,119,117
304,5509,119,117
304,5510,119,117
304,5511,119,117
304,5512,119,117
304,5513,119,117
304,5514,119,117
304,5515,119,117
304,5516,119,117
304,5517,119,117
304,5518,119,117
304,5519,119,117
305,5520,119,117
305,5521,119,117
305,5522,119,117
305,5523,119,117
306,5524,119,117
306,5525,119,117
306,5526,119,117
306,5527,119,117
306,5528,119,117
306,5529,119,117
306,5530,119,117
306,5531,119,117
306,5532,119,117
306,5533,119,117
306,5534,119,117
306,5535,119,117
306,5536,119,117
306,5537,119,117
306,5538,119,117
306,5539,119,117
306,5540,119,117
306,5541,119,117
306,5542,119,117
306,5543,119,117
306,5544,119,117
306,5545,119,117
306,5546,119,117
306,5547,119,117
306,5548,119,117
306,5549,119,117
306,5550,119,117
306,5551,119,117
306,5552,119,117
306,5553,119,117
306,5554,119,117
306,5555,119,117
307,5556,119,117
307,5557,119,117
307,5558,119,117
307,5559,119,117
307,5560,119,117
308,5561,119,117
308,5562,119,117
308,5563,119,117
308,5564,119,117
308,5565,119,117
308,5566,119,117
308,5567,119,117
308,5568,119,117
308,5569,119,117
308,5570,119,117
308,5571,119,117
308,5572,119,117
308,5573,119,117
308,5574,119,117
308,5575,119,117
308,5576,119,117
308,5577,119,117
308,5578,119,117
308,5579,119,117
308,5580,119,117
308,5581,119,117
308,5582,119,117
308,5583,119,117
308,5584,119,117
308,5585,119,117
308,5586,119,117
308,5587,119,117
308,5588,119,117
308,5589,119,117
308,5590,119,117
308,5591,119,117
309,5592,119,117
309,5593,119,117
309,5594,119,117
309,5595,119,117
309,5596,119,117
309,5597,119,117
310,5598,119,117
310,5599,119,117
310,5600,119,117
310,5601,119,117
310,5602,119,117
310,5603,119,117
310,5604,119,117
310,5605,119,117
310,5606,119,117
310,5607,119,117
310,5608,119,117
310,5609,119,117
310,5610,119,117
310,5611,119,117
310,5612,119,117
310,5613,119,117
310,5614,119,117
310,5615,119,117
310,5616,119,117
310,5617,119,117
310,5618,119,117
310,5619,119,117
310,5620,119,117
310,5621,119,117
310,5622,119,117
310,5623,119,117
310,5624,119,117
310,5625,119,117
310,5626,119,117
310,5627,119,117
311,5628,119,117
311,5629,119,117
311,5630,119,117
311,5631,119,117
311,5632,119,117
311,5633,119,117
312,5634,119,117
312,5635,119,117
312,5636,119,117
312,5637,119,117
312,5638,119,117
312,5639,119,117
312,5640,119,117
312,5641,119,117
312,5642,119,117
312,5643,119,117
312,5644,119,117
312,5645,119,117
312,5646,119,117
312,5647,119,117
312,5648,119,117
312,5649,119,117
312,5650,119,117
312,5651,119,117
312,5652,119,117
312,5653,119,117
312,5654,119,117
312,5655,119,117
312,5656,119,117
312,5657,119,117
312,5658,119,117
312,5659,119,117
312,5660,119,117
312,5661,119,117
312,5662,119,117
312,5663,119,117
313,5664,119,117
313,5665,119,117
313,5666,119,117
313,5667,119,117
313,5668,119,117
313,5669,119,117
313,5670,119,117
314,5671,119,117
314,5672,119,117
314,5673,119,117
314,5674,119,117
314,5675,119,117
314,5676,119,117
314,5677,119,117
314,5678,119,117
314,5679,119,117
314,5680,119,117
314,5681,119,117
314,5682,119,117
314,5683,119,117
314,5684,119,117
314,5685,119,117
314,5686,119,117
314,5687,119,117
314,5688,119,117
314,5689,119,117
314,5690,119,117
314,5691,119,117
314,5692,119,117
314,5693,119,117
314,5694,119,117
314,5695,119,117
314,5696,119,117
314,5697,119,117
314,5698,119,117
314,5699,119,117
315,5700,119,117
315,5701,119,117
315,5702,119,117
315,5703,119,117
315,5704,119,117
315,5705,119,117
315,5706,119,117
315,5707,119,117
316,5708,119,117
316,5709,119,117
316,5710,119,117
316,5711,119,117
316,5712,119,117
316,5713,119,117
316,5714,119,117
316,5715,119,117
316,5716,119,117
316,5717,119,117
316,5718,119,117
316,5719,119,117
316,5720,119,117
316,5721,119,117
316,5722,119,117
316,5723,119,117
316,5724,119,117
316,5725,119,117
316,5726,119,117
316,5727,119,117
316,5728,119,117
316,5729,119,117
316,5730,119,117
316,5731,119,117
316,5732,119,117
316,5733,119,117
316,5734,119,117
316,5735,119,117
317,5736,119,117
317,5737,119,117
317,5738,119,117
317,5739,119,117
317,5740,119,117
317,5741,119,117
317,5742,119,117
318,5743,119,117
318,5744,119,117
318,5745,119,117
318,5746,119,117
318,5747,119,117
318,5748,119,117
318,5749,119,117
318,5750,119,117
318,5751,119,117
318,5752,119,117
318,5753,119,117
318,5754,119,117
318,5755,119,117
318,5756,119,117
318,5757,119,117
318,5758,119,117
318,5759,119,117
318,5760,119,117
318,5761,119,117
318,5762,119,117
318,5763,119,117
318,5764,119,117
318,5765,119,117
318,5766,119,117
318,5767,119,117
318,5768,119,117
318,5769,119,117
318,5770,119,117
318,5771,119,117
319,5772,119,117
319,5773,119,117
319,5774,119,117
319,5775,119,117
319,5776,119,117
319,5777,119,117
319,5778,119,117
320,5779,119,117
320,5780,119,117
320,5781,119,117
320,5782,119,117
320,5783,119,117
320,5784,119,117
320,5785,119,117
320,5786,119,117
320,5787,119,117
320,5788,119,117
320,5789,119,117
320,5790,119,117
320,5791,119,117
320,5792,119,117
320,5793,119,117
320,5794,119,117
320,5795,119,117
320,5796,119,117
320,5797,119,117
320,5798,119,117
320,5799,119,117
320,5800,119,117
320,5801,119,117
320,5802,119,117
320,5803,119,117
320,5804,119,117
320,5805,119,117
320,5806,119,117
320,5807,119,117
321,5808,119,117
321,5809,119,117
321,5810,119,117
321,5811,119,117
321,5812,119,117
321,5813,119,117
321,5814,119,117
321,5815,119,117
322,5816,119,117
322,5817,119,117
322,5818,119,117
322,5819,119,117
322,5820,119,117
322,5821,119,117
322,5822,119,117
322,5823,119,117
322,5824,119,117
322,5825,119,117
322,5826,119,117
322,5827,119,117
322,5828,119,117
322,5829,119,117
322,5830,119,117
322,5831,119,117
322,5832,119,117
322,5833,119,117
322,5834,119,117
322,5835,119,117
322,5836,119,117
322,5837,119,117
322,5838,119,117
322,5839,119,117
322,5840,119,117
322,5841,119,117
322,5842,119,117
322,5843,119,117
323,5844,119,117
323,5845,119,117
323,5846,119,117
323,5847,119,117
323,5848,119,117
323,5849,119,117
323,5850,119,117
323,5851,119,117
323,5852,119,117
324,5853,119,117
324,5854,119,117
324,5855,119,117
324,5856,119,117
324,5857,119,117
324,5858,119,117
324,5859,119,117
324,5860,119,117
324,5861,119,117
324,5862,119,117
324,5863,119,117
324,5864,119,117
324,5865,119,117
324,5866,119,117
324,5867,119,117
324,5868,119,117
324,5869,119,117
324,5870,119,117
324,5871,119,117
324,5872,119,117
324,5873,119,117
324,5874,119,117
324,5875,119,117
324,5876,119,117
324,5877,119,117
324,5878,119,117
324,5879,119,117
324,5880,119,117
325,5881,119,117
325,5882,119,117
325,5883,119,117
325,5884,119,117
325,5885,119,117
325,5886,119,117
325,5887,119,117
325,5888,119,117
326,5889,119,117
326,5890,119,117
326,5891,119,117
326,5892,119,117
326,5893,119,117
326,5894,119,117
326,5895,119,117
326,5896,119,117
326,5897,119,117
326,5898,119,117
326,5899,119,117
326,5900,119,117
326,5901,119,117
326,5902,119,117
326,5903,119,117
326,5904,119,117
326,5905,119,117
326,5906,119,117
326,5907,119,117
326,5908,119,117
326,5909,119,117
326,5910,119,117
326,5911,119,117
326,5912,119,117
326,5913,119,117
326,5914,119,117
326,5915,119,117
326,5916,119,117
327,5917,119,117
327,5918,119,117
327,5919,119,117
327,5920,119,117
327,5921,119,117
327,5922,119,117
327,5923,119,117
327,5924,119,117
328,5925,119,117
328,5926,119,117
328,5927,119,117
328,5928,119,117
328,5929,119,117
328,5930,119,117
328,5931,119,117
328,5932,119,117
328,5933,119,117
328,5934,119,117
328,5935,119,117
328,5936,119,117
328,5937,119,117
328,5938,119,117
328,5939,119,117
328,5940,119,117
328,5941,119,117
328,5942,119,117
328,5943,119,117
328,5944,119,117
328,5945,119,117
328,5946,119,117
328,5947,119,117
328,5948,119,117
328,5949,119,117
328,5950,119,117
328,5951,119,117
328,5952,119,117
329,5953,119,117
329,5954,119,117
329,5955,119,117
329,5956,119,117
329,5957,119,117
329,5958,119,117
329,5959,119,117
329,5960,119,117
330,5961,119,117
330,5962,119,117
330,5963,119,117
330,5964,119,117
330,5965,119,117
330,5966,119,117
330,5967,119,117
330,5968,119,117
330,5969,119,117
330,5970,119,117
330,5971,119,117
330,5972,119,117
330,5973,119,117
330,5974,119,117
330,5975,119,117
330,5976,119,117
330,5977,119,117
330,5978,119,117
330,5979,119,117
330,5980,119,117
330,5981,119,117
330,5982,119,117
330,5983,119,117
330,5984,119,117
330,5985,119,117
330,5986,119,117
330,5987,119,117
330,5988,119,117
330,5989,119,117
331,5990,119,117
331,5991,119,117
331,5992,119,117
331,5993,119,117
331,5994,119,117
331,5995,119,117
331,5996,119,117
332,5997,119,117
332,5998,119,117
332,5999,119,117
332,6000,119,117
332,6001,119,117
332,6002,119,117
332,6003,119,117
332,6004,119,117
332,6005,119,117
332,6006,119,117
332,6007,119,117
332,6008,119,117
332,6009,119,117
332,6010,119,117
332,6011,119,117
332,6012,119,117
332,6013,119,117
332,6014,119,117
332,6015,119,117
332,6016,119,117
332,6017,119,117
332,6018,119,117
332,6019,119,117
332,6020,119,117
332,6021,119,117
332,6022,119,117
332,6023,119,117
332,6024,119,117
332,6025,119,117
332,6026,119,117
333,6027,119,117
333,6028,119,117
333,6029,119,117
333,6030,119,117
333,6031,119,117
333,6032,119,117
334,6033,119,117
334,6034,119,117
334,6035,119,117
334,6036,119,117
334,6037,119,117
334,6038,119,117
334,6039,119,117
334,6040,119,117
334,6041,119,117
334,6042,119,117
334,6043,119,117
334,6044,119,117
334,6045,119,117
334,6046,119,117
334,6047,119,117
334,6048,119,117
334,6049,119,117
334,6050,119,117
334,6051,119,117
334,6052,119,117
334,6053,119,117
334,6054,119,117
334,6055,119,117
334,6056,119,117
334,6057,119,117
334,6058,119,117
334,6059,119,117
334,6060,119,117
334,6061,119,117
334,6062,119,117
335,6063,119,117
335,6064,119,117
335,6065,119,117
335,6066,119,117
335,6067,119,117
335,6068,119,117
336,6069,119,117
336,6070,119,117
336,6071,119,117
336,6072,119,117
336,6073,119,117
336,6074,119,117
336,6075,119,117
336,6076,119,117
336,6077,119,117
336,6078,119,117
336,6079,119,117
336,6080,119,117
336,6081,119,117
336,6082,119,117
336,6083,119,117
336,6084,119,117
336,6085,119,117
336,6086,119,117
336,6087,119,117
336,6088,119,117
336,6089,119,117
336,6090,119,117
336,6091,119,117
336,6092,119,117
336,6093,119,117
336,6094,119,117
336,6095,119,117
336,6096,119,117
336,6097,119,117
336,6098,119,117
336,6099,119,117
337,6100,119,117
337,6101,119,117
337,6102,119,117
337,6103,119,117
337,6104,119,117
338,6105,119,117
338,6106,119,117
338,6107,119,117
338,6108,119,117
338,6109,119,117
338,6110,119,117
338,6111,119,117
338,6112,119,117
338,6113,119,117
338,6114,119,117
338,6115,119,117
338,6116,119,117
338,6117,119,117
338,6118,119,117
338,6119,119,117
338,6120,119,117
338,6121,119,117
338,6122,119,117
338,6123,119,117
338,6124,119,117
338,6125,119,117
338,6126,119,117
338,6127,119,117
338,6128,119,117
338,6129,119,117
338,6130,119,117
338,6131,119,117
338,6132,119,117
338,6133,119,117
338,6134,119,117
338,6135,119,117
338,6136,119,117
339,6137,119,117
339,6138,119,117
339,6139,119,117
339,6140,119,117
340,6141,119,117
340,6142,119,117
340,6143,119,117
340,6144,119,117
340,6145,119,117
340,6146,119,117
340,6147,119,117
340,6148,119,117
340,6149,119,117
340,6150,119,117
340,6151,119,117
340,6152,119,117
340,6153,119,117
340,6154,119,117
340,6155,119,117
340,6156,119,117
340,6157,119,117
340,6158,119,117
340,6159,119,117
340,6160,119,117
340,6161,119,117
340,6162,119,117
340,6163,119,117
340,6164,119,117
340,6165,119,117
340,6166,119,117
340,6167,119,117
340,6168,119,117
340,6169,119,117
341,6170,119,117
341,6171,119,117
341,6172,119,117
341,6173,119,117
341,6174,119,117
341,6175,119,117
341,6176,119,117
342,6177,119,117
342,6178,119,117
342,6179,119,117
342,6180,119,117
342,6181,119,117
342,6182,119,117
342,6183,119,117
342,6184,119,117
342,6185,119,117
342,6186,119,117
342,6187,119,117
342,6188,119,117
342,6189,119,117
342,6190,119,117
342,6191,119,117
342,6192,119,117
342,6193,119,117
342,6194,119,117
342,6195,119,117
342,6196,119,117
342,6197,119,117
342,6198,119,117
342,6199,119,117
342,6200,119,117
342,6201,119,117
342,6202,119,117
342,6203,119,117
342,6204,119,117
342,6205,119,117
343,6206,119,117
343,6207,119,117
343,6208,119,117
343,6209,119,117
343,6210,119,117
343,6211,119,117
343,6212,119,117
344,6213,119,117
344,6214,119,117
344,6215,119,117
344,6216,119,117
344,6217,119,117
344,6218,119,117
344,6219,119,117
344,6220,119,117
344,6221,119,117
344,6222,119,117
344,6223,119,117
344,6224,119,117
344,6225,119,117
344,6226,119,117
344,6227,119,117
344,6228,119,117
344,6229,119,117
344,6230,119,117
344,6231,119,117
344,6232,119,117
344,6233,119,117
344,6234,119,117
344,6235,119,117
344,6236,119,117
344,6237,119,117
344,6238,119,117
344,6239,119,117
344,6240,119,117
344,6241,119,117
344,6242,119,117
345,6243,119,117
345,6244,119,117
345,6245,119,117
345,6246,119,117
345,6247,119,117
345,6248,119,117
346,6249,119,117
346,6250,119,117
346,6251,119,117
346,6252,119,117
346,6253,119,117
346,6254,119,117
346,6255,119,117
346,6256,119,117
346,6257,119,117
346,6258,119,117
346,6259,119,117
346,6260,119,117
346,6261,119,117
346,6262,119,117
346,6263,119,117
346,6264,119,117
346,6265,119,117
346,6266,119,117
346,6267,119,117
346,6268,119,117
346,6269,119,117
346,6270,119,117
346,6271,119,117
346,6272,119,117
346,6273,119,117
346,6274,119,117
346,6275,119,117
346,6276,119,117
346,6277,119,117
346,6278,119,117
346,6279,119,117
347,6280,119,117
347,6281,119,117
347,6282,119,117
347,6283,119,117
348,6284,119,117
348,6285,119,117
348,6286,119,117
348,6287,119,117
348,6288,119,117
348,6289,119,117
348,6290,119,117
348,6291,119,117
348,6292,119,117
348,6293,119,117
348,6294,119,117
348,6295,119,117
348,6296,119,117
348,6297,119,117
348,6298,119,117
348,6299,119,117
348,6300,119,117
348,6301,119,117
348,6302,119,117
348,6303,119,117
348,6304,119,117
348,6305,119,117
348,6306,119,117
348,6307,119,117
348,6308,119,117
348,6309,119,117
348,6310,119,117
348,6311,119,117
348,6312,119,117
348,6313,119,117
348,6314,119,117
349,6315,119,117
349,6316,119,117
349,6317,119,117
349,6318,119,117
349,6319,119,117
350,6320,119,117
350,6321,119,117
350,6322,119,117
350,6323,119,117
350,6324,119,117
350,6325,119,117
350,6326,119,117
350,6327,119,117
350,6328,119,117
350,6329,119,117
350,6330,119,117
350,6331,119,117
350,6332,119,117
350,6333,119,117
350,6334,119,117
350,6335,119,117
350,6336,119,117
350,6337,119,117
350,6338,119,117
350,6339,119,117
350,6340,119,117
350,6341,119,117
350,6342,119,117
350,6343,119,117
350,6344,119,117
350,6345,119,117
350,6346,119,117
350,6347,119,117
350,6348,119,117
350,6349,119,117
350,6350,119,117
350,6351,119,117
351,6352,119,117
351,6353,119,117
351,6354,119,117
351,6355,119,117
352,6356,119,117
352,6357,119,117
352,6358,119,117
352,6359,119,117
352,6360,119,117
352,6361,119,117
352,6362,119,117
352,6363,119,117
352,6364,119,117
352,6365,119,117
352,6366,119,117
352,6367,119,117
352,6368,119,117
352,6369,119,117
352,6370,119,117
352,6371,119,117
352,6372,119,117
352,6373,119,117
352,6374,119,117
352,6375,119,117
352,6376,119,117
352,6377,119,117
352,6378,119,117
352,6379,119,117
352,6380,119,117
352,6381,119,117
352,6382,119,117
352,6383,119,117
352,6384,119,117
352,6385,119,117
352,6386,119,117
353,6387,119,117
353,6388,119,117
353,6389,119,117
353,6390,119,117
354,6391,119,117
354,6392,119,117
354,6393,119,117
354,6394,119,117
354,6395,119,117
354,6396,119,117
354,6397,119,117
354,6398,119,117
354,6399,119,117
354,6400,119,117
354,6401,119,117
354,6402,119,117
354,6403,119,117
354,6404,119,117
354,6405,119,117
354,6406,119,117
354,6407,119,117
354,6408,119,117
354,6409,119,117
354,6410,119,117
354,6411,119,117
354,6412,119,117
354,6413,119,117
354,6414,119,117
354,6415,119,117
354,6416,119,117
354,6417,119,117
354,6418,119,117
354,6419,119,117
354,6420,119,117
354,6421,119,117
354,6422,119,117
355,6423,119,117
355,6424,119,117
355,6425,119,117
355,6426,119,117
356,6427,119,117
356,6428,119,117
356,6429,119,117
356,6430,119,117
356,6431,119,117
356,6432,119,117
356,6433,119,117
356,6434,119,117
356,6435,119,117
356,6436,119,117
356,6437,119,117
356,6438,119,117
356,6439,119,117
356,6440,119,117
356,6441,119,117
356,6442,119,117
356,6443,119,117
356,6444,119,117
356,6445,119,117
356,6446,119,117
356,6447,119,117
356,6448,119,117
356,6449,119,117
356,6450,119,117
356,6451,119,117
356,6452,119,117
356,6453,119,117
356,6454,119,117
356,6455,119,117
356,6456,119,117
356,6457,119,117
356,6458,119,117
357,6459,119,117
357,6460,119,117
357,6461,119,117
357,6462,119,117
358,6463,119,117
358,6464,119,117
358,6465,119,117
358,6466,119,117
358,6467,119,117
358,6468,119,117
358,6469,119,117
358,6470,119,117
358,6471,119,117
358,6472,119,117
358,6473,119,117
358,6474,119,117
358,6475,119,117
358,6476,119,117
358,6477,119,117
358,6478,119,117
358,6479,119,117
358,6480,119,117
358,6481,119,117
358,6482,119,117
358,6483,119,117
358,6484,119,117
358,6485,119,117
358,6486,119,117
358,6487,119,117
358,6488,119,117
358,6489,119,117
358,6490,119,117
358,6491,119,117
358,6492,119,117
358,6493,119,117
358,6494,119,117
358,6495,119,117
359,6496,119,117
359,6497,119,117
359,6498,119,117
360,6499,119,117
360,6500,119,117
360,6501,119,117
360,6502,119,117
360,6503,119,117
360,6504,119,117
360,6505,119,117
360,6506,119,117
360,6507,119,117
360,6508,119,117
360,6509,119,117
360,6510,119,117
360,6511,119,117
360,6512,119,117
360,6513,119,117
360,6514,119,117
360,6515,119,117
360,6516,119,117
360,6517,119,117
360,6518,119,117
360,6519,119,117
360,6520,119,117
360,6521,119,117
360,6522,119,117
360,6523,119,117
360,6524,119,117
360,6525,119,117
360,6526,119,117
360,6527,119,117
360,6528,119,117
360,6529,119,117
360,6530,119,117
360,6531,119,117
360,6532,119,117
361,6533,119,117
362,6534,119,117
362,6535,119,117
362,6536,119,117
362,6537,119,117
362,6538,119,117
362,6539,119,117
362,6540,119,117
362,6541,119,117
362,6542,119,117
362,6543,119,117
362,6544,119,117
362,6545,119,117
362,6546,119,117
362,6547,119,117
362,6548,119,117
362,6549,119,117
362,6550,119,117
362,6551,119,117
362,6552,119,117
362,6553,119,117
362,6554,119,117
362,6555,119,117
362,6556,119,117
362,6557,119,117
362,6558,119,117
362,6559,119,117
362,6560,119,117
362,6561,119,117
362,6562,119,117
362,6563,119,117
362,6564,119,117
362,6565,119,117
362,6566,119,117
362,6567,119,117
362,6568,119,117
363,6569,119,117
364,6570,119,117
364,6571,119,117
364,6572,119,117
364,6573,119,117
364,6574,119,117
364,6575,119,117
364,6576,119,117
364,6577,119,117
364,6578,119,117
364,6579,119,117
364,6580,119,117
364,6581,119,117
364,6582,119,117
364,6583,119,117
364,6584,119,117
364,6585,119,117
364,6586,119,117
364,6587,119,117
364,6588,119,117
364,6589,119,117
364,6590,119,117
364,6591,119,117
364,6592,119,117
364,6593,119,117
364,6594,119,117
364,6595,119,117
364,6596,119,117
364,6597,119,117
364,6598,119,117
364,6599,119,117
364,6600,119,117
364,6601,119,117
364,6602,119,117
364,6603,119,117
364,6604,119,117
364,6605,119,117
366,6606,119,117
366,6607,119,117
366,6608,119,117
366,6609,119,117
366,6610,119,117
366,6611,119,117
366,6612,119,117
366,6613,119,117
366,6614,119,117
366,6615,119,117
366,6616,119,117
366,6617,119,117
366,6618,119,117
366,6619,119,117
366,6620,119,117
366,6621,119,117
366,6622,119,117
366,6623,119,117
366,6624,119,117
366,6625,119,117
366,6626,119,117
366,6627,119,117
366,6628,119,117
366,6629,119,117
366,6630,119,117
366,6631,119,117
366,6632,119,117
366,6633,119,117
366,6634,119,117
366,6635,119,117
366,6636,119,117
366,6637,119,117
366,6638,119,117
366,6639,119,117
366,6640,119,117
366,6641,119,117
366,6642,119,117
368,6643,119,117
368,6644,119,117
368,6645,119,117
368,6646,119,117
368,6647,119,117
368,6648,119,117
368,6649,119,117
368,6650,119,117
368,6651,119,117
368,6652,119,117
368,6653,119,117
368,6654,119,117
368,6655,119,117
368,6656,119,117
368,6657,119,117
368,6658,119,117
368,6659,119,117
368,6660,119,117
368,6661,119,117
368,6662,119,117
368,6663,119,117
368,6664,119,117
368,6665,119,117
368,6666,119,117
368,6667,119,117
368,6668,119,117
368,6669,119,117
368,6670,119,117
368,6671,119,117
368,6672,119,117
368,6673,119,117
368,6674,119,117
368,6675,119,117
368,6676,119,117
368,6677,119,117
368,6678,119,117
369,6679,119,117
370,6680,119,117
370,6681,119,117
370,6682,119,117
370,6683,119,117
370,6684,119,117
370,6685,119,117
370,6686,119,117
370,6687,119,117
370,6688,119,117
370,6689,119,117
370,6690,119,117
370,6691,119,117
370,6692,119,117
370,6693,119,117
370,6694,119,117
370,6695,119,117
370,6696,119,117
370,6697,119,117
370,6698,119,117
370,6699,119,117
370,6700,119,117
370,6701,119,117
370,6702,119,117
370,6703,119,117
370,6704,119,117
370,6705,119,117
370,6706,119,117
370,6707,119,117
370,6708,119,117
370,6709,119,117
370,6710,119,117
370,6711,119,117
370,6712,119,117
370,6713,119,117
370,6714,119,117
371,6715,119,117
372,6716,119,117
372,6717,119,117
372,6718,119,117
372,6719,119,117
372,6720,119,117
372,6721,119,117
372,6722,119,117
372,6723,119,117
372,6724,119,117
372,6725,119,117
372,6726,119,117
372,6727,119,117
372,6728,119,117
372,6729,119,117
372,6730,119,117
372,6731,119,117
372,6732,119,117
372,6733,119,117
372,6734,119,117
372,6735,119,117
372,6736,119,117
372,6737,119,117
372,6738,119,117
372,6739,119,117
372,6740,119,117
372,6741,119,117
372,6742,119,117
372,6743,119,117
372,6744,119,117
372,6745,119,117
372,6746,119,117
372,6747,119,117
372,6748,119,117
372,6749,119,117
372,6750,119,117
373,6751,119,117
373,6752,119,117
374,6753,119,118
374,6754,119,118
374,6755,119,118
374,6756,119,118
374,6757,119,118
374,6758,119,118
374,6759,119,118
374,6760,119,118
374,6761,119,118
374,6762,119,118
374,6763,119,118
374,6764,119,118
374,6765,119,118
374,6766,119,118
374,6767,119,118
374,6768,119,118
374,6769,119,118
374,6770,119,118
374,6771,119,118
374,6772,119,118
374,6773,119,118
374,6774,119,118
374,6775,119,118
374,6776,119,118
374,6777,119,118
374,6778,119,118
374,6779,119,118
374,6780,119,118
374,6781,119,118
374,6782,119,118
374,6783,119,118
374,6784,119,118
374,6785,119,118
374,6786,119,118
375,6787,119,118
375,6788,119,118
375,6789,119,118
376,6790,119,118
376,6791,119,118
376,6792,119,118
376,6793,119,118
376,6794,119,118
376,6795,119,118
376,6796,119,118
376,6797,119,118
376,6798,119,118
376,6799,119,118
376,6800,119,118
376,6801,119,118
376,6802,119,118
376,6803,119,118
376,6804,119,118
376,6805,119,118
376,6806,119,118
376,6807,119,118
376,6808,119,118
376,6809,119,118
376,6810,119,118
376,6811,119,118
376,6812,119,118
376,6813,119,118
376,6814,119,118
376,6815,119,118
376,6816,119,118
376,6817,119,118
376,6818,119,118
376,6819,119,118
376,6820,119,118
376,6821,119,118
376,6822,119,118
377,6823,119,118
377,6824,119,118
377,6825,119,118
378,6826,119,118
378,6827,119,118
378,6828,119,118
378,6829,119,118
378,6830,119,118
378,6831,119,118
378,6832,119,118
378,6833,119,118
378,6834,119,118
378,6835,119,118
378,6836,119,118
378,6837,119,118
378,6838,119,118
378,6839,119,118
378,6840,119,118
378,6841,119,118
378,6842,119,118
378,6843,119,118
378,6844,119,118
378,6845,119,118
378,6846,119,118
378,6847,119,118
378,6848,119,118
378,6849,119,118
378,6850,119,118
378,6851,119,118
378,6852,119,118
378,6853,119,118
378,6854,119,118
378,6855,119,118
378,6856,119,118
378,6857,119,118
378,6858,119,118
379,6859,119,118
379,6860,119,118
379,6861,119,118
380,6862,119,118
380,6863,119,118
380,6864,119,118
380,6865,119,118
380,6866,119,118
380,6867,119,118
380,6868,119,118
380,6869,119,118
380,6870,119,118
380,6871,119,118
380,6872,119,118
380,6873,119,118
380,6874,119,118
380,6875,119,118
380,6876,119,118
380,6877,119,118
380,6878,119,118
380,6879,119,118
380,6880,119,118
380,6881,119,118
380,6882,119,118
380,6883,119,118
380,6884,119,118
380,6885,119,118
380,6886,119,118
380,6887,119,118
380,6888,119,118
380,6889,119,118
380,6890,119,118
380,6891,119,118
380,6892,119,118
380,6893,119,118
380,6894,119,118
381,6895,119,118
381,6896,119,118
381,6897,119,118
381,6898,119,118
382,6899,119,118
382,6900,119,118
382,6901,119,118
382,6902,119,118
382,6903,119,118
382,6904,119,118
382,6905,119,118
382,6906,119,118
382,6907,119,118
382,6908,119,118
382,6909,119,118
382,6910,119,118
382,6911,119,118
382,6912,119,118
382,6913,119,118
382,6914,119,118
382,6915,119,118
382,6916,119,118
382,6917,119,118
382,6918,119,118
382,6919,119,118
382,6920,119,118
382,6921,119,118
382,6922,119,118
382,6923,119,118
382,6924,119,118
382,6925,119,118
382,6926,119,118
382,6927,119,118
382,6928,119,118
382,6929,119,118
382,6930,119,118
383,6931,119,118
383,6932,119,118
383,6933,119,118
383,6934,119,118
383,6935,119,118
384,6936,119,118
384,6937,119,118
384,6938,119,118
384,6939,119,118
384,6940,119,118
384,6941,119,118
384,6942,119,118
384,6943,119,118
384,6944,119,118
384,6945,119,118
384,6946,119,118
384,6947,119,118
384,6948,119,118
384,6949,119,118
384,6950,119,118
384,6951,119,118
384,6952,119,118
384,6953,119,118
384,6954,119,118
384,6955,119,118
384,6956,119,118
384,6957,119,118
384,6958,119,118
384,6959,119,118
384,6960,119,118
384,6961,119,118
384,6962,119,118
384,6963,119,118
384,6964,119,118
384,6965,119,118
384,6966,119,118
385,6967,119,118
385,6968,119,118
385,6969,119,118
385,6970,119,118
385,6971,119,118
386,6972,119,118
386,6973,119,118
386,6974,119,118
386,6975,119,118
386,6976,119,118
386,6977,119,118
386,6978,119,118
386,6979,119,118
386,6980,119,118
386,6981,119,118
386,6982,119,118
386,6983,119,118
386,6984,119,118
386,6985,119,118
386,6986,119,118
386,6987,119,118
386,6988,119,118
386,6989,119,118
386,6990,119,118
386,6991,119,118
386,6992,119,118
386,6993,119,118
386,6994,119,118
386,6995,119,118
386,6996,119,118
386,6997,119,118
386,6998,119,118
386,6999,119,118
386,7000,119,118
386,7001,119,118
386,7002,119,118
387,7003,119,118
387,7004,119,118
387,7005,119,118
387,7006,119,118
387,7007,119,118
387,7008,119,118
388,7009,119,118
388,7010,119,118
388,7011,119,118
388,7012,119,118
388,7013,119,118
388,7014,119,118
388,7015,119,118
388,7016,119,118
388,7017,119,118
388,7018,119,118
388,7019,119,118
388,7020,119,118
388,7021,119,118
388,7022,119,118
388,7023,119,118
388,7024,119,118
388,7025,119,118
388,7026,119,118
388,7027,119,118
388,7028,119,118
388,7029,119,118
388,7030,119,118
388,7031,119,118
388,7032,119,118
388,7033,119,118
388,7034,119,118
388,7035,119,118
388,7036,119,118
388,7037,119,118
388,7038,119,118
389,7039,119,118
389,7040,119,118
389,7041,119,118
389,7042,119,118
389,7043,119,118
389,7044,119,118
390,7045,119,118
390,7046,119,118
390,7047,119,118
390,7048,119,118
390,7049,119,118
390,7050,119,118
390,7051,119,118
390,7052,119,118
390,7053,119,118
390,7054,119,118
390,7055,119,118
390,7056,119,118
390,7057,119,118
390,7058,119,118
390,7059,119,118
390,7060,119,118
390,7061,119,118
390,7062,119,118
390,7063,119,118
390,7064,119,118
390,7065,119,118
390,7066,119,118
390,7067,119,118
390,7068,119,118
390,7069,119,118
390,7070,119,118
390,7071,119,118
390,7072,119,118
390,7073,119,118
390,7074,119,118
391,7075,119,118
391,7076,119,118
391,7077,119,118
391,7078,119,118
391,7079,119,118
392,7080,119,118
392,7081,119,118
392,7082,119,118
392,7083,119,118
392,7084,119,118
392,7085,119,118
392,7086,119,118
392,7087,119,118
392,7088,119,118
392,7089,119,118
392,7090,119,118
392,7091,119,118
392,7092,119,118
392,7093,119,118
392,7094,119,118
392,7095,119,118
392,7096,119,118
392,7097,119,118
392,7098,119,118
392,7099,119,118
392,7100,119,118
392,7101,119,118
392,7102,119,118
392,7103,119,118
392,7104,119,118
392,7105,119,118
392,7106,119,118
392,7107,119,118
392,7108,119,118
392,7109,119,118
392,7110,119,118
393,7111,119,118
393,7112,119,118
393,7113,119,118
393,7114,119,118
393,7115,119,118
394,7116,119,118
394,7117,119,118
394,7118,119,118
394,7119,119,118
394,7120,119,118
394,7121,119,118
394,7122,119,118
394,7123,119,118
394,7124,119,118
394,7125,119,118
394,7126,119,118
394,7127,119,118
394,7128,119,118
394,7129,119,118
394,7130,119,118
394,7131,119,118
394,7132,119,118
394,7133,119,118
394,7134,119,118
394,7135,119,118
394,7136,119,118
394,7137,119,118
394,7138,119,118
394,7139,119,118
394,7140,119,118
394,7141,119,118
394,7142,119,118
394,7143,119,118
394,7144,119,118
395,7145,119,118
395,7146,119,118
395,7147,119,118
395,7148,119,118
395,7149,119,118
395,7150,119,118
395,7151,119,118
395,7152,119,118
396,7153,119,118
396,7154,119,118
396,7155,119,118
396,7156,119,118
396,7157,119,118
396,7158,119,118
396,7159,119,118
396,7160,119,118
396,7161,119,118
396,7162,119,118
396,7163,119,118
396,7164,119,118
396,7165,119,118
396,7166,119,118
396,7167,119,118
396,7168,119,118
396,7169,119,118
396,7170,119,118
396,7171,119,118
396,7172,119,118
396,7173,119,118
396,7174,119,118
396,7175,119,118
396,7176,119,118
396,7177,119,118
396,7178,119,118
396,7179,119,118
396,7180,119,118
397,7181,119,118
397,7182,119,118
397,7183,119,118
397,7184,119,118
397,7185,119,118
397,7186,119,118
397,7187,119,118
397,7188,119,118
397,7189,119,118
398,7190,119,118
398,7191,119,118
398,7192,119,118
398,7193,119,118
398,7194,119,118
398,7195,119,118
398,7196,119,118
398,7197,119,118
398,7198,119,118
398,7199,119,118
398,7200,119,118
398,7201,119,118
398,7202,119,118
398,7203,119,118
398,7204,119,118
398,7205,119,118
398,7206,119,118
398,7207,119,118
398,7208,119,118
398,7209,119,118
398,7210,119,118
398,7211,119,118
398,7212,119,118
398,7213,119,118
398,7214,119,118
398,7215,119,118
399,7216,119,118
399,7217,119,118
399,7218,119,118
399,7219,119,118
399,7220,119,118
399,7221,119,118
399,7222,119,118
399,7223,119,118
399,7224,119,118
400,7225,119,118
400,7226,119,118
400,7227,119,118
400,7228,119,118
400,7229,119,118
400,7230,119,118
400,7231,119,118
400,7232,119,118
400,7233,119,118
400,7234,119,118
400,7235,119,118
400,7236,119,118
400,7237,119,118
400,7238,119,118
400,7239,119,118
400,7240,119,118
400,7241,119,118
400,7242,119,118
400,7243,119,118
400,7244,119,118
400,7245,119,118
400,7246,119,118
400,7247,119,118
400,7248,119,118
400,7249,119,118
400,7250,119,118
400,7251,119,118
401,7252,119,118
401,7253,119,118
401,7254,119,118
401,7255,119,118
401,7256,119,118
401,7257,119,118
401,7258,119,118
401,7259,119,118
401,7260,119,118
401,7261,119,118
402,7262,119,118
402,7263,119,118
402,7264,119,118
402,7265,119,118
402,7266,119,118
402,7267,119,118
402,7268,119,118
402,7269,119,118
402,7270,119,118
402,7271,119,118
402,7272,119,118
402,7273,119,118
402,7274,119,118
402,7275,119,118
402,7276,119,118
402,7277,119,118
402,7278,119,118
402,7279,119,118
402,7280,119,118
402,7281,119,118
402,7282,119,118
402,7283,119,118
402,7284,119,118
402,7285,119,118
402,7286,119,118
402,7287,119,118
403,7288,119,118
403,7289,119,118
403,7290,119,118
403,7291,119,118
403,7292,119,118
403,7293,119,118
403,7294,119,118
403,7295,119,118
404,7296,119,118
404,7297,119,118
404,7298,119,118
404,7299,119,118
404,7300,119,118
404,7301,119,118
404,7302,119,118
404,7303,119,118
404,7304,119,118
404,7305,119,118
404,7306,119,118
404,7307,119,118
404,7308,119,118
404,7309,119,118
404,7310,119,118
404,7311,119,118
404,7312,119,118
404,7313,119,118
404,7314,119,118
404,7315,119,118
404,7316,119,118
404,7317,119,118
404,7318,119,118
404,7319,119,118
404,7320,119,118
404,7321,119,118
404,7322,119,118
404,7323,119,118
405,7324,119,118
405,7325,119,118
405,7326,119,118
405,7327,119,118
405,7328,119,118
405,7329,119,118
405,7330,119,118
405,7331,119,118
406,7332,119,118
406,7333,119,118
406,7334,119,118
406,7335,119,118
406,7336,119,118
406,7337,119,118
406,7338,119,118
406,7339,119,118
406,7340,119,118
406,7341,119,118
406,7342,119,118
406,7343,119,118
406,7344,119,118
406,7345,119,118
406,7346,119,118
406,7347,119,118
406,7348,119,118
406,7349,119,118
406,7350,119,118
406,7351,119,118
406,7352,119,118
406,7353,119,118
406,7354,119,118
406,7355,119,118
406,7356,119,118
406,7357,119,118
406,7358,119,118
406,7359,119,118
407,7360,119,118
407,7361,119,118
407,7362,119,118
407,7363,119,118
407,7364,119,118
407,7365,119,118
407,7366,119,118
407,7367,119,118
408,7368,119,118
408,7369,119,118
408,7370,119,118
408,7371,119,118
408,7372,119,118
408,7373,119,118
408,7374,119,118
408,7375,119,118
408,7376,119,118
408,7377,119,118
408,7378,119,118
408,7379,119,118
408,7380,119,118
408,7381,119,118
408,7382,119,118
408,7383,119,118
408,7384,119,118
408,7385,119,118
408,7386,119,118
408,7387,119,118
408,7388,119,118
408,7389,119,118
408,7390,119,118
408,7391,119,118
408,7392,119,118
408,7393,119,118
408,7394,119,118
408,7395,119,118
409,7396,119,118
409,7397,119,118
409,7398,119,118
409,7399,119,118
409,7400,119,118
409,7401,119,118
409,7402,119,118
409,7403,119,118
410,7404,119,118
410,7405,119,118
410,7406,119,118
410,7407,119,118
410,7408,119,118
410,7409,119,118
410,7410,119,118
410,7411,119,118
410,7412,119,118
410,7413,119,118
410,7414,119,118
410,7415,119,118
410,7416,119,118
410,7417,119,118
410,7418,119,118
410,7419,119,118
410,7420,119,118
410,7421,119,118
410,7422,119,118
410,7423,119,118
410,7424,119,118
410,7425,119,118
410,7426,119,118
410,7427,119,118
410,7428,119,118
410,7429,119,118
410,7430,119,118
410,7431,119,118
410,7432,119,118
411,7433,119,118
411,7434,119,118
411,7435,119,118
411,7436,119,118
411,7437,119,118
411,7438,119,118
411,7439,119,118
412,7440,119,118
412,7441,119,118
412,7442,119,118
412,7443,119,118
412,7444,119,118
412,7445,119,118
412,7446,119,118
412,7447,119,118
412,7448,119,118
412,7449,119,118
412,7450,119,118
412,7451,119,118
412,7452,119,118
412,7453,119,118
412,7454,119,118
412,7455,119,118
412,7456,119,118
412,7457,119,118
412,7458,119,118
412,7459,119,118
412,7460,119,118
412,7461,119,118
412,7462,119,118
412,7463,119,118
412,7464,119,118
412,7465,119,118
412,7466,119,118
412,7467,119,118
412,7468,119,118
412,7469,119,118
413,7470,119,118
413,7471,119,118
413,7472,119,118
413,7473,119,118
413,7474,119,118
413,7475,119,118
414,7476,119,118
414,7477,119,118
414,7478,119,118
414,7479,119,118
414,7480,119,118
414,7481,119,118
414,7482,119,118
414,7483,119,118
414,7484,119,118
414,7485,119,118
414,7486,119,118
414,7487,119,118
414,7488,119,118
414,7489,119,118
414,7490,119,118
414,7491,119,118
414,7492,119,118
414,7493,119,118
414,7494,119,118
414,7495,119,118
414,7496,119,118
414,7497,119,118
414,7498,119,118
414,7499,119,118
414,7500,119,118
414,7501,119,118
414,7502,119,118
414,7503,119,118
414,7504,119,118
414,7505,119,118
415,7506,119,118
415,7507,119,118
415,7508,119,118
415,7509,119,118
415,7510,119,118
415,7511,119,118
416,7512,119,118
416,7513,119,118
416,7514,119,118
416,7515,119,118
416,7516,119,118
416,7517,119,118
416,7518,119,118
416,7519,119,118
416,7520,119,118
416,7521,119,118
416,7522,119,118
416,7523,119,118
416,7524,119,118
416,7525,119,118
416,7526,119,118
416,7527,119,118
416,7528,119,118
416,7529,119,118
416,7530,119,118
416,7531,119,118
416,7532,119,118
416,7533,119,118
416,7534,119,118
416,7535,119,118
416,7536,119,118
416,7537,119,118
416,7538,119,118
416,7539,119,118
416,7540,119,118
416,7541,119,118
417,7542,119,118
417,7543,119,118
417,7544,119,118
417,7545,119,118
417,7546,119,118
418,7547,119,118
418,7548,119,118
418,7549,119,118
418,7550,119,118
418,7551,119,118
418,7552,119,118
418,7553,119,118
418,7554,119,118
418,7555,119,118
418,7556,119,118
418,7557,119,118
418,7558,119,118
418,7559,119,118
418,7560,119,118
418,7561,119,118
418,7562,119,118
418,7563,119,118
418,7564,119,118
418,7565,119,118
418,7566,119,118
418,7567,119,118
418,7568,119,118
418,7569,119,118
418,7570,119,118
418,7571,119,118
418,7572,119,118
418,7573,119,118
418,7574,119,118
418,7575,119,118
418,7576,119,118
418,7577,119,118
418,7578,119,118
419,7579,119,118
419,7580,119,118
419,7581,119,118
419,7582,119,118
420,7583,119,118
420,7584,119,118
420,7585,119,118
420,7586,119,118
420,7587,119,118
420,7588,119,118
420,7589,119,118
420,7590,119,118
420,7591,119,118
420,7592,119,118
420,7593,119,118
420,7594,119,118
420,7595,119,118
420,7596,119,118
420,7597,119,118
420,7598,119,118
420,7599,119,118
420,7600,119,118
420,7601,119,118
420,7602,119,118
420,7603,119,118
420,7604,119,118
420,7605,119,118
420,7606,119,118
420,7607,119,118
420,7608,119,118
420,7609,119,118
420,7610,119,118
420,7611,119,118
420,7612,119,118
420,7613,119,118
420,7614,119,118
420,7615,119,118
421,7616,119,118
421,7617,119,118
421,7618,119,118
422,7619,119,118
422,7620,119,118
422,7621,119,118
422,7622,119,118
422,7623,119,118
422,7624,119,118
422,7625,119,118
422,7626,119,118
422,7627,119,118
422,7628,119,118
422,7629,119,118
422,7630,119,118
422,7631,119,118
422,7632,119,118
422,7633,119,118
422,7634,119,118
422,7635,119,118
422,7636,119,118
422,7637,119,118
422,7638,119,118
422,7639,119,118
422,7640,119,118
422,7641,119,118
422,7642,119,118
422,7643,119,118
422,7644,119,118
422,7645,119,118
422,7646,119,118
422,7647,119,118
422,7648,119,118
422,7649,119,118
422,7650,119,118
422,7651,119,118
423,7652,119,118
423,7653,119,118
423,7654,119,118
424,7655,119,118
424,7656,119,118
424,7657,119,118
424,7658,119,118
424,7659,119,118
424,7660,119,118
424,7661,119,118
424,7662,119,118
424,7663,119,118
424,7664,119,118
424,7665,119,118
424,7666,119,118
424,7667,119,118
424,7668,119,118
424,7669,119,118
424,7670,119,118
424,7671,119,118
424,7672,119,118
424,7673,119,118
424,7674,119,118
424,7675,119,118
424,7676,119,118
424,7677,119,118
424,7678,119,118
424,7679,119,118
424,7680,119,118
424,7681,119,118
424,7682,119,118
424,7683,119,118
424,7684,119,118
424,7685,119,118
424,7686,119,118
424,7687,119,118
424,7688,119,118
425,7689,119,118
425,7690,119,118
426,7691,119,118
426,7692,119,118
426,7693,119,118
426,7694,119,118
426,7695,119,118
426,7696,119,118
426,7697,119,118
426,7698,119,118
426,7699,119,118
426,7700,119,118
426,7701,119,118
426,7702,119,118
426,7703,119,118
426,7704,119,118
426,7705,119,118
426,7706,119,118
426,7707,119,118
426,7708,119,118
426,7709,119,118
426,7710,119,118
426,7711,119,118
426,7712,119,118
426,7713,119,118
426,7714,119,118
426,7715,119,118
426,7716,119,118
426,7717,119,118
426,7718,119,118
426,7719,119,118
426,7720,119,118
426,7721,119,118
426,7722,119,118
426,7723,119,118
426,7724,119,118
427,7725,119,118
428,7726,119,118
428,7727,119,118
428,7728,119,118
428,7729,119,118
428,7730,119,118
428,7731,119,118
428,7732,119,118
428,7733,119,118
428,7734,119,118
428,7735,119,118
428,7736,119,118
428,7737,119,118
428,7738,119,118
428,7739,119,118
428,7740,119,118
428,7741,119,118
428,7742,119,118
428,7743,119,118
428,7744,119,118
428,7745,119,118
428,7746,119,118
428,7747,119,118
428,7748,119,118
428,7749,119,118
428,7750,119,118
428,7751,119,118
428,7752,119,118
428,7753,119,118
428,7754,119,118
428,7755,119,118
428,7756,119,118
428,7757,119,118
428,7758,119,118
429,7759,119,118
429,7760,119,118
429,7761,119,118
430,7762,119,118
430,7763,119,118
430,7764,119,118
430,7765,119,118
430,7766,119,118
430,7767,119,118
430,7768,119,118
430,7769,119,118
430,7770,119,118
430,7771,119,118
430,7772,119,118
430,7773,119,118
430,7774,119,118
430,7775,119,118
430,7776,119,118
430,7777,119,118
430,7778,119,118
430,7779,119,118
430,7780,119,118
430,7781,119,118
430,7782,119,118
430,7783,119,118
430,7784,119,118
430,7785,119,118
430,7786,119,118
430,7787,119,118
430,7788,119,118
430,7789,119,118
430,7790,119,118
430,7791,119,118
430,7792,119,118
430,7793,119,118
430,7794,119,118
431,7795,119,118
431,7796,119,118
431,7797,119,118
432,7798,119,118
432,7799,119,118
432,7800,119,118
432,7801,119,118
432,7802,119,118
432,7803,119,118
432,7804,119,118
432,7805,119,118
432,7806,119,118
432,7807,119,118
432,7808,119,118
432,7809,119,118
432,7810,119,118
432,7811,119,118
432,7812,119,118
432,7813,119,118
432,7814,119,118
432,7815,119,118
432,7816,119,118
432,7817,119,118
432,7818,119,118
432,7819,119,118
432,7820,119,118
432,7821,119,118
432,7822,119,118
432,7823,119,118
432,7824,119,118
432,7825,119,118
432,7826,119,118
432,7827,119,118
432,7828,119,118
432,7829,119,118
432,7830,119,118
432,7831,119,118
433,7832,119,118
433,7833,119,118
434,7834,119,118
434,7835,119,118
434,7836,119,118
434,7837,119,118
434,7838,119,118
434,7839,119,118
434,7840,119,118
434,7841,119,118
434,7842,119,118
434,7843,119,118
434,7844,119,118
434,7845,119,118
434,7846,119,118
434,7847,119,118
434,7848,119,118
434,7849,119,118
434,7850,119,118
434,7851,119,118
434,7852,119,118
434,7853,119,118
434,7854,119,118
434,7855,119,118
434,7856,119,118
434,7857,119,118
434,7858,119,118
434,7859,119,118
434,7860,119,118
434,7861,119,118
434,7862,119,118
434,7863,119,118
434,7864,119,118
434,7865,119,118
434,7866,119,118
435,7867,119,118
435,7868,119,118
436,7869,119,118
436,7870,119,118
436,7871,119,118
436,7872,119,118
436,7873,119,118
436,7874,119,118
436,7875,119,118
436,7876,119,118
436,7877,119,118
436,7878,119,118
436,7879,119,118
436,7880,119,118
436,7881,119,118
436,7882,119,118
436,7883,119,118
436,7884,119,118
436,7885,119,118
436,7886,119,118
436,7887,119,118
436,7888,119,118
436,7889,119,118
436,7890,119,118
436,7891,119,118
436,7892,119,118
436,7893,119,118
436,7894,119,118
436,7895,119,118
436,7896,119,118
436,7897,119,118
436,7898,119,118
436,7899,119,118
436,7900,119,118
436,7901,119,118
436,7902,119,118
437,7903,119,118
437,7904,119,118
438,7905,119,118
438,7906,119,118
438,7907,119,118
438,7908,119,118
438,7909,119,118
438,7910,119,118
438,7911,119,118
438,7912,119,118
438,7913,119,118
438,7914,119,118
438,7915,119,118
438,7916,119,118
438,7917,119,118
438,7918,119,118
438,7919,119,118
438,7920,119,118
438,7921,119,118
438,7922,119,118
438,7923,119,118
438,7924,119,118
438,7925,119,118
438,7926,119,118
438,7927,119,118
438,7928,119,118
438,7929,119,118
438,7930,119,118
438,7931,119,118
438,7932,119,118
438,7933,119,118
438,7934,119,118
438,7935,119,118
438,7936,119,118
438,7937,119,118
438,7938,119,118
438,7939,119,118
439,7940,119,118
440,7941,119,118
440,7942,119,118
440,7943,119,118
440,7944,119,118
440,7945,119,118
440,7946,119,118
440,7947,119,118
440,7948,119,118
440,7949,119,118
440,7950,119,118
440,7951,119,118
440,7952,119,118
440,7953,119,118
440,7954,119,118
440,7955,119,118
440,7956,119,118
440,7957,119,118
440,7958,119,118
440,7959,119,118
440,7960,119,118
440,7961,119,118
440,7962,119,118
440,7963,119,118
440,7964,119,118
440,7965,119,118
440,7966,119,118
440,7967,119,118
440,7968,119,118
440,7969,119,118
440,7970,119,118
440,7971,119,118
440,7972,119,118
440,7973,119,118
440,7974,119,118
440,7975,119,118
440,7976,119,118
442,7977,119,118
442,7978,119,118
442,7979,119,118
442,7980,119,118
442,7981,119,118
442,7982,119,118
442,7983,119,118
442,7984,119,118
442,7985,119,118
442,7986,119,118
442,7987,119,118
442,7988,119,118
442,7989,119,118
442,7990,119,118
442,7991,119,118
442,7992,119,118
442,7993,119,118
442,7994,119,118
442,7995,119,118
442,7996,119,118
442,7997,119,118
442,7998,119,118
442,7999,119,118
442,8000,119,118
442,8001,119,118
442,8002,119,118
442,8003,119,118
442,8004,119,118
442,8005,119,118
442,8006,119,118
442,8007,119,118
442,8008,119,118
442,8009,119,118
442,8010,119,118
442,8011,119,118
443,8012,119,118
444,8013,119,118
444,8014,119,118
444,8015,119,118
444,8016,119,118
444,8017,119,118
444,8018,119,118
444,8019,119,118
444,8020,119,118
444,8021,119,118
444,8022,119,118
444,8023,119,118
444,8024,119,118
444,8025,119,118
444,8026,119,118
444,8027,119,118
444,8028,119,118
444,8029,119,118
444,8030,119,118
444,8031,119,118
444,8032,119,118
444,8033,119,118
444,8034,119,118
444,8035,119,118
444,8036,119,118
444,8037,119,118
444,8038,119,118
444,8039,119,118
444,8040,119,118
444,8041,119,118
444,8042,119,118
444,8043,119,118
444,8044,119,118
444,8045,119,118
444,8046,119,118
444,8047,119,118
445,8048,119,118
446,8049,119,118
446,8050,119,118
446,8051,119,118
446,8052,119,118
446,8053,119,118
446,8054,119,118
446,8055,119,118
446,8056,119,118
446,8057,119,118
446,8058,119,118
446,8059,119,118
446,8060,119,118
446,8061,119,118
446,8062,119,118
446,8063,119,118
446,8064,119,118
446,8065,119,118
446,8066,119,118
446,8067,119,118
446,8068,119,118
446,8069,119,118
446,8070,119,118
446,8071,119,118
446,8072,119,118
446,8073,119,118
446,8074,119,118
446,8075,119,118
446,8076,119,118
446,8077,119,118
446,8078,119,118
446,8079,119,118
446,8080,119,118
446,8081,119,118
446,8082,119,118
446,8083,119,118
446,8084,119,118
448,8085,119,118
448,8086,119,118
448,8087,119,118
448,8088,119,118
448,8089,119,118
448,8090,119,118
448,8091,119,118
448,8092,119,118
448,8093,119,118
448,8094,119,118
448,8095,119,118
448,8096,119,118
448,8097,119,118
448,8098,119,118
448,8099,119,118
448,8100,119,118
448,8101,119,118
448,8102,119,118
448,8103,119,118
448,8104,119,118
448,8105,119,118
448,8106,119,118
448,8107,119,118
448,8108,119,118
448,8109,119,118
448,8110,119,118
448,8111,119,118
448,8112,119,118
448,8113,119,118
448,8114,119,118
448,8115,119,118
448,8116,119,118
449,8117,119,118
449,8118,119,118
449,8119,119,118
449,8120,119,118
449,8121,119,118
450,8122,119,118
450,8123,119,118
450,8124,119,118
450,8125,119,118
450,8126,119,118
450,8127,119,118
450,8128,119,118
450,8129,119,118
450,8130,119,118
450,8131,119,118
450,8132,119,118
450,8133,119,118
450,8134,119,118
450,8135,119,118
450,8136,119,118
450,8137,119,118
450,8138,119,118
450,8139,119,118
450,8140,119,118
450,8141,119,118
450,8142,119,118
450,8143,119,118
450,8144,119,118
450,8145,119,118
450,8146,119,118
450,8147,119,118
450,8148,119,118
450,8149,119,118
450,8150,119,118
450,8151,119,118
450,8152,119,118
451,8153,119,118
451,8154,119,118
451,8155,119,118
451,8156,119,118
451,8157,119,118
452,8158,119,118
452,8159,119,118
452,8160,119,118
452,8161,119,118
452,8162,119,118
452,8163,119,118
452,8164,119,118
452,8165,119,118
452,8166,119,118
452,8167,119,118
452,8168,119,118
452,8169,119,118
452,8170,119,118
452,8171,119,118
452,8172,119,118
452,8173,119,118
452,8174,119,118
452,8175,119,118
452,8176,119,118
452,8177,119,118
452,8178,119,118
452,8179,119,118
452,8180,119,118
452,8181,119,118
452,8182,119,118
452,8183,119,118
452,8184,119,118
452,8185,119,118
452,8186,119,118
452,8187,119,118
452,8188,119,118
453,8189,119,118
453,8190,119,118
453,8191,119,118
453,8192,119,118
453,8193,119,118
454,8194,119,118
454,8195,119,118
454,8196,119,118
454,8197,119,118
454,8198,119,118
454,8199,119,118
454,8200,119,118
454,8201,119,118
454,8202,119,118
454,8203,119,118
454,8204,119,118
454,8205,119,118
454,8206,119,118
454,8207,119,118
454,8208,119,118
454,8209,119,118
454,8210,119,118
454,8211,119,118
454,8212,119,118
454,8213,119,118
454,8214,119,118
454,8215,119,118
454,8216,119,118
454,8217,119,118
454,8218,119,118
454,8219,119,118
454,8220,119,118
454,8221,119,118
454,8222,119,118
454,8223,119,118
454,8224,119,118
455,8225,119,118
455,8226,119,118
455,8227,119,118
455,8228,119,118
455,8229,119,118
455,8230,119,118
456,8231,119,118
456,8232,119,118
456,8233,119,118
456,8234,119,118
456,8235,119,118
456,8236,119,118
456,8237,119,118
456,8238,119,118
456,8239,119,118
456,8240,119,118
456,8241,119,118
456,8242,119,118
456,8243,119,118
456,8244,119,118
456,8245,119,118
456,8246,119,118
456,8247,119,118
456,8248,119,118
456,8249,119,118
456,8250,119,118
456,8251,119,118
456,8252,119,118
456,8253,119,118
456,8254,119,118
456,8255,119,118
456,8256,119,118
456,8257,119,118
456,8258,119,118
456,8259,119,118
456,8260,119,118
457,8261,119,118
457,8262,119,118
457,8263,119,118
457,8264,119,118
457,8265,119,118
457,8266,119,118
457,8267,119,118
458,8268,119,118
458,8269,119,118
458,8270,119,118
458,8271,119,118
458,8272,119,118
458,8273,119,118
458,8274,119,118
458,8275,119,118
458,8276,119,118
458,8277,119,118
458,8278,119,118
458,8279,119,118
458,8280,119,118
458,8281,119,118
458,8282,119,118
458,8283,119,118
458,8284,119,118
458,8285,119,118
458,8286,119,118
458,8287,119,118
458,8288,119,118
458,8289,119,118
458,8290,119,118
458,8291,119,118
458,8292,119,118
458,8293,119,118
458,8294,119,118
458,8295,119,118
458,8296,119,118
459,8297,119,118
459,8298,119,118
459,8299,119,118
459,8300,119,118
459,8301,119,118
459,8302,119,118
459,8303,119,118
460,8304,119,118
460,8305,119,118
460,8306,119,118
460,8307,119,118
460,8308,119,118
460,8309,119,118
460,8310,119,118
460,8311,119,118
460,8312,119,118
460,8313,119,118
460,8314,119,118
460,8315,119,118
460,8316,119,118
460,8317,119,118
460,8318,119,118
460,8319,119,118
460,8320,119,118
460,8321,119,118
460,8322,119,118
460,8323,119,118
460,8324,119,118
460,8325,119,118
460,8326,119,118
460,8327,119,118
460,8328,119,118
460,8329,119,118
460,8330,119,118
460,8331,119,118
460,8332,119,118
461,8333,119,118
461,8334,119,118
461,8335,119,118
461,8336,119,118
461,8337,119,118
461,8338,119,118
461,8339,119,118
461,8340,119,118
462,8341,119,118
462,8342,119,118
462,8343,119,118
462,8344,119,118
462,8345,119,118
462,8346,119,118
462,8347,119,118
462,8348,119,118
462,8349,119,118
462,8350,119,118
462,8351,119,118
462,8352,119,118
462,8353,119,118
462,8354,119,118
462,8355,119,118
462,8356,119,118
462,8357,119,118
462,8358,119,118
462,8359,119,118
462,8360,119,118
462,8361,119,118
462,8362,119,118
462,8363,119,118
462,8364,119,118
462,8365,119,118
462,8366,119,118
462,8367,119,118
462,8368,119,118
463,8369,119,118
463,8370,119,118
463,8371,119,118
463,8372,119,118
463,8373,119,118
463,8374,119,118
463,8375,119,118
463,8376,119,118
463,8377,119,118
464,8378,119,118
464,8379,119,118
464,8380,119,118
464,8381,119,118
464,8382,119,118
464,8383,119,118
464,8384,119,118
464,8385,119,118
464,8386,119,118
464,8387,119,118
464,8388,119,118
464,8389,119,118
464,8390,119,118
464,8391,119,118
464,8392,119,118
464,8393,119,118
464,8394,119,118
464,8395,119,118
464,8396,119,118
464,8397,119,118
464,8398,119,118
464,8399,119,118
464,8400,119,118
464,8401,119,118
464,8402,119,118
464,8403,119,118
464,8404,119,118
465,8405,119,118
465,8406,119,118
465,8407,119,118
465,8408,119,118
465,8409,119,118
465,8410,119,118
465,8411,119,118
465,8412,119,118
465,8413,119,118
466,8414,119,118
466,8415,119,118
466,8416,119,118
466,8417,119,118
466,8418,119,118
466,8419,119,118
466,8420,119,118
466,8421,119,118
466,8422,119,118
466,8423,119,118
466,8424,119,118
466,8425,119,118
466,8426,119,118
466,8427,119,118
466,8428,119,118
466,8429,119,118
466,8430,119,118
466,8431,119,118
466,8432,119,118
466,8433,119,118
466,8434,119,118
466,8435,119,118
466,8436,119,118
466,8437,119,118
466,8438,119,118
466,8439,119,118
466,8440,119,118
467,8441,119,118
467,8442,119,118
467,8443,119,118
467,8444,119,118
467,8445,119,118
467,8446,119,118
467,8447,119,118
467,8448,119,118
467,8449,119,118
468,8450,119,118
468,8451,119,118
468,8452,119,118
468,8453,119,118
468,8454,119,118
468,8455,119,118
468,8456,119,118
468,8457,119,118
468,8458,119,118
468,8459,119,118
468,8460,119,118
468,8461,119,118
468,8462,119,118
468,8463,119,118
468,8464,119,118
468,8465,119,118
468,8466,119,118
468,8467,119,118
468,8468,119,118
468,8469,119,118
468,8470,119,118
468,8471,119,118
468,8472,119,118
468,8473,119,118
468,8474,119,118
468,8475,119,118
468,8476,119,118
469,8477,119,118
469,8478,119,118
469,8479,119,118
469,8480,119,118
469,8481,119,118
469,8482,119,118
469,8483,119,118
469,8484,119,118
469,8485,119,118
469,8486,119,118
470,8487,119,118
470,8488,119,118
470,8489,119,118
470,8490,119,118
470,8491,119,118
470,8492,119,118
470,8493,119,118
470,8494,119,118
470,8495,119,118
470,8496,119,118
470,8497,119,118
470,8498,119,118
470,8499,119,118
470,8500,119,118
470,8501,119,118
470,8502,119,118
470,8503,119,118
470,8504,119,118
470,8505,119,118
470,8506,119,118
470,8507,119,118
470,8508,119,118
470,8509,119,118
470,8510,119,118
470,8511,119,118
470,8512,119,118
471,8513,119,118
471,8514,119,118
471,8515,119,118
471,8516,119,118
471,8517,119,118
471,8518,119,118
471,8519,119,118
471,8520,119,118
471,8521,119,118
471,8522,119,118
471,8523,119,118
472,8524,119,118
472,8525,119,118
472,8526,119,118
472,8527,119,118
472,8528,119,118
472,8529,119,118
472,8530,119,118
472,8531,119,118
472,8532,119,118
472,8533,119,118
472,8534,119,118
472,8535,119,118
472,8536,119,118
472,8537,119,118
472,8538,119,118
472,8539,119,118
472,8540,119,118
472,8541,119,118
472,8542,119,118
472,8543,119,118
472,8544,119,118
472,8545,119,118
473,8546,119,118
473,8547,119,118
473,8548,119,118
473,8549,119,118
473,8550,119,118
473,8551,119,118
473,8552,119,118
473,8553,119,118
473,8554,119,118
473,8555,119,118
473,8556,119,118
473,8557,119,118
473,8558,119,118
473,8559,119,118
474,8560,119,118
474,8561,119,118
474,8562,119,118
474,8563,119,118
474,8564,119,118
474,8565,119,118
474,8566,119,118
474,8567,119,118
474,8568,119,118
474,8569,119,118
474,8570,119,118
474,8571,119,118
474,8572,119,118
474,8573,119,118
474,8574,119,118
474,8575,119,118
474,8576,119,118
474,8577,119,118
474,8578,119,118
474,8579,119,118
474,8580,119,118
474,8581,119,118
475,8582,119,118
475,8583,119,118
475,8584,119,118
475,8585,119,118
475,8586,119,118
475,8587,119,118
475,8588,119,118
475,8589,119,118
475,8590,119,118
475,8591,119,118
475,8592,119,118
475,8593,119,118
475,8594,119,118
475,8595,119,118
475,8596,119,118
476,8597,119,118
476,8598,119,118
476,8599,119,118
476,8600,119,118
476,8601,119,118
476,8602,119,118
476,8603,119,118
476,8604,119,118
476,8605,119,118
476,8606,119,118
476,8607,119,118
476,8608,119,118
476,8609,119,118
476,8610,119,118
476,8611,119,118
476,8612,119,118
476,8613,119,118
476,8614,119,118
476,8615,119,118
476,8616,119,118
476,8617,119,118
477,8618,119,118
477,8619,119,118
477,8620,119,118
477,8621,119,118
477,8622,119,118
477,8623,119,118
477,8624,119,118
477,8625,119,118
477,8626,119,118
477,8627,119,118
477,8628,119,118
477,8629,119,118
477,8630,119,118
477,8631,119,118
477,8632,119,118
477,8633,119,118
478,8634,119,118
478,8635,119,118
478,8636,119,118
478,8637,119,118
478,8638,119,118
478,8639,119,118
478,8640,119,118
478,8641,119,118
478,8642,119,118
478,8643,119,118
478,8644,119,118
478,8645,119,118
478,8646,119,118
478,8647,119,118
478,8648,119,118
478,8649,119,118
478,8650,119,118
478,8651,119,118
478,8652,119,118
478,8653,119,118
479,8654,119,118
479,8655,119,118
479,8656,119,118
479,8657,119,118
479,8658,119,118
479,8659,119,118
479,8660,119,118
479,8661,119,118
479,8662,119,118
479,8663,119,118
479,8664,119,118
479,8665,119,118
479,8666,119,118
480,8667,119,118
480,8668,119,118
480,8669,119,118
480,8670,119,118
480,8671,119,118
480,8672,119,118
480,8673,119,118
480,8674,119,118
480,8675,119,118
480,8676,119,118
480,8677,119,118
480,8678,119,118
480,8679,119,118
480,8680,119,118
480,8681,119,118
480,8682,119,118
480,8683,119,118
480,8684,119,118
480,8685,119,118
480,8686,119,118
480,8687,119,118
480,8688,119,118
480,8689,119,118
481,8690,119,118
481,8691,119,118
481,8692,119,118
481,8693,119,118
481,8694,119,118
481,8695,119,118
481,8696,119,118
481,8697,119,118
481,8698,119,118
481,8699,119,118
481,8700,119,118
481,8701,119,118
481,8702,119,118
482,8703,119,118
482,8704,119,118
482,8705,119,118
482,8706,119,118
482,8707,119,118
482,8708,119,118
482,8709,119,118
482,8710,119,118
482,8711,119,118
482,8712,119,118
482,8713,119,118
482,8714,119,118
482,8715,119,118
482,8716,119,118
482,8717,119,118
482,8718,119,118
482,8719,119,118
482,8720,119,118
482,8721,119,118
482,8722,119,118
482,8723,119,118
482,8724,119,118
482,8725,119,118
483,8726,119,118
483,8727,119,118
483,8728,119,118
483,8729,119,118
483,8730,119,118
483,8731,119,118
483,8732,119,118
483,8733,119,118
483,8734,119,118
483,8735,119,118
483,8736,119,118
483,8737,119,118
483,8738,119,118
483,8739,119,118
484,8740,119,118
484,8741,119,118
484,8742,119,118
484,8743,119,118
484,8744,119,118
484,8745,119,118
484,8746,119,118
484,8747,119,118
484,8748,119,118
484,8749,119,118
484,8750,119,118
484,8751,119,118
484,8752,119,118
484,8753,119,118
484,8754,119,118
484,8755,119,118
484,8756,119,118
484,8757,119,118
484,8758,119,118
484,8759,119,118
484,8760,119,118
484,8761,119,118
485,8762,119,118
485,8763,119,118
485,8764,119,118
485,8765,119,118
485,8766,119,118
485,8767,119,118
485,8768,119,118
485,8769,119,118
485,8770,119,118
485,8771,119,118
485,8772,119,118
485,8773,119,118
485,8774,119,118
485,8775,119,118
485,8776,119,118
486,8777,119,118
486,8778,119,118
486,8779,119,118
486,8780,119,118
486,8781,119,118
486,8782,119,118
486,8783,119,118
486,8784,119,118
486,8785,119,118
486,8786,119,118
486,8787,119,118
486,8788,119,118
486,8789,119,118
486,8790,119,118
486,8791,119,118
486,8792,119,118
486,8793,119,118
486,8794,119,118
486,8795,119,118
486,8796,119,118
486,8797,119,118
487,8798,119,118
487,8799,119,118
487,8800,119,118
487,8801,119,118
487,8802,119,118
487,8803,119,118
487,8804,119,118
487,8805,119,118
487,8806,119,118
487,8807,119,118
487,8808,119,118
487,8809,119,118
487,8810,119,118
487,8811,119,118
487,8812,119,118
488,8813,119,118
488,8814,119,118
488,8815,119,118
488,8816,119,118
488,8817,119,118
488,8818,119,118
488,8819,119,118
488,8820,119,118
488,8821,119,118
488,8822,119,118
488,8823,119,118
488,8824,119,118
488,8825,119,118
488,8826,119,118
488,8827,119,118
488,8828,119,118
488,8829,119,118
488,8830,119,118
488,8831,119,118
488,8832,119,118
488,8833,119,118
489,8834,119,118
489,8835,119,118
489,8836,119,118
489,8837,119,118
489,8838,119,118
489,8839,119,118
489,8840,119,118
489,8841,119,118
489,8842,119,118
489,8843,119,118
489,8844,119,118
489,8845,119,118
489,8846,119,118
489,8847,119,118
489,8848,119,118
489,8849,119,118
490,8850,119,118
490,8851,119,118
490,8852,119,118
490,8853,119,118
490,8854,119,118
490,8855,119,118
490,8856,119,118
490,8857,119,118
490,8858,119,118
490,8859,119,118
490,8860,119,118
490,8861,119,118
490,8862,119,118
490,8863,119,118
490,8864,119,118
490,8865,119,118
490,8866,119,118
490,8867,119,118
490,8868,119,118
490,8869,119,118
491,8870,119,118
491,8871,119,118
491,8872,119,118
491,8873,119,118
491,8874,119,118
491,8875,119,118
491,8876,119,118
491,8877,119,118
491,8878,119,118
491,8879,119,118
491,8880,119,118
491,8881,119,118
491,8882,119,118
491,8883,119,118
491,8884,119,118
492,8885,119,118
492,8886,119,118
492,8887,119,118
492,8888,119,118
492,8889,119,118
492,8890,119,118
492,8891,119,118
492,8892,119,118
492,8893,119,118
492,8894,119,118
492,8895,119,118
492,8896,119,118
492,8897,119,118
492,8898,119,118
492,8899,119,118
492,8900,119,118
492,8901,119,118
492,8902,119,118
492,8903,119,118
492,8904,119,118
492,8905,119,118
493,8906,119,118
493,8907,119,118
493,8908,119,118
493,8909,119,118
493,8910,119,118
493,8911,119,118
493,8912,119,118
493,8913,119,118
493,8914,119,118
493,8915,119,118
493,8916,119,118
493,8917,119,118
493,8918,119,118
493,8919,119,118
493,8920,119,118
494,8921,119,118
494,8922,119,118
494,8923,119,118
494,8924,119,118
494,8925,119,118
494,8926,119,118
494,8927,119,118
494,8928,119,118
494,8929,119,118
494,8930,119,118
494,8931,119,118
494,8932,119,118
494,8933,119,118
494,8934,119,118
494,8935,119,118
494,8936,119,118
494,8937,119,118
494,8938,119,118
494,8939,119,118
494,8940,119,118
494,8941,119,118
494,8942,119,118
495,8943,119,118
495,8944,119,118
495,8945,119,118
495,8946,119,118
495,8947,119,118
495,8948,119,118
495,8949,119,118
495,8950,119,118
495,8951,119,118
495,8952,119,118
495,8953,119,118
495,8954,119,118
495,8955,119,118
495,8956,119,118
496,8957,119,118
496,8958,119,118
496,8959,119,118
496,8960,119,118
496,8961,119,118
496,8962,119,118
496,8963,119,118
496,8964,119,118
496,8965,119,118
496,8966,119,118
496,8967,119,118
496,8968,119,118
496,8969,119,118
496,8970,119,118
496,8971,119,118
496,8972,119,118
496,8973,119,118
496,8974,119,118
496,8975,119,118
496,8976,119,118
496,8977,119,118
497,8978,119,118
497,8979,119,118
497,8980,119,118
497,8981,119,118
497,8982,119,118
497,8983,119,118
497,8984,119,118
497,8985,119,118
497,8986,119,118
497,8987,119,118
497,8988,119,118
497,8989,119,118
497,8990,119,118
497,8991,119,118
497,8992,119,118
498,8993,119,118
498,8994,119,118
498,8995,119,118
498,8996,119,118
498,8997,119,118
498,8998,119,118
498,8999,119,118
498,9000,119,118
498,9001,119,118
498,9002,119,118
498,9003,119,118
498,9004,119,118
498,9005,119,118
498,9006,119,118
498,9007,119,118
498,9008,119,118
498,9009,119,118
498,9010,119,118
498,9011,119,118
498,9012,119,118
498,9013,119,118
498,9014,119,118
499,9015,119,118
499,9016,119,118
499,9017,119,118
499,9018,119,118
499,9019,119,118
499,9020,119,118
499,9021,119,118
499,9022,119,118
499,9023,119,118
499,9024,119,118
499,9025,119,118
499,9026,119,118
499,9027,119,118
499,9028,119,118
500,9029,119,118
500,9030,119,118
500,9031,119,118
500,9032,119,118
500,9033,119,118
500,9034,119,118
500,9035,119,118
500,9036,119,118
500,9037,119,118
500,9038,119,118
500,9039,119,118
500,9040,119,118
500,9041,119,118
500,9042,119,118
500,9043,119,118
500,9044,119,118
500,9045,119,118
500,9046,119,118
500,9047,119,118
500,9048,119,118
500,9049,119,118
500,9050,119,118
500,9051,119,118
501,9052,119,118
501,9053,119,118
501,9054,119,118
501,9055,119,118
501,9056,119,118
501,9057,119,118
501,9058,119,118
501,9059,119,118
501,9060,119,118
501,9061,119,118
501,9062,119,118
501,9063,119,118
501,9064,119,118
502,9065,119,118
502,9066,119,118
502,9067,119,118
502,9068,119,118
502,9069,119,118
502,9070,119,118
502,9071,119,118
502,9072,119,118
502,9073,119,118
502,9074,119,118
502,9075,119,118
502,9076,119,118
502,9077,119,118
502,9078,119,118
502,9079,119,118
502,9080,119,118
502,9081,119,118
502,9082,119,118
502,9083,119,118
502,9084,119,118
502,9085,119,118
502,9086,119,118
502,9087,119,118
503,9088,119,118
503,9089,119,118
503,9090,119,118
503,9091,119,118
503,9092,119,118
503,9093,119,118
503,9094,119,118
503,9095,119,118
503,9096,119,118
503,9097,119,118
503,9098,119,118
503,9099,119,118
503,9100,119,118
504,9101,119,118
504,9102,119,118
504,9103,119,118
504,9104,119,118
504,9105,119,118
504,9106,119,118
504,9107,119,118
504,9108,119,118
504,9109,119,118
504,9110,119,118
504,9111,119,118
504,9112,119,118
504,9113,119,118
504,9114,119,118
504,9115,119,118
504,9116,119,118
504,9117,119,118
504,9118,119,118
504,9119,119,118
504,9120,119,118
504,9121,119,118
504,9122,119,118
504,9123,119,118
505,9124,119,118
505,9125,119,118
505,9126,119,118
505,9127,119,118
505,9128,119,118
505,9129,119,118
505,9130,119,118
505,9131,119,118
505,9132,119,118
505,9133,119,118
505,9134,119,118
505,9135,119,118
505,9136,119,118
506,9137,119,118
506,9138,119,118
506,9139,119,118
506,9140,119,118
506,9141,119,118
506,9142,119,118
506,9143,119,118
506,9144,119,118
506,9145,119,118
506,9146,119,118
506,9147,119,118
506,9148,119,118
506,9149,119,118
506,9150,119,118
506,9151,119,118
506,9152,119,118
506,9153,119,118
506,9154,119,118
506,9155,119,118
506,9156,119,118
506,9157,119,118
506,9158,119,118
506,9159,119,118
506,9160,119,118
507,9161,119,118
507,9162,119,118
507,9163,119,118
507,9164,119,118
507,9165,119,118
507,9166,119,118
507,9167,119,118
507,9168,119,118
507,9169,119,118
507,9170,119,118
507,9171,119,118
507,9172,119,118
508,9173,119,118
508,9174,119,118
508,9175,119,118
508,9176,119,118
508,9177,119,118
508,9178,119,118
508,9179,119,118
508,9180,119,118
508,9181,119,118
508,9182,119,118
508,9183,119,118
508,9184,119,118
508,9185,119,118
508,9186,119,118
508,9187,119,118
508,9188,119,118
508,9189,119,118
508,9190,119,118
508,9191,119,118
508,9192,119,118
508,9193,119,118
508,9194,119,118
508,9195,119,118
508,9196,119,118
508,9197,119,118
509,9198,119,118
509,9199,119,118
509,9200,119,118
509,9201,119,118
509,9202,119,118
509,9203,119,118
509,9204,119,118
509,9205,119,118
509,9206,119,118
509,9207,119,118
510,9208,119,118
510,9209,119,118
510,9210,119,118
510,9211,119,118
510,9212,119,118
510,9213,119,118
510,9214,119,118
510,9215,119,118
510,9216,119,118
510,9217,119,118
510,9218,119,118
510,9219,119,118
510,9220,119,118
510,9221,119,118
510,9222,119,118
510,9223,119,118
510,9224,119,118
510,9225,119,118
510,9226,119,118
510,9227,119,118
510,9228,119,118
510,9229,119,118
510,9230,119,118
510,9231,119,118
510,9232,119,118
510,9233,119,118
511,9234,120,118
511,9235,121,118
511,9236,122,118
511,9237,123,118
511,9238,124,118
511,9239,125,118
511,9240,126,118
511,9241,127,118
511,9242,128,118
511,9243,129,118
