completed_requests,verification,unique_keys,reusable_keys
0,0,1,0
0,1,2,0
0,2,3,0
0,3,4,0
0,4,5,0
0,5,6,0
0,6,7,0
0,7,8,0
0,8,9,0
0,9,10,0
0,10,11,0
0,11,12,0
0,12,13,0
0,13,14,0
0,14,15,0
0,15,16,0
0,16,17,0
0,17,18,0
0,18,19,0
0,19,20,0
0,20,21,0
0,21,22,0
0,22,23,0
0,23,24,0
0,24,25,0
0,25,26,0
0,26,27,0
0,27,28,0
0,28,29,0
0,29,30,0
0,30,31,0
0,31,32,0
0,32,33,0
0,33,33,0
1,34,34,0
1,35,35,0
1,36,36,0
1,37,36,0
1,38,36,0
2,39,37,0
2,40,38,0
2,41,39,0
2,42,40,0
2,43,41,0
2,44,42,0
2,45,43,0
2,46,44,0
2,47,45,0
2,48,46,0
2,49,46,1
2,50,47,1
2,51,48,1
2,52,49,1
2,53,50,1
2,54,51,1
2,55,52,1
2,56,53,1
2,57,54,1
2,58,55,1
2,59,56,1
2,60,57,1
2,61,58,1
2,62,59,1
2,63,60,1
2,64,61,1
2,65,62,1
2,66,63,1
2,67,64,1
2,68,65,1
2,69,66,1
2,70,67,1
2,71,67,1
3,72,68,1
4,73,69,1
4,74,70,1
4,75,70,2
4,76,70,3
4,77,70,4
4,78,70,5
4,79,71,5
4,80,71,6
4,81,71,7
4,82,71,8
4,83,72,8
4,84,73,8
4,85,73,9
4,86,74,9
4,87,74,10
4,88,75,10
4,89,75,11
4,90,75,12
4,91,76,12
4,92,77,12
4,93,78,12
4,94,79,12
4,95,80,12
4,96,81,12
4,97,82,12
4,98,83,12
4,99,83,13
4,100,84,13
4,101,85,13
4,102,86,13
4,103,87,13
4,104,88,13
4,105,88,14
4,106,88,15
4,107,88,16
4,108,88,16
5,109,88,17
5,110,88,18
5,111,88,18
6,112,89,18
6,113,89,19
6,114,89,20
6,115,89,21
6,116,90,21
6,117,90,22
6,118,90,23
6,119,90,24
6,120,91,24
6,121,91,25
6,122,91,25
6,123,91,26
6,124,92,26
6,125,92,26
6,126,92,26
6,127,92,27
6,128,93,27
6,129,93,28
6,130,93,29
6,131,93,30
6,132,93,31
6,133,93,32
6,134,93,33
6,135,93,34
6,136,93,34
6,137,93,35
6,138,94,35
6,139,94,36
6,140,94,37
6,141,94,38
6,142,94,39
6,143,94,40
6,144,94,41
6,145,94,41
7,146,95,41
7,147,95,42
7,148,95,43
7,149,96,43
7,150,97,43
7,151,98,43
7,152,98,44
8,153,98,44
8,154,98,44
8,155,98,44
8,156,98,45
8,157,98,46
8,158,98,47
8,159,99,47
8,160,99,48
8,161,99,48
8,162,99,49
8,163,99,50
8,164,99,51
8,165,99,52
8,166,99,53
8,167,99,54
8,168,99,55
8,169,99,56
8,170,99,57
8,171,99,58
8,172,99,59
8,173,99,60
8,174,99,61
8,175,99,61
8,176,99,62
8,177,99,63
8,178,99,63
8,179,99,63
8,180,99,63
9,181,99,64
9,182,99,65
9,183,99,66
9,184,99,67
9,185,99,67
9,186,99,67
9,187,99,67
9,188,99,67
10,189,99,67
10,190,99,67
10,191,99,67
10,192,99,67
10,193,99,67
10,194,99,67
10,195,99,67
10,196,100,67
10,197,100,67
10,198,100,67
10,199,100,67
10,200,101,67
10,201,101,67
10,202,101,67
10,203,101,67
10,204,101,67
10,205,101,67
10,206,101,67
10,207,101,67
10,208,101,67
10,209,101,67
10,210,101,68
10,211,101,68
10,212,101,68
10,213,101,68
10,214,101,68
10,215,101,68
10,216,101,68
11,217,102,68
11,218,102,69
11,219,102,69
11,220,102,70
11,221,102,70
11,222,102,70
11,223,102,70
11,224,102,71
11,225,102,72
11,226,102,73
11,227,102,73
12,228,102,73
12,229,102,73
12,230,102,74
12,231,102,74
12,232,103,74
12,233,103,74
12,234,103,74
12,235,103,74
12,236,103,74
12,237,103,74
12,238,103,74
12,239,103,74
12,240,103,74
12,241,103,74
12,242,103,74
12,243,103,74
12,244,103,74
12,245,103,74
12,246,103,74
12,247,103,74
12,248,103,74
12,249,103,74
12,250,103,74
13,251,103,75
13,252,103,75
13,253,103,75
13,254,103,76
13,255,103,77
13,256,103,77
13,257,103,78
13,258,103,79
13,259,103,79
13,260,103,79
13,261,103,79
13,262,103,79
13,263,103,79
13,264,103,79
13,265,103,79
13,266,103,79
13,267,103,79
14,268,103,79
14,269,103,79
14,270,103,80
14,271,103,80
14,272,103,80
14,273,103,80
14,274,103,81
14,275,103,81
14,276,103,81
14,277,103,81
14,278,104,81
14,279,104,81
14,280,104,81
14,281,104,81
14,282,104,81
14,283,104,81
14,284,104,81
14,285,104,81
14,286,104,81
14,287,104,81
14,288,104,81
14,289,104,81
14,290,104,81
15,291,104,81
15,292,105,81
15,293,105,82
15,294,106,82
15,295,106,83
15,296,106,83
15,297,106,83
15,298,106,83
15,299,106,83
15,300,106,83
15,301,106,83
15,302,106,83
15,303,106,83
15,304,106,83
16,305,106,83
16,306,106,83
16,307,106,83
16,308,106,83
16,309,106,83
16,310,106,83
16,311,106,84
16,312,106,84
16,313,106,84
16,314,106,84
16,315,106,84
16,316,106,84
16,317,106,84
16,318,106,84
16,319,106,84
16,320,106,84
16,321,106,84
16,322,106,84
16,323,106,84
16,324,106,84
16,325,106,84
16,326,106,84
16,327,106,84
16,328,106,84
16,329,106,84
16,330,106,84
16,331,106,84
17,332,106,84
17,333,106,84
17,334,106,84
17,335,106,84
17,336,106,84
17,337,106,84
17,338,106,84
17,339,106,84
17,340,106,84
17,341,106,84
17,342,106,84
18,343,106,84
18,344,106,84
18,345,106,84
18,346,106,84
18,347,106,84
18,348,106,85
18,349,106,85
18,350,106,85
18,351,106,85
18,352,106,86
18,353,106,86
18,354,106,86
18,355,106,86
18,356,107,86
18,357,107,86
18,358,107,86
18,359,107,86
18,360,107,86
18,361,107,86
18,362,107,86
18,363,107,86
18,364,107,86
18,365,107,86
18,366,107,86
18,367,107,86
18,368,107,86
18,369,107,86
19,370,107,87
19,371,107,87
19,372,107,87
19,373,107,87
19,374,107,87
19,375,107,87
19,376,107,87
19,377,107,87
19,378,107,87
19,379,107,87
19,380,107,87
19,381,107,87
19,382,107,87
20,383,107,87
20,384,107,87
20,385,107,87
20,386,107,87
20,387,107,87
20,388,107,87
20,389,107,87
20,390,107,87
20,391,107,87
20,392,107,87
20,393,107,87
20,394,107,87
20,395,107,87
20,396,107,87
20,397,107,87
20,398,107,87
20,399,107,87
20,400,107,87
20,401,107,87
20,402,107,87
20,403,107,87
20,404,107,87
20,405,107,87
21,406,107,87
21,407,107,87
21,408,107,87
21,409,107,87
21,410,107,87
21,411,107,87
21,412,107,87
21,413,107,87
21,414,107,87
21,415,107,87
21,416,107,87
21,417,107,87
21,418,107,87
22,419,107,87
22,420,108,87
22,421,108,87
22,422,108,87
22,423,108,87
22,424,108,88
22,425,108,88
22,426,108,88
22,427,108,88
22,428,108,89
22,429,108,89
22,430,108,89
22,431,108,89
22,432,108,90
22,433,108,90
22,434,108,90
22,435,108,90
22,436,108,90
22,437,108,90
22,438,108,90
22,439,108,90
22,440,108,90
22,441,108,90
22,442,108,90
22,443,108,90
22,444,108,90
22,445,108,90
22,446,108,90
22,447,108,90
23,448,108,90
23,449,108,90
23,450,108,90
23,451,108,90
23,452,108,90
23,453,108,90
23,454,108,90
24,455,108,90
24,456,108,90
24,457,108,90
24,458,108,90
24,459,108,90
24,460,108,91
24,461,108,91
24,462,108,91
24,463,108,91
24,464,108,92
24,465,108,92
24,466,108,92
24,467,108,92
24,468,108,92
24,469,108,92
24,470,108,92
24,471,108,92
24,472,108,92
24,473,108,92
24,474,108,92
24,475,108,92
24,476,108,92
24,477,108,92
24,478,108,92
24,479,108,92
24,480,108,92
24,481,108,92
24,482,108,92
24,483,108,92
25,484,108,92
25,485,108,92
25,486,108,92
25,487,108,92
25,488,108,92
25,489,108,92
25,490,108,92
25,491,108,92
26,492,108,92
26,493,108,92
26,494,108,92
26,495,109,92
26,496,109,92
26,497,109,92
26,498,109,92
26,499,109,93
26,500,109,93
26,501,109,93
26,502,109,93
26,503,109,93
26,504,109,93
26,505,109,93
26,506,109,93
26,507,109,93
26,508,109,93
26,509,109,93
26,510,109,93
26,511,109,93
26,512,109,93
26,513,109,93
26,514,109,93
26,515,109,93
26,516,109,93
26,517,109,93
26,518,109,93
26,519,109,93
26,520,109,93
26,521,109,93
26,522,109,93
26,523,109,93
26,524,109,93
27,525,109,93
27,526,109,93
27,527,109,93
27,528,109,93
27,529,109,93
28,530,109,93
28,531,109,93
28,532,109,93
28,533,109,94
28,534,109,94
28,535,109,94
28,536,109,94
28,537,109,95
28,538,109,95
28,539,109,95
28,540,109,95
28,541,109,95
28,542,109,95
28,543,109,95
28,544,109,95
28,545,109,95
28,546,109,95
28,547,109,95
28,548,109,95
28,549,109,95
28,550,109,95
28,551,109,95
28,552,109,95
28,553,109,95
28,554,109,95
28,555,109,95
28,556,109,95
28,557,109,95
28,558,109,95
28,559,109,95
28,560,109,95
28,561,109,95
28,562,109,95
28,563,109,95
28,564,109,95
28,565,109,95
29,566,109,95
30,567,109,96
30,568,110,96
30,569,110,97
30,570,111,97
30,571,111,97
30,572,111,97
30,573,111,97
30,574,111,97
30,575,111,97
30,576,111,97
30,577,111,98
30,578,111,99
30,579,111,99
30,580,111,99
30,581,111,99
30,582,111,99
30,583,111,99
30,584,111,99
30,585,111,99
30,586,111,99
30,587,111,100
30,588,111,100
30,589,111,100
30,590,111,100
30,591,111,100
30,592,111,100
30,593,111,100
30,594,111,100
30,595,111,100
30,596,111,100
30,597,111,100
30,598,111,100
30,599,111,100
30,600,111,100
31,601,111,100
32,602,111,100
32,603,111,101
32,604,111,101
32,605,111,101
32,606,111,101
32,607,111,101
32,608,111,101
32,609,111,101
32,610,111,101
32,611,111,101
32,612,111,101
32,613,111,101
32,614,111,101
32,615,111,101
32,616,111,101
32,617,111,101
32,618,111,101
32,619,111,101
32,620,111,101
32,621,111,101
32,622,111,101
32,623,111,101
32,624,111,101
32,625,111,101
32,626,111,101
32,627,111,101
32,628,111,101
32,629,111,101
32,630,111,101
32,631,111,101
32,632,111,101
32,633,111,101
32,634,111,101
32,635,111,101
32,636,111,101
33,637,111,101
33,638,111,101
33,639,111,101
33,640,111,101
33,641,111,101
34,642,111,101
34,643,112,101
34,644,112,101
34,645,112,101
34,646,112,101
34,647,113,101
34,648,113,101
34,649,113,101
34,650,113,101
34,651,113,101
34,652,113,101
34,653,113,101
34,654,113,101
34,655,113,101
34,656,113,101
34,657,113,101
34,658,113,101
34,659,113,101
34,660,113,101
34,661,113,101
34,662,113,101
34,663,113,101
34,664,113,101
34,665,113,101
34,666,113,101
34,667,113,101
34,668,113,101
34,669,113,101
34,670,113,101
34,671,113,101
34,672,113,101
34,673,113,101
34,674,113,101
34,675,113,101
34,676,113,101
34,677,113,101
35,678,113,101
35,679,113,101
35,680,113,101
36,681,113,101
36,682,114,101
36,683,114,102
36,684,114,103
36,685,115,103
36,686,115,104
36,687,115,105
36,688,115,105
36,689,115,106
36,690,115,106
36,691,115,106
36,692,115,106
36,693,115,106
36,694,115,106
36,695,115,106
36,696,115,106
36,697,115,106
36,698,115,106
36,699,115,106
36,700,115,106
36,701,115,106
36,702,115,106
36,703,115,106
36,704,115,106
36,705,115,106
36,706,115,106
36,707,115,106
36,708,115,106
36,709,115,106
36,710,115,106
36,711,115,106
36,712,115,106
36,713,115,106
36,714,115,106
37,715,115,106
38,716,116,106
38,717,117,106
38,718,118,106
38,719,119,106
38,720,120,106
38,721,121,106
38,722,121,106
38,723,121,106
38,724,122,106
38,725,123,106
38,726,123,106
38,727,123,107
38,728,123,107
38,729,123,107
38,730,123,107
38,731,123,107
38,732,123,107
38,733,123,107
38,734,123,107
38,735,123,108
38,736,123,108
38,737,123,108
38,738,123,108
38,739,123,108
38,740,123,108
38,741,123,108
38,742,123,108
38,743,123,108
38,744,123,108
38,745,123,108
38,746,123,108
38,747,123,108
38,748,123,108
38,749,123,108
38,750,123,108
38,751,123,108
39,752,123,108
40,753,124,108
40,754,124,109
40,755,124,110
40,756,124,110
40,757,124,110
40,758,124,111
40,759,124,111
40,760,124,111
40,761,124,111
40,762,124,111
40,763,124,111
40,764,124,111
40,765,124,111
40,766,124,111
40,767,124,111
40,768,124,111
40,769,124,111
40,770,124,111
40,771,124,111
40,772,124,111
40,773,124,111
40,774,124,111
40,775,124,111
40,776,124,111
40,777,124,111
40,778,124,111
40,779,124,111
40,780,124,111
40,781,124,111
40,782,124,111
40,783,124,111
40,784,124,111
40,785,124,111
40,786,124,111
40,787,124,111
40,788,124,111
41,789,124,111
42,790,124,111
42,791,124,112
42,792,124,113
42,793,124,114
42,794,124,115
42,795,124,116
42,796,124,116
42,797,124,117
42,798,124,118
42,799,124,118
42,800,124,118
42,801,124,118
42,802,124,118
42,803,124,118
42,804,124,119
42,805,124,119
42,806,124,119
42,807,124,119
42,808,124,119
42,809,124,119
42,810,124,119
42,811,124,119
42,812,124,119
42,813,124,119
42,814,124,119
42,815,124,119
42,816,124,119
42,817,124,119
42,818,124,119
42,819,124,119
42,820,124,119
42,821,124,119
42,822,124,119
42,823,124,119
42,824,124,119
42,825,124,119
43,826,124,119
44,827,124,119
44,828,124,119
44,829,124,119
44,830,124,119
44,831,124,119
44,832,124,119
44,833,124,119
44,834,124,119
44,835,124,119
44,836,124,119
44,837,124,119
44,838,124,119
44,839,124,119
44,840,124,119
44,841,124,119
44,842,124,119
44,843,124,119
44,844,124,119
44,845,124,119
44,846,124,119
44,847,124,119
44,848,124,119
44,849,124,119
44,850,124,119
44,851,124,119
44,852,124,119
44,853,124,119
44,854,124,119
44,855,124,119
44,856,124,119
44,857,124,119
44,858,124,119
44,859,124,119
44,860,124,119
44,861,124,119
44,862,124,119
44,863,124,119
45,864,124,119
45,865,124,119
46,866,124,120
46,867,124,120
46,868,124,120
46,869,124,120
46,870,124,120
46,871,124,120
46,872,124,120
46,873,124,120
46,874,124,120
46,875,124,120
46,876,124,120
46,877,124,120
46,878,124,120
46,879,124,120
46,880,124,120
46,881,124,120
46,882,124,120
46,883,124,120
46,884,124,120
46,885,124,120
46,886,124,120
46,887,124,120
46,888,124,120
46,889,124,120
46,890,124,120
46,891,124,120
46,892,124,120
46,893,124,120
46,894,124,120
46,895,124,120
46,896,124,120
46,897,124,120
46,898,124,120
46,899,124,120
47,900,124,120
48,901,124,120
48,902,124,120
48,903,124,120
48,904,124,120
48,905,124,120
48,906,124,120
48,907,124,120
48,908,124,120
48,909,124,120
48,910,124,120
48,911,124,120
48,912,124,120
48,913,124,120
48,914,124,120
48,915,124,120
48,916,124,120
48,917,124,120
48,918,124,120
48,919,124,120
48,920,124,120
48,921,124,120
48,922,124,120
48,923,124,120
48,924,124,120
48,925,124,120
48,926,124,120
48,927,124,120
48,928,124,120
48,929,124,120
48,930,124,120
48,931,124,120
48,932,124,120
49,933,124,120
49,934,124,120
50,935,124,120
50,936,124,120
50,937,124,120
50,938,124,120
50,939,124,120
50,940,124,120
50,941,124,120
50,942,124,120
50,943,124,120
50,944,124,120
50,945,124,120
50,946,124,120
50,947,124,120
50,948,124,120
50,949,124,120
50,950,124,120
50,951,124,120
50,952,124,120
50,953,124,120
50,954,124,120
50,955,124,120
50,956,124,120
50,957,124,120
50,958,124,120
50,959,124,120
50,960,124,120
50,961,124,120
50,962,124,120
50,963,124,120
50,964,124,120
50,965,124,120
50,966,124,120
50,967,124,120
50,968,124,120
50,969,124,120
50,970,124,120
50,971,124,120
51,972,124,120
51,973,124,120
51,974,124,120
52,975,124,120
52,976,124,120
52,977,124,120
52,978,124,120
52,979,124,120
52,980,124,120
52,981,124,120
52,982,124,120
52,983,124,120
52,984,124,120
52,985,124,120
52,986,124,120
52,987,124,120
52,988,124,120
52,989,124,120
52,990,124,120
52,991,124,120
52,992,124,120
52,993,124,120
52,994,124,120
52,995,124,120
52,996,124,120
52,997,124,120
52,998,124,120
52,999,124,120
52,1000,124,120
52,1001,124,120
52,1002,124,120
52,1003,124,120
52,1004,124,120
52,1005,124,120
52,1006,124,120
52,1007,124,120
52,1008,124,120
52,1009,124,120
52,1010,124,120
53,1011,124,120
53,1012,124,120
53,1013,124,120
53,1014,124,120
54,1015,124,120
54,1016,124,120
54,1017,124,120
54,1018,124,120
54,1019,124,120
54,1020,124,120
54,1021,124,120
54,1022,124,120
54,1023,124,120
54,1024,124,120
54,1025,124,120
54,1026,124,120
54,1027,124,120
54,1028,124,120
54,1029,124,120
54,1030,124,120
54,1031,124,120
54,1032,124,120
54,1033,124,120
54,1034,124,120
54,1035,124,120
54,1036,124,120
54,1037,124,120
54,1038,124,120
54,1039,124,120
54,1040,124,120
54,1041,124,120
54,1042,124,120
54,1043,124,120
54,1044,124,120
54,1045,124,120
55,1046,124,120
55,1047,124,120
55,1048,124,120
55,1049,124,120
55,1050,124,120
55,1051,124,120
55,1052,124,120
55,1053,124,120
55,1054,124,120
55,1055,124,120
55,1056,124,120
56,1057,124,120
56,1058,124,120
56,1059,124,120
56,1060,124,120
56,1061,124,120
56,1062,124,120
56,1063,124,120
56,1064,124,120
56,1065,124,120
56,1066,124,120
56,1067,124,120
56,1068,124,120
56,1069,124,120
56,1070,124,120
56,1071,124,120
56,1072,124,120
56,1073,124,120
56,1074,124,120
56,1075,124,120
56,1076,124,120
56,1077,124,120
56,1078,124,120
56,1079,124,120
56,1080,124,120
56,1081,124,120
57,1082,124,120
57,1083,124,120
57,1084,124,120
57,1085,124,120
57,1086,124,120
57,1087,124,120
57,1088,124,120
57,1089,124,120
57,1090,124,120
57,1091,124,120
57,1092,124,120
57,1093,124,120
57,1094,124,120
57,1095,124,120
57,1096,124,120
57,1097,124,120
57,1098,124,120
58,1099,124,120
58,1100,124,120
58,1101,124,120
58,1102,124,120
58,1103,124,120
58,1104,124,120
58,1105,124,120
58,1106,124,120
58,1107,124,120
58,1108,124,120
58,1109,124,120
58,1110,124,120
58,1111,124,120
58,1112,124,120
58,1113,124,120
58,1114,124,120
58,1115,124,120
58,1116,124,120
58,1117,124,120
59,1118,124,120
59,1119,124,120
59,1120,124,120
59,1121,124,120
59,1122,124,120
59,1123,124,120
59,1124,124,120
59,1125,124,120
59,1126,124,120
59,1127,124,120
59,1128,124,120
59,1129,124,120
59,1130,124,120
59,1131,124,120
59,1132,124,120
59,1133,124,120
60,1134,124,120
60,1135,124,120
60,1136,124,120
60,1137,124,120
60,1138,124,120
60,1139,124,120
60,1140,124,120
60,1141,124,120
60,1142,124,120
60,1143,124,120
60,1144,124,120
60,1145,124,120
60,1146,124,120
60,1147,124,120
60,1148,124,120
60,1149,124,120
60,1150,124,120
60,1151,124,120
60,1152,124,120
60,1153,124,120
61,1154,124,120
61,1155,124,120
61,1156,124,120
61,1157,124,120
61,1158,124,120
61,1159,124,120
61,1160,124,120
61,1161,124,120
61,1162,124,120
61,1163,124,120
61,1164,124,120
61,1165,124,120
61,1166,124,120
61,1167,124,120
61,1168,124,120
61,1169,124,120
61,1170,124,120
61,1171,124,120
61,1172,124,120
61,1173,124,120
62,1174,124,120
62,1175,124,120
62,1176,124,120
62,1177,124,120
62,1178,124,120
62,1179,124,120
62,1180,124,120
62,1181,124,120
62,1182,124,120
62,1183,124,120
62,1184,124,120
62,1185,124,120
62,1186,124,120
62,1187,124,120
62,1188,124,120
62,1189,124,120
62,1190,124,120
62,1191,124,120
63,1192,124,120
63,1193,124,120
63,1194,124,120
63,1195,124,120
63,1196,124,120
63,1197,124,120
63,1198,124,120
63,1199,124,120
63,1200,124,120
63,1201,124,120
63,1202,124,120
63,1203,124,120
63,1204,124,120
63,1205,124,120
63,1206,124,120
63,1207,124,120
63,1208,124,120
63,1209,124,120
63,1210,124,120
63,1211,124,120
63,1212,124,120
63,1213,124,120
63,1214,124,120
64,1215,124,120
64,1216,124,120
64,1217,124,120
64,1218,124,120
64,1219,124,120
64,1220,124,120
64,1221,124,120
64,1222,124,120
64,1223,124,120
64,1224,124,120
64,1225,124,120
64,1226,124,120
64,1227,124,120
64,1228,124,120
64,1229,124,120
64,1230,124,120
65,1231,124,120
65,1232,124,120
65,1233,124,120
65,1234,124,120
65,1235,124,120
65,1236,124,120
65,1237,124,120
65,1238,124,120
65,1239,124,120
65,1240,124,120
65,1241,124,120
65,1242,124,120
65,1243,124,120
65,1244,124,120
65,1245,124,120
65,1246,124,120
65,1247,124,120
65,1248,124,120
65,1249,124,120
65,1250,124,120
66,1251,124,120
66,1252,124,120
66,1253,124,120
66,1254,124,120
66,1255,124,120
66,1256,124,120
66,1257,124,120
66,1258,124,120
66,1259,124,120
66,1260,124,120
66,1261,124,120
66,1262,124,120
66,1263,124,120
66,1264,124,120
66,1265,124,120
66,1266,124,120
67,1267,124,120
67,1268,124,120
67,1269,124,120
67,1270,124,120
67,1271,124,120
67,1272,124,120
67,1273,124,120
67,1274,124,120
67,1275,124,120
67,1276,124,120
67,1277,124,120
67,1278,124,120
67,1279,124,120
67,1280,124,120
67,1281,124,120
67,1282,124,120
67,1283,124,120
67,1284,124,120
67,1285,124,120
67,1286,124,120
67,1287,124,120
67,1288,124,120
67,1289,124,120
67,1290,124,120
67,1291,124,120
67,1292,124,120
68,1293,124,120
68,1294,124,120
68,1295,124,120
68,1296,124,120
68,1297,124,120
68,1298,124,120
68,1299,124,120
68,1300,124,120
68,1301,124,120
68,1302,124,120
68,1303,124,120
68,1304,124,120
68,1305,124,120
68,1306,124,120
69,1307,124,120
69,1308,124,120
69,1309,124,120
69,1310,124,120
69,1311,124,120
69,1312,124,120
69,1313,124,120
69,1314,124,120
69,1315,124,120
69,1316,124,120
69,1317,124,120
69,1318,124,120
69,1319,124,120
69,1320,124,120
69,1321,124,120
69,1322,124,120
69,1323,124,120
69,1324,124,120
69,1325,124,120
69,1326,124,120
69,1327,124,120
69,1328,124,120
69,1329,124,120
69,1330,124,120
69,1331,124,120
69,1332,124,120
69,1333,124,120
69,1334,124,120
69,1335,124,120
70,1336,124,120
70,1337,124,120
70,1338,124,120
70,1339,124,120
70,1340,124,120
70,1341,124,120
70,1342,124,120
71,1343,124,120
71,1344,124,120
71,1345,124,120
71,1346,124,120
71,1347,124,120
71,1348,124,120
71,1349,124,120
71,1350,124,120
71,1351,124,120
71,1352,124,120
71,1353,124,120
71,1354,124,120
71,1355,124,120
71,1356,124,120
71,1357,124,120
71,1358,124,120
71,1359,124,120
71,1360,124,120
71,1361,124,120
71,1362,124,120
71,1363,124,120
71,1364,124,120
71,1365,124,120
71,1366,124,120
71,1367,124,120
71,1368,124,120
71,1369,124,120
71,1370,124,120
71,1371,124,120
71,1372,124,120
72,1373,124,120
72,1374,124,120
72,1375,124,120
72,1376,124,120
72,1377,124,120
73,1378,124,120
73,1379,124,120
73,1380,124,120
73,1381,124,120
73,1382,124,120
73,1383,124,120
73,1384,124,120
73,1385,124,120
73,1386,124,120
73,1387,124,120
73,1388,124,120
73,1389,124,120
73,1390,124,120
73,1391,124,120
73,1392,124,120
73,1393,124,120
73,1394,124,120
73,1395,124,120
73,1396,124,120
73,1397,124,120
73,1398,124,120
73,1399,124,120
73,1400,124,120
73,1401,124,120
73,1402,124,120
73,1403,124,120
73,1404,124,120
73,1405,124,120
73,1406,124,120
73,1407,124,120
74,1408,124,120
74,1409,124,120
74,1410,124,120
74,1411,124,120
74,1412,124,120
74,1413,124,120
74,1414,124,120
74,1415,124,120
74,1416,124,120
74,1417,124,120
75,1418,124,120
75,1419,124,120
75,1420,124,120
75,1421,124,120
75,1422,124,120
75,1423,124,120
75,1424,124,120
75,1425,124,120
75,1426,124,120
75,1427,124,120
75,1428,124,120
75,1429,124,120
75,1430,124,120
75,1431,124,120
75,1432,124,120
75,1433,124,120
75,1434,124,120
75,1435,124,120
75,1436,124,120
75,1437,124,120
75,1438,124,120
75,1439,124,120
75,1440,124,120
75,1441,124,120
75,1442,124,120
75,1443,124,120
75,1444,124,120
75,1445,124,120
75,1446,124,120
75,1447,124,120
75,1448,124,120
76,1449,124,120
76,1450,124,120
76,1451,124,120
77,1452,124,120
77,1453,124,120
77,1454,124,120
77,1455,124,120
77,1456,124,120
77,1457,124,120
77,1458,124,120
77,1459,124,120
77,1460,124,120
77,1461,124,120
77,1462,124,120
77,1463,124,120
77,1464,124,120
77,1465,124,120
77,1466,124,120
77,1467,124,120
77,1468,124,120
77,1469,124,120
77,1470,124,120
77,1471,124,120
77,1472,124,120
77,1473,124,120
77,1474,124,120
77,1475,124,120
77,1476,124,120
77,1477,124,120
77,1478,124,120
77,1479,124,120
77,1480,124,120
77,1481,124,120
77,1482,124,120
77,1483,124,120
77,1484,124,120
77,1485,124,120
78,1486,124,120
78,1487,124,120
79,1488,124,120
79,1489,124,120
79,1490,124,120
79,1491,124,120
79,1492,124,120
79,1493,124,120
79,1494,124,120
79,1495,124,120
79,1496,124,120
79,1497,124,120
79,1498,124,120
79,1499,124,120
79,1500,124,120
79,1501,124,120
79,1502,124,120
79,1503,124,120
79,1504,124,120
79,1505,124,120
79,1506,124,120
79,1507,124,120
79,1508,124,120
79,1509,124,120
79,1510,124,120
79,1511,124,120
79,1512,124,120
79,1513,124,120
79,1514,124,120
79,1515,124,120
79,1516,124,120
79,1517,124,120
79,1518,124,120
79,1519,124,120
79,1520,124,120
79,1521,124,120
80,1522,124,120
81,1523,124,121
81,1524,124,121
81,1525,124,121
81,1526,124,121
81,1527,124,121
81,1528,124,121
81,1529,124,121
81,1530,124,121
81,1531,124,121
81,1532,124,121
81,1533,124,121
81,1534,124,121
81,1535,124,121
81,1536,124,121
81,1537,124,121
81,1538,124,121
81,1539,124,121
81,1540,124,121
81,1541,124,121
81,1542,124,121
81,1543,124,121
81,1544,124,121
81,1545,124,121
81,1546,124,121
81,1547,124,121
81,1548,124,121
81,1549,124,121
81,1550,124,121
81,1551,124,121
81,1552,124,121
81,1553,124,121
81,1554,124,121
81,1555,124,121
81,1556,124,121
82,1557,124,121
82,1558,124,121
82,1559,124,121
83,1560,124,121
83,1561,124,121
83,1562,124,121
83,1563,124,121
83,1564,124,121
83,1565,124,121
83,1566,124,121
83,1567,124,121
83,1568,124,121
83,1569,124,121
83,1570,124,121
83,1571,124,121
83,1572,124,121
83,1573,124,121
83,1574,124,121
83,1575,124,121
83,1576,124,121
83,1577,124,121
83,1578,124,121
83,1579,124,121
83,1580,124,121
83,1581,124,121
83,1582,124,121
83,1583,124,121
83,1584,124,121
83,1585,124,121
83,1586,124,121
83,1587,124,121
83,1588,124,121
83,1589,124,121
83,1590,124,121
83,1591,124,121
83,1592,124,121
84,1593,124,121
84,1594,124,121
84,1595,124,121
84,1596,124,121
85,1597,124,121
85,1598,124,121
85,1599,124,121
85,1600,124,121
85,1601,124,121
85,1602,124,121
85,1603,124,121
85,1604,124,121
85,1605,124,121
85,1606,124,121
85,1607,124,121
85,1608,124,121
85,1609,124,121
85,1610,124,121
85,1611,124,121
85,1612,124,121
85,1613,124,121
85,1614,124,121
85,1615,124,121
85,1616,124,121
85,1617,124,121
85,1618,124,121
85,1619,124,121
85,1620,124,121
85,1621,124,121
85,1622,124,121
85,1623,124,121
85,1624,124,121
85,1625,124,121
85,1626,124,121
85,1627,124,121
85,1628,124,121
85,1629,124,121
85,1630,124,121
86,1631,124,121
86,1632,124,121
86,1633,124,121
86,1634,124,121
86,1635,124,121
86,1636,124,121
87,1637,124,121
87,1638,124,121
87,1639,124,121
87,1640,124,121
87,1641,124,121
87,1642,124,121
87,1643,124,121
87,1644,124,121
87,1645,124,121
87,1646,124,121
87,1647,124,121
87,1648,124,121
87,1649,124,121
87,1650,124,121
87,1651,124,121
87,1652,124,121
87,1653,124,121
87,1654,124,121
87,1655,124,121
87,1656,124,121
87,1657,124,121
87,1658,124,121
87,1659,124,121
87,1660,124,121
87,1661,124,121
87,1662,124,121
87,1663,124,121
87,1664,124,121
87,1665,124,121
87,1666,124,121
87,1667,124,121
88,1668,124,121
88,1669,124,121
89,1670,124,121
89,1671,124,121
89,1672,124,121
89,1673,124,121
89,1674,124,121
89,1675,124,121
89,1676,124,121
89,1677,124,121
89,1678,124,121
89,1679,124,121
89,1680,124,121
89,1681,124,121
89,1682,124,121
89,1683,124,121
89,1684,124,121
89,1685,124,121
89,1686,124,121
89,1687,124,121
89,1688,124,121
89,1689,124,121
89,1690,124,121
89,1691,124,121
89,1692,124,121
89,1693,124,121
89,1694,124,121
89,1695,124,121
89,1696,124,121
89,1697,124,121
89,1698,124,121
89,1699,124,121
89,1700,124,121
89,1701,124,121
89,1702,124,121
89,1703,124,121
90,1704,124,121
90,1705,124,121
91,1706,124,121
91,1707,124,121
91,1708,124,121
91,1709,124,121
91,1710,124,121
91,1711,124,121
91,1712,124,121
91,1713,124,121
91,1714,124,121
91,1715,124,121
91,1716,124,121
91,1717,124,121
91,1718,124,121
91,1719,124,121
91,1720,124,121
91,1721,124,121
91,1722,124,121
91,1723,124,121
91,1724,124,121
91,1725,124,121
91,1726,124,121
91,1727,124,121
91,1728,124,121
91,1729,124,121
91,1730,124,121
91,1731,124,121
91,1732,124,121
91,1733,124,121
91,1734,124,121
91,1735,124,121
91,1736,124,121
91,1737,124,121
91,1738,124,121
92,1739,124,121
92,1740,124,121
93,1741,124,121
93,1742,124,121
93,1743,124,121
93,1744,124,121
93,1745,124,121
93,1746,124,121
93,1747,124,121
93,1748,124,121
93,1749,124,121
93,1750,124,121
93,1751,124,121
93,1752,124,121
93,1753,124,121
93,1754,124,121
93,1755,124,121
93,1756,124,121
93,1757,124,121
93,1758,124,121
93,1759,124,121
93,1760,124,121
93,1761,124,121
93,1762,124,121
93,1763,124,121
93,1764,124,121
93,1765,124,121
93,1766,124,121
93,1767,124,121
93,1768,124,121
93,1769,124,121
93,1770,124,121
93,1771,124,121
93,1772,124,121
93,1773,124,121
93,1774,124,121
94,1775,124,121
94,1776,124,121
95,1777,124,121
95,1778,124,121
95,1779,124,121
95,1780,124,121
95,1781,124,121
95,1782,124,121
95,1783,124,121
95,1784,124,121
95,1785,124,121
95,1786,124,121
95,1787,124,121
95,1788,124,121
95,1789,124,121
95,1790,124,121
95,1791,124,121
95,1792,124,121
95,1793,124,121
95,1794,124,121
95,1795,124,121
95,1796,124,121
95,1797,124,121
95,1798,124,121
95,1799,124,121
95,1800,124,121
95,1801,124,121
95,1802,124,121
95,1803,124,121
95,1804,124,121
95,1805,124,121
95,1806,124,121
95,1807,124,121
95,1808,124,121
95,1809,124,121
95,1810,124,121
95,1811,124,121
96,1812,124,121
96,1813,124,121
96,1814,124,121
96,1815,124,121
96,1816,124,121
96,1817,124,121
96,1818,124,121
97,1819,124,121
97,1820,124,121
97,1821,124,121
97,1822,124,121
97,1823,124,121
97,1824,124,121
97,1825,124,121
97,1826,124,121
97,1827,124,121
97,1828,124,121
97,1829,124,121
97,1830,124,121
97,1831,124,121
97,1832,124,121
97,1833,124,121
97,1834,124,121
97,1835,124,121
97,1836,124,121
97,1837,124,121
97,1838,124,121
97,1839,124,121
97,1840,124,121
97,1841,124,121
97,1842,124,121
97,1843,124,121
97,1844,124,121
97,1845,124,121
97,1846,124,121
97,1847,124,121
98,1848,124,121
98,1849,124,121
98,1850,124,121
98,1851,124,121
98,1852,124,121
98,1853,124,121
98,1854,124,121
98,1855,124,121
98,1856,124,121
98,1857,124,121
98,1858,124,121
98,1859,124,121
98,1860,124,121
99,1861,124,121
99,1862,124,121
99,1863,124,121
99,1864,124,121
99,1865,124,121
99,1866,124,121
99,1867,124,121
99,1868,124,121
99,1869,124,121
99,1870,124,121
99,1871,124,121
99,1872,124,121
99,1873,124,121
99,1874,124,121
99,1875,124,121
99,1876,124,121
99,1877,124,121
99,1878,124,121
99,1879,124,121
99,1880,124,121
99,1881,124,121
99,1882,124,121
99,1883,124,121
99,1884,124,121
99,1885,124,121
99,1886,124,121
100,1887,124,121
100,1888,124,121
100,1889,124,121
100,1890,124,121
100,1891,124,121
100,1892,124,121
100,1893,124,121
101,1894,124,121
101,1895,124,121
101,1896,124,121
101,1897,124,121
101,1898,124,121
101,1899,124,121
101,1900,124,121
101,1901,124,121
101,1902,124,121
101,1903,124,121
101,1904,124,121
101,1905,124,121
101,1906,124,121
101,1907,124,121
101,1908,124,121
101,1909,124,121
101,1910,124,121
101,1911,124,121
101,1912,124,121
101,1913,124,121
101,1914,124,121
101,1915,124,121
101,1916,124,121
101,1917,124,121
101,1918,124,121
101,1919,124,121
101,1920,124,121
101,1921,124,121
102,1922,124,121
102,1923,124,121
102,1924,124,121
102,1925,124,121
102,1926,124,121
102,1927,124,121
102,1928,124,121
102,1929,124,121
102,1930,124,121
102,1931,124,121
102,1932,124,121
102,1933,124,121
103,1934,124,121
103,1935,124,121
103,1936,124,121
103,1937,124,121
103,1938,124,121
103,1939,124,121
103,1940,124,121
103,1941,124,121
103,1942,124,121
103,1943,124,121
103,1944,124,121
103,1945,124,121
103,1946,124,121
103,1947,124,121
103,1948,124,121
103,1949,124,121
103,1950,124,121
103,1951,124,121
103,1952,124,121
103,1953,124,121
103,1954,124,121
103,1955,124,121
103,1956,124,121
103,1957,124,121
103,1958,124,121
103,1959,124,121
103,1960,124,121
104,1961,124,121
104,1962,124,121
104,1963,124,121
104,1964,124,121
104,1965,124,121
104,1966,124,121
104,1967,124,121
104,1968,124,121
105,1969,124,121
105,1970,124,121
105,1971,124,121
105,1972,124,121
105,1973,124,121
105,1974,124,121
105,1975,124,121
105,1976,124,121
105,1977,124,121
105,1978,124,121
105,1979,124,121
105,1980,124,121
105,1981,124,121
105,1982,124,121
105,1983,124,121
105,1984,124,121
105,1985,124,121
105,1986,124,121
105,1987,124,121
105,1988,124,121
105,1989,124,121
105,1990,124,121
105,1991,124,121
105,1992,124,121
105,1993,124,121
105,1994,124,121
105,1995,124,121
105,1996,124,121
105,1997,124,121
106,1998,124,121
106,1999,124,121
106,2000,124,121
106,2001,124,121
106,2002,124,121
106,2003,124,121
106,2004,124,121
106,2005,124,121
107,2006,124,121
107,2007,124,121
107,2008,124,121
107,2009,124,121
107,2010,124,121
107,2011,124,121
107,2012,124,121
107,2013,124,121
107,2014,124,121
107,2015,124,121
107,2016,124,121
107,2017,124,121
107,2018,124,121
107,2019,124,121
107,2020,124,121
107,2021,124,121
107,2022,124,121
107,2023,124,121
107,2024,124,121
107,2025,124,121
107,2026,124,121
107,2027,124,121
107,2028,124,121
107,2029,124,121
107,2030,124,121
107,2031,124,121
107,2032,124,121
107,2033,124,121
107,2034,124,121
108,2035,124,121
108,2036,124,121
108,2037,124,121
108,2038,124,121
108,2039,124,121
108,2040,124,121
108,2041,124,121
108,2042,124,121
108,2043,124,121
108,2044,124,121
108,2045,124,121
109,2046,124,121
109,2047,124,121
109,2048,124,121
109,2049,124,121
109,2050,124,121
109,2051,124,121
109,2052,124,121
109,2053,124,121
109,2054,124,121
109,2055,124,121
109,2056,124,121
109,2057,124,121
109,2058,124,121
109,2059,124,121
109,2060,124,121
109,2061,124,121
109,2062,124,121
109,2063,124,121
109,2064,124,121
109,2065,124,121
109,2066,124,121
109,2067,124,121
109,2068,124,121
109,2069,124,121
109,2070,124,121
110,2071,124,121
110,2072,124,121
110,2073,124,121
110,2074,124,121
110,2075,124,121
110,2076,124,121
110,2077,124,121
110,2078,124,121
110,2079,124,121
110,2080,124,121
111,2081,124,121
111,2082,124,121
111,2083,124,121
111,2084,124,121
111,2085,124,121
111,2086,124,121
111,2087,124,121
111,2088,124,121
111,2089,124,121
111,2090,124,121
111,2091,124,121
111,2092,124,121
111,2093,124,121
111,2094,124,121
111,2095,124,121
111,2096,124,121
111,2097,124,121
111,2098,124,121
111,2099,124,121
111,2100,124,121
111,2101,124,121
111,2102,124,121
111,2103,124,121
111,2104,124,121
111,2105,124,121
111,2106,124,121
111,2107,124,121
111,2108,124,121
111,2109,124,121
111,2110,124,121
112,2111,124,121
112,2112,124,121
112,2113,124,121
112,2114,124,121
112,2115,124,121
112,2116,124,121
112,2117,124,121
112,2118,124,121
112,2119,124,121
112,2120,124,121
113,2121,124,121
113,2122,124,121
113,2123,124,121
113,2124,124,121
113,2125,124,121
113,2126,124,121
113,2127,124,121
113,2128,124,121
113,2129,124,121
113,2130,124,121
113,2131,124,121
113,2132,124,121
113,2133,124,121
113,2134,124,121
113,2135,124,121
113,2136,124,121
113,2137,124,121
113,2138,124,121
113,2139,124,121
113,2140,124,121
113,2141,124,121
113,2142,124,121
113,2143,124,121
113,2144,124,121
113,2145,124,121
113,2146,124,121
113,2147,124,121
113,2148,124,121
113,2149,124,121
114,2150,124,121
114,2151,124,121
114,2152,124,121
114,2153,124,121
114,2154,124,121
114,2155,124,121
114,2156,124,121
114,2157,124,121
114,2158,124,121
114,2159,124,121
115,2160,124,121
115,2161,124,121
115,2162,124,121
115,2163,124,121
115,2164,124,121
115,2165,124,121
115,2166,124,121
115,2167,124,121
115,2168,124,121
115,2169,124,121
115,2170,124,121
115,2171,124,121
115,2172,124,121
115,2173,124,121
115,2174,124,121
115,2175,124,121
115,2176,124,121
115,2177,124,121
115,2178,124,121
115,2179,124,121
115,2180,124,121
115,2181,124,121
115,2182,124,121
115,2183,124,121
115,2184,124,121
115,2185,124,121
115,2186,124,121
115,2187,124,121
115,2188,124,121
116,2189,124,121
116,2190,124,121
116,2191,124,121
116,2192,124,121
116,2193,124,121
116,2194,124,121
116,2195,124,121
116,2196,124,121
116,2197,124,121
117,2198,124,121
117,2199,124,121
117,2200,124,121
117,2201,124,121
117,2202,124,121
117,2203,124,121
117,2204,124,121
117,2205,124,121
117,2206,124,121
117,2207,124,121
117,2208,124,121
117,2209,124,121
117,2210,124,121
117,2211,124,121
117,2212,124,121
117,2213,124,121
117,2214,124,121
117,2215,124,121
117,2216,124,121
117,2217,124,121
117,2218,124,121
117,2219,124,121
117,2220,124,121
117,2221,124,121
117,2222,124,121
117,2223,124,121
118,2224,124,121
118,2225,124,121
118,2226,124,121
118,2227,124,121
118,2228,124,121
118,2229,124,121
118,2230,124,121
118,2231,124,121
118,2232,124,121
119,2233,124,121
119,2234,124,121
119,2235,124,121
119,2236,124,121
119,2237,124,121
119,2238,124,121
119,2239,124,121
119,2240,124,121
119,2241,124,121
119,2242,124,121
119,2243,124,121
119,2244,124,121
119,2245,124,121
119,2246,124,121
119,2247,124,121
119,2248,124,121
119,2249,124,121
119,2250,124,121
119,2251,124,121
119,2252,124,121
119,2253,124,121
119,2254,124,121
119,2255,124,121
119,2256,124,121
119,2257,124,121
119,2258,124,121
119,2259,124,121
119,2260,124,121
119,2261,124,121
119,2262,124,121
119,2263,124,121
120,2264,124,121
120,2265,124,121
120,2266,124,121
120,2267,124,121
120,2268,124,121
121,2269,124,121
121,2270,124,121
121,2271,124,121
121,2272,124,121
121,2273,124,121
121,2274,124,121
121,2275,124,121
121,2276,124,121
121,2277,124,121
121,2278,124,121
121,2279,124,121
121,2280,124,121
121,2281,124,121
121,2282,124,121
121,2283,124,121
121,2284,124,121
121,2285,124,121
121,2286,124,121
121,2287,124,121
121,2288,124,121
121,2289,124,121
121,2290,124,121
121,2291,124,121
121,2292,124,121
121,2293,124,121
121,2294,124,121
121,2295,124,121
121,2296,124,121
121,2297,124,121
121,2298,124,121
121,2299,124,121
121,2300,124,121
121,2301,124,121
121,2302,124,121
121,2303,124,121
122,2304,124,121
122,2305,124,121
123,2306,124,121
123,2307,124,121
123,2308,124,121
123,2309,124,121
123,2310,124,121
123,2311,124,121
123,2312,124,121
123,2313,124,121
123,2314,124,121
123,2315,124,121
123,2316,124,121
123,2317,124,121
123,2318,124,121
123,2319,124,121
123,2320,124,121
123,2321,124,121
123,2322,124,121
123,2323,124,121
123,2324,124,121
123,2325,124,121
123,2326,124,121
123,2327,124,121
123,2328,124,121
123,2329,124,121
123,2330,124,121
123,2331,124,121
123,2332,124,121
123,2333,124,121
123,2334,124,121
123,2335,124,121
123,2336,124,121
123,2337,124,121
123,2338,124,121
123,2339,124,121
124,2340,124,121
124,2341,124,121
124,2342,124,121
124,2343,124,121
125,2344,124,121
125,2345,124,121
125,2346,124,121
125,2347,124,121
125,2348,124,121
125,2349,124,121
125,2350,124,121
125,2351,124,121
125,2352,124,121
125,2353,124,121
125,2354,124,121
125,2355,124,121
125,2356,124,121
125,2357,124,121
125,2358,124,121
125,2359,124,121
125,2360,124,121
125,2361,124,121
125,2362,124,121
125,2363,124,121
125,2364,124,121
125,2365,124,121
125,2366,124,121
125,2367,124,121
125,2368,124,121
125,2369,124,121
125,2370,124,121
125,2371,124,121
125,2372,124,121
125,2373,124,121
125,2374,124,121
125,2375,124,121
125,2376,124,121
125,2377,124,121
126,2378,124,121
126,2379,124,121
126,2380,124,121
126,2381,124,121
127,2382,124,121
127,2383,124,121
127,2384,124,121
127,2385,124,121
127,2386,124,121
127,2387,124,121
127,2388,124,121
127,2389,124,121
127,2390,124,121
127,2391,124,121
127,2392,124,121
127,2393,124,121
127,2394,124,121
127,2395,124,121
127,2396,124,121
127,2397,124,121
127,2398,124,121
127,2399,124,121
127,2400,124,121
127,2401,124,121
127,2402,124,121
127,2403,124,121
127,2404,124,121
127,2405,124,121
127,2406,124,121
127,2407,124,121
127,2408,124,121
127,2409,124,121
127,2410,124,121
127,2411,124,121
127,2412,124,121
127,2413,124,121
128,2414,124,121
128,2415,124,121
128,2416,124,121
128,2417,124,121
128,2418,124,121
129,2419,124,121
129,2420,124,121
129,2421,124,121
129,2422,124,121
129,2423,124,121
129,2424,124,121
129,2425,124,121
129,2426,124,121
129,2427,124,121
129,2428,124,121
129,2429,124,121
129,2430,124,121
129,2431,124,121
129,2432,124,121
129,2433,124,121
129,2434,124,121
129,2435,124,121
129,2436,124,121
129,2437,124,121
129,2438,124,121
129,2439,124,121
129,2440,124,121
129,2441,124,121
129,2442,124,121
129,2443,124,121
129,2444,124,121
129,2445,124,121
129,2446,124,121
129,2447,124,121
129,2448,124,121
130,2449,124,121
130,2450,124,121
130,2451,124,121
131,2452,124,121
131,2453,124,121
131,2454,124,121
131,2455,124,121
131,2456,124,121
131,2457,124,121
131,2458,124,121
131,2459,124,121
131,2460,124,121
131,2461,124,121
131,2462,124,121
131,2463,124,121
131,2464,124,121
131,2465,124,121
131,2466,124,121
131,2467,124,121
131,2468,124,121
131,2469,124,121
131,2470,124,121
131,2471,124,121
131,2472,124,121
131,2473,124,121
131,2474,124,121
131,2475,124,121
131,2476,124,121
131,2477,124,121
131,2478,124,121
131,2479,124,121
131,2480,124,121
131,2481,124,121
131,2482,124,121
131,2483,124,121
131,2484,124,121
131,2485,124,121
131,2486,124,121
131,2487,124,121
131,2488,124,121
132,2489,124,121
133,2490,124,121
133,2491,124,121
133,2492,124,121
133,2493,124,121
133,2494,124,121
133,2495,124,121
133,2496,124,121
133,2497,124,121
133,2498,124,121
133,2499,124,121
133,2500,124,121
133,2501,124,121
133,2502,124,121
133,2503,124,121
133,2504,124,121
133,2505,124,121
133,2506,124,121
133,2507,124,121
133,2508,124,121
133,2509,124,121
133,2510,124,121
133,2511,124,121
133,2512,124,121
133,2513,124,121
133,2514,124,121
133,2515,124,121
133,2516,124,121
133,2517,124,121
133,2518,124,121
133,2519,124,121
133,2520,124,121
133,2521,124,121
133,2522,124,121
133,2523,124,121
133,2524,124,121
133,2525,124,121
134,2526,124,121
134,2527,124,121
135,2528,124,121
135,2529,124,121
135,2530,124,121
135,2531,124,121
135,2532,124,121
135,2533,124,121
135,2534,124,121
135,2535,124,121
135,2536,124,121
135,2537,124,121
135,2538,124,121
135,2539,124,121
135,2540,124,121
135,2541,124,121
135,2542,124,121
135,2543,124,121
135,2544,124,121
135,2545,124,121
135,2546,124,121
135,2547,124,121
135,2548,124,121
135,2549,124,121
135,2550,124,121
135,2551,124,121
135,2552,124,121
135,2553,124,121
135,2554,124,121
135,2555,124,121
135,2556,124,121
135,2557,124,121
135,2558,124,121
135,2559,124,121
135,2560,124,121
135,2561,124,121
135,2562,124,121
136,2563,124,121
137,2564,124,121
137,2565,124,121
137,2566,124,121
137,2567,124,121
137,2568,124,121
137,2569,124,121
137,2570,124,121
137,2571,124,121
137,2572,124,121
137,2573,124,121
137,2574,124,121
137,2575,124,121
137,2576,124,121
137,2577,124,121
137,2578,124,121
137,2579,124,121
137,2580,124,121
137,2581,124,121
137,2582,124,121
137,2583,124,121
137,2584,124,121
137,2585,124,121
137,2586,124,121
137,2587,124,121
137,2588,124,121
137,2589,124,121
137,2590,124,121
137,2591,124,121
137,2592,124,121
137,2593,124,121
137,2594,124,121
137,2595,124,121
137,2596,124,121
137,2597,124,121
137,2598,124,121
137,2599,124,121
137,2600,124,121
138,2601,124,121
138,2602,124,121
139,2603,124,121
139,2604,124,121
139,2605,124,121
139,2606,124,121
139,2607,124,121
139,2608,124,121
139,2609,124,121
139,2610,124,121
139,2611,124,121
139,2612,124,121
139,2613,124,121
139,2614,124,121
139,2615,124,121
139,2616,124,121
139,2617,124,121
139,2618,124,121
139,2619,124,121
139,2620,124,121
139,2621,124,121
139,2622,124,121
139,2623,124,121
139,2624,124,121
139,2625,124,121
139,2626,124,121
139,2627,124,121
139,2628,124,121
139,2629,124,121
139,2630,124,121
139,2631,124,121
139,2632,124,121
139,2633,124,121
139,2634,124,121
139,2635,124,121
139,2636,124,121
139,2637,124,121
139,2638,124,121
139,2639,124,121
139,2640,124,121
139,2641,124,121
140,2642,124,121
141,2643,124,121
141,2644,124,121
141,2645,124,121
141,2646,124,121
141,2647,124,121
141,2648,124,121
141,2649,124,121
141,2650,124,121
141,2651,124,121
141,2652,124,121
141,2653,124,121
141,2654,124,121
141,2655,124,121
141,2656,124,121
141,2657,124,121
141,2658,124,121
141,2659,124,121
141,2660,124,121
141,2661,124,121
141,2662,124,121
141,2663,124,121
141,2664,124,121
141,2665,124,121
141,2666,124,121
141,2667,124,121
141,2668,124,121
141,2669,124,121
141,2670,124,121
141,2671,124,121
141,2672,124,121
141,2673,124,121
141,2674,124,121
141,2675,124,121
141,2676,124,121
141,2677,124,121
141,2678,124,121
142,2679,124,121
142,2680,124,121
143,2681,124,121
143,2682,124,121
143,2683,124,121
143,2684,124,121
143,2685,124,121
143,2686,124,121
143,2687,124,121
143,2688,124,121
143,2689,124,121
143,2690,124,121
143,2691,124,121
143,2692,124,121
143,2693,124,121
143,2694,124,121
143,2695,124,121
143,2696,124,121
143,2697,124,121
143,2698,124,121
143,2699,124,121
143,2700,124,121
143,2701,124,121
143,2702,124,121
143,2703,124,121
143,2704,124,121
143,2705,124,121
143,2706,124,121
143,2707,124,121
143,2708,124,121
143,2709,124,121
143,2710,124,121
143,2711,124,121
143,2712,124,121
143,2713,124,121
143,2714,124,121
143,2715,124,121
143,2716,124,121
144,2717,124,121
145,2718,124,121
145,2719,124,121
145,2720,124,121
145,2721,124,121
145,2722,124,121
145,2723,124,121
145,2724,124,121
145,2725,124,121
145,2726,124,121
145,2727,124,121
145,2728,124,121
145,2729,124,121
145,2730,124,121
145,2731,124,121
145,2732,124,121
145,2733,124,121
145,2734,124,121
145,2735,124,121
145,2736,124,121
145,2737,124,121
145,2738,124,121
145,2739,124,121
145,2740,124,121
145,2741,124,121
145,2742,124,121
145,2743,124,121
145,2744,124,121
145,2745,124,121
145,2746,124,121
145,2747,124,121
145,2748,124,121
145,2749,124,121
145,2750,124,121
145,2751,124,121
145,2752,124,121
145,2753,124,121
147,2754,124,122
147,2755,124,122
147,2756,124,122
147,2757,124,122
147,2758,124,122
147,2759,124,122
147,2760,124,122
147,2761,124,122
147,2762,124,122
147,2763,124,122
147,2764,124,122
147,2765,124,122
147,2766,124,122
147,2767,124,122
147,2768,124,122
147,2769,124,122
147,2770,124,122
147,2771,124,122
147,2772,124,122
147,2773,124,122
147,2774,124,122
147,2775,124,122
147,2776,124,122
147,2777,124,122
147,2778,124,122
147,2779,124,122
147,2780,124,122
147,2781,124,122
147,2782,124,122
147,2783,124,122
147,2784,124,122
147,2785,124,122
147,2786,124,122
147,2787,124,122
147,2788,124,122
148,2789,124,122
148,2790,124,122
148,2791,124,122
148,2792,124,122
148,2793,124,122
148,2794,124,122
149,2795,124,122
149,2796,124,122
149,2797,124,122
149,2798,124,122
149,2799,124,122
149,2800,124,122
149,2801,124,122
149,2802,124,122
149,2803,124,122
149,2804,124,122
149,2805,124,122
149,2806,124,122
149,2807,124,122
149,2808,124,122
149,2809,124,122
149,2810,124,122
149,2811,124,122
149,2812,124,122
149,2813,124,122
149,2814,124,122
149,2815,124,122
149,2816,124,122
149,2817,124,122
149,2818,124,122
149,2819,124,122
149,2820,124,122
149,2821,124,122
149,2822,124,122
149,2823,124,122
149,2824,124,122
149,2825,124,122
149,2826,124,122
150,2827,124,122
150,2828,124,122
150,2829,124,122
150,2830,124,122
150,2831,124,122
150,2832,124,122
150,2833,124,122
150,2834,124,122
150,2835,124,122
150,2836,124,122
151,2837,124,122
151,2838,124,122
151,2839,124,122
151,2840,124,122
151,2841,124,122
151,2842,124,122
151,2843,124,122
151,2844,124,122
151,2845,124,122
151,2846,124,122
151,2847,124,122
151,2848,124,122
151,2849,124,122
151,2850,124,122
151,2851,124,122
151,2852,124,122
151,2853,124,122
151,2854,124,122
151,2855,124,122
151,2856,124,122
151,2857,124,122
151,2858,124,122
151,2859,124,122
151,2860,124,122
151,2861,124,122
151,2862,124,122
151,2863,124,122
151,2864,124,122
151,2865,124,122
152,2866,124,122
152,2867,124,122
152,2868,124,122
152,2869,124,122
152,2870,124,122
152,2871,124,122
153,2872,124,122
153,2873,124,122
153,2874,124,122
153,2875,124,122
153,2876,124,122
153,2877,124,122
153,2878,124,122
153,2879,124,122
153,2880,124,122
153,2881,124,122
153,2882,124,122
153,2883,124,122
153,2884,124,122
153,2885,124,122
153,2886,124,122
153,2887,124,122
153,2888,124,122
153,2889,124,122
153,2890,124,122
153,2891,124,122
153,2892,124,122
153,2893,124,122
153,2894,124,122
153,2895,124,122
153,2896,124,122
153,2897,124,122
153,2898,124,122
153,2899,124,122
153,2900,124,122
153,2901,124,122
153,2902,124,122
153,2903,124,122
153,2904,124,122
154,2905,124,122
154,2906,124,122
154,2907,124,122
154,2908,124,122
154,2909,124,122
154,2910,124,122
154,2911,124,122
154,2912,124,122
154,2913,124,122
155,2914,124,122
155,2915,124,122
155,2916,124,122
155,2917,124,122
155,2918,124,122
155,2919,124,122
155,2920,124,122
155,2921,124,122
155,2922,124,122
155,2923,124,122
155,2924,124,122
155,2925,124,122
155,2926,124,122
155,2927,124,122
155,2928,124,122
155,2929,124,122
155,2930,124,122
155,2931,124,122
155,2932,124,122
155,2933,124,122
155,2934,124,122
155,2935,124,122
155,2936,124,122
155,2937,124,122
155,2938,124,122
155,2939,124,122
155,2940,124,122
155,2941,124,122
155,2942,124,122
155,2943,124,122
155,2944,124,122
155,2945,124,122
156,2946,124,122
156,2947,124,122
156,2948,124,122
156,2949,124,122
156,2950,124,122
156,2951,124,122
156,2952,124,122
157,2953,124,122
157,2954,124,122
157,2955,124,122
157,2956,124,122
157,2957,124,122
157,2958,124,122
157,2959,124,122
157,2960,124,122
157,2961,124,122
157,2962,124,122
157,2963,124,122
157,2964,124,122
157,2965,124,122
157,2966,124,122
157,2967,124,122
157,2968,124,122
157,2969,124,122
157,2970,124,122
157,2971,124,122
157,2972,124,122
157,2973,124,122
157,2974,124,122
157,2975,124,122
157,2976,124,122
157,2977,124,122
157,2978,124,122
157,2979,124,122
157,2980,124,122
157,2981,124,122
157,2982,124,122
157,2983,124,122
158,2984,124,122
159,2985,124,122
159,2986,124,122
159,2987,124,122
159,2988,124,122
159,2989,124,122
159,2990,124,122
159,2991,124,122
159,2992,124,122
159,2993,124,122
159,2994,124,122
159,2995,124,122
159,2996,124,122
159,2997,124,122
159,2998,124,122
159,2999,124,122
159,3000,124,122
159,3001,124,122
159,3002,124,122
159,3003,124,122
159,3004,124,122
159,3005,124,122
159,3006,124,122
159,3007,124,122
159,3008,124,122
159,3009,124,122
159,3010,124,122
159,3011,124,122
159,3012,124,122
159,3013,124,122
159,3014,124,122
159,3015,124,122
159,3016,124,122
159,3017,124,122
160,3018,124,122
160,3019,124,122
160,3020,124,122
160,3021,124,122
160,3022,124,122
161,3023,124,122
161,3024,124,122
161,3025,124,122
161,3026,124,122
161,3027,124,122
161,3028,124,122
161,3029,124,122
161,3030,124,122
161,3031,124,122
161,3032,124,122
161,3033,124,122
161,3034,124,122
161,3035,124,122
161,3036,124,122
161,3037,124,122
161,3038,124,122
161,3039,124,122
161,3040,124,122
161,3041,124,122
161,3042,124,122
161,3043,124,122
161,3044,124,122
161,3045,124,122
161,3046,124,122
161,3047,124,122
161,3048,124,122
161,3049,124,122
161,3050,124,122
161,3051,124,122
161,3052,124,122
162,3053,124,122
162,3054,124,122
162,3055,124,122
162,3056,124,122
162,3057,124,122
162,3058,124,122
162,3059,124,122
163,3060,124,122
163,3061,124,122
163,3062,124,122
163,3063,124,122
163,3064,124,122
163,3065,124,122
163,3066,124,122
163,3067,124,122
163,3068,124,122
163,3069,124,122
163,3070,124,122
163,3071,124,122
163,3072,124,122
163,3073,124,122
163,3074,124,122
163,3075,124,122
163,3076,124,122
163,3077,124,122
163,3078,124,122
163,3079,124,122
163,3080,124,122
163,3081,124,122
163,3082,124,122
163,3083,124,122
163,3084,124,122
163,3085,124,122
163,3086,124,122
163,3087,124,122
163,3088,124,122
163,3089,124,122
164,3090,124,122
164,3091,124,122
164,3092,124,122
164,3093,124,122
164,3094,124,122
164,3095,124,122
165,3096,124,122
165,3097,124,122
165,3098,124,122
165,3099,124,122
165,3100,124,122
165,3101,124,122
165,3102,124,122
165,3103,124,122
165,3104,124,122
165,3105,124,122
165,3106,124,122
165,3107,124,122
165,3108,124,122
165,3109,124,122
165,3110,124,122
165,3111,124,122
165,3112,124,122
165,3113,124,122
165,3114,124,122
165,3115,124,122
165,3116,124,122
165,3117,124,122
165,3118,124,122
165,3119,124,122
165,3120,124,122
165,3121,124,122
165,3122,124,122
165,3123,124,122
165,3124,124,122
165,3125,124,122
165,3126,124,122
165,3127,124,122
165,3128,124,122
166,3129,124,122
166,3130,124,122
166,3131,124,122
166,3132,124,122
166,3133,124,122
166,3134,124,122
166,3135,124,122
166,3136,124,122
166,3137,124,122
167,3138,124,122
167,3139,124,122
167,3140,124,122
167,3141,124,122
167,3142,124,122
167,3143,124,122
167,3144,124,122
167,3145,124,122
167,3146,124,122
167,3147,124,122
167,3148,124,122
167,3149,124,122
167,3150,124,122
167,3151,124,122
167,3152,124,122
167,3153,124,122
167,3154,124,122
167,3155,124,122
167,3156,124,122
167,3157,124,122
167,3158,124,122
167,3159,124,122
167,3160,124,122
167,3161,124,122
167,3162,124,122
167,3163,124,122
167,3164,124,122
167,3165,124,122
167,3166,124,122
168,3167,124,122
168,3168,124,122
168,3169,124,122
168,3170,124,122
168,3171,124,122
168,3172,124,122
168,3173,124,122
168,3174,124,122
168,3175,124,122
168,3176,124,122
168,3177,124,122
168,3178,124,122
168,3179,124,122
168,3180,124,122
169,3181,124,122
169,3182,124,122
169,3183,124,122
169,3184,124,122
169,3185,124,122
169,3186,124,122
169,3187,124,122
169,3188,124,122
169,3189,124,122
169,3190,124,122
169,3191,124,122
169,3192,124,122
169,3193,124,122
169,3194,124,122
169,3195,124,122
169,3196,124,122
169,3197,124,122
169,3198,124,122
169,3199,124,122
169,3200,124,122
169,3201,124,122
169,3202,124,122
169,3203,124,122
170,3204,124,122
170,3205,124,122
170,3206,124,122
170,3207,124,122
170,3208,124,122
170,3209,124,122
170,3210,124,122
170,3211,124,122
170,3212,124,122
170,3213,124,122
170,3214,124,122
171,3215,124,122
171,3216,124,122
171,3217,124,122
171,3218,124,122
171,3219,124,122
171,3220,124,122
171,3221,124,122
171,3222,124,122
171,3223,124,122
171,3224,124,122
171,3225,124,122
171,3226,124,122
171,3227,124,122
171,3228,124,122
171,3229,124,122
171,3230,124,122
171,3231,124,122
171,3232,124,122
171,3233,124,122
171,3234,124,122
171,3235,124,122
171,3236,124,122
171,3237,124,122
171,3238,124,122
172,3239,124,122
172,3240,124,122
172,3241,124,122
172,3242,124,122
172,3243,124,122
172,3244,124,122
172,3245,124,122
172,3246,124,122
172,3247,124,122
172,3248,124,122
173,3249,124,122
173,3250,124,122
173,3251,124,122
173,3252,124,122
173,3253,124,122
173,3254,124,122
173,3255,124,122
173,3256,124,122
173,3257,124,122
173,3258,124,122
173,3259,124,122
173,3260,124,122
173,3261,124,122
173,3262,124,122
173,3263,124,122
173,3264,124,122
173,3265,124,122
173,3266,124,122
173,3267,124,122
173,3268,124,122
173,3269,124,122
173,3270,124,122
173,3271,124,122
173,3272,124,122
173,3273,124,122
173,3274,124,122
173,3275,124,122
173,3276,124,122
173,3277,124,122
173,3278,124,122
173,3279,124,122
173,3280,124,122
173,3281,124,122
174,3282,124,122
174,3283,124,122
174,3284,124,122
174,3285,124,122
174,3286,124,122
174,3287,124,122
175,3288,124,122
175,3289,124,122
175,3290,124,122
175,3291,124,122
175,3292,124,122
175,3293,124,122
175,3294,124,122
175,3295,124,122
175,3296,124,122
175,3297,124,122
175,3298,124,122
175,3299,124,122
175,3300,124,122
175,3301,124,122
175,3302,124,122
175,3303,124,122
175,3304,124,122
175,3305,124,122
175,3306,124,122
175,3307,124,122
175,3308,124,122
175,3309,124,122
175,3310,124,122
175,3311,124,122
175,3312,124,122
175,3313,124,122
175,3314,124,122
175,3315,124,122
175,3316,124,122
175,3317,124,122
176,3318,124,122
176,3319,124,122
176,3320,124,122
176,3321,124,122
176,3322,124,122
176,3323,124,122
176,3324,124,122
176,3325,124,122
176,3326,124,122
176,3327,124,122
177,3328,124,122
177,3329,124,122
177,3330,124,122
177,3331,124,122
177,3332,124,122
177,3333,124,122
177,3334,124,122
177,3335,124,122
177,3336,124,122
177,3337,124,122
177,3338,124,122
177,3339,124,122
177,3340,124,122
177,3341,124,122
177,3342,124,122
177,3343,124,122
177,3344,124,122
177,3345,124,122
177,3346,124,122
177,3347,124,122
177,3348,124,122
177,3349,124,122
177,3350,124,122
177,3351,124,122
177,3352,124,122
177,3353,124,122
177,3354,124,122
177,3355,124,122
177,3356,124,122
177,3357,124,122
177,3358,124,122
177,3359,124,122
178,3360,124,122
178,3361,124,122
178,3362,124,122
178,3363,124,122
178,3364,124,122
178,3365,124,122
178,3366,124,122
179,3367,124,122
179,3368,124,122
179,3369,124,122
179,3370,124,122
179,3371,124,122
179,3372,124,122
179,3373,124,122
179,3374,124,122
179,3375,124,122
179,3376,124,122
179,3377,124,122
179,3378,124,122
179,3379,124,122
179,3380,124,122
179,3381,124,122
179,3382,124,122
179,3383,124,122
179,3384,124,122
179,3385,124,122
179,3386,124,122
179,3387,124,122
179,3388,124,122
179,3389,124,122
179,3390,124,122
179,3391,124,122
179,3392,124,122
179,3393,124,122
179,3394,124,122
180,3395,124,122
180,3396,124,122
180,3397,124,122
180,3398,124,122
180,3399,124,122
180,3400,124,122
180,3401,124,122
181,3402,124,122
181,3403,124,122
181,3404,124,122
181,3405,124,122
181,3406,124,122
181,3407,124,122
181,3408,124,122
181,3409,124,122
181,3410,124,122
181,3411,124,122
181,3412,124,122
181,3413,124,122
181,3414,124,122
181,3415,124,122
181,3416,124,122
181,3417,124,122
181,3418,124,122
181,3419,124,122
181,3420,124,122
181,3421,124,122
181,3422,124,122
181,3423,124,122
181,3424,124,122
181,3425,124,122
181,3426,124,122
181,3427,124,122
181,3428,124,122
181,3429,124,122
181,3430,124,122
181,3431,124,122
182,3432,124,122
182,3433,124,122
182,3434,124,122
182,3435,124,122
182,3436,124,122
182,3437,124,122
182,3438,124,122
182,3439,124,122
182,3440,124,122
183,3441,124,122
183,3442,124,122
183,3443,124,122
183,3444,124,122
183,3445,124,122
183,3446,124,122
183,3447,124,122
183,3448,124,122
183,3449,124,122
183,3450,124,122
183,3451,124,122
183,3452,124,122
183,3453,124,122
183,3454,124,122
183,3455,124,122
183,3456,124,122
183,3457,124,122
183,3458,124,122
183,3459,124,122
183,3460,124,122
183,3461,124,122
183,3462,124,122
183,3463,124,122
183,3464,124,122
183,3465,124,122
183,3466,124,122
183,3467,124,122
183,3468,124,122
183,3469,124,122
183,3470,124,122
183,3471,124,122
184,3472,124,122
184,3473,124,122
184,3474,124,122
184,3475,124,122
184,3476,124,122
184,3477,124,122
184,3478,124,122
184,3479,124,122
185,3480,124,122
185,3481,124,122
185,3482,124,122
185,3483,124,122
185,3484,124,122
185,3485,124,122
185,3486,124,122
185,3487,124,122
185,3488,124,122
185,3489,124,122
185,3490,124,122
185,3491,124,122
185,3492,124,122
185,3493,124,122
185,3494,124,122
185,3495,124,122
185,3496,124,122
185,3497,124,122
185,3498,124,122
185,3499,124,122
185,3500,124,122
185,3501,124,122
185,3502,124,122
185,3503,124,122
185,3504,124,122
185,3505,124,122
185,3506,124,122
185,3507,124,122
185,3508,124,122
185,3509,124,122
185,3510,124,122
185,3511,124,122
185,3512,124,122
186,3513,124,122
186,3514,124,122
186,3515,124,122
186,3516,124,122
187,3517,124,122
187,3518,124,122
187,3519,124,122
187,3520,124,122
187,3521,124,122
187,3522,124,122
187,3523,124,122
187,3524,124,122
187,3525,124,122
187,3526,124,122
187,3527,124,122
187,3528,124,122
187,3529,124,122
187,3530,124,122
187,3531,124,122
187,3532,124,122
187,3533,124,122
187,3534,124,122
187,3535,124,122
187,3536,124,122
187,3537,124,122
187,3538,124,122
187,3539,124,122
187,3540,124,122
187,3541,124,122
187,3542,124,122
187,3543,124,122
187,3544,124,122
187,3545,124,122
188,3546,124,122
188,3547,124,122
188,3548,124,122
188,3549,124,122
188,3550,124,122
188,3551,124,122
189,3552,124,122
189,3553,124,122
189,3554,124,122
189,3555,124,122
189,3556,124,122
189,3557,124,122
189,3558,124,122
189,3559,124,122
189,3560,124,122
189,3561,124,122
189,3562,124,122
189,3563,124,122
189,3564,124,122
189,3565,124,122
189,3566,124,122
189,3567,124,122
189,3568,124,122
189,3569,124,122
189,3570,124,122
189,3571,124,122
189,3572,124,122
189,3573,124,122
189,3574,124,122
189,3575,124,122
189,3576,124,122
189,3577,124,122
189,3578,124,122
189,3579,124,122
189,3580,124,122
189,3581,124,122
189,3582,124,122
190,3583,124,122
190,3584,124,122
190,3585,124,122
190,3586,124,122
190,3587,124,122
191,3588,124,122
191,3589,124,122
191,3590,124,122
191,3591,124,122
191,3592,124,122
191,3593,124,122
191,3594,124,122
191,3595,124,122
191,3596,124,122
191,3597,124,122
191,3598,124,122
191,3599,124,122
191,3600,124,122
191,3601,124,122
191,3602,124,122
191,3603,124,122
191,3604,124,122
191,3605,124,122
191,3606,124,122
191,3607,124,122
191,3608,124,122
191,3609,124,122
191,3610,124,122
191,3611,124,122
191,3612,124,122
191,3613,124,122
191,3614,124,122
191,3615,124,122
191,3616,124,122
191,3617,124,122
191,3618,124,122
192,3619,124,122
192,3620,124,122
192,3621,124,122
192,3622,124,122
192,3623,124,122
192,3624,124,122
192,3625,124,122
192,3626,124,122
192,3627,124,122
193,3628,124,122
193,3629,124,122
193,3630,124,122
193,3631,124,122
193,3632,124,122
193,3633,124,122
193,3634,124,122
193,3635,124,122
193,3636,124,122
193,3637,124,122
193,3638,124,122
193,3639,124,122
193,3640,124,122
193,3641,124,122
193,3642,124,122
193,3643,124,122
193,3644,124,122
193,3645,124,122
193,3646,124,122
193,3647,124,122
193,3648,124,122
193,3649,124,122
193,3650,124,122
193,3651,124,122
193,3652,124,122
193,3653,124,122
194,3654,124,122
194,3655,124,122
194,3656,124,122
194,3657,124,122
194,3658,124,122
194,3659,124,122
194,3660,124,122
194,3661,124,122
194,3662,124,122
194,3663,124,122
194,3664,124,122
194,3665,124,122
194,3666,124,122
195,3667,124,122
195,3668,124,122
195,3669,124,122
195,3670,124,122
195,3671,124,122
195,3672,124,122
195,3673,124,122
195,3674,124,122
195,3675,124,122
195,3676,124,122
195,3677,124,122
195,3678,124,122
195,3679,124,122
195,3680,124,122
195,3681,124,122
195,3682,124,122
195,3683,124,122
195,3684,124,122
195,3685,124,122
195,3686,124,122
195,3687,124,122
195,3688,124,122
195,3689,124,122
195,3690,124,122
195,3691,124,122
195,3692,124,122
195,3693,124,122
195,3694,124,122
196,3695,124,122
196,3696,124,122
196,3697,124,122
196,3698,124,122
196,3699,124,122
196,3700,124,122
196,3701,124,122
196,3702,124,122
196,3703,124,122
196,3704,124,122
196,3705,124,122
197,3706,124,122
197,3707,124,122
197,3708,124,122
197,3709,124,122
197,3710,124,122
197,3711,124,122
197,3712,124,122
197,3713,124,122
197,3714,124,122
197,3715,124,122
197,3716,124,122
197,3717,124,122
197,3718,124,122
197,3719,124,122
197,3720,124,122
197,3721,124,122
197,3722,124,122
197,3723,124,122
197,3724,124,122
197,3725,124,122
197,3726,124,122
197,3727,124,122
197,3728,124,122
197,3729,124,122
197,3730,124,122
197,3731,124,122
197,3732,124,122
197,3733,124,122
197,3734,124,122
197,3735,124,122
197,3736,124,122
198,3737,124,122
198,3738,124,122
198,3739,124,122
198,3740,124,122
198,3741,124,122
198,3742,124,122
198,3743,124,122
199,3744,124,122
199,3745,124,122
199,3746,124,122
199,3747,124,122
199,3748,124,122
199,3749,124,122
199,3750,124,122
199,3751,124,122
199,3752,124,122
199,3753,124,122
199,3754,124,122
199,3755,124,122
199,3756,124,122
199,3757,124,122
199,3758,124,122
199,3759,124,122
199,3760,124,122
199,3761,124,122
199,3762,124,122
199,3763,124,122
199,3764,124,122
199,3765,124,122
199,3766,124,122
199,3767,124,122
199,3768,124,122
199,3769,124,122
199,3770,124,122
199,3771,124,122
200,3772,124,122
200,3773,124,122
200,3774,124,122
200,3775,124,122
200,3776,124,122
200,3777,124,122
200,3778,124,122
200,3779,124,122
200,3780,124,122
200,3781,124,122
201,3782,124,122
201,3783,124,122
201,3784,124,122
201,3785,124,122
201,3786,124,122
201,3787,124,122
201,3788,124,122
201,3789,124,122
201,3790,124,122
201,3791,124,122
201,3792,124,122
201,3793,124,122
201,3794,124,122
201,3795,124,122
201,3796,124,122
201,3797,124,122
201,3798,124,122
201,3799,124,122
201,3800,124,122
201,3801,124,122
201,3802,124,122
201,3803,124,122
201,3804,124,122
201,3805,124,122
201,3806,124,122
201,3807,124,122
201,3808,124,122
201,3809,124,122
202,3810,124,122
202,3811,124,122
202,3812,124,122
202,3813,124,122
202,3814,124,122
202,3815,124,122
202,3816,124,122
202,3817,124,122
202,3818,124,122
203,3819,124,122
203,3820,124,122
203,3821,124,122
203,3822,124,122
203,3823,124,122
203,3824,124,122
203,3825,124,122
203,3826,124,122
203,3827,124,122
203,3828,124,122
203,3829,124,122
203,3830,124,122
203,3831,124,122
203,3832,124,122
203,3833,124,122
203,3834,124,122
203,3835,124,122
203,3836,124,122
203,3837,124,122
203,3838,124,122
203,3839,124,122
203,3840,124,122
203,3841,124,122
203,3842,124,122
203,3843,124,122
203,3844,124,122
203,3845,124,122
204,3846,124,122
204,3847,124,122
204,3848,124,122
204,3849,124,122
204,3850,124,122
204,3851,124,122
204,3852,124,122
204,3853,124,122
204,3854,124,122
204,3855,124,122
204,3856,124,122
204,3857,124,122
205,3858,124,122
205,3859,124,122
205,3860,124,122
205,3861,124,122
205,3862,124,122
205,3863,124,122
205,3864,124,122
205,3865,124,122
205,3866,124,122
205,3867,124,122
205,3868,124,122
205,3869,124,122
205,3870,124,122
205,3871,124,122
205,3872,124,122
205,3873,124,122
205,3874,124,122
205,3875,124,122
205,3876,124,122
205,3877,124,122
205,3878,124,122
205,3879,124,122
205,3880,124,122
206,3881,124,122
206,3882,124,122
206,3883,124,122
206,3884,124,122
206,3885,124,122
206,3886,124,122
206,3887,124,122
206,3888,124,122
206,3889,124,122
206,3890,124,122
206,3891,124,122
206,3892,124,122
206,3893,124,122
206,3894,124,122
207,3895,124,122
207,3896,124,122
207,3897,124,122
207,3898,124,122
207,3899,124,122
207,3900,124,122
207,3901,124,122
207,3902,124,122
207,3903,124,122
207,3904,124,122
207,3905,124,122
207,3906,124,122
207,3907,124,122
207,3908,124,122
207,3909,124,122
207,3910,124,122
207,3911,124,122
207,3912,124,122
207,3913,124,122
207,3914,124,122
207,3915,124,122
207,3916,124,122
207,3917,124,122
207,3918,124,122
207,3919,124,122
207,3920,124,122
208,3921,124,122
208,3922,124,122
208,3923,124,122
208,3924,124,122
208,3925,124,122
208,3926,124,122
208,3927,124,122
208,3928,124,122
208,3929,124,122
208,3930,124,122
208,3931,124,122
209,3932,124,122
209,3933,124,122
209,3934,124,122
209,3935,124,122
209,3936,124,122
209,3937,124,122
209,3938,124,122
209,3939,124,122
209,3940,124,122
209,3941,124,122
209,3942,124,122
209,3943,124,122
209,3944,124,122
209,3945,124,122
209,3946,124,122
209,3947,124,122
209,3948,124,122
209,3949,124,122
209,3950,124,122
209,3951,124,122
209,3952,124,122
209,3953,124,122
209,3954,124,122
209,3955,124,122
209,3956,124,122
209,3957,124,122
209,3958,124,122
209,3959,124,122
209,3960,124,122
209,3961,124,122
209,3962,124,122
210,3963,124,122
210,3964,124,122
210,3965,124,122
210,3966,124,122
210,3967,124,122
210,3968,124,122
210,3969,124,122
210,3970,124,122
211,3971,124,122
211,3972,124,122
211,3973,124,122
211,3974,124,122
211,3975,124,122
211,3976,124,122
211,3977,124,122
211,3978,124,122
211,3979,124,122
211,3980,124,122
211,3981,124,122
211,3982,124,122
211,3983,124,122
211,3984,124,122
211,3985,124,122
211,3986,124,122
211,3987,124,122
211,3988,124,122
211,3989,124,122
211,3990,124,122
211,3991,124,122
211,3992,124,122
211,3993,124,122
211,3994,124,122
211,3995,124,122
212,3996,124,122
212,3997,124,122
212,3998,124,122
212,3999,124,122
212,4000,124,122
212,4001,124,122
212,4002,124,122
212,4003,124,122
212,4004,124,122
212,4005,124,122
212,4006,124,122
212,4007,124,122
213,4008,124,122
213,4009,124,122
213,4010,124,122
213,4011,124,122
213,4012,124,122
213,4013,124,122
213,4014,124,122
213,4015,124,122
213,4016,124,122
213,4017,124,122
213,4018,124,122
213,4019,124,122
213,4020,124,122
213,4021,124,122
213,4022,124,122
213,4023,124,122
213,4024,124,122
213,4025,124,122
213,4026,124,122
213,4027,124,122
213,4028,124,122
213,4029,124,122
213,4030,124,122
213,4031,124,122
213,4032,124,122
213,4033,124,122
213,4034,124,122
213,4035,124,122
213,4036,124,122
213,4037,124,122
214,4038,124,122
214,4039,124,122
214,4040,124,122
214,4041,124,122
214,4042,124,122
214,4043,124,122
214,4044,124,122
214,4045,124,122
215,4046,124,122
215,4047,124,122
215,4048,124,122
215,4049,124,122
215,4050,124,122
215,4051,124,122
215,4052,124,122
215,4053,124,122
215,4054,124,122
215,4055,124,122
215,4056,124,122
215,4057,124,122
215,4058,124,122
215,4059,124,122
215,4060,124,122
215,4061,124,122
215,4062,124,122
215,4063,124,122
215,4064,124,122
215,4065,124,122
215,4066,124,122
215,4067,124,122
215,4068,124,122
215,4069,124,122
215,4070,124,122
215,4071,124,122
215,4072,124,122
215,4073,124,122
215,4074,124,122
215,4075,124,122
215,4076,124,122
215,4077,124,122
215,4078,124,122
216,4079,124,122
216,4080,124,122
216,4081,124,122
217,4082,124,122
217,4083,124,122
217,4084,124,122
217,4085,124,122
217,4086,124,122
217,4087,124,122
217,4088,124,122
217,4089,124,122
217,4090,124,122
217,4091,124,122
217,4092,124,122
217,4093,124,122
217,4094,124,122
217,4095,124,122
217,4096,124,122
217,4097,124,122
217,4098,124,122
217,4099,124,122
217,4100,124,122
217,4101,124,122
217,4102,124,122
217,4103,124,122
217,4104,124,122
217,4105,124,122
217,4106,124,122
217,4107,124,122
217,4108,124,122
217,4109,124,122
217,4110,124,122
217,4111,124,122
217,4112,124,122
217,4113,124,122
217,4114,124,122
217,4115,124,122
217,4116,124,122
218,4117,124,122
218,4118,124,122
219,4119,124,122
219,4120,124,122
219,4121,124,122
219,4122,124,122
219,4123,124,122
219,4124,124,122
219,4125,124,122
219,4126,124,122
219,4127,124,122
219,4128,124,122
219,4129,124,122
219,4130,124,122
219,4131,124,122
219,4132,124,122
219,4133,124,122
219,4134,124,122
219,4135,124,122
219,4136,124,122
219,4137,124,122
219,4138,124,122
219,4139,124,122
219,4140,124,122
219,4141,124,122
219,4142,124,122
219,4143,124,122
219,4144,124,122
219,4145,124,122
219,4146,124,122
219,4147,124,122
219,4148,124,122
219,4149,124,122
219,4150,124,122
219,4151,124,122
219,4152,124,122
219,4153,124,122
220,4154,124,122
220,4155,124,122
220,4156,124,122
220,4157,124,122
220,4158,124,122
220,4159,124,122
220,4160,124,122
221,4161,124,122
221,4162,124,122
221,4163,124,122
221,4164,124,122
221,4165,124,122
221,4166,124,122
221,4167,124,122
221,4168,124,122
221,4169,124,122
221,4170,124,122
221,4171,124,122
221,4172,124,122
221,4173,124,122
221,4174,124,122
221,4175,124,122
221,4176,124,122
221,4177,124,122
221,4178,124,122
221,4179,124,122
221,4180,124,122
221,4181,124,122
221,4182,124,122
221,4183,124,122
221,4184,124,122
221,4185,124,122
221,4186,124,122
221,4187,124,122
221,4188,124,122
221,4189,124,122
221,4190,124,122
222,4191,124,122
222,4192,124,122
222,4193,124,122
222,4194,124,122
222,4195,124,122
222,4196,124,122
222,4197,124,122
223,4198,124,122
223,4199,124,122
223,4200,124,122
223,4201,124,122
223,4202,124,122
223,4203,124,122
223,4204,124,122
223,4205,124,122
223,4206,124,122
223,4207,124,122
223,4208,124,122
223,4209,124,122
223,4210,124,122
223,4211,124,122
223,4212,124,122
223,4213,124,122
223,4214,124,122
223,4215,124,122
223,4216,124,122
223,4217,124,122
223,4218,124,122
223,4219,124,122
223,4220,124,122
223,4221,124,122
223,4222,124,122
223,4223,124,122
223,4224,124,122
223,4225,124,122
224,4226,124,122
224,4227,124,122
224,4228,124,122
224,4229,124,122
224,4230,124,122
224,4231,124,122
224,4232,124,122
224,4233,124,122
224,4234,124,122
224,4235,124,122
224,4236,124,122
224,4237,124,122
224,4238,124,122
225,4239,124,122
225,4240,124,122
225,4241,124,122
225,4242,124,122
225,4243,124,122
225,4244,124,122
225,4245,124,122
225,4246,124,122
225,4247,124,122
225,4248,124,122
225,4249,124,122
225,4250,124,122
225,4251,124,122
225,4252,124,122
225,4253,124,122
225,4254,124,122
225,4255,124,122
225,4256,124,122
225,4257,124,122
225,4258,124,122
225,4259,124,122
225,4260,124,122
225,4261,124,122
225,4262,124,122
225,4263,124,122
226,4264,124,122
226,4265,124,122
226,4266,124,122
226,4267,124,122
226,4268,124,122
226,4269,124,122
226,4270,124,122
226,4271,124,122
226,4272,124,122
226,4273,124,122
226,4274,124,122
226,4275,124,122
226,4276,124,122
226,4277,124,122
227,4278,124,122
227,4279,124,122
227,4280,124,122
227,4281,124,122
227,4282,124,122
227,4283,124,122
227,4284,124,122
227,4285,124,122
227,4286,124,122
227,4287,124,122
227,4288,124,122
227,4289,124,122
227,4290,124,122
227,4291,124,122
227,4292,124,122
227,4293,124,122
227,4294,124,122
227,4295,124,122
227,4296,124,122
227,4297,124,122
227,4298,124,122
227,4299,124,122
228,4300,124,122
228,4301,124,122
228,4302,124,122
228,4303,124,122
228,4304,124,122
228,4305,124,122
228,4306,124,122
228,4307,124,122
228,4308,124,122
228,4309,124,122
228,4310,124,122
228,4311,124,122
228,4312,124,122
228,4313,124,122
228,4314,124,122
228,4315,124,122
228,4316,124,122
229,4317,124,122
229,4318,124,122
229,4319,124,122
229,4320,124,122
229,4321,124,122
229,4322,124,122
229,4323,124,122
229,4324,124,122
229,4325,124,122
229,4326,124,122
229,4327,124,122
229,4328,124,122
229,4329,124,122
229,4330,124,122
229,4331,124,122
229,4332,124,122
229,4333,124,122
229,4334,124,122
229,4335,124,122
229,4336,124,122
230,4337,124,122
230,4338,124,122
230,4339,124,122
230,4340,124,122
230,4341,124,122
230,4342,124,122
230,4343,124,122
230,4344,124,122
230,4345,124,122
230,4346,124,122
230,4347,124,122
230,4348,124,122
230,4349,124,122
230,4350,124,122
230,4351,124,122
231,4352,124,122
231,4353,124,122
231,4354,124,122
231,4355,124,122
231,4356,124,122
231,4357,124,122
231,4358,124,122
231,4359,124,122
231,4360,124,122
231,4361,124,122
231,4362,124,122
231,4363,124,122
231,4364,124,122
231,4365,124,122
231,4366,124,122
231,4367,124,122
231,4368,124,122
231,4369,124,122
231,4370,124,122
231,4371,124,122
231,4372,124,122
231,4373,124,122
232,4374,124,122
232,4375,124,122
232,4376,124,122
232,4377,124,122
232,4378,124,122
232,4379,124,122
232,4380,124,122
232,4381,124,122
232,4382,124,122
232,4383,124,122
232,4384,124,122
232,4385,124,122
232,4386,124,122
232,4387,124,122
232,4388,124,122
232,4389,124,122
232,4390,124,122
232,4391,124,122
232,4392,124,122
233,4393,124,122
233,4394,124,122
233,4395,124,122
233,4396,124,122
233,4397,124,122
233,4398,124,122
233,4399,124,122
233,4400,124,122
233,4401,124,122
233,4402,124,122
233,4403,124,122
233,4404,124,122
233,4405,124,122
233,4406,124,122
233,4407,124,122
233,4408,124,122
233,4409,124,122
233,4410,124,122
233,4411,124,122
233,4412,124,122
234,4413,124,122
234,4414,124,122
234,4415,124,122
234,4416,124,122
234,4417,124,122
234,4418,124,122
234,4419,124,122
234,4420,124,122
234,4421,124,122
234,4422,124,122
234,4423,124,122
234,4424,124,122
234,4425,124,122
234,4426,124,122
234,4427,124,122
234,4428,124,122
234,4429,124,122
234,4430,124,122
234,4431,124,122
234,4432,124,122
234,4433,124,122
234,4434,124,122
235,4435,124,122
235,4436,124,122
235,4437,124,122
235,4438,124,122
235,4439,124,122
235,4440,124,122
235,4441,124,122
235,4442,124,122
235,4443,124,122
235,4444,124,122
235,4445,124,122
235,4446,124,122
235,4447,124,122
235,4448,124,122
235,4449,124,122
236,4450,124,122
236,4451,124,122
236,4452,124,122
236,4453,124,122
236,4454,124,122
236,4455,124,122
236,4456,124,122
236,4457,124,122
236,4458,124,122
236,4459,124,122
236,4460,124,122
236,4461,124,122
236,4462,124,122
236,4463,124,122
236,4464,124,122
236,4465,124,122
236,4466,124,122
236,4467,124,122
236,4468,124,122
236,4469,124,122
236,4470,124,122
236,4471,124,122
236,4472,124,122
236,4473,124,122
236,4474,124,122
237,4475,124,122
237,4476,124,122
237,4477,124,122
237,4478,124,122
237,4479,124,122
237,4480,124,122
237,4481,124,122
237,4482,124,122
237,4483,124,122
237,4484,124,122
237,4485,124,122
238,4486,124,122
238,4487,124,122
238,4488,124,122
238,4489,124,122
238,4490,124,122
238,4491,124,122
238,4492,124,122
238,4493,124,122
238,4494,124,122
238,4495,124,122
238,4496,124,122
238,4497,124,122
238,4498,124,122
238,4499,124,122
238,4500,124,122
238,4501,124,122
238,4502,124,122
238,4503,124,122
238,4504,124,122
238,4505,124,122
238,4506,124,122
238,4507,124,122
238,4508,124,122
238,4509,124,122
238,4510,124,122
238,4511,124,122
238,4512,124,122
238,4513,124,122
238,4514,124,122
239,4515,124,122
239,4516,124,122
239,4517,124,122
239,4518,124,122
239,4519,124,122
239,4520,124,122
239,4521,124,122
239,4522,124,122
239,4523,124,122
239,4524,124,122
239,4525,124,122
240,4526,124,122
240,4527,124,122
240,4528,124,122
240,4529,124,122
240,4530,124,122
240,4531,124,122
240,4532,124,122
240,4533,124,122
240,4534,124,122
240,4535,124,122
240,4536,124,122
240,4537,124,122
240,4538,124,122
240,4539,124,122
240,4540,124,122
240,4541,124,122
240,4542,124,122
240,4543,124,122
240,4544,124,122
240,4545,124,122
240,4546,124,122
240,4547,124,122
240,4548,124,122
240,4549,124,122
241,4550,124,122
241,4551,124,122
241,4552,124,122
241,4553,124,122
241,4554,124,122
241,4555,124,122
241,4556,124,122
241,4557,124,122
242,4558,124,122
242,4559,124,122
242,4560,124,122
242,4561,124,122
242,4562,124,122
242,4563,124,122
242,4564,124,122
242,4565,124,122
242,4566,124,122
242,4567,124,122
242,4568,124,122
242,4569,124,122
242,4570,124,122
242,4571,124,122
242,4572,124,122
242,4573,124,122
242,4574,124,122
242,4575,124,122
242,4576,124,122
242,4577,124,122
242,4578,124,122
242,4579,124,122
242,4580,124,122
242,4581,124,122
242,4582,124,122
242,4583,124,122
242,4584,124,122
242,4585,124,122
242,4586,124,122
242,4587,124,122
242,4588,124,122
243,4589,124,122
243,4590,124,122
243,4591,124,122
243,4592,124,122
244,4593,124,122
244,4594,124,122
244,4595,124,122
244,4596,124,122
244,4597,124,122
244,4598,124,122
244,4599,124,122
244,4600,124,122
244,4601,124,122
244,4602,124,122
244,4603,124,122
244,4604,124,122
244,4605,124,122
244,4606,124,122
244,4607,124,122
244,4608,124,122
244,4609,124,122
244,4610,124,122
244,4611,124,122
244,4612,124,122
244,4613,124,122
244,4614,124,122
244,4615,124,122
244,4616,124,122
244,4617,124,122
244,4618,124,122
244,4619,124,122
244,4620,124,122
244,4621,124,122
244,4622,124,122
244,4623,124,122
244,4624,124,122
244,4625,124,122
244,4626,124,122
244,4627,124,122
244,4628,124,122
244,4629,124,122
245,4630,124,122
245,4631,124,122
245,4632,124,122
245,4633,124,122
245,4634,124,122
245,4635,124,122
246,4636,124,122
246,4637,124,122
246,4638,124,122
246,4639,124,122
246,4640,124,122
246,4641,124,122
246,4642,124,122
246,4643,124,122
246,4644,124,122
246,4645,124,122
246,4646,124,122
246,4647,124,122
246,4648,124,122
246,4649,124,122
246,4650,124,122
246,4651,124,122
246,4652,124,122
246,4653,124,122
246,4654,124,122
246,4655,124,122
246,4656,124,122
246,4657,124,122
246,4658,124,122
246,4659,124,122
246,4660,124,122
246,4661,124,122
246,4662,124,122
247,4663,124,122
247,4664,124,122
247,4665,124,122
247,4666,124,122
247,4667,124,122
247,4668,124,122
247,4669,124,122
247,4670,124,122
247,4671,124,122
248,4672,124,122
248,4673,124,122
248,4674,124,122
248,4675,124,122
248,4676,124,122
248,4677,124,122
248,4678,124,122
248,4679,124,122
248,4680,124,122
248,4681,124,122
248,4682,124,122
248,4683,124,122
248,4684,124,122
248,4685,124,122
248,4686,124,122
248,4687,124,122
248,4688,124,122
248,4689,124,122
248,4690,124,122
248,4691,124,122
248,4692,124,122
248,4693,124,122
248,4694,124,122
248,4695,124,122
248,4696,124,122
248,4697,124,122
248,4698,124,122
248,4699,124,122
248,4700,124,122
248,4701,124,122
248,4702,124,122
248,4703,124,122
249,4704,124,122
249,4705,124,122
249,4706,124,122
249,4707,124,122
249,4708,124,122
249,4709,124,122
249,4710,124,122
249,4711,124,122
250,4712,124,122
250,4713,124,122
250,4714,124,122
250,4715,124,122
250,4716,124,122
250,4717,124,122
250,4718,124,122
250,4719,124,122
250,4720,124,122
250,4721,124,122
250,4722,124,122
250,4723,124,122
250,4724,124,122
250,4725,124,122
250,4726,124,122
250,4727,124,122
250,4728,124,122
250,4729,124,122
250,4730,124,122
250,4731,124,122
250,4732,124,122
250,4733,124,122
250,4734,124,122
250,4735,124,122
250,4736,124,122
250,4737,124,122
250,4738,124,122
250,4739,124,122
250,4740,124,122
250,4741,124,122
250,4742,124,122
250,4743,124,122
251,4744,124,122
251,4745,124,122
251,4746,124,122
251,4747,124,122
251,4748,124,122
251,4749,124,122
251,4750,124,122
252,4751,124,122
252,4752,124,122
252,4753,124,122
252,4754,124,122
252,4755,124,122
252,4756,124,122
252,4757,124,122
252,4758,124,122
252,4759,124,122
252,4760,124,122
252,4761,124,122
252,4762,124,122
252,4763,124,122
252,4764,124,122
252,4765,124,122
252,4766,124,122
252,4767,124,122
252,4768,124,122
252,4769,124,122
252,4770,124,122
252,4771,124,122
252,4772,124,122
252,4773,124,122
252,4774,124,122
252,4775,124,122
252,4776,124,122
252,4777,124,122
253,4778,124,122
253,4779,124,122
253,4780,124,122
253,4781,124,122
253,4782,124,122
253,4783,124,122
253,4784,124,122
253,4785,124,122
253,4786,124,122
253,4787,124,122
254,4788,124,122
254,4789,124,122
254,4790,124,122
254,4791,124,122
254,4792,124,122
254,4793,124,122
254,4794,124,122
254,4795,124,122
254,4796,124,122
254,4797,124,122
254,4798,124,122
254,4799,124,122
254,4800,124,122
254,4801,124,122
254,4802,124,122
254,4803,124,122
254,4804,124,122
254,4805,124,122
254,4806,124,122
254,4807,124,122
254,4808,124,122
254,4809,124,122
254,4810,124,122
254,4811,124,122
254,4812,124,122
254,4813,124,122
254,4814,124,122
255,4815,124,122
255,4816,124,122
255,4817,124,122
255,4818,124,122
255,4819,124,122
255,4820,124,122
255,4821,124,122
255,4822,124,122
256,4823,124,122
256,4824,124,122
256,4825,124,122
256,4826,124,122
256,4827,124,122
256,4828,124,122
256,4829,124,122
256,4830,124,122
256,4831,124,122
256,4832,124,122
256,4833,124,122
256,4834,124,122
256,4835,124,122
256,4836,124,122
256,4837,124,122
256,4838,124,122
256,4839,124,122
256,4840,124,122
256,4841,124,122
256,4842,124,122
256,4843,124,122
256,4844,124,122
256,4845,124,122
256,4846,124,122
256,4847,124,122
256,4848,124,122
256,4849,124,122
256,4850,124,122
256,4851,124,122
256,4852,124,122
257,4853,124,122
257,4854,124,122
257,4855,124,122
258,4856,124,122
258,4857,124,122
258,4858,124,122
258,4859,124,122
258,4860,124,122
258,4861,124,122
258,4862,124,122
258,4863,124,122
258,4864,124,122
258,4865,124,122
258,4866,124,122
258,4867,124,122
258,4868,124,122
258,4869,124,122
258,4870,124,122
258,4871,124,122
258,4872,124,122
258,4873,124,122
258,4874,124,122
258,4875,124,122
258,4876,124,122
258,4877,124,122
258,4878,124,122
258,4879,124,122
258,4880,124,122
258,4881,124,122
258,4882,124,122
258,4883,124,122
258,4884,124,122
258,4885,124,122
258,4886,124,122
258,4887,124,122
258,4888,124,122
258,4889,124,122
258,4890,124,122
259,4891,124,122
260,4892,124,123
260,4893,124,123
260,4894,124,123
260,4895,124,123
260,4896,124,123
260,4897,124,123
260,4898,124,123
260,4899,124,123
260,4900,124,123
260,4901,124,123
260,4902,124,123
260,4903,124,123
260,4904,124,123
260,4905,124,123
260,4906,124,123
260,4907,124,123
260,4908,124,123
260,4909,124,123
260,4910,124,123
260,4911,124,123
260,4912,124,123
260,4913,124,123
260,4914,124,123
260,4915,124,123
260,4916,124,123
260,4917,124,123
260,4918,124,123
260,4919,124,123
260,4920,124,123
260,4921,124,123
260,4922,124,123
260,4923,124,123
260,4924,124,123
260,4925,124,123
260,4926,124,123
261,4927,124,123
261,4928,124,123
261,4929,124,123
261,4930,124,123
261,4931,124,123
261,4932,124,123
261,4933,124,123
262,4934,124,123
262,4935,124,123
262,4936,124,123
262,4937,124,123
262,4938,124,123
262,4939,124,123
262,4940,124,123
262,4941,124,123
262,4942,124,123
262,4943,124,123
262,4944,124,123
262,4945,124,123
262,4946,124,123
262,4947,124,123
262,4948,124,123
262,4949,124,123
262,4950,124,123
262,4951,124,123
262,4952,124,123
262,4953,124,123
262,4954,124,123
262,4955,124,123
262,4956,124,123
262,4957,124,123
262,4958,124,123
263,4959,124,123
263,4960,124,123
263,4961,124,123
263,4962,124,123
263,4963,124,123
263,4964,124,123
263,4965,124,123
263,4966,124,123
263,4967,124,123
263,4968,124,123
264,4969,124,123
264,4970,124,123
264,4971,124,123
264,4972,124,123
264,4973,124,123
264,4974,124,123
264,4975,124,123
264,4976,124,123
264,4977,124,123
264,4978,124,123
264,4979,124,123
264,4980,124,123
264,4981,124,123
264,4982,124,123
264,4983,124,123
264,4984,124,123
264,4985,124,123
264,4986,124,123
264,4987,124,123
264,4988,124,123
264,4989,124,123
264,4990,124,123
264,4991,124,123
264,4992,124,123
264,4993,124,123
264,4994,124,123
264,4995,124,123
264,4996,124,123
265,4997,124,123
265,4998,124,123
265,4999,124,123
265,5000,124,123
265,5001,124,123
265,5002,124,123
265,5003,124,123
265,5004,124,123
265,5005,124,123
265,5006,124,123
266,5007,124,123
266,5008,124,123
266,5009,124,123
266,5010,124,123
266,5011,124,123
266,5012,124,123
266,5013,124,123
266,5014,124,123
266,5015,124,123
266,5016,124,123
266,5017,124,123
266,5018,124,123
266,5019,124,123
266,5020,124,123
266,5021,124,123
266,5022,124,123
266,5023,124,123
266,5024,124,123
266,5025,124,123
266,5026,124,123
266,5027,124,123
266,5028,124,123
266,5029,124,123
266,5030,124,123
266,5031,124,123
266,5032,124,123
266,5033,124,123
267,5034,124,123
267,5035,124,123
267,5036,124,123
267,5037,124,123
267,5038,124,123
267,5039,124,123
267,5040,124,123
267,5041,124,123
267,5042,124,123
267,5043,124,123
267,5044,124,123
267,5045,124,123
267,5046,124,123
267,5047,124,123
267,5048,124,123
268,5049,124,123
268,5050,124,123
268,5051,124,123
268,5052,124,123
268,5053,124,123
268,5054,124,123
268,5055,124,123
268,5056,124,123
268,5057,124,123
268,5058,124,123
268,5059,124,123
268,5060,124,123
268,5061,124,123
268,5062,124,123
268,5063,124,123
268,5064,124,123
268,5065,124,123
268,5066,124,123
268,5067,124,123
268,5068,124,123
268,5069,124,123
268,5070,124,123
268,5071,124,123
268,5072,124,123
268,5073,124,123
269,5074,124,123
269,5075,124,123
269,5076,124,123
269,5077,124,123
269,5078,124,123
269,5079,124,123
269,5080,124,123
269,5081,124,123
269,5082,124,123
269,5083,124,123
270,5084,124,123
270,5085,124,123
270,5086,124,123
270,5087,124,123
270,5088,124,123
270,5089,124,123
270,5090,124,123
270,5091,124,123
270,5092,124,123
270,5093,124,123
270,5094,124,123
270,5095,124,123
270,5096,124,123
270,5097,124,123
270,5098,124,123
270,5099,124,123
270,5100,124,123
270,5101,124,123
270,5102,124,123
270,5103,124,123
270,5104,124,123
270,5105,124,123
270,5106,124,123
270,5107,124,123
270,5108,124,123
271,5109,124,123
271,5110,124,123
271,5111,124,123
271,5112,124,123
271,5113,124,123
271,5114,124,123
271,5115,124,123
271,5116,124,123
271,5117,124,123
271,5118,124,123
272,5119,124,123
272,5120,124,123
272,5121,124,123
272,5122,124,123
272,5123,124,123
272,5124,124,123
272,5125,124,123
272,5126,124,123
272,5127,124,123
272,5128,124,123
272,5129,124,123
272,5130,124,123
272,5131,124,123
272,5132,124,123
272,5133,124,123
272,5134,124,123
272,5135,124,123
272,5136,124,123
272,5137,124,123
272,5138,124,123
272,5139,124,123
272,5140,124,123
272,5141,124,123
272,5142,124,123
272,5143,124,123
272,5144,124,123
272,5145,124,123
273,5146,124,123
273,5147,124,123
273,5148,124,123
273,5149,124,123
273,5150,124,123
273,5151,124,123
273,5152,124,123
273,5153,124,123
273,5154,124,123
274,5155,124,123
274,5156,124,123
274,5157,124,123
274,5158,124,123
274,5159,124,123
274,5160,124,123
274,5161,124,123
274,5162,124,123
274,5163,124,123
274,5164,124,123
274,5165,124,123
274,5166,124,123
274,5167,124,123
274,5168,124,123
274,5169,124,123
274,5170,124,123
274,5171,124,123
274,5172,124,123
274,5173,124,123
274,5174,124,123
274,5175,124,123
274,5176,124,123
274,5177,124,123
274,5178,124,123
274,5179,124,123
274,5180,124,123
274,5181,124,123
274,5182,124,123
274,5183,124,123
275,5184,124,123
275,5185,124,123
275,5186,124,123
275,5187,124,123
275,5188,124,123
276,5189,124,123
276,5190,124,123
276,5191,124,123
276,5192,124,123
276,5193,124,123
276,5194,124,123
276,5195,124,123
276,5196,124,123
276,5197,124,123
276,5198,124,123
276,5199,124,123
276,5200,124,123
276,5201,124,123
276,5202,124,123
276,5203,124,123
276,5204,124,123
276,5205,124,123
276,5206,124,123
276,5207,124,123
276,5208,124,123
276,5209,124,123
276,5210,124,123
276,5211,124,123
276,5212,124,123
276,5213,124,123
276,5214,124,123
276,5215,124,123
276,5216,124,123
276,5217,124,123
276,5218,124,123
276,5219,124,123
276,5220,124,123
276,5221,124,123
277,5222,124,123
277,5223,124,123
277,5224,124,123
277,5225,124,123
277,5226,124,123
277,5227,124,123
277,5228,124,123
277,5229,124,123
278,5230,124,123
278,5231,124,123
278,5232,124,123
278,5233,124,123
278,5234,124,123
278,5235,124,123
278,5236,124,123
278,5237,124,123
278,5238,124,123
278,5239,124,123
278,5240,124,123
278,5241,124,123
278,5242,124,123
278,5243,124,123
278,5244,124,123
278,5245,124,123
278,5246,124,123
278,5247,124,123
278,5248,124,123
278,5249,124,123
278,5250,124,123
278,5251,124,123
278,5252,124,123
278,5253,124,123
278,5254,124,123
278,5255,124,123
278,5256,124,123
279,5257,124,123
279,5258,124,123
279,5259,124,123
279,5260,124,123
279,5261,124,123
279,5262,124,123
279,5263,124,123
279,5264,124,123
279,5265,124,123
279,5266,124,123
279,5267,124,123
279,5268,124,123
279,5269,124,123
279,5270,124,123
280,5271,124,123
280,5272,124,123
280,5273,124,123
280,5274,124,123
280,5275,124,123
280,5276,124,123
280,5277,124,123
280,5278,124,123
280,5279,124,123
280,5280,124,123
280,5281,124,123
280,5282,124,123
280,5283,124,123
280,5284,124,123
280,5285,124,123
280,5286,124,123
280,5287,124,123
280,5288,124,123
280,5289,124,123
280,5290,124,123
280,5291,124,123
280,5292,124,123
280,5293,124,123
280,5294,124,123
281,5295,124,123
281,5296,124,123
281,5297,124,123
281,5298,124,123
281,5299,124,123
281,5300,124,123
281,5301,124,123
281,5302,124,123
281,5303,124,123
281,5304,124,123
281,5305,124,123
281,5306,124,123
282,5307,124,123
282,5308,124,123
282,5309,124,123
282,5310,124,123
282,5311,124,123
282,5312,124,123
282,5313,124,123
282,5314,124,123
282,5315,124,123
282,5316,124,123
282,5317,124,123
282,5318,124,123
282,5319,124,123
282,5320,124,123
282,5321,124,123
282,5322,124,123
282,5323,124,123
282,5324,124,123
282,5325,124,123
282,5326,124,123
282,5327,124,123
282,5328,124,123
282,5329,124,123
283,5330,124,123
283,5331,124,123
283,5332,124,123
283,5333,124,123
283,5334,124,123
283,5335,124,123
283,5336,124,123
283,5337,124,123
283,5338,124,123
283,5339,124,123
283,5340,124,123
283,5341,124,123
284,5342,124,123
284,5343,124,123
284,5344,124,123
284,5345,124,123
284,5346,124,123
284,5347,124,123
284,5348,124,123
284,5349,124,123
284,5350,124,123
284,5351,124,123
284,5352,124,123
284,5353,124,123
284,5354,124,123
284,5355,124,123
284,5356,124,123
284,5357,124,123
284,5358,124,123
284,5359,124,123
284,5360,124,123
284,5361,124,123
284,5362,124,123
284,5363,124,123
284,5364,124,123
285,5365,124,123
285,5366,124,123
285,5367,124,123
285,5368,124,123
285,5369,124,123
285,5370,124,123
285,5371,124,123
285,5372,124,123
285,5373,124,123
285,5374,124,123
285,5375,124,123
285,5376,124,123
285,5377,124,123
285,5378,124,123
286,5379,124,123
286,5380,124,123
286,5381,124,123
286,5382,124,123
286,5383,124,123
286,5384,124,123
286,5385,124,123
286,5386,124,123
286,5387,124,123
286,5388,124,123
286,5389,124,123
286,5390,124,123
286,5391,124,123
286,5392,124,123
286,5393,124,123
286,5394,124,123
286,5395,124,123
286,5396,124,123
286,5397,124,123
286,5398,124,123
286,5399,124,123
287,5400,124,123
287,5401,124,123
287,5402,124,123
287,5403,124,123
287,5404,124,123
287,5405,124,123
287,5406,124,123
287,5407,124,123
287,5408,124,123
287,5409,124,123
287,5410,124,123
287,5411,124,123
287,5412,124,123
288,5413,124,123
288,5414,124,123
288,5415,124,123
288,5416,124,123
288,5417,124,123
288,5418,124,123
288,5419,124,123
288,5420,124,123
288,5421,124,123
288,5422,124,123
288,5423,124,123
288,5424,124,123
288,5425,124,123
288,5426,124,123
288,5427,124,123
288,5428,124,123
288,5429,124,123
288,5430,124,123
288,5431,124,123
288,5432,124,123
288,5433,124,123
288,5434,124,123
288,5435,124,123
288,5436,124,123
288,5437,124,123
288,5438,124,123
288,5439,124,123
289,5440,124,123
289,5441,124,123
289,5442,124,123
289,5443,124,123
289,5444,124,123
289,5445,124,123
289,5446,124,123
289,5447,124,123
289,5448,124,123
289,5449,124,123
289,5450,124,123
290,5451,124,123
290,5452,124,123
290,5453,124,123
290,5454,124,123
290,5455,124,123
290,5456,124,123
290,5457,124,123
290,5458,124,123
290,5459,124,123
290,5460,124,123
290,5461,124,123
290,5462,124,123
290,5463,124,123
290,5464,124,123
290,5465,124,123
290,5466,124,123
290,5467,124,123
290,5468,124,123
290,5469,124,123
290,5470,124,123
290,5471,124,123
290,5472,124,123
290,5473,124,123
290,5474,124,123
290,5475,124,123
290,5476,124,123
290,5477,124,123
290,5478,124,123
291,5479,124,123
291,5480,124,123
291,5481,124,123
291,5482,124,123
291,5483,124,123
291,5484,124,123
291,5485,124,123
291,5486,124,123
291,5487,124,123
292,5488,124,123
292,5489,124,123
292,5490,124,123
292,5491,124,123
292,5492,124,123
292,5493,124,123
292,5494,124,123
292,5495,124,123
292,5496,124,123
292,5497,124,123
292,5498,124,123
292,5499,124,123
292,5500,124,123
292,5501,124,123
292,5502,124,123
292,5503,124,123
292,5504,124,123
292,5505,124,123
292,5506,124,123
292,5507,124,123
292,5508,124,123
292,5509,124,123
292,5510,124,123
292,5511,124,123
292,5512,124,123
292,5513,124,123
292,5514,124,123
292,5515,124,123
292,5516,124,123
292,5517,124,123
292,5518,124,123
293,5519,124,123
293,5520,124,123
293,5521,124,123
293,5522,124,123
293,5523,124,123
293,5524,124,123
293,5525,124,123
293,5526,124,123
294,5527,124,123
294,5528,124,123
294,5529,124,123
294,5530,124,123
294,5531,124,123
294,5532,124,123
294,5533,124,123
294,5534,124,123
294,5535,124,123
294,5536,124,123
294,5537,124,123
294,5538,124,123
294,5539,124,123
294,5540,124,123
294,5541,124,123
294,5542,124,123
294,5543,124,123
294,5544,124,123
294,5545,124,123
294,5546,124,123
294,5547,124,123
294,5548,124,123
294,5549,124,123
294,5550,124,123
294,5551,124,123
294,5552,124,123
294,5553,124,123
294,5554,124,123
294,5555,124,123
294,5556,124,123
294,5557,124,123
295,5558,124,123
295,5559,124,123
295,5560,124,123
295,5561,124,123
295,5562,124,123
295,5563,124,123
295,5564,124,123
295,5565,124,123
295,5566,124,123
295,5567,124,123
295,5568,124,123
296,5569,124,123
296,5570,124,123
296,5571,124,123
296,5572,124,123
296,5573,124,123
296,5574,124,123
296,5575,124,123
296,5576,124,123
296,5577,124,123
296,5578,124,123
296,5579,124,123
296,5580,124,123
296,5581,124,123
296,5582,124,123
296,5583,124,123
296,5584,124,123
296,5585,124,123
296,5586,124,123
296,5587,124,123
296,5588,124,123
296,5589,124,123
296,5590,124,123
296,5591,124,123
296,5592,124,123
296,5593,124,123
296,5594,124,123
296,5595,124,123
296,5596,124,123
296,5597,124,123
296,5598,124,123
296,5599,124,123
296,5600,124,123
297,5601,124,123
297,5602,124,123
297,5603,124,123
297,5604,124,123
297,5605,124,123
298,5606,124,123
298,5607,124,123
298,5608,124,123
298,5609,124,123
298,5610,124,123
298,5611,124,123
298,5612,124,123
298,5613,124,123
298,5614,124,123
298,5615,124,123
298,5616,124,123
298,5617,124,123
298,5618,124,123
298,5619,124,123
298,5620,124,123
298,5621,124,123
298,5622,124,123
298,5623,124,123
298,5624,124,123
298,5625,124,123
298,5626,124,123
298,5627,124,123
298,5628,124,123
298,5629,124,123
298,5630,124,123
298,5631,124,123
298,5632,124,123
298,5633,124,123
298,5634,124,123
299,5635,124,123
299,5636,124,123
299,5637,124,123
299,5638,124,123
299,5639,124,123
299,5640,124,123
299,5641,124,123
299,5642,124,123
299,5643,124,123
300,5644,124,123
300,5645,124,123
300,5646,124,123
300,5647,124,123
300,5648,124,123
300,5649,124,123
300,5650,124,123
300,5651,124,123
300,5652,124,123
300,5653,124,123
300,5654,124,123
300,5655,124,123
300,5656,124,123
300,5657,124,123
300,5658,124,123
300,5659,124,123
300,5660,124,123
300,5661,124,123
300,5662,124,123
300,5663,124,123
300,5664,124,123
300,5665,124,123
300,5666,124,123
300,5667,124,123
300,5668,124,123
300,5669,124,123
300,5670,124,123
300,5671,124,123
300,5672,124,123
300,5673,124,123
300,5674,124,123
301,5675,124,123
301,5676,124,123
301,5677,124,123
301,5678,124,123
301,5679,124,123
301,5680,124,123
301,5681,124,123
302,5682,124,123
302,5683,124,123
302,5684,124,123
302,5685,124,123
302,5686,124,123
302,5687,124,123
302,5688,124,123
302,5689,124,123
302,5690,124,123
302,5691,124,123
302,5692,124,123
302,5693,124,123
302,5694,124,123
302,5695,124,123
302,5696,124,123
302,5697,124,123
302,5698,124,123
302,5699,124,123
302,5700,124,123
302,5701,124,123
302,5702,124,123
302,5703,124,123
302,5704,124,123
302,5705,124,123
302,5706,124,123
302,5707,124,123
302,5708,124,123
302,5709,124,123
302,5710,124,123
302,5711,124,123
302,5712,124,123
303,5713,124,123
303,5714,124,123
303,5715,124,123
303,5716,124,123
303,5717,124,123
304,5718,124,123
304,5719,124,123
304,5720,124,123
304,5721,124,123
304,5722,124,123
304,5723,124,123
304,5724,124,123
304,5725,124,123
304,5726,124,123
304,5727,124,123
304,5728,124,123
304,5729,124,123
304,5730,124,123
304,5731,124,123
304,5732,124,123
304,5733,124,123
304,5734,124,123
304,5735,124,123
304,5736,124,123
304,5737,124,123
304,5738,124,123
304,5739,124,123
304,5740,124,123
304,5741,124,123
304,5742,124,123
304,5743,124,123
304,5744,124,123
304,5745,124,123
304,5746,124,123
305,5747,124,123
305,5748,124,123
305,5749,124,123
305,5750,124,123
305,5751,124,123
305,5752,124,123
305,5753,124,123
305,5754,124,123
305,5755,124,123
305,5756,124,123
306,5757,124,123
306,5758,124,123
306,5759,124,123
306,5760,124,123
306,5761,124,123
306,5762,124,123
306,5763,124,123
306,5764,124,123
306,5765,124,123
306,5766,124,123
306,5767,124,123
306,5768,124,123
306,5769,124,123
306,5770,124,123
306,5771,124,123
306,5772,124,123
306,5773,124,123
306,5774,124,123
306,5775,124,123
306,5776,124,123
306,5777,124,123
306,5778,124,123
306,5779,124,123
306,5780,124,123
307,5781,124,123
307,5782,124,123
307,5783,124,123
307,5784,124,123
307,5785,124,123
307,5786,124,123
307,5787,124,123
307,5788,124,123
307,5789,124,123
307,5790,124,123
307,5791,124,123
307,5792,124,123
307,5793,124,123
307,5794,124,123
308,5795,124,123
308,5796,124,123
308,5797,124,123
308,5798,124,123
308,5799,124,123
308,5800,124,123
308,5801,124,123
308,5802,124,123
308,5803,124,123
308,5804,124,123
308,5805,124,123
308,5806,124,123
308,5807,124,123
308,5808,124,123
308,5809,124,123
308,5810,124,123
308,5811,124,123
308,5812,124,123
308,5813,124,123
308,5814,124,123
308,5815,124,123
308,5816,124,123
309,5817,124,123
309,5818,124,123
309,5819,124,123
309,5820,124,123
309,5821,124,123
309,5822,124,123
309,5823,124,123
309,5824,124,123
309,5825,124,123
309,5826,124,123
309,5827,124,123
309,5828,124,123
309,5829,124,123
309,5830,124,123
309,5831,124,123
309,5832,124,123
309,5833,124,123
309,5834,124,123
310,5835,124,123
310,5836,124,123
310,5837,124,123
310,5838,124,123
310,5839,124,123
310,5840,124,123
310,5841,124,123
310,5842,124,123
310,5843,124,123
310,5844,124,123
310,5845,124,123
310,5846,124,123
310,5847,124,123
310,5848,124,123
310,5849,124,123
310,5850,124,123
310,5851,124,123
310,5852,124,123
310,5853,124,123
310,5854,124,123
311,5855,124,123
311,5856,124,123
311,5857,124,123
311,5858,124,123
311,5859,124,123
311,5860,124,123
311,5861,124,123
311,5862,124,123
311,5863,124,123
311,5864,124,123
311,5865,124,123
311,5866,124,123
311,5867,124,123
311,5868,124,123
311,5869,124,123
311,5870,124,123
311,5871,124,123
311,5872,124,123
311,5873,124,123
312,5874,124,123
312,5875,124,123
312,5876,124,123
312,5877,124,123
312,5878,124,123
312,5879,124,123
312,5880,124,123
312,5881,124,123
312,5882,124,123
312,5883,124,123
312,5884,124,123
312,5885,124,123
312,5886,124,123
312,5887,124,123
312,5888,124,123
312,5889,124,123
312,5890,124,123
312,5891,124,123
312,5892,124,123
312,5893,124,123
312,5894,124,123
313,5895,124,123
313,5896,124,123
313,5897,124,123
313,5898,124,123
313,5899,124,123
313,5900,124,123
313,5901,124,123
313,5902,124,123
313,5903,124,123
313,5904,124,123
313,5905,124,123
313,5906,124,123
313,5907,124,123
313,5908,124,123
313,5909,124,123
313,5910,124,123
313,5911,124,123
314,5912,124,123
314,5913,124,123
314,5914,124,123
314,5915,124,123
314,5916,124,123
314,5917,124,123
314,5918,124,123
314,5919,124,123
314,5920,124,123
314,5921,124,123
314,5922,124,123
314,5923,124,123
314,5924,124,123
314,5925,124,123
314,5926,124,123
314,5927,124,123
314,5928,124,123
314,5929,124,123
314,5930,124,123
315,5931,124,123
315,5932,124,123
315,5933,124,123
315,5934,124,123
315,5935,124,123
315,5936,124,123
315,5937,124,123
315,5938,124,123
315,5939,124,123
315,5940,124,123
315,5941,124,123
315,5942,124,123
315,5943,124,123
315,5944,124,123
315,5945,124,123
315,5946,124,123
316,5947,124,123
316,5948,124,123
316,5949,124,123
316,5950,124,123
316,5951,124,123
316,5952,124,123
316,5953,124,123
316,5954,124,123
316,5955,124,123
316,5956,124,123
316,5957,124,123
316,5958,124,123
316,5959,124,123
316,5960,124,123
316,5961,124,123
316,5962,124,123
316,5963,124,123
316,5964,124,123
316,5965,124,123
317,5966,124,123
317,5967,124,123
317,5968,124,123
317,5969,124,123
317,5970,124,123
317,5971,124,123
317,5972,124,123
317,5973,124,123
317,5974,124,123
317,5975,124,123
317,5976,124,123
317,5977,124,123
317,5978,124,123
317,5979,124,123
317,5980,124,123
317,5981,124,123
317,5982,124,123
317,5983,124,123
317,5984,124,123
317,5985,124,123
318,5986,124,123
318,5987,124,123
318,5988,124,123
318,5989,124,123
318,5990,124,123
318,5991,124,123
318,5992,124,123
318,5993,124,123
318,5994,124,123
318,5995,124,123
318,5996,124,123
318,5997,124,123
318,5998,124,123
318,5999,124,123
318,6000,124,123
318,6001,124,123
318,6002,124,123
318,6003,124,123
318,6004,124,123
318,6005,124,123
319,6006,124,123
319,6007,124,123
319,6008,124,123
319,6009,124,123
319,6010,124,123
319,6011,124,123
319,6012,124,123
319,6013,124,123
319,6014,124,123
319,6015,124,123
319,6016,124,123
319,6017,124,123
319,6018,124,123
319,6019,124,123
319,6020,124,123
319,6021,124,123
319,6022,124,123
319,6023,124,123
319,6024,124,123
319,6025,124,123
319,6026,124,123
320,6027,124,123
320,6028,124,123
320,6029,124,123
320,6030,124,123
320,6031,124,123
320,6032,124,123
320,6033,124,123
320,6034,124,123
320,6035,124,123
320,6036,124,123
320,6037,124,123
320,6038,124,123
320,6039,124,123
320,6040,124,123
320,6041,124,123
320,6042,124,123
320,6043,124,123
320,6044,124,123
320,6045,124,123
321,6046,124,123
321,6047,124,123
321,6048,124,123
321,6049,124,123
321,6050,124,123
321,6051,124,123
321,6052,124,123
321,6053,124,123
321,6054,124,123
321,6055,124,123
321,6056,124,123
321,6057,124,123
321,6058,124,123
321,6059,124,123
321,6060,124,123
321,6061,124,123
322,6062,124,123
322,6063,124,123
322,6064,124,123
322,6065,124,123
322,6066,124,123
322,6067,124,123
322,6068,124,123
322,6069,124,123
322,6070,124,123
322,6071,124,123
322,6072,124,123
322,6073,124,123
322,6074,124,123
322,6075,124,123
322,6076,124,123
322,6077,124,123
322,6078,124,123
322,6079,124,123
322,6080,124,123
322,6081,124,123
323,6082,124,123
323,6083,124,123
323,6084,124,123
323,6085,124,123
323,6086,124,123
323,6087,124,123
323,6088,124,123
323,6089,124,123
323,6090,124,123
323,6091,124,123
323,6092,124,123
323,6093,124,123
323,6094,124,123
323,6095,124,123
323,6096,124,123
323,6097,124,123
323,6098,124,123
323,6099,124,123
324,6100,124,123
324,6101,124,123
324,6102,124,123
324,6103,124,123
324,6104,124,123
324,6105,124,123
324,6106,124,123
324,6107,124,123
324,6108,124,123
324,6109,124,123
324,6110,124,123
324,6111,124,123
324,6112,124,123
324,6113,124,123
324,6114,124,123
324,6115,124,123
324,6116,124,123
324,6117,124,123
324,6118,124,123
324,6119,124,123
324,6120,124,123
324,6121,124,123
325,6122,124,123
325,6123,124,123
325,6124,124,123
325,6125,124,123
325,6126,124,123
325,6127,124,123
325,6128,124,123
325,6129,124,123
325,6130,124,123
325,6131,124,123
325,6132,124,123
325,6133,124,123
325,6134,124,123
325,6135,124,123
325,6136,124,123
325,6137,124,123
325,6138,124,123
326,6139,124,123
326,6140,124,123
326,6141,124,123
326,6142,124,123
326,6143,124,123
326,6144,124,123
326,6145,124,123
326,6146,124,123
326,6147,124,123
326,6148,124,123
326,6149,124,123
326,6150,124,123
326,6151,124,123
326,6152,124,123
326,6153,124,123
326,6154,124,123
326,6155,124,123
326,6156,124,123
326,6157,124,123
326,6158,124,123
326,6159,124,123
327,6160,124,123
327,6161,124,123
327,6162,124,123
327,6163,124,123
327,6164,124,123
327,6165,124,123
327,6166,124,123
327,6167,124,123
327,6168,124,123
327,6169,124,123
327,6170,124,123
327,6171,124,123
327,6172,124,123
327,6173,124,123
327,6174,124,123
327,6175,124,123
327,6176,124,123
328,6177,124,123
328,6178,124,123
328,6179,124,123
328,6180,124,123
328,6181,124,123
328,6182,124,123
328,6183,124,123
328,6184,124,123
328,6185,124,123
328,6186,124,123
328,6187,124,123
328,6188,124,123
328,6189,124,123
328,6190,124,123
328,6191,124,123
328,6192,124,123
328,6193,124,123
329,6194,124,123
329,6195,124,123
329,6196,124,123
329,6197,124,123
329,6198,124,123
329,6199,124,123
329,6200,124,123
329,6201,124,123
329,6202,124,123
329,6203,124,123
329,6204,124,123
329,6205,124,123
329,6206,124,123
329,6207,124,123
329,6208,124,123
329,6209,124,123
329,6210,124,123
329,6211,124,123
329,6212,124,123
329,6213,124,123
329,6214,124,123
329,6215,124,123
329,6216,124,123
330,6217,124,123
330,6218,124,123
330,6219,124,123
330,6220,124,123
330,6221,124,123
330,6222,124,123
330,6223,124,123
330,6224,124,123
330,6225,124,123
330,6226,124,123
330,6227,124,123
330,6228,124,123
330,6229,124,123
330,6230,124,123
330,6231,124,123
330,6232,124,123
331,6233,124,123
331,6234,124,123
331,6235,124,123
331,6236,124,123
331,6237,124,123
331,6238,124,123
331,6239,124,123
331,6240,124,123
331,6241,124,123
331,6242,124,123
331,6243,124,123
331,6244,124,123
331,6245,124,123
331,6246,124,123
331,6247,124,123
331,6248,124,123
331,6249,124,123
332,6250,124,123
332,6251,124,123
332,6252,124,123
332,6253,124,123
332,6254,124,123
332,6255,124,123
332,6256,124,123
332,6257,124,123
332,6258,124,123
332,6259,124,123
332,6260,124,123
332,6261,124,123
332,6262,124,123
332,6263,124,123
332,6264,124,123
332,6265,124,123
333,6266,124,123
333,6267,124,123
333,6268,124,123
333,6269,124,123
333,6270,124,123
333,6271,124,123
333,6272,124,123
333,6273,124,123
333,6274,124,123
333,6275,124,123
333,6276,124,123
333,6277,124,123
333,6278,124,123
333,6279,124,123
333,6280,124,123
333,6281,124,123
333,6282,124,123
333,6283,124,123
333,6284,124,123
333,6285,124,123
333,6286,124,123
333,6287,124,123
334,6288,124,123
334,6289,124,123
334,6290,124,123
334,6291,124,123
334,6292,124,123
334,6293,124,123
334,6294,124,123
334,6295,124,123
334,6296,124,123
334,6297,124,123
334,6298,124,123
334,6299,124,123
334,6300,124,123
334,6301,124,123
334,6302,124,123
334,6303,124,123
334,6304,124,123
334,6305,124,123
335,6306,124,123
335,6307,124,123
335,6308,124,123
335,6309,124,123
335,6310,124,123
335,6311,124,123
335,6312,124,123
335,6313,124,123
335,6314,124,123
335,6315,124,123
335,6316,124,123
335,6317,124,123
335,6318,124,123
335,6319,124,123
335,6320,124,123
335,6321,124,123
335,6322,124,123
335,6323,124,123
335,6324,124,123
335,6325,124,123
335,6326,124,123
336,6327,124,123
336,6328,124,123
336,6329,124,123
336,6330,124,123
336,6331,124,123
336,6332,124,123
336,6333,124,123
336,6334,124,123
336,6335,124,123
336,6336,124,123
336,6337,124,123
336,6338,124,123
336,6339,124,123
336,6340,124,123
336,6341,124,123
336,6342,124,123
336,6343,124,123
336,6344,124,123
337,6345,124,123
337,6346,124,123
337,6347,124,123
337,6348,124,123
337,6349,124,123
337,6350,124,123
337,6351,124,123
337,6352,124,123
337,6353,124,123
337,6354,124,123
337,6355,124,123
337,6356,124,123
337,6357,124,123
337,6358,124,123
337,6359,124,123
337,6360,124,123
337,6361,124,123
337,6362,124,123
338,6363,124,123
338,6364,124,123
338,6365,124,123
338,6366,124,123
338,6367,124,123
338,6368,124,123
338,6369,124,123
338,6370,124,123
338,6371,124,123
338,6372,124,123
338,6373,124,123
338,6374,124,123
338,6375,124,123
338,6376,124,123
338,6377,124,123
338,6378,124,123
338,6379,124,123
338,6380,124,123
338,6381,124,123
338,6382,124,123
338,6383,124,123
339,6384,124,123
339,6385,124,123
339,6386,124,123
339,6387,124,123
339,6388,124,123
339,6389,124,123
339,6390,124,123
339,6391,124,123
339,6392,124,123
339,6393,124,123
339,6394,124,123
339,6395,124,123
339,6396,124,123
339,6397,124,123
340,6398,124,123
340,6399,124,123
340,6400,124,123
340,6401,124,123
340,6402,124,123
340,6403,124,123
340,6404,124,123
340,6405,124,123
340,6406,124,123
340,6407,124,123
340,6408,124,123
340,6409,124,123
340,6410,124,123
340,6411,124,123
340,6412,124,123
340,6413,124,123
340,6414,124,123
340,6415,124,123
340,6416,124,123
340,6417,124,123
340,6418,124,123
340,6419,124,123
341,6420,124,123
341,6421,124,123
341,6422,124,123
341,6423,124,123
341,6424,124,123
341,6425,124,123
341,6426,124,123
341,6427,124,123
341,6428,124,123
341,6429,124,123
341,6430,124,123
341,6431,124,123
341,6432,124,123
341,6433,124,123
341,6434,124,123
341,6435,124,123
341,6436,124,123
341,6437,124,123
342,6438,124,123
342,6439,124,123
342,6440,124,123
342,6441,124,123
342,6442,124,123
342,6443,124,123
342,6444,124,123
342,6445,124,123
342,6446,124,123
342,6447,124,123
342,6448,124,123
342,6449,124,123
342,6450,124,123
342,6451,124,123
342,6452,124,123
342,6453,124,123
343,6454,124,123
343,6455,124,123
343,6456,124,123
343,6457,124,123
343,6458,124,123
343,6459,124,123
343,6460,124,123
343,6461,124,123
343,6462,124,123
343,6463,124,123
343,6464,124,123
343,6465,124,123
343,6466,124,123
343,6467,124,123
343,6468,124,123
343,6469,124,123
343,6470,124,123
343,6471,124,123
343,6472,124,123
343,6473,124,123
343,6474,124,123
343,6475,124,123
343,6476,124,123
343,6477,124,123
344,6478,124,123
344,6479,124,123
344,6480,124,123
344,6481,124,123
344,6482,124,123
344,6483,124,123
344,6484,124,123
344,6485,124,123
344,6486,124,123
344,6487,124,123
344,6488,124,123
344,6489,124,123
344,6490,124,123
345,6491,124,123
345,6492,124,123
345,6493,124,123
345,6494,124,123
345,6495,124,123
345,6496,124,123
345,6497,124,123
345,6498,124,123
345,6499,124,123
345,6500,124,123
345,6501,124,123
345,6502,124,123
345,6503,124,123
345,6504,124,123
345,6505,124,123
345,6506,124,123
345,6507,124,123
345,6508,124,123
345,6509,124,123
345,6510,124,123
345,6511,124,123
345,6512,124,123
346,6513,124,123
346,6514,124,123
346,6515,124,123
346,6516,124,123
346,6517,124,123
346,6518,124,123
346,6519,124,123
346,6520,124,123
346,6521,124,123
346,6522,124,123
346,6523,124,123
346,6524,124,123
346,6525,124,123
346,6526,124,123
346,6527,124,123
346,6528,124,123
346,6529,124,123
346,6530,124,123
346,6531,124,123
346,6532,124,123
347,6533,124,123
347,6534,124,123
347,6535,124,123
347,6536,124,123
347,6537,124,123
347,6538,124,123
347,6539,124,123
347,6540,124,123
347,6541,124,123
347,6542,124,123
347,6543,124,123
347,6544,124,123
347,6545,124,123
347,6546,124,123
347,6547,124,123
347,6548,124,123
347,6549,124,123
347,6550,124,123
347,6551,124,123
348,6552,124,123
348,6553,124,123
348,6554,124,123
348,6555,124,123
348,6556,124,123
348,6557,124,123
348,6558,124,123
348,6559,124,123
348,6560,124,123
348,6561,124,123
348,6562,124,123
348,6563,124,123
348,6564,124,123
348,6565,124,123
348,6566,124,123
348,6567,124,123
348,6568,124,123
348,6569,124,123
348,6570,124,123
348,6571,124,123
348,6572,124,123
348,6573,124,123
349,6574,124,123
349,6575,124,123
349,6576,124,123
349,6577,124,123
349,6578,124,123
349,6579,124,123
349,6580,124,123
349,6581,124,123
349,6582,124,123
349,6583,124,123
349,6584,124,123
349,6585,124,123
349,6586,124,123
349,6587,124,123
349,6588,124,123
349,6589,124,123
350,6590,124,123
350,6591,124,123
350,6592,124,123
350,6593,124,123
350,6594,124,123
350,6595,124,123
350,6596,124,123
350,6597,124,123
350,6598,124,123
350,6599,124,123
350,6600,124,123
350,6601,124,123
350,6602,124,123
350,6603,124,123
350,6604,124,123
350,6605,124,123
350,6606,124,123
350,6607,124,123
351,6608,124,123
351,6609,124,123
351,6610,124,123
351,6611,124,123
351,6612,124,123
351,6613,124,123
351,6614,124,123
351,6615,124,123
351,6616,124,123
351,6617,124,123
351,6618,124,123
351,6619,124,123
351,6620,124,123
351,6621,124,123
351,6622,124,123
351,6623,124,123
351,6624,124,123
351,6625,124,123
351,6626,124,123
352,6627,124,123
352,6628,124,123
352,6629,124,123
352,6630,124,123
352,6631,124,123
352,6632,124,123
352,6633,124,123
352,6634,124,123
352,6635,124,123
352,6636,124,123
352,6637,124,123
352,6638,124,123
352,6639,124,123
352,6640,124,123
352,6641,124,123
352,6642,124,123
352,6643,124,123
352,6644,124,123
352,6645,124,123
352,6646,124,123
352,6647,124,123
352,6648,124,123
353,6649,124,123
353,6650,124,123
353,6651,124,123
353,6652,124,123
353,6653,124,123
353,6654,124,123
353,6655,124,123
353,6656,124,123
353,6657,124,123
353,6658,124,123
353,6659,124,123
353,6660,124,123
353,6661,124,123
353,6662,124,123
354,6663,124,123
354,6664,124,123
354,6665,124,123
354,6666,124,123
354,6667,124,123
354,6668,124,123
354,6669,124,123
354,6670,124,123
354,6671,124,123
354,6672,124,123
354,6673,124,123
354,6674,124,123
354,6675,124,123
354,6676,124,123
354,6677,124,123
354,6678,124,123
354,6679,124,123
354,6680,124,123
354,6681,124,123
354,6682,124,123
354,6683,124,123
354,6684,124,123
354,6685,124,123
355,6686,124,123
355,6687,124,123
355,6688,124,123
355,6689,124,123
355,6690,124,123
355,6691,124,123
355,6692,124,123
355,6693,124,123
355,6694,124,123
355,6695,124,123
355,6696,124,123
355,6697,124,123
355,6698,124,123
355,6699,124,123
355,6700,124,123
355,6701,124,123
355,6702,124,123
355,6703,124,123
356,6704,124,123
356,6705,124,123
356,6706,124,123
356,6707,124,123
356,6708,124,123
356,6709,124,123
356,6710,124,123
356,6711,124,123
356,6712,124,123
356,6713,124,123
356,6714,124,123
356,6715,124,123
356,6716,124,123
356,6717,124,123
356,6718,124,123
356,6719,124,123
356,6720,124,123
356,6721,124,123
356,6722,124,123
356,6723,124,123
356,6724,124,123
356,6725,124,123
357,6726,124,123
357,6727,124,123
357,6728,124,123
357,6729,124,123
357,6730,124,123
357,6731,124,123
357,6732,124,123
357,6733,124,123
357,6734,124,123
357,6735,124,123
357,6736,124,123
358,6737,124,123
358,6738,124,123
358,6739,124,123
358,6740,124,123
358,6741,124,123
358,6742,124,123
358,6743,124,123
358,6744,124,123
358,6745,124,123
358,6746,124,123
358,6747,124,123
358,6748,124,123
358,6749,124,123
358,6750,124,123
358,6751,124,123
358,6752,124,123
358,6753,124,123
358,6754,124,123
358,6755,124,123
358,6756,124,123
358,6757,124,123
358,6758,124,123
358,6759,124,123
358,6760,124,123
358,6761,124,123
358,6762,124,123
358,6763,124,123
358,6764,124,123
358,6765,124,123
358,6766,124,123
359,6767,124,123
359,6768,124,123
359,6769,124,123
359,6770,124,123
359,6771,124,123
359,6772,124,123
359,6773,124,123
359,6774,124,123
359,6775,124,123
359,6776,124,123
359,6777,124,123
359,6778,124,123
360,6779,124,123
360,6780,124,123
360,6781,124,123
360,6782,124,123
360,6783,124,123
360,6784,124,123
360,6785,124,123
360,6786,124,123
360,6787,124,123
360,6788,124,123
360,6789,124,123
360,6790,124,123
360,6791,124,123
360,6792,124,123
360,6793,124,123
360,6794,124,123
360,6795,124,123
360,6796,124,123
360,6797,124,123
360,6798,124,123
360,6799,124,123
360,6800,124,123
360,6801,124,123
360,6802,124,123
360,6803,124,123
360,6804,124,123
361,6805,124,123
361,6806,124,123
361,6807,124,123
361,6808,124,123
361,6809,124,123
361,6810,124,123
361,6811,124,123
361,6812,124,123
361,6813,124,123
361,6814,124,123
361,6815,124,123
361,6816,124,123
361,6817,124,123
361,6818,124,123
362,6819,124,123
362,6820,124,123
362,6821,124,123
362,6822,124,123
362,6823,124,123
362,6824,124,123
362,6825,124,123
362,6826,124,123
362,6827,124,123
362,6828,124,123
362,6829,124,123
362,6830,124,123
362,6831,124,123
362,6832,124,123
362,6833,124,123
362,6834,124,123
362,6835,124,123
362,6836,124,123
362,6837,124,123
362,6838,124,123
362,6839,124,123
362,6840,124,123
362,6841,124,123
362,6842,124,123
362,6843,124,123
363,6844,124,123
363,6845,124,123
363,6846,124,123
363,6847,124,123
363,6848,124,123
363,6849,124,123
363,6850,124,123
363,6851,124,123
363,6852,124,123
363,6853,124,123
363,6854,124,123
363,6855,124,123
363,6856,124,123
364,6857,124,123
364,6858,124,123
364,6859,124,123
364,6860,124,123
364,6861,124,123
364,6862,124,123
364,6863,124,123
364,6864,124,123
364,6865,124,123
364,6866,124,123
364,6867,124,123
364,6868,124,123
364,6869,124,123
364,6870,124,123
364,6871,124,123
364,6872,124,123
364,6873,124,123
364,6874,124,123
364,6875,124,123
364,6876,124,123
364,6877,124,123
365,6878,124,123
365,6879,124,123
365,6880,124,123
365,6881,124,123
365,6882,124,123
365,6883,124,123
365,6884,124,123
365,6885,124,123
365,6886,124,123
365,6887,124,123
365,6888,124,123
365,6889,124,123
365,6890,124,123
365,6891,124,123
365,6892,124,123
365,6893,124,123
365,6894,124,123
365,6895,124,123
366,6896,124,123
366,6897,124,123
366,6898,124,123
366,6899,124,123
366,6900,124,123
366,6901,124,123
366,6902,124,123
366,6903,124,123
366,6904,124,123
366,6905,124,123
366,6906,124,123
366,6907,124,123
366,6908,124,123
366,6909,124,123
366,6910,124,123
366,6911,124,123
366,6912,124,123
366,6913,124,123
366,6914,124,123
366,6915,124,123
366,6916,124,123
366,6917,124,123
366,6918,124,123
366,6919,124,123
366,6920,124,123
367,6921,124,123
367,6922,124,123
367,6923,124,123
367,6924,124,123
367,6925,124,123
367,6926,124,123
367,6927,124,123
367,6928,124,123
367,6929,124,123
367,6930,124,123
367,6931,124,123
368,6932,124,123
368,6933,124,123
368,6934,124,123
368,6935,124,123
368,6936,124,123
368,6937,124,123
368,6938,124,123
368,6939,124,123
368,6940,124,123
368,6941,124,123
368,6942,124,123
368,6943,124,123
368,6944,124,123
368,6945,124,123
368,6946,124,123
368,6947,124,123
368,6948,124,123
368,6949,124,123
368,6950,124,123
368,6951,124,123
368,6952,124,123
368,6953,124,123
368,6954,124,123
368,6955,124,123
368,6956,124,123
368,6957,124,123
368,6958,124,123
368,6959,124,123
368,6960,124,123
369,6961,124,123
369,6962,124,123
369,6963,124,123
369,6964,124,123
370,6965,124,123
370,6966,124,123
370,6967,124,123
370,6968,124,123
370,6969,124,123
370,6970,124,123
370,6971,124,123
370,6972,124,123
370,6973,124,123
370,6974,124,123
370,6975,124,123
370,6976,124,123
370,6977,124,123
370,6978,124,123
370,6979,124,123
370,6980,124,123
370,6981,124,123
370,6982,124,123
370,6983,124,123
370,6984,124,123
370,6985,124,123
370,6986,124,123
370,6987,124,123
370,6988,124,123
370,6989,124,123
370,6990,124,123
370,6991,124,123
370,6992,124,123
370,6993,124,123
370,6994,124,123
370,6995,124,123
370,6996,124,123
371,6997,124,123
371,6998,124,123
371,6999,124,123
371,7000,124,123
371,7001,124,123
371,7002,124,123
372,7003,124,123
372,7004,124,123
372,7005,124,123
372,7006,124,123
372,7007,124,123
372,7008,124,123
372,7009,124,123
372,7010,124,123
372,7011,124,123
372,7012,124,123
372,7013,124,123
372,7014,124,123
372,7015,124,123
372,7016,124,123
372,7017,124,123
372,7018,124,123
372,7019,124,123
372,7020,124,123
372,7021,124,123
372,7022,124,123
372,7023,124,123
372,7024,124,123
372,7025,124,123
372,7026,124,123
372,7027,124,123
372,7028,124,123
372,7029,124,123
372,7030,124,123
372,7031,124,123
372,7032,124,123
372,7033,124,123
372,7034,124,123
372,7035,124,123
372,7036,124,123
372,7037,124,123
372,7038,124,123
374,7039,124,123
374,7040,124,123
374,7041,124,123
374,7042,124,123
374,7043,124,123
374,7044,124,123
374,7045,124,123
374,7046,124,123
374,7047,124,123
374,7048,124,123
374,7049,124,123
374,7050,124,123
374,7051,124,123
374,7052,124,123
374,7053,124,123
374,7054,124,123
374,7055,124,123
374,7056,124,123
374,7057,124,123
374,7058,124,123
374,7059,124,123
374,7060,124,123
374,7061,124,123
374,7062,124,123
374,7063,124,123
374,7064,124,123
374,7065,124,123
374,7066,124,123
374,7067,124,123
374,7068,124,123
374,7069,124,123
374,7070,124,123
374,7071,124,123
374,7072,124,123
374,7073,124,123
375,7074,124,123
375,7075,124,123
376,7076,124,123
376,7077,124,123
376,7078,124,123
376,7079,124,123
376,7080,124,123
376,7081,124,123
376,7082,124,123
376,7083,124,123
376,7084,124,123
376,7085,124,123
376,7086,124,123
376,7087,124,123
376,7088,124,123
376,7089,124,123
376,7090,124,123
376,7091,124,123
376,7092,124,123
376,7093,124,123
376,7094,124,123
376,7095,124,123
376,7096,124,123
376,7097,124,123
376,7098,124,123
376,7099,124,123
376,7100,124,123
376,7101,124,123
376,7102,124,123
376,7103,124,123
376,7104,124,123
376,7105,124,123
376,7106,124,123
376,7107,124,123
376,7108,124,123
376,7109,124,123
376,7110,124,123
376,7111,124,123
376,7112,124,123
376,7113,124,123
376,7114,124,123
376,7115,124,123
377,7116,124,123
377,7117,124,123
378,7118,124,123
378,7119,124,123
378,7120,124,123
378,7121,124,123
378,7122,124,123
378,7123,124,123
378,7124,124,123
378,7125,124,123
378,7126,124,123
378,7127,124,123
378,7128,124,123
378,7129,124,123
378,7130,124,123
378,7131,124,123
378,7132,124,123
378,7133,124,123
378,7134,124,123
378,7135,124,123
378,7136,124,123
378,7137,124,123
378,7138,124,123
378,7139,124,123
378,7140,124,123
378,7141,124,123
378,7142,124,123
378,7143,124,123
378,7144,124,123
378,7145,124,123
378,7146,124,123
378,7147,124,123
378,7148,124,123
378,7149,124,123
378,7150,124,123
378,7151,124,123
378,7152,124,123
379,7153,124,123
379,7154,124,123
379,7155,124,123
379,7156,124,123
379,7157,124,123
379,7158,124,123
379,7159,124,123
380,7160,124,123
380,7161,124,123
380,7162,124,123
380,7163,124,123
380,7164,124,123
380,7165,124,123
380,7166,124,123
380,7167,124,123
380,7168,124,123
380,7169,124,123
380,7170,124,123
380,7171,124,123
380,7172,124,123
380,7173,124,123
380,7174,124,123
380,7175,124,123
380,7176,124,123
380,7177,124,123
380,7178,124,123
380,7179,124,123
380,7180,124,123
380,7181,124,123
380,7182,124,123
380,7183,124,123
380,7184,124,123
380,7185,124,123
380,7186,124,123
380,7187,124,123
380,7188,124,123
381,7189,124,123
381,7190,124,123
381,7191,124,123
381,7192,124,123
382,7193,124,123
382,7194,124,123
382,7195,124,123
382,7196,124,123
382,7197,124,123
382,7198,124,123
382,7199,124,123
382,7200,124,123
382,7201,124,123
382,7202,124,123
382,7203,124,123
382,7204,124,123
382,7205,124,123
382,7206,124,123
382,7207,124,123
382,7208,124,123
382,7209,124,123
382,7210,124,123
382,7211,124,123
382,7212,124,123
382,7213,124,123
382,7214,124,123
382,7215,124,123
382,7216,124,123
382,7217,124,123
382,7218,124,123
382,7219,124,123
382,7220,124,123
382,7221,124,123
382,7222,124,123
382,7223,124,123
382,7224,124,123
382,7225,124,123
382,7226,124,123
382,7227,124,123
382,7228,124,123
383,7229,124,123
383,7230,124,123
383,7231,124,123
383,7232,124,123
383,7233,124,123
383,7234,124,123
383,7235,124,123
384,7236,124,123
384,7237,124,123
384,7238,124,123
384,7239,124,123
384,7240,124,123
384,7241,124,123
384,7242,124,123
384,7243,124,123
384,7244,124,123
384,7245,124,123
384,7246,124,123
384,7247,124,123
384,7248,124,123
384,7249,124,123
384,7250,124,123
384,7251,124,123
384,7252,124,123
384,7253,124,123
384,7254,124,123
384,7255,124,123
384,7256,124,123
384,7257,124,123
384,7258,124,123
384,7259,124,123
384,7260,124,123
384,7261,124,123
384,7262,124,123
384,7263,124,123
384,7264,124,123
384,7265,124,123
384,7266,124,123
384,7267,124,123
384,7268,124,123
384,7269,124,123
385,7270,124,123
386,7271,124,123
386,7272,124,123
386,7273,124,123
386,7274,124,123
386,7275,124,123
386,7276,124,123
386,7277,124,123
386,7278,124,123
386,7279,124,123
386,7280,124,123
386,7281,124,123
386,7282,124,123
386,7283,124,123
386,7284,124,123
386,7285,124,123
386,7286,124,123
386,7287,124,123
386,7288,124,123
386,7289,124,123
386,7290,124,123
386,7291,124,123
386,7292,124,123
386,7293,124,123
386,7294,124,123
386,7295,124,123
386,7296,124,123
386,7297,124,123
386,7298,124,123
386,7299,124,123
386,7300,124,123
386,7301,124,123
386,7302,124,123
386,7303,124,123
386,7304,124,123
386,7305,124,123
386,7306,124,123
386,7307,124,123
386,7308,124,123
386,7309,124,123
387,7310,124,123
387,7311,124,123
388,7312,124,123
388,7313,124,123
388,7314,124,123
388,7315,124,123
388,7316,124,123
388,7317,124,123
388,7318,124,123
388,7319,124,123
388,7320,124,123
388,7321,124,123
388,7322,124,123
388,7323,124,123
388,7324,124,123
388,7325,124,123
388,7326,124,123
388,7327,124,123
388,7328,124,123
388,7329,124,123
388,7330,124,123
388,7331,124,123
388,7332,124,123
388,7333,124,123
388,7334,124,123
388,7335,124,123
388,7336,124,123
388,7337,124,123
388,7338,124,123
388,7339,124,123
388,7340,124,123
388,7341,124,123
388,7342,124,123
388,7343,124,123
388,7344,124,123
388,7345,124,123
388,7346,124,123
388,7347,124,123
388,7348,124,123
389,7349,124,123
389,7350,124,123
390,7351,124,123
390,7352,124,123
390,7353,124,123
390,7354,124,123
390,7355,124,123
390,7356,124,123
390,7357,124,123
390,7358,124,123
390,7359,124,123
390,7360,124,123
390,7361,124,123
390,7362,124,123
390,7363,124,123
390,7364,124,123
390,7365,124,123
390,7366,124,123
390,7367,124,123
390,7368,124,123
390,7369,124,123
390,7370,124,123
390,7371,124,123
390,7372,124,123
390,7373,124,123
390,7374,124,123
390,7375,124,123
390,7376,124,123
390,7377,124,123
390,7378,124,123
390,7379,124,123
390,7380,124,123
390,7381,124,123
390,7382,124,123
390,7383,124,123
390,7384,124,123
390,7385,124,123
390,7386,124,123
390,7387,124,123
390,7388,124,123
390,7389,124,123
391,7390,124,123
392,7391,124,123
392,7392,124,123
392,7393,124,123
392,7394,124,123
392,7395,124,123
392,7396,124,123
392,7397,124,123
392,7398,124,123
392,7399,124,123
392,7400,124,123
392,7401,124,123
392,7402,124,123
392,7403,124,123
392,7404,124,123
392,7405,124,123
392,7406,124,123
392,7407,124,123
392,7408,124,123
392,7409,124,123
392,7410,124,123
392,7411,124,123
392,7412,124,123
392,7413,124,123
392,7414,124,123
392,7415,124,123
392,7416,124,123
392,7417,124,123
392,7418,124,123
392,7419,124,123
392,7420,124,123
392,7421,124,123
392,7422,124,123
392,7423,124,123
392,7424,124,123
393,7425,124,123
393,7426,124,123
394,7427,124,123
394,7428,124,123
394,7429,124,123
394,7430,124,123
394,7431,124,123
394,7432,124,123
394,7433,124,123
394,7434,124,123
394,7435,124,123
394,7436,124,123
394,7437,124,123
394,7438,124,123
394,7439,124,123
394,7440,124,123
394,7441,124,123
394,7442,124,123
394,7443,124,123
394,7444,124,123
394,7445,124,123
394,7446,124,123
394,7447,124,123
394,7448,124,123
394,7449,124,123
394,7450,124,123
394,7451,124,123
394,7452,124,123
394,7453,124,123
394,7454,124,123
394,7455,124,123
394,7456,124,123
394,7457,124,123
394,7458,124,123
394,7459,124,123
394,7460,124,123
394,7461,124,123
395,7462,124,123
395,7463,124,123
396,7464,124,123
396,7465,124,123
396,7466,124,123
396,7467,124,123
396,7468,124,123
396,7469,124,123
396,7470,124,123
396,7471,124,123
396,7472,124,123
396,7473,124,123
396,7474,124,123
396,7475,124,123
396,7476,124,123
396,7477,124,123
396,7478,124,123
396,7479,124,123
396,7480,124,123
396,7481,124,123
396,7482,124,123
396,7483,124,123
396,7484,124,123
396,7485,124,123
396,7486,124,123
396,7487,124,123
396,7488,124,123
396,7489,124,123
396,7490,124,123
396,7491,124,123
396,7492,124,123
396,7493,124,123
396,7494,124,123
396,7495,124,123
396,7496,124,123
396,7497,124,123
396,7498,124,123
396,7499,124,123
397,7500,124,123
398,7501,124,123
398,7502,124,123
398,7503,124,123
398,7504,124,123
398,7505,124,123
398,7506,124,123
398,7507,124,123
398,7508,124,123
398,7509,124,123
398,7510,124,123
398,7511,124,123
398,7512,124,123
398,7513,124,123
398,7514,124,123
398,7515,124,123
398,7516,124,123
398,7517,124,123
398,7518,124,123
398,7519,124,123
398,7520,124,123
398,7521,124,123
398,7522,124,123
398,7523,124,123
398,7524,124,123
398,7525,124,123
398,7526,124,123
398,7527,124,123
398,7528,124,123
398,7529,124,123
398,7530,124,123
398,7531,124,123
398,7532,124,123
398,7533,124,123
399,7534,124,123
399,7535,124,123
400,7536,124,123
400,7537,124,123
400,7538,124,123
400,7539,124,123
400,7540,124,123
400,7541,124,123
400,7542,124,123
400,7543,124,123
400,7544,124,123
400,7545,124,123
400,7546,124,123
400,7547,124,123
400,7548,124,123
400,7549,124,123
400,7550,124,123
400,7551,124,123
400,7552,124,123
400,7553,124,123
400,7554,124,123
400,7555,124,123
400,7556,124,123
400,7557,124,123
400,7558,124,123
400,7559,124,123
400,7560,124,123
400,7561,124,123
400,7562,124,123
400,7563,124,123
400,7564,124,123
400,7565,124,123
400,7566,124,123
400,7567,124,123
400,7568,124,123
400,7569,124,123
401,7570,124,123
401,7571,124,123
401,7572,124,123
401,7573,124,123
401,7574,124,123
401,7575,124,123
401,7576,124,123
401,7577,124,123
402,7578,124,123
402,7579,124,123
402,7580,124,123
402,7581,124,123
402,7582,124,123
402,7583,124,123
402,7584,124,123
402,7585,124,123
402,7586,124,123
402,7587,124,123
402,7588,124,123
402,7589,124,123
402,7590,124,123
402,7591,124,123
402,7592,124,123
402,7593,124,123
402,7594,124,123
402,7595,124,123
402,7596,124,123
402,7597,124,123
402,7598,124,123
402,7599,124,123
402,7600,124,123
402,7601,124,123
403,7602,124,123
403,7603,124,123
403,7604,124,123
403,7605,124,123
403,7606,124,123
403,7607,124,123
403,7608,124,123
403,7609,124,123
403,7610,124,123
403,7611,124,123
403,7612,124,123
403,7613,124,123
403,7614,124,123
403,7615,124,123
403,7616,124,123
403,7617,124,123
403,7618,124,123
403,7619,124,123
404,7620,124,123
404,7621,124,123
404,7622,124,123
404,7623,124,123
404,7624,124,123
404,7625,124,123
404,7626,124,123
404,7627,124,123
404,7628,124,123
404,7629,124,123
404,7630,124,123
404,7631,124,123
404,7632,124,123
404,7633,124,123
404,7634,124,123
404,7635,124,123
404,7636,124,123
404,7637,124,123
404,7638,124,123
405,7639,124,123
405,7640,124,123
405,7641,124,123
405,7642,124,123
405,7643,124,123
405,7644,124,123
405,7645,124,123
405,7646,124,123
405,7647,124,123
405,7648,124,123
405,7649,124,123
405,7650,124,123
405,7651,124,123
405,7652,124,123
405,7653,124,123
405,7654,124,123
405,7655,124,123
405,7656,124,123
405,7657,124,123
405,7658,124,123
406,7659,124,123
406,7660,124,123
406,7661,124,123
406,7662,124,123
406,7663,124,123
406,7664,124,123
406,7665,124,123
406,7666,124,123
406,7667,124,123
406,7668,124,123
406,7669,124,123
406,7670,124,123
406,7671,124,123
406,7672,124,123
407,7673,124,123
407,7674,124,123
407,7675,124,123
407,7676,124,123
407,7677,124,123
407,7678,124,123
407,7679,124,123
407,7680,124,123
407,7681,124,123
407,7682,124,123
407,7683,124,123
407,7684,124,123
407,7685,124,123
407,7686,124,123
407,7687,124,123
407,7688,124,123
407,7689,124,123
407,7690,124,123
407,7691,124,123
407,7692,124,123
407,7693,124,123
407,7694,124,123
407,7695,124,123
407,7696,124,123
407,7697,124,123
407,7698,124,123
407,7699,124,123
407,7700,124,123
407,7701,124,123
408,7702,124,123
408,7703,124,123
408,7704,124,123
408,7705,124,123
408,7706,124,123
408,7707,124,123
408,7708,124,123
408,7709,124,123
408,7710,124,123
408,7711,124,123
408,7712,124,123
408,7713,124,123
409,7714,124,123
409,7715,124,123
409,7716,124,123
409,7717,124,123
409,7718,124,123
409,7719,124,123
409,7720,124,123
409,7721,124,123
409,7722,124,123
409,7723,124,123
409,7724,124,123
409,7725,124,123
409,7726,124,123
409,7727,124,123
409,7728,124,123
409,7729,124,123
409,7730,124,123
409,7731,124,123
409,7732,124,123
409,7733,124,123
409,7734,124,123
409,7735,124,123
410,7736,124,123
410,7737,124,123
410,7738,124,123
410,7739,124,123
410,7740,124,123
410,7741,124,123
410,7742,124,123
410,7743,124,123
410,7744,124,123
410,7745,124,123
410,7746,124,123
410,7747,124,123
410,7748,124,123
410,7749,124,123
410,7750,124,123
410,7751,124,123
410,7752,124,123
410,7753,124,123
411,7754,124,123
411,7755,124,123
411,7756,124,123
411,7757,124,123
411,7758,124,123
411,7759,124,123
411,7760,124,123
411,7761,124,123
411,7762,124,123
411,7763,124,123
411,7764,124,123
411,7765,124,123
411,7766,124,123
411,7767,124,123
411,7768,124,123
411,7769,124,123
411,7770,124,123
411,7771,124,123
412,7772,124,123
412,7773,124,123
412,7774,124,123
412,7775,124,123
412,7776,124,123
412,7777,124,123
412,7778,124,123
412,7779,124,123
412,7780,124,123
412,7781,124,123
412,7782,124,123
412,7783,124,123
412,7784,124,123
412,7785,124,123
412,7786,124,123
412,7787,124,123
412,7788,124,123
412,7789,124,123
412,7790,124,123
412,7791,124,123
412,7792,124,123
413,7793,124,123
413,7794,124,123
413,7795,124,123
413,7796,124,123
413,7797,124,123
413,7798,124,123
413,7799,124,123
413,7800,124,123
413,7801,124,123
413,7802,124,123
413,7803,124,123
413,7804,124,123
413,7805,124,123
413,7806,124,123
413,7807,124,123
413,7808,124,123
413,7809,124,123
413,7810,124,123
413,7811,124,123
414,7812,124,123
414,7813,124,123
414,7814,124,123
414,7815,124,123
414,7816,124,123
414,7817,124,123
414,7818,124,123
414,7819,124,123
414,7820,124,123
414,7821,124,123
414,7822,124,123
414,7823,124,123
414,7824,124,123
414,7825,124,123
414,7826,124,123
414,7827,124,123
414,7828,124,123
414,7829,124,123
415,7830,124,123
415,7831,124,123
415,7832,124,123
415,7833,124,123
415,7834,124,123
415,7835,124,123
415,7836,124,123
415,7837,124,123
415,7838,124,123
415,7839,124,123
415,7840,124,123
415,7841,124,123
415,7842,124,123
415,7843,124,123
415,7844,124,123
415,7845,124,123
415,7846,124,123
415,7847,124,123
416,7848,124,123
416,7849,124,123
416,7850,124,123
416,7851,124,123
416,7852,124,123
416,7853,124,123
416,7854,124,123
416,7855,124,123
416,7856,124,123
416,7857,124,123
416,7858,124,123
416,7859,124,123
416,7860,124,123
416,7861,124,123
416,7862,124,123
416,7863,124,123
416,7864,124,123
416,7865,124,123
417,7866,124,123
417,7867,124,123
417,7868,124,123
417,7869,124,123
417,7870,124,123
417,7871,124,123
417,7872,124,123
417,7873,124,123
417,7874,124,123
417,7875,124,123
417,7876,124,123
417,7877,124,123
417,7878,124,123
417,7879,124,123
417,7880,124,123
417,7881,124,123
417,7882,124,123
417,7883,124,123
417,7884,124,123
418,7885,124,123
418,7886,124,123
418,7887,124,123
418,7888,124,123
418,7889,124,123
418,7890,124,123
418,7891,124,123
418,7892,124,123
418,7893,124,123
418,7894,124,123
418,7895,124,123
418,7896,124,123
418,7897,124,123
418,7898,124,123
418,7899,124,123
418,7900,124,123
418,7901,124,123
418,7902,124,123
418,7903,124,123
418,7904,124,123
419,7905,124,123
419,7906,124,123
419,7907,124,123
419,7908,124,123
419,7909,124,123
419,7910,124,123
419,7911,124,123
419,7912,124,123
419,7913,124,123
419,7914,124,123
419,7915,124,123
419,7916,124,123
419,7917,124,123
419,7918,124,123
419,7919,124,123
419,7920,124,123
419,7921,124,123
419,7922,124,123
419,7923,124,123
420,7924,124,123
420,7925,124,123
420,7926,124,123
420,7927,124,123
420,7928,124,123
420,7929,124,123
420,7930,124,123
420,7931,124,123
420,7932,124,123
420,7933,124,123
420,7934,124,123
420,7935,124,123
420,7936,124,123
420,7937,124,123
420,7938,124,123
420,7939,124,123
420,7940,124,123
420,7941,124,123
421,7942,124,123
421,7943,124,123
421,7944,124,123
421,7945,124,123
421,7946,124,123
421,7947,124,123
421,7948,124,123
421,7949,124,123
421,7950,124,123
421,7951,124,123
421,7952,124,123
421,7953,124,123
421,7954,124,123
421,7955,124,123
421,7956,124,123
421,7957,124,123
421,7958,124,123
421,7959,124,123
421,7960,124,123
421,7961,124,123
421,7962,124,123
421,7963,124,123
422,7964,124,123
422,7965,124,123
422,7966,124,123
422,7967,124,123
422,7968,124,123
422,7969,124,123
422,7970,124,123
422,7971,124,123
422,7972,124,123
422,7973,124,123
422,7974,124,123
422,7975,124,123
422,7976,124,123
422,7977,124,123
422,7978,124,123
423,7979,124,123
423,7980,124,123
423,7981,124,123
423,7982,124,123
423,7983,124,123
423,7984,124,123
423,7985,124,123
423,7986,124,123
423,7987,124,123
423,7988,124,123
423,7989,124,123
423,7990,124,123
423,7991,124,123
423,7992,124,123
423,7993,124,123
423,7994,124,123
423,7995,124,123
423,7996,124,123
423,7997,124,123
423,7998,124,123
423,7999,124,123
423,8000,124,123
424,8001,124,123
424,8002,124,123
424,8003,124,123
424,8004,124,123
424,8005,124,123
424,8006,124,123
424,8007,124,123
424,8008,124,123
424,8009,124,123
424,8010,124,123
424,8011,124,123
424,8012,124,123
424,8013,124,123
424,8014,124,123
424,8015,124,123
424,8016,124,123
424,8017,124,123
424,8018,124,123
424,8019,124,123
424,8020,124,123
425,8021,124,123
425,8022,124,123
425,8023,124,123
425,8024,124,123
425,8025,124,123
425,8026,124,123
425,8027,124,123
425,8028,124,123
425,8029,124,123
425,8030,124,123
425,8031,124,123
425,8032,124,123
425,8033,124,123
425,8034,124,123
425,8035,124,123
425,8036,124,123
425,8037,124,123
425,8038,124,123
425,8039,124,123
426,8040,124,123
426,8041,124,123
426,8042,124,123
426,8043,124,123
426,8044,124,123
426,8045,124,123
426,8046,124,123
426,8047,124,123
426,8048,124,123
426,8049,124,123
426,8050,124,123
426,8051,124,123
426,8052,124,123
426,8053,124,123
426,8054,124,123
426,8055,124,123
426,8056,124,123
427,8057,124,123
427,8058,124,123
427,8059,124,123
427,8060,124,123
427,8061,124,123
427,8062,124,123
427,8063,124,123
427,8064,124,123
427,8065,124,123
427,8066,124,123
427,8067,124,123
427,8068,124,123
427,8069,124,123
427,8070,124,123
427,8071,124,123
427,8072,124,123
427,8073,124,123
427,8074,124,123
427,8075,124,123
428,8076,124,123
428,8077,124,123
428,8078,124,123
428,8079,124,123
428,8080,124,123
428,8081,124,123
428,8082,124,123
428,8083,124,123
428,8084,124,123
428,8085,124,123
428,8086,124,123
428,8087,124,123
428,8088,124,123
428,8089,124,123
428,8090,124,123
428,8091,124,123
428,8092,124,123
428,8093,124,123
428,8094,124,123
428,8095,124,123
429,8096,124,123
429,8097,124,123
429,8098,124,123
429,8099,124,123
429,8100,124,123
429,8101,124,123
429,8102,124,123
429,8103,124,123
429,8104,124,123
429,8105,124,123
429,8106,124,123
429,8107,124,123
429,8108,124,123
429,8109,124,123
429,8110,124,123
429,8111,124,123
429,8112,124,123
429,8113,124,123
429,8114,124,123
429,8115,124,123
429,8116,124,123
429,8117,124,123
430,8118,124,123
430,8119,124,123
430,8120,124,123
430,8121,124,123
430,8122,124,123
430,8123,124,123
430,8124,124,123
430,8125,124,123
430,8126,124,123
430,8127,124,123
430,8128,124,123
431,8129,124,123
431,8130,124,123
431,8131,124,123
431,8132,124,123
431,8133,124,123
431,8134,124,123
431,8135,124,123
431,8136,124,123
431,8137,124,123
431,8138,124,123
431,8139,124,123
431,8140,124,123
431,8141,124,123
431,8142,124,123
431,8143,124,123
431,8144,124,123
431,8145,124,123
431,8146,124,123
431,8147,124,123
431,8148,124,123
431,8149,124,123
431,8150,124,123
431,8151,124,123
431,8152,124,123
431,8153,124,123
431,8154,124,123
431,8155,124,123
431,8156,124,123
431,8157,124,123
431,8158,124,123
431,8159,124,123
432,8160,124,123
432,8161,124,123
432,8162,124,123
432,8163,124,123
432,8164,124,123
432,8165,124,123
433,8166,124,123
433,8167,124,123
433,8168,124,123
433,8169,124,123
433,8170,124,123
433,8171,124,123
433,8172,124,123
433,8173,124,123
433,8174,124,123
433,8175,124,123
433,8176,124,123
433,8177,124,123
433,8178,124,123
433,8179,124,123
433,8180,124,123
433,8181,124,123
433,8182,124,123
433,8183,124,123
433,8184,124,123
433,8185,124,123
433,8186,124,123
433,8187,124,123
433,8188,124,123
433,8189,124,123
433,8190,124,123
433,8191,124,123
433,8192,124,123
433,8193,124,123
433,8194,124,123
433,8195,124,123
433,8196,124,123
434,8197,124,123
434,8198,124,123
435,8199,124,123
435,8200,124,123
435,8201,124,123
435,8202,124,123
435,8203,124,123
435,8204,124,123
435,8205,124,123
435,8206,124,123
435,8207,124,123
435,8208,124,123
435,8209,124,123
435,8210,124,123
435,8211,124,123
435,8212,124,123
435,8213,124,123
435,8214,124,123
435,8215,124,123
435,8216,124,123
435,8217,124,123
435,8218,124,123
435,8219,124,123
435,8220,124,123
435,8221,124,123
435,8222,124,123
435,8223,124,123
435,8224,124,123
435,8225,124,123
435,8226,124,123
435,8227,124,123
435,8228,124,123
435,8229,124,123
435,8230,124,123
435,8231,124,123
435,8232,124,123
436,8233,124,123
436,8234,124,123
436,8235,124,123
436,8236,124,123
436,8237,124,123
436,8238,124,123
436,8239,124,123
436,8240,124,123
437,8241,124,123
437,8242,124,123
437,8243,124,123
437,8244,124,123
437,8245,124,123
437,8246,124,123
437,8247,124,123
437,8248,124,123
437,8249,124,123
437,8250,124,123
437,8251,124,123
437,8252,124,123
437,8253,124,123
437,8254,124,123
437,8255,124,123
437,8256,124,123
437,8257,124,123
437,8258,124,123
437,8259,124,123
437,8260,124,123
437,8261,124,123
437,8262,124,123
437,8263,124,123
437,8264,124,123
437,8265,124,123
437,8266,124,123
437,8267,124,123
437,8268,124,123
437,8269,124,123
437,8270,124,123
437,8271,124,123
437,8272,124,123
438,8273,124,123
438,8274,124,123
438,8275,124,123
438,8276,124,123
439,8277,124,123
439,8278,124,123
439,8279,124,123
439,8280,124,123
439,8281,124,123
439,8282,124,123
439,8283,124,123
439,8284,124,123
439,8285,124,123
439,8286,124,123
439,8287,124,123
439,8288,124,123
439,8289,124,123
439,8290,124,123
439,8291,124,123
439,8292,124,123
439,8293,124,123
439,8294,124,123
439,8295,124,123
439,8296,124,123
439,8297,124,123
439,8298,124,123
439,8299,124,123
439,8300,124,123
439,8301,124,123
439,8302,124,123
439,8303,124,123
439,8304,124,123
439,8305,124,123
439,8306,124,123
439,8307,124,123
439,8308,124,123
439,8309,124,123
439,8310,124,123
440,8311,124,123
440,8312,124,123
440,8313,124,123
440,8314,124,123
441,8315,124,123
441,8316,124,123
441,8317,124,123
441,8318,124,123
441,8319,124,123
441,8320,124,123
441,8321,124,123
441,8322,124,123
441,8323,124,123
441,8324,124,123
441,8325,124,123
441,8326,124,123
441,8327,124,123
441,8328,124,123
441,8329,124,123
441,8330,124,123
441,8331,124,123
441,8332,124,123
441,8333,124,123
441,8334,124,123
441,8335,124,123
441,8336,124,123
441,8337,124,123
441,8338,124,123
441,8339,124,123
441,8340,124,123
441,8341,124,123
441,8342,124,123
441,8343,124,123
441,8344,124,123
441,8345,124,123
441,8346,124,123
441,8347,124,123
441,8348,124,123
441,8349,124,123
442,8350,124,123
442,8351,124,123
442,8352,124,123
442,8353,124,123
442,8354,124,123
442,8355,124,123
443,8356,124,123
443,8357,124,123
443,8358,124,123
443,8359,124,123
443,8360,124,123
443,8361,124,123
443,8362,124,123
443,8363,124,123
443,8364,124,123
443,8365,124,123
443,8366,124,123
443,8367,124,123
443,8368,124,123
443,8369,124,123
443,8370,124,123
443,8371,124,123
443,8372,124,123
443,8373,124,123
443,8374,124,123
443,8375,124,123
443,8376,124,123
443,8377,124,123
443,8378,124,123
443,8379,124,123
443,8380,124,123
443,8381,124,123
443,8382,124,123
444,8383,124,123
444,8384,124,123
444,8385,124,123
444,8386,124,123
444,8387,124,123
444,8388,124,123
444,8389,124,123
445,8390,124,123
445,8391,124,123
445,8392,124,123
445,8393,124,123
445,8394,124,123
445,8395,124,123
445,8396,124,123
445,8397,124,123
445,8398,124,123
445,8399,124,123
445,8400,124,123
445,8401,124,123
445,8402,124,123
445,8403,124,123
445,8404,124,123
445,8405,124,123
445,8406,124,123
445,8407,124,123
445,8408,124,123
445,8409,124,123
445,8410,124,123
445,8411,124,123
445,8412,124,123
445,8413,124,123
445,8414,124,123
445,8415,124,123
445,8416,124,123
445,8417,124,123
445,8418,124,123
446,8419,124,123
446,8420,124,123
446,8421,124,123
446,8422,124,123
446,8423,124,123
446,8424,124,123
446,8425,124,123
446,8426,124,123
446,8427,124,123
446,8428,124,123
446,8429,124,123
446,8430,124,123
446,8431,124,123
447,8432,124,123
447,8433,124,123
447,8434,124,123
447,8435,124,123
447,8436,124,123
447,8437,124,123
447,8438,124,123
447,8439,124,123
447,8440,124,123
447,8441,124,123
447,8442,124,123
447,8443,124,123
447,8444,124,123
447,8445,124,123
447,8446,124,123
447,8447,124,123
447,8448,124,123
447,8449,124,123
447,8450,124,123
447,8451,124,123
447,8452,124,123
447,8453,124,123
447,8454,124,123
448,8455,124,123
448,8456,124,123
448,8457,124,123
448,8458,124,123
448,8459,124,123
448,8460,124,123
448,8461,124,123
448,8462,124,123
448,8463,124,123
448,8464,124,123
448,8465,124,123
448,8466,124,123
448,8467,124,123
448,8468,124,123
449,8469,124,123
449,8470,124,123
449,8471,124,123
449,8472,124,123
449,8473,124,123
449,8474,124,123
449,8475,124,123
449,8476,124,123
449,8477,124,123
449,8478,124,123
449,8479,124,123
449,8480,124,123
449,8481,124,123
449,8482,124,123
449,8483,124,123
449,8484,124,123
449,8485,124,123
449,8486,124,123
449,8487,124,123
449,8488,124,123
449,8489,124,123
449,8490,124,123
449,8491,124,123
450,8492,124,123
450,8493,124,123
450,8494,124,123
450,8495,124,123
450,8496,124,123
450,8497,124,123
450,8498,124,123
450,8499,124,123
450,8500,124,123
450,8501,124,123
450,8502,124,123
450,8503,124,123
451,8504,124,123
451,8505,124,123
451,8506,124,123
451,8507,124,123
451,8508,124,123
451,8509,124,123
451,8510,124,123
451,8511,124,123
451,8512,124,123
451,8513,124,123
451,8514,124,123
451,8515,124,123
451,8516,124,123
451,8517,124,123
451,8518,124,123
451,8519,124,123
451,8520,124,123
451,8521,124,123
451,8522,124,123
451,8523,124,123
451,8524,124,123
451,8525,124,123
451,8526,124,123
451,8527,124,123
452,8528,124,123
452,8529,124,123
452,8530,124,123
452,8531,124,123
452,8532,124,123
452,8533,124,123
452,8534,124,123
452,8535,124,123
452,8536,124,123
452,8537,124,123
452,8538,124,123
452,8539,124,123
452,8540,124,123
453,8541,124,123
453,8542,124,123
453,8543,124,123
453,8544,124,123
453,8545,124,123
453,8546,124,123
453,8547,124,123
453,8548,124,123
453,8549,124,123
453,8550,124,123
453,8551,124,123
453,8552,124,123
453,8553,124,123
453,8554,124,123
453,8555,124,123
453,8556,124,123
453,8557,124,123
453,8558,124,123
453,8559,124,123
453,8560,124,123
453,8561,124,123
453,8562,124,123
453,8563,124,123
454,8564,124,123
454,8565,124,123
454,8566,124,123
454,8567,124,123
454,8568,124,123
454,8569,124,123
454,8570,124,123
454,8571,124,123
454,8572,124,123
454,8573,124,123
454,8574,124,123
454,8575,124,123
454,8576,124,123
454,8577,124,123
454,8578,124,123
455,8579,124,123
455,8580,124,123
455,8581,124,123
455,8582,124,123
455,8583,124,123
455,8584,124,123
455,8585,124,123
455,8586,124,123
455,8587,124,123
455,8588,124,123
455,8589,124,123
455,8590,124,123
455,8591,124,123
455,8592,124,123
455,8593,124,123
455,8594,124,123
455,8595,124,123
455,8596,124,123
455,8597,124,123
455,8598,124,123
456,8599,124,123
456,8600,124,123
456,8601,124,123
456,8602,124,123
456,8603,124,123
456,8604,124,123
456,8605,124,123
456,8606,124,123
456,8607,124,123
456,8608,124,123
456,8609,124,123
456,8610,124,123
456,8611,124,123
456,8612,124,123
457,8613,124,123
457,8614,124,123
457,8615,124,123
457,8616,124,123
457,8617,124,123
457,8618,124,123
457,8619,124,123
457,8620,124,123
457,8621,124,123
457,8622,124,123
457,8623,124,123
457,8624,124,123
457,8625,124,123
457,8626,124,123
457,8627,124,123
457,8628,124,123
457,8629,124,123
457,8630,124,123
457,8631,124,123
457,8632,124,123
457,8633,124,123
458,8634,124,123
458,8635,124,123
458,8636,124,123
458,8637,124,123
458,8638,124,123
458,8639,124,123
458,8640,124,123
458,8641,124,123
458,8642,124,123
458,8643,124,123
458,8644,124,123
458,8645,124,123
458,8646,124,123
458,8647,124,123
458,8648,124,123
458,8649,124,123
458,8650,124,123
458,8651,124,123
459,8652,124,123
459,8653,124,123
459,8654,124,123
459,8655,124,123
459,8656,124,123
459,8657,124,123
459,8658,124,123
459,8659,124,123
459,8660,124,123
459,8661,124,123
459,8662,124,123
459,8663,124,123
459,8664,124,123
459,8665,124,123
459,8666,124,123
459,8667,124,123
459,8668,124,123
459,8669,124,123
459,8670,124,123
459,8671,124,123
459,8672,124,123
460,8673,124,123
460,8674,124,123
460,8675,124,123
460,8676,124,123
460,8677,124,123
460,8678,124,123
460,8679,124,123
460,8680,124,123
460,8681,124,123
460,8682,124,123
460,8683,124,123
460,8684,124,123
460,8685,124,123
460,8686,124,123
460,8687,124,123
460,8688,124,123
460,8689,124,123
460,8690,124,123
460,8691,124,123
460,8692,124,123
461,8693,124,123
461,8694,124,123
461,8695,124,123
461,8696,124,123
461,8697,124,123
461,8698,124,123
461,8699,124,123
461,8700,124,123
461,8701,124,123
461,8702,124,123
461,8703,124,123
461,8704,124,123
461,8705,124,123
461,8706,124,123
461,8707,124,123
461,8708,124,123
461,8709,124,123
461,8710,124,123
462,8711,124,123
462,8712,124,123
462,8713,124,123
462,8714,124,123
462,8715,124,123
462,8716,124,123
462,8717,124,123
462,8718,124,123
462,8719,124,123
462,8720,124,123
462,8721,124,123
462,8722,124,123
462,8723,124,123
462,8724,124,123
462,8725,124,123
462,8726,124,123
462,8727,124,123
462,8728,124,123
462,8729,124,123
462,8730,124,123
462,8731,124,123
462,8732,124,123
463,8733,124,123
463,8734,124,123
463,8735,124,123
463,8736,124,123
463,8737,124,123
463,8738,124,123
463,8739,124,123
463,8740,124,123
463,8741,124,123
463,8742,124,123
463,8743,124,123
463,8744,124,123
464,8745,124,123
464,8746,124,123
464,8747,124,123
464,8748,124,123
464,8749,124,123
464,8750,124,123
464,8751,124,123
464,8752,124,123
464,8753,124,123
464,8754,124,123
464,8755,124,123
464,8756,124,123
464,8757,124,123
464,8758,124,123
464,8759,124,123
464,8760,124,123
464,8761,124,123
464,8762,124,123
464,8763,124,123
464,8764,124,123
464,8765,124,123
464,8766,124,123
465,8767,124,123
465,8768,124,123
465,8769,124,123
465,8770,124,123
465,8771,124,123
465,8772,124,123
465,8773,124,123
465,8774,124,123
465,8775,124,123
465,8776,124,123
465,8777,124,123
465,8778,124,123
466,8779,124,123
466,8780,124,123
466,8781,124,123
466,8782,124,123
466,8783,124,123
466,8784,124,123
466,8785,124,123
466,8786,124,123
466,8787,124,123
466,8788,124,123
466,8789,124,123
466,8790,124,123
466,8791,124,123
466,8792,124,123
466,8793,124,123
466,8794,124,123
466,8795,124,123
466,8796,124,123
466,8797,124,123
466,8798,124,123
466,8799,124,123
466,8800,124,123
466,8801,124,123
466,8802,124,123
466,8803,124,123
466,8804,124,123
466,8805,124,123
466,8806,124,123
466,8807,124,123
466,8808,124,123
467,8809,124,123
467,8810,124,123
467,8811,124,123
467,8812,124,123
467,8813,124,123
467,8814,124,123
467,8815,124,123
468,8816,124,123
468,8817,124,123
468,8818,124,123
468,8819,124,123
468,8820,124,123
468,8821,124,123
468,8822,124,123
468,8823,124,123
468,8824,124,123
468,8825,124,123
468,8826,124,123
468,8827,124,123
468,8828,124,123
468,8829,124,123
468,8830,124,123
468,8831,124,123
468,8832,124,123
468,8833,124,123
468,8834,124,123
468,8835,124,123
468,8836,124,123
468,8837,124,123
468,8838,124,123
468,8839,124,123
468,8840,124,123
468,8841,124,123
468,8842,124,123
468,8843,124,123
468,8844,124,123
468,8845,124,123
468,8846,124,123
469,8847,124,123
469,8848,124,123
469,8849,124,123
469,8850,124,123
470,8851,124,123
470,8852,124,123
470,8853,124,123
470,8854,124,123
470,8855,124,123
470,8856,124,123
470,8857,124,123
470,8858,124,123
470,8859,124,123
470,8860,124,123
470,8861,124,123
470,8862,124,123
470,8863,124,123
470,8864,124,123
470,8865,124,123
470,8866,124,123
470,8867,124,123
470,8868,124,123
470,8869,124,123
470,8870,124,123
470,8871,124,123
470,8872,124,123
470,8873,124,123
470,8874,124,123
470,8875,124,123
470,8876,124,123
470,8877,124,123
470,8878,124,123
470,8879,124,123
470,8880,124,123
470,8881,124,123
470,8882,124,123
470,8883,124,123
470,8884,124,123
471,8885,124,123
472,8886,124,123
472,8887,124,123
472,8888,124,123
472,8889,124,123
472,8890,124,123
472,8891,124,123
472,8892,124,123
472,8893,124,123
472,8894,124,123
472,8895,124,123
472,8896,124,123
472,8897,124,123
472,8898,124,123
472,8899,124,123
472,8900,124,123
472,8901,124,123
472,8902,124,123
472,8903,124,123
472,8904,124,123
472,8905,124,123
472,8906,124,123
472,8907,124,123
472,8908,124,123
472,8909,124,123
472,8910,124,123
472,8911,124,123
472,8912,124,123
472,8913,124,123
472,8914,124,123
472,8915,124,123
472,8916,124,123
472,8917,124,123
472,8918,124,123
472,8919,124,123
472,8920,124,123
472,8921,124,123
473,8922,124,123
473,8923,124,123
473,8924,124,123
473,8925,124,123
474,8926,124,123
474,8927,124,123
474,8928,124,123
474,8929,124,123
474,8930,124,123
474,8931,124,123
474,8932,124,123
474,8933,124,123
474,8934,124,123
474,8935,124,123
474,8936,124,123
474,8937,124,123
474,8938,124,123
474,8939,124,123
474,8940,124,123
474,8941,124,123
474,8942,124,123
474,8943,124,123
474,8944,124,123
474,8945,124,123
474,8946,124,123
474,8947,124,123
474,8948,124,123
474,8949,124,123
474,8950,124,123
474,8951,124,123
474,8952,124,123
474,8953,124,123
474,8954,124,123
474,8955,124,123
475,8956,124,123
475,8957,124,123
475,8958,124,123
475,8959,124,123
475,8960,124,123
475,8961,124,123
475,8962,124,123
475,8963,124,123
475,8964,124,123
475,8965,124,123
475,8966,124,123
475,8967,124,123
476,8968,124,123
476,8969,124,123
476,8970,124,123
476,8971,124,123
476,8972,124,123
476,8973,124,123
476,8974,124,123
476,8975,124,123
476,8976,124,123
476,8977,124,123
476,8978,124,123
476,8979,124,123
476,8980,124,123
476,8981,124,123
476,8982,124,123
476,8983,124,123
476,8984,124,123
476,8985,124,123
476,8986,124,123
476,8987,124,123
476,8988,124,123
476,8989,124,123
476,8990,124,123
476,8991,124,123
476,8992,124,123
476,8993,124,123
476,8994,124,123
477,8995,124,123
477,8996,124,123
477,8997,124,123
477,8998,124,123
477,8999,124,123
477,9000,124,123
477,9001,124,123
477,9002,124,123
477,9003,124,123
477,9004,124,123
477,9005,124,123
477,9006,124,123
478,9007,124,123
478,9008,124,123
478,9009,124,123
478,9010,124,123
478,9011,124,123
478,9012,124,123
478,9013,124,123
478,9014,124,123
478,9015,124,123
478,9016,124,123
478,9017,124,123
478,9018,124,123
478,9019,124,123
478,9020,124,123
478,9021,124,123
478,9022,124,123
478,9023,124,123
478,9024,124,123
478,9025,124,123
478,9026,124,123
478,9027,124,123
478,9028,124,123
478,9029,124,123
478,9030,124,123
478,9031,124,123
479,9032,124,123
479,9033,124,123
479,9034,124,123
479,9035,124,123
479,9036,124,123
479,9037,124,123
479,9038,124,123
479,9039,124,123
479,9040,124,123
479,9041,124,123
479,9042,124,123
480,9043,124,123
480,9044,124,123
480,9045,124,123
480,9046,124,123
480,9047,124,123
480,9048,124,123
480,9049,124,123
480,9050,124,123
480,9051,124,123
480,9052,124,123
480,9053,124,123
480,9054,124,123
480,9055,124,123
480,9056,124,123
480,9057,124,123
480,9058,124,123
480,9059,124,123
480,9060,124,123
480,9061,124,123
480,9062,124,123
480,9063,124,123
480,9064,124,123
480,9065,124,123
481,9066,124,123
481,9067,124,123
481,9068,124,123
481,9069,124,123
481,9070,124,123
481,9071,124,123
481,9072,124,123
481,9073,124,123
481,9074,124,123
481,9075,124,123
481,9076,124,123
481,9077,124,123
481,9078,124,123
481,9079,124,123
481,9080,124,123
482,9081,124,123
482,9082,124,123
482,9083,124,123
482,9084,124,123
482,9085,124,123
482,9086,124,123
482,9087,124,123
482,9088,124,123
482,9089,124,123
482,9090,124,123
482,9091,124,123
482,9092,124,123
482,9093,124,123
482,9094,124,123
482,9095,124,123
482,9096,124,123
482,9097,124,123
482,9098,124,123
482,9099,124,123
482,9100,124,123
482,9101,124,123
482,9102,124,123
482,9103,124,123
482,9104,124,123
482,9105,124,123
482,9106,124,123
482,9107,124,123
483,9108,124,123
483,9109,124,123
483,9110,124,123
483,9111,124,123
483,9112,124,123
483,9113,124,123
483,9114,124,123
483,9115,124,123
483,9116,124,123
483,9117,124,123
483,9118,124,123
483,9119,124,123
483,9120,124,123
484,9121,124,123
484,9122,124,123
484,9123,124,123
484,9124,124,123
484,9125,124,123
484,9126,124,123
484,9127,124,123
484,9128,124,123
484,9129,124,123
484,9130,124,123
484,9131,124,123
484,9132,124,123
484,9133,124,123
484,9134,124,123
484,9135,124,123
484,9136,124,123
484,9137,124,123
484,9138,124,123
484,9139,124,123
484,9140,124,123
484,9141,124,123
484,9142,124,123
484,9143,124,123
484,9144,124,123
484,9145,124,123
485,9146,124,123
485,9147,124,123
485,9148,124,123
485,9149,124,123
485,9150,124,123
485,9151,124,123
485,9152,124,123
485,9153,124,123
485,9154,124,123
485,9155,124,123
485,9156,124,123
486,9157,124,123
486,9158,124,123
486,9159,124,123
486,9160,124,123
486,9161,124,123
486,9162,124,123
486,9163,124,123
486,9164,124,123
486,9165,124,123
486,9166,124,123
486,9167,124,123
486,9168,124,123
486,9169,124,123
486,9170,124,123
486,9171,124,123
486,9172,124,123
486,9173,124,123
486,9174,124,123
486,9175,124,123
486,9176,124,123
486,9177,124,123
486,9178,124,123
486,9179,124,123
486,9180,124,123
486,9181,124,123
486,9182,124,123
486,9183,124,123
486,9184,124,123
486,9185,124,123
487,9186,124,123
487,9187,124,123
487,9188,124,123
487,9189,124,123
487,9190,124,123
487,9191,124,123
487,9192,124,123
487,9193,124,123
487,9194,124,123
487,9195,124,123
488,9196,124,123
488,9197,124,123
488,9198,124,123
488,9199,124,123
488,9200,124,123
488,9201,124,123
488,9202,124,123
488,9203,124,123
488,9204,124,123
488,9205,124,123
488,9206,124,123
488,9207,124,123
488,9208,124,123
488,9209,124,123
488,9210,124,123
488,9211,124,123
488,9212,124,123
488,9213,124,123
488,9214,124,123
488,9215,124,123
488,9216,124,123
488,9217,124,123
488,9218,124,123
488,9219,124,123
489,9220,124,123
489,9221,124,123
489,9222,124,123
489,9223,124,123
489,9224,124,123
489,9225,124,123
489,9226,124,123
489,9227,124,123
489,9228,124,123
489,9229,124,123
489,9230,124,123
489,9231,124,123
489,9232,124,123
489,9233,124,123
489,9234,124,123
490,9235,124,123
490,9236,124,123
490,9237,124,123
490,9238,124,123
490,9239,124,123
490,9240,124,123
490,9241,124,123
490,9242,124,123
490,9243,124,123
490,9244,124,123
490,9245,124,123
490,9246,124,123
490,9247,124,123
490,9248,124,123
490,9249,124,123
490,9250,124,123
490,9251,124,123
490,9252,124,123
490,9253,124,123
490,9254,124,123
490,9255,124,123
490,9256,124,123
490,9257,124,123
491,9258,124,123
491,9259,124,123
491,9260,124,123
491,9261,124,123
491,9262,124,123
491,9263,124,123
491,9264,124,123
491,9265,124,123
491,9266,124,123
492,9267,124,123
492,9268,124,123
492,9269,124,123
492,9270,124,123
492,9271,124,123
492,9272,124,123
492,9273,124,123
492,9274,124,123
492,9275,124,123
492,9276,124,123
492,9277,124,123
492,9278,124,123
492,9279,124,123
492,9280,124,123
492,9281,124,123
492,9282,124,123
492,9283,124,123
492,9284,124,123
492,9285,124,123
492,9286,124,123
492,9287,124,123
492,9288,124,123
492,9289,124,123
492,9290,124,123
492,9291,124,123
492,9292,124,123
492,9293,124,123
492,9294,124,123
493,9295,124,123
493,9296,124,123
493,9297,124,123
493,9298,124,123
493,9299,124,123
493,9300,124,123
493,9301,124,123
493,9302,124,123
493,9303,124,123
493,9304,124,123
493,9305,124,123
493,9306,124,123
494,9307,124,123
494,9308,124,123
494,9309,124,123
494,9310,124,123
494,9311,124,123
494,9312,124,123
494,9313,124,123
494,9314,124,123
494,9315,124,123
494,9316,124,123
494,9317,124,123
494,9318,124,123
494,9319,124,123
494,9320,124,123
494,9321,124,123
494,9322,124,123
494,9323,124,123
494,9324,124,123
494,9325,124,123
494,9326,124,123
494,9327,124,123
494,9328,124,123
494,9329,124,123
494,9330,124,123
494,9331,124,123
494,9332,124,123
494,9333,124,123
495,9334,124,123
495,9335,124,123
495,9336,124,123
495,9337,124,123
495,9338,124,123
495,9339,124,123
495,9340,124,123
495,9341,124,123
495,9342,124,123
495,9343,124,123
495,9344,124,123
495,9345,124,123
495,9346,124,123
496,9347,124,123
496,9348,124,123
496,9349,124,123
496,9350,124,123
496,9351,124,123
496,9352,124,123
496,9353,124,123
496,9354,124,123
496,9355,124,123
496,9356,124,123
496,9357,124,123
496,9358,124,123
496,9359,124,123
496,9360,124,123
496,9361,124,123
496,9362,124,123
496,9363,124,123
496,9364,124,123
496,9365,124,123
496,9366,124,123
496,9367,124,123
496,9368,124,123
496,9369,124,123
496,9370,124,123
496,9371,124,123
496,9372,124,123
497,9373,124,123
497,9374,124,123
497,9375,124,123
497,9376,124,123
497,9377,124,123
497,9378,124,123
497,9379,124,123
497,9380,124,123
497,9381,124,123
498,9382,124,123
498,9383,124,123
498,9384,124,123
498,9385,124,123
498,9386,124,123
498,9387,124,123
498,9388,124,123
498,9389,124,123
498,9390,124,123
498,9391,124,123
498,9392,124,123
498,9393,124,123
498,9394,124,123
498,9395,124,123
498,9396,124,123
498,9397,124,123
498,9398,124,123
498,9399,124,123
498,9400,124,123
498,9401,124,123
498,9402,124,123
498,9403,124,123
498,9404,124,123
498,9405,124,123
498,9406,124,123
498,9407,124,123
498,9408,124,123
498,9409,124,123
498,9410,124,123
499,9411,124,123
499,9412,124,123
499,9413,124,123
499,9414,124,123
499,9415,124,123
499,9416,124,123
499,9417,124,123
499,9418,124,123
500,9419,124,123
500,9420,124,123
500,9421,124,123
500,9422,124,123
500,9423,124,123
500,9424,124,123
500,9425,124,123
500,9426,124,123
500,9427,124,123
500,9428,124,123
500,9429,124,123
500,9430,124,123
500,9431,124,123
500,9432,124,123
500,9433,124,123
500,9434,124,123
500,9435,124,123
500,9436,124,123
500,9437,124,123
500,9438,124,123
500,9439,124,123
500,9440,124,123
500,9441,124,123
500,9442,124,123
500,9443,124,123
500,9444,124,123
500,9445,124,123
500,9446,124,123
500,9447,124,123
500,9448,124,123
500,9449,124,123
501,9450,124,123
501,9451,124,123
501,9452,124,123
501,9453,124,123
501,9454,124,123
501,9455,124,123
501,9456,124,123
501,9457,124,123
501,9458,124,123
501,9459,124,123
502,9460,124,123
502,9461,124,123
502,9462,124,123
502,9463,124,123
502,9464,124,123
502,9465,124,123
502,9466,124,123
502,9467,124,123
502,9468,124,123
502,9469,124,123
502,9470,124,123
502,9471,124,123
502,9472,124,123
502,9473,124,123
502,9474,124,123
502,9475,124,123
502,9476,124,123
502,9477,124,123
502,9478,124,123
502,9479,124,123
502,9480,124,123
502,9481,124,123
502,9482,124,123
502,9483,124,123
502,9484,124,123
502,9485,124,123
502,9486,124,123
502,9487,124,123
502,9488,124,123
503,9489,124,123
503,9490,124,123
503,9491,124,123
503,9492,124,123
503,9493,124,123
503,9494,124,123
504,9495,124,123
504,9496,124,123
504,9497,124,123
504,9498,124,123
504,9499,124,123
504,9500,124,123
504,9501,124,123
504,9502,124,123
504,9503,124,123
504,9504,124,123
504,9505,124,123
504,9506,124,123
504,9507,124,123
504,9508,124,123
504,9509,124,123
504,9510,124,123
504,9511,124,123
504,9512,124,123
504,9513,124,123
504,9514,124,123
504,9515,124,123
504,9516,124,123
504,9517,124,123
504,9518,124,123
504,9519,124,123
504,9520,124,123
504,9521,124,123
504,9522,124,123
504,9523,124,123
504,9524,124,123
504,9525,124,123
505,9526,124,123
505,9527,124,123
505,9528,124,123
505,9529,124,123
505,9530,124,123
505,9531,124,123
505,9532,124,123
506,9533,124,123
506,9534,124,123
506,9535,124,123
506,9536,124,123
506,9537,124,123
506,9538,124,123
506,9539,124,123
506,9540,124,123
506,9541,124,123
506,9542,124,123
506,9543,124,123
506,9544,124,123
506,9545,124,123
506,9546,124,123
506,9547,124,123
506,9548,124,123
506,9549,124,123
506,9550,124,123
506,9551,124,123
506,9552,124,123
506,9553,124,123
506,9554,124,123
506,9555,124,123
506,9556,124,123
506,9557,124,123
506,9558,124,123
506,9559,124,123
506,9560,124,123
506,9561,124,123
506,9562,124,123
506,9563,124,123
506,9564,124,123
506,9565,124,123
507,9566,124,123
507,9567,124,123
507,9568,124,123
507,9569,124,123
508,9570,124,123
508,9571,124,123
508,9572,124,123
508,9573,124,123
508,9574,124,123
508,9575,124,123
508,9576,124,123
508,9577,124,123
508,9578,124,123
508,9579,124,123
508,9580,124,123
508,9581,124,123
508,9582,124,123
508,9583,124,123
508,9584,124,123
508,9585,124,123
508,9586,124,123
508,9587,124,123
508,9588,124,123
508,9589,124,123
508,9590,124,123
508,9591,124,123
508,9592,124,123
508,9593,124,123
508,9594,124,123
508,9595,124,123
508,9596,124,123
508,9597,124,123
508,9598,124,123
509,9599,124,123
509,9600,124,123
509,9601,124,123
509,9602,124,123
509,9603,124,123
509,9604,124,123
509,9605,124,123
509,9606,124,123
510,9607,124,123
510,9608,124,123
510,9609,124,123
510,9610,124,123
510,9611,124,123
510,9612,124,123
510,9613,124,123
510,9614,124,123
510,9615,124,123
510,9616,124,123
510,9617,124,123
510,9618,124,123
510,9619,124,123
510,9620,124,123
510,9621,124,123
510,9622,124,123
510,9623,124,123
510,9624,124,123
510,9625,124,123
510,9626,124,123
510,9627,124,123
510,9628,124,123
510,9629,124,123
510,9630,124,123
510,9631,124,123
510,9632,124,123
510,9633,124,123
510,9634,124,123
510,9635,124,123
511,9636,125,123
511,9637,126,123
511,9638,127,123
511,9639,128,123
511,9640,129,123
511,9641,130,123
511,9642,131,123
511,9643,132,123
511,9644,133,123
511,9645,133,123
